  0
SECTION
  2
HEADER
  9
$ACADVER
  1
AC1015
  9
$ACADMAINTVER
 70
6
  9
$DWGCODEPAGE
  3
ANSI_1251
  9
$INSBASE
 10
0.0
 20
0.0
 30
0.0
  9
$EXTMIN
 10
1e+20
 20
1e+20
 30
1e+20
  9
$EXTMAX
 10
-1e+20
 20
-1e+20
 30
-1e+20
  9
$LIMMIN
 10
0.0
 20
0.0
  9
$LIMMAX
 10
420.0
 20
297.0
  9
$ORTHOMODE
 70
0
  9
$REGENMODE
 70
1
  9
$FILLMODE
 70
1
  9
$QTEXTMODE
 70
0
  9
$MIRRTEXT
 70
1
  9
$LTSCALE
 40
1.0
  9
$ATTMODE
 70
1
  9
$TEXTSIZE
 40
2.5
  9
$TRACEWID
 40
1.0
  9
$TEXTSTYLE
  7
OpenSans
  9
$CLAYER
  8
0
  9
$CELTYPE
  6
ByLayer
  9
$CECOLOR
 62
256
  9
$CELTSCALE
 40
1.0
  9
$DISPSILH
 70
0
  9
$DIMSCALE
 40
1.0
  9
$DIMASZ
 40
0.175
  9
$DIMEXO
 40
0.125
  9
$DIMDLI
 40
3.75
  9
$DIMRND
 40
0.0
  9
$DIMDLE
 40
0.0
  9
$DIMEXE
 40
0.375
  9
$DIMTP
 40
0.0
  9
$DIMTM
 40
0.0
  9
$DIMTXT
 40
0.25
  9
$DIMCEN
 40
2.5
  9
$DIMTSZ
 40
0.0
  9
$DIMTOL
 70
0
  9
$DIMLIM
 70
0
  9
$DIMTIH
 70
0
  9
$DIMTOH
 70
0
  9
$DIMSE1
 70
0
  9
$DIMSE2
 70
0
  9
$DIMTAD
 70
1
  9
$DIMZIN
 70
12
  9
$DIMBLK
  1
ARCHTICK
  9
$DIMASO
 70
1
  9
$DIMSHO
 70
1
  9
$DIMPOST
  1

  9
$DIMAPOST
  1

  9
$DIMALT
 70
0
  9
$DIMALTD
 70
3
  9
$DIMALTF
 40
0.03937007874
  9
$DIMLFAC
 40
100.0
  9
$DIMTOFL
 70
1
  9
$DIMTVP
 40
0.0
  9
$DIMTIX
 70
0
  9
$DIMSOXD
 70
0
  9
$DIMSAH
 70
0
  9
$DIMBLK1
  1

  9
$DIMBLK2
  1

  9
$DIMSTYLE
  2
EZDXF
  9
$DIMCLRD
 70
0
  9
$DIMCLRE
 70
0
  9
$DIMCLRT
 70
0
  9
$DIMTFAC
 40
0.5
  9
$DIMGAP
 40
0.1
  9
$DIMJUST
 70
0
  9
$DIMSD1
 70
0
  9
$DIMSD2
 70
0
  9
$DIMTOLJ
 70
0
  9
$DIMTZIN
 70
8
  9
$DIMALTZ
 70
0
  9
$DIMALTTZ
 70
0
  9
$DIMUPT
 70
1
  9
$DIMDEC
 70
2
  9
$DIMTDEC
 70
2
  9
$DIMALTU
 70
2
  9
$DIMALTTD
 70
3
  9
$DIMTXSTY
  7
OpenSansCondensed-Light
  9
$DIMAUNIT
 70
0
  9
$DIMADEC
 70
2
  9
$DIMALTRND
 40
0.0
  9
$DIMAZIN
 70
3
  9
$DIMDSEP
 70
46
  9
$DIMATFIT
 70
3
  9
$DIMFRAC
 70
0
  9
$DIMLDRBLK
  1

  9
$DIMLUNIT
 70
2
  9
$DIMLWD
 70
-2
  9
$DIMLWE
 70
-2
  9
$DIMTMOVE
 70
2
  9
$LUNITS
 70
2
  9
$LUPREC
 70
4
  9
$SKETCHINC
 40
1.0
  9
$FILLETRAD
 40
10.0
  9
$AUNITS
 70
0
  9
$AUPREC
 70
2
  9
$MENU
  1
.
  9
$ELEVATION
 40
0.0
  9
$PELEVATION
 40
0.0
  9
$THICKNESS
 40
0.0
  9
$LIMCHECK
 70
0
  9
$CHAMFERA
 40
0.0
  9
$CHAMFERB
 40
0.0
  9
$CHAMFERC
 40
0.0
  9
$CHAMFERD
 40
0.0
  9
$SKPOLY
 70
0
  9
$TDCREATE
 40
2461303.500023148
  9
$TDUCREATE
 40
2458532.153996898
  9
$TDUPDATE
 40
2461303.500023148
  9
$TDUUPDATE
 40
2458532.1544311
  9
$TDINDWG
 40
0.0
  9
$TDUSRTIMER
 40
0.0
  9
$USRTIMER
 70
1
  9
$ANGBASE
 50
0.0
  9
$ANGDIR
 70
0
  9
$PDMODE
 70
0
  9
$PDSIZE
 40
0.0
  9
$PLINEWID
 40
0.0
  9
$SPLFRAME
 70
0
  9
$SPLINETYPE
 70
6
  9
$SPLINESEGS
 70
8
  9
$HANDSEED
  5
17E6
  9
$SURFTAB1
 70
6
  9
$SURFTAB2
 70
6
  9
$SURFTYPE
 70
6
  9
$SURFU
 70
6
  9
$SURFV
 70
6
  9
$UCSBASE
  2

  9
$UCSNAME
  2

  9
$UCSORG
 10
0.0
 20
0.0
 30
0.0
  9
$UCSXDIR
 10
1.0
 20
0.0
 30
0.0
  9
$UCSYDIR
 10
0.0
 20
1.0
 30
0.0
  9
$UCSORTHOREF
  2

  9
$UCSORTHOVIEW
 70
0
  9
$UCSORGTOP
 10
0.0
 20
0.0
 30
0.0
  9
$UCSORGBOTTOM
 10
0.0
 20
0.0
 30
0.0
  9
$UCSORGLEFT
 10
0.0
 20
0.0
 30
0.0
  9
$UCSORGRIGHT
 10
0.0
 20
0.0
 30
0.0
  9
$UCSORGFRONT
 10
0.0
 20
0.0
 30
0.0
  9
$UCSORGBACK
 10
0.0
 20
0.0
 30
0.0
  9
$PUCSBASE
  2

  9
$PUCSNAME
  2

  9
$PUCSORG
 10
0.0
 20
0.0
 30
0.0
  9
$PUCSXDIR
 10
1.0
 20
0.0
 30
0.0
  9
$PUCSYDIR
 10
0.0
 20
1.0
 30
0.0
  9
$PUCSORTHOREF
  2

  9
$PUCSORTHOVIEW
 70
0
  9
$PUCSORGTOP
 10
0.0
 20
0.0
 30
0.0
  9
$PUCSORGBOTTOM
 10
0.0
 20
0.0
 30
0.0
  9
$PUCSORGLEFT
 10
0.0
 20
0.0
 30
0.0
  9
$PUCSORGRIGHT
 10
0.0
 20
0.0
 30
0.0
  9
$PUCSORGFRONT
 10
0.0
 20
0.0
 30
0.0
  9
$PUCSORGBACK
 10
0.0
 20
0.0
 30
0.0
  9
$USERI1
 70
0
  9
$USERI2
 70
0
  9
$USERI3
 70
0
  9
$USERI4
 70
0
  9
$USERI5
 70
0
  9
$USERR1
 40
0.0
  9
$USERR2
 40
0.0
  9
$USERR3
 40
0.0
  9
$USERR4
 40
0.0
  9
$USERR5
 40
0.0
  9
$WORLDVIEW
 70
1
  9
$SHADEDGE
 70
3
  9
$SHADEDIF
 70
70
  9
$TILEMODE
 70
1
  9
$MAXACTVP
 70
64
  9
$PINSBASE
 10
0.0
 20
0.0
 30
0.0
  9
$PLIMCHECK
 70
0
  9
$PEXTMIN
 10
1e+20
 20
1e+20
 30
1e+20
  9
$PEXTMAX
 10
-1e+20
 20
-1e+20
 30
-1e+20
  9
$PLIMMIN
 10
0.0
 20
0.0
  9
$PLIMMAX
 10
420.0
 20
297.0
  9
$UNITMODE
 70
0
  9
$VISRETAIN
 70
1
  9
$PLINEGEN
 70
0
  9
$PSLTSCALE
 70
1
  9
$TREEDEPTH
 70
3020
  9
$CMLSTYLE
  2
Standard
  9
$CMLJUST
 70
0
  9
$CMLSCALE
 40
20.0
  9
$PROXYGRAPHICS
 70
1
  9
$MEASUREMENT
 70
1
  9
$CELWEIGHT
370
-1
  9
$ENDCAPS
280
0
  9
$JOINSTYLE
280
0
  9
$LWDISPLAY
290
0
  9
$INSUNITS
 70
4
  9
$HYPERLINKBASE
  1

  9
$STYLESHEET
  1

  9
$XEDIT
290
1
  9
$CEPSNTYPE
380
0
  9
$PSTYLEMODE
290
1
  9
$FINGERPRINTGUID
  2
{882C6485-4E0C-41D7-AF04-10446F6943C6}
  9
$VERSIONGUID
  2
{92D02417-7BA8-4DA2-9AB6-57DDD2B8FFA1}
  9
$EXTNAMES
290
1
  9
$PSVPSCALE
 40
0.0
  9
$OLESTARTUP
290
0
  0
ENDSEC
  0
SECTION
  2
CLASSES
  0
CLASS
  1
ACDBDICTIONARYWDFLT
  2
AcDbDictionaryWithDefault
  3
ObjectDBX Classes
 90
0
280
0
281
0
  0
CLASS
  1
SUN
  2
AcDbSun
  3
SCENEOE
 90
1153
280
0
281
0
  0
CLASS
  1
VISUALSTYLE
  2
AcDbVisualStyle
  3
ObjectDBX Classes
 90
4095
280
0
281
0
  0
CLASS
  1
MATERIAL
  2
AcDbMaterial
  3
ObjectDBX Classes
 90
1153
280
0
281
0
  0
CLASS
  1
SCALE
  2
AcDbScale
  3
ObjectDBX Classes
 90
1153
280
0
281
0
  0
CLASS
  1
TABLESTYLE
  2
AcDbTableStyle
  3
ObjectDBX Classes
 90
4095
280
0
281
0
  0
CLASS
  1
MLEADERSTYLE
  2
AcDbMLeaderStyle
  3
ACDB_MLEADERSTYLE_CLASS
 90
4095
280
0
281
0
  0
CLASS
  1
DICTIONARYVAR
  2
AcDbDictionaryVar
  3
ObjectDBX Classes
 90
0
280
0
281
0
  0
CLASS
  1
CELLSTYLEMAP
  2
AcDbCellStyleMap
  3
ObjectDBX Classes
 90
1152
280
0
281
0
  0
CLASS
  1
MENTALRAYRENDERSETTINGS
  2
AcDbMentalRayRenderSettings
  3
SCENEOE
 90
1024
280
0
281
0
  0
CLASS
  1
ACDBDETAILVIEWSTYLE
  2
AcDbDetailViewStyle
  3
ObjectDBX Classes
 90
1025
280
0
281
0
  0
CLASS
  1
ACDBSECTIONVIEWSTYLE
  2
AcDbSectionViewStyle
  3
ObjectDBX Classes
 90
1025
280
0
281
0
  0
CLASS
  1
RASTERVARIABLES
  2
AcDbRasterVariables
  3
ISM
 90
0
280
0
281
0
  0
CLASS
  1
ACDBPLACEHOLDER
  2
AcDbPlaceHolder
  3
ObjectDBX Classes
 90
0
280
0
281
0
  0
CLASS
  1
LAYOUT
  2
AcDbLayout
  3
ObjectDBX Classes
 90
0
280
0
281
0
  0
ENDSEC
  0
SECTION
  2
TABLES
  0
TABLE
  2
VPORT
  5
8
330
0
100
AcDbSymbolTable
 70
1
  0
VPORT
  5
23
330
8
100
AcDbSymbolTableRecord
100
AcDbViewportTableRecord
  2
*Active
 70
0
 10
0.0
 20
0.0
 11
1.0
 21
1.0
 12
0.0
 22
0.0
 13
0.0
 23
0.0
 14
0.5
 24
0.5
 15
0.5
 25
0.5
 16
0.0
 26
0.0
 36
1.0
 17
0.0
 27
0.0
 37
0.0
 40
1000.0
 41
1.34
 42
50.0
 43
0.0
 44
0.0
 50
0.0
 51
0.0
 71
0
 72
1000
 73
1
 74
3
 75
0
 76
0
 77
0
 78
0
281
0
 65
0
146
0.0
  0
ENDTAB
  0
TABLE
  2
LTYPE
  5
2
330
0
100
AcDbSymbolTable
 70
21
  0
LTYPE
  5
24
330
2
100
AcDbSymbolTableRecord
100
AcDbLinetypeTableRecord
  2
ByBlock
 70
0
  3

 72
65
 73
0
 40
0.0
  0
LTYPE
  5
25
330
2
100
AcDbSymbolTableRecord
100
AcDbLinetypeTableRecord
  2
ByLayer
 70
0
  3

 72
65
 73
0
 40
0.0
  0
LTYPE
  5
26
330
2
100
AcDbSymbolTableRecord
100
AcDbLinetypeTableRecord
  2
Continuous
 70
0
  3

 72
65
 73
0
 40
0.0
  0
LTYPE
  5
2F
330
2
100
AcDbSymbolTableRecord
100
AcDbLinetypeTableRecord
  2
CENTER
 70
0
  3
Center ____ _ ____ _ ____ _ ____ _ ____ _ ____
 72
65
 73
4
 40
5.08
 49
3.175
 74
0
 49
-0.635
 74
0
 49
0.635
 74
0
 49
-0.635
 74
0
  0
LTYPE
  5
30
330
2
100
AcDbSymbolTableRecord
100
AcDbLinetypeTableRecord
  2
CENTERX2
 70
0
  3
Center (2x) ________  __  ________  __  ________
 72
65
 73
4
 40
8.89
 49
6.35
 74
0
 49
-0.635
 74
0
 49
1.27
 74
0
 49
-0.635
 74
0
  0
LTYPE
  5
31
330
2
100
AcDbSymbolTableRecord
100
AcDbLinetypeTableRecord
  2
CENTER2
 70
0
  3
Center (.5x) ____ _ ____ _ ____ _ ____ _ ____
 72
65
 73
4
 40
2.54
 49
1.587
 74
0
 49
-0.318
 74
0
 49
0.318
 74
0
 49
-0.318
 74
0
  0
LTYPE
  5
32
330
2
100
AcDbSymbolTableRecord
100
AcDbLinetypeTableRecord
  2
DASHED
 70
0
  3
Dashed __ __ __ __ __ __ __ __ __ __ __ __ __ _
 72
65
 73
2
 40
1.524
 49
1.27
 74
0
 49
-0.254
 74
0
  0
LTYPE
  5
33
330
2
100
AcDbSymbolTableRecord
100
AcDbLinetypeTableRecord
  2
DASHEDX2
 70
0
  3
Dashed (2x) ____  ____  ____  ____  ____  ____
 72
65
 73
2
 40
3.048
 49
2.54
 74
0
 49
-0.508
 74
0
  0
LTYPE
  5
34
330
2
100
AcDbSymbolTableRecord
100
AcDbLinetypeTableRecord
  2
DASHED2
 70
0
  3
Dashed (.5x) _ _ _ _ _ _ _ _ _ _ _ _ _ _
 72
65
 73
2
 40
0.762
 49
0.635
 74
0
 49
-0.127
 74
0
  0
LTYPE
  5
35
330
2
100
AcDbSymbolTableRecord
100
AcDbLinetypeTableRecord
  2
PHANTOM
 70
0
  3
Phantom ______  __  __  ______  __  __  ______
 72
65
 73
6
 40
6.35
 49
3.175
 74
0
 49
-0.635
 74
0
 49
0.635
 74
0
 49
-0.635
 74
0
 49
0.635
 74
0
 49
-0.635
 74
0
  0
LTYPE
  5
36
330
2
100
AcDbSymbolTableRecord
100
AcDbLinetypeTableRecord
  2
PHANTOMX2
 70
0
  3
Phantom (2x)____________    ____    ____    ____________
 72
65
 73
6
 40
10.795
 49
6.35
 74
0
 49
-0.635
 74
0
 49
1.27
 74
0
 49
-0.635
 74
0
 49
1.27
 74
0
 49
-0.635
 74
0
  0
LTYPE
  5
37
330
2
100
AcDbSymbolTableRecord
100
AcDbLinetypeTableRecord
  2
PHANTOM2
 70
0
  3
Phantom (.5x) ___ _ _ ___ _ _ ___ _ _ ___ _ _ ___
 72
65
 73
6
 40
3.175
 49
1.587
 74
0
 49
-0.318
 74
0
 49
0.318
 74
0
 49
-0.318
 74
0
 49
0.318
 74
0
 49
-0.318
 74
0
  0
LTYPE
  5
38
330
2
100
AcDbSymbolTableRecord
100
AcDbLinetypeTableRecord
  2
DASHDOT
 70
0
  3
Dash dot __ . __ . __ . __ . __ . __ . __ . __
 72
65
 73
4
 40
3.556
 49
2.54
 74
0
 49
-0.508
 74
0
 49
0.0
 74
0
 49
-0.508
 74
0
  0
LTYPE
  5
39
330
2
100
AcDbSymbolTableRecord
100
AcDbLinetypeTableRecord
  2
DASHDOTX2
 70
0
  3
Dash dot (2x) ____  .  ____  .  ____  .  ____
 72
65
 73
4
 40
6.096
 49
5.08
 74
0
 49
-0.508
 74
0
 49
0.0
 74
0
 49
-0.508
 74
0
  0
LTYPE
  5
3A
330
2
100
AcDbSymbolTableRecord
100
AcDbLinetypeTableRecord
  2
DASHDOT2
 70
0
  3
Dash dot (.5x) _ . _ . _ . _ . _ . _ . _ . _
 72
65
 73
4
 40
1.778
 49
1.27
 74
0
 49
-0.254
 74
0
 49
0.0
 74
0
 49
-0.254
 74
0
  0
LTYPE
  5
3B
330
2
100
AcDbSymbolTableRecord
100
AcDbLinetypeTableRecord
  2
DOT
 70
0
  3
Dot .  .  .  .  .  .  .  .  .  .  .  .  .  .  .  .
 72
65
 73
2
 40
0.508
 49
0.0
 74
0
 49
-0.508
 74
0
  0
LTYPE
  5
3C
330
2
100
AcDbSymbolTableRecord
100
AcDbLinetypeTableRecord
  2
DOTX2
 70
0
  3
Dot (2x) .    .    .    .    .    .    .    . 
 72
65
 73
2
 40
1.016
 49
0.0
 74
0
 49
-1.016
 74
0
  0
LTYPE
  5
3D
330
2
100
AcDbSymbolTableRecord
100
AcDbLinetypeTableRecord
  2
DOT2
 70
0
  3
Dot (.5) . . . . . . . . . . . . . . . . . . . 
 72
65
 73
2
 40
0.254
 49
0.0
 74
0
 49
-0.254
 74
0
  0
LTYPE
  5
3E
330
2
100
AcDbSymbolTableRecord
100
AcDbLinetypeTableRecord
  2
DIVIDE
 70
0
  3
Divide __ . . __ . . __ . . __ . . __ . . __
 72
65
 73
6
 40
4.064
 49
2.54
 74
0
 49
-0.508
 74
0
 49
0.0
 74
0
 49
-0.508
 74
0
 49
0.0
 74
0
 49
-0.508
 74
0
  0
LTYPE
  5
3F
330
2
100
AcDbSymbolTableRecord
100
AcDbLinetypeTableRecord
  2
DIVIDEX2
 70
0
  3
Divide (2x) ____  . .  ____  . .  ____  . .  ____
 72
65
 73
6
 40
6.604
 49
5.08
 74
0
 49
-0.508
 74
0
 49
0.0
 74
0
 49
-0.508
 74
0
 49
0.0
 74
0
 49
-0.508
 74
0
  0
LTYPE
  5
40
330
2
100
AcDbSymbolTableRecord
100
AcDbLinetypeTableRecord
  2
DIVIDE2
 70
0
  3
Divide(.5x) _ . _ . _ . _ . _ . _ . _ . _
 72
65
 73
6
 40
2.032
 49
1.27
 74
0
 49
-0.254
 74
0
 49
0.0
 74
0
 49
-0.254
 74
0
 49
0.0
 74
0
 49
-0.254
 74
0
  0
ENDTAB
  0
TABLE
  2
LAYER
  5
1
330
0
100
AcDbSymbolTable
 70
7
  0
LAYER
  5
27
330
1
100
AcDbSymbolTableRecord
100
AcDbLayerTableRecord
  2
0
 70
0
 62
7
  6
Continuous
370
-3
390
13
  0
LAYER
  5
28
330
1
100
AcDbSymbolTableRecord
100
AcDbLayerTableRecord
  2
Defpoints
 70
0
 62
7
  6
Continuous
290
0
370
-3
390
13
  0
LAYER
  5
8A
330
1
100
AcDbSymbolTableRecord
100
AcDbLayerTableRecord
  2
GRAPH
 70
0
 62
7
  6
Continuous
370
-3
390
13
  0
LAYER
  5
8B
330
1
100
AcDbSymbolTableRecord
100
AcDbLayerTableRecord
  2
DIM
 70
0
 62
3
  6
Continuous
370
-3
390
13
  0
LAYER
  5
8C
330
1
100
AcDbSymbolTableRecord
100
AcDbLayerTableRecord
  2
TEXT
 70
0
 62
2
  6
Continuous
370
-3
390
13
  0
LAYER
  5
8D
330
1
100
AcDbSymbolTableRecord
100
AcDbLayerTableRecord
  2
TABLE
 70
0
 62
5
  6
Continuous
370
-3
390
13
  0
LAYER
  5
8E
330
1
100
AcDbSymbolTableRecord
100
AcDbLayerTableRecord
  2
TABLE_FILL
 70
0
 62
8
  6
Continuous
370
-3
390
13
  0
ENDTAB
  0
TABLE
  2
STYLE
  5
5
330
0
100
AcDbSymbolTable
 70
26
  0
STYLE
  5
29
330
5
100
AcDbSymbolTableRecord
100
AcDbTextStyleTableRecord
  2
Standard
 70
0
 40
0.0
 41
1.0
 50
0.0
 71
0
 42
2.5
  3
arial.ttf
  4

  0
STYLE
  5
41
330
5
100
AcDbSymbolTableRecord
100
AcDbTextStyleTableRecord
  2
OpenSans-Light
 70
0
 40
0.0
 41
1.0
 50
0.0
 71
0
 42
2.5
  3
OpenSans-Light.ttf
  4

  0
STYLE
  5
42
330
5
100
AcDbSymbolTableRecord
100
AcDbTextStyleTableRecord
  2
OpenSans-Light-Italic
 70
0
 40
0.0
 41
1.0
 50
0.0
 71
0
 42
2.5
  3
OpenSans-LightItalic.ttf
  4

  0
STYLE
  5
43
330
5
100
AcDbSymbolTableRecord
100
AcDbTextStyleTableRecord
  2
OpenSans
 70
0
 40
0.0
 41
1.0
 50
0.0
 71
0
 42
2.5
  3
OpenSans-Regular.ttf
  4

  0
STYLE
  5
44
330
5
100
AcDbSymbolTableRecord
100
AcDbTextStyleTableRecord
  2
OpenSans-Italic
 70
0
 40
0.0
 41
1.0
 50
0.0
 71
0
 42
2.5
  3
OpenSans-Italic.ttf
  4

  0
STYLE
  5
45
330
5
100
AcDbSymbolTableRecord
100
AcDbTextStyleTableRecord
  2
OpenSans-SemiBold
 70
0
 40
0.0
 41
1.0
 50
0.0
 71
0
 42
2.5
  3
OpenSans-SemiBold.ttf
  4

  0
STYLE
  5
46
330
5
100
AcDbSymbolTableRecord
100
AcDbTextStyleTableRecord
  2
OpenSans-SemiBoldItalic
 70
0
 40
0.0
 41
1.0
 50
0.0
 71
0
 42
2.5
  3
OpenSans-SemiBoldItalic.ttf
  4

  0
STYLE
  5
47
330
5
100
AcDbSymbolTableRecord
100
AcDbTextStyleTableRecord
  2
OpenSans-Bold
 70
0
 40
0.0
 41
1.0
 50
0.0
 71
0
 42
2.5
  3
OpenSans-Bold.ttf
  4

  0
STYLE
  5
48
330
5
100
AcDbSymbolTableRecord
100
AcDbTextStyleTableRecord
  2
OpenSans-BoldItalic
 70
0
 40
0.0
 41
1.0
 50
0.0
 71
0
 42
2.5
  3
OpenSans-BoldItalic.ttf
  4

  0
STYLE
  5
49
330
5
100
AcDbSymbolTableRecord
100
AcDbTextStyleTableRecord
  2
OpenSans-ExtraBold
 70
0
 40
0.0
 41
1.0
 50
0.0
 71
0
 42
2.5
  3
OpenSans-ExtraBold.ttf
  4

  0
STYLE
  5
4A
330
5
100
AcDbSymbolTableRecord
100
AcDbTextStyleTableRecord
  2
OpenSans-ExtraBoldItalic
 70
0
 40
0.0
 41
1.0
 50
0.0
 71
0
 42
2.5
  3
OpenSans-ExtraBoldItalic.ttf
  4

  0
STYLE
  5
4B
330
5
100
AcDbSymbolTableRecord
100
AcDbTextStyleTableRecord
  2
OpenSansCondensed-Bold
 70
0
 40
0.0
 41
1.0
 50
0.0
 71
0
 42
2.5
  3
OpenSansCondensed-Bold.ttf
  4

  0
STYLE
  5
4C
330
5
100
AcDbSymbolTableRecord
100
AcDbTextStyleTableRecord
  2
OpenSansCondensed-Light
 70
0
 40
0.0
 41
1.0
 50
0.0
 71
0
 42
2.5
  3
OpenSansCondensed-Light.ttf
  4

  0
STYLE
  5
4D
330
5
100
AcDbSymbolTableRecord
100
AcDbTextStyleTableRecord
  2
OpenSansCondensed-Italic
 70
0
 40
0.0
 41
1.0
 50
0.0
 71
0
 42
2.5
  3
OpenSansCondensed-LightItalic.ttf
  4

  0
STYLE
  5
4E
330
5
100
AcDbSymbolTableRecord
100
AcDbTextStyleTableRecord
  2
LiberationSans
 70
0
 40
0.0
 41
1.0
 50
0.0
 71
0
 42
2.5
  3
LiberationSans-Regular.ttf
  4

  0
STYLE
  5
4F
330
5
100
AcDbSymbolTableRecord
100
AcDbTextStyleTableRecord
  2
LiberationSans-Bold
 70
0
 40
0.0
 41
1.0
 50
0.0
 71
0
 42
2.5
  3
LiberationSans-Bold.ttf
  4

  0
STYLE
  5
50
330
5
100
AcDbSymbolTableRecord
100
AcDbTextStyleTableRecord
  2
LiberationSans-BoldItalic
 70
0
 40
0.0
 41
1.0
 50
0.0
 71
0
 42
2.5
  3
LiberationSans-BoldItalic.ttf
  4

  0
STYLE
  5
51
330
5
100
AcDbSymbolTableRecord
100
AcDbTextStyleTableRecord
  2
LiberationSans-Italic
 70
0
 40
0.0
 41
1.0
 50
0.0
 71
0
 42
2.5
  3
LiberationSans-Italic.ttf
  4

  0
STYLE
  5
52
330
5
100
AcDbSymbolTableRecord
100
AcDbTextStyleTableRecord
  2
LiberationSerif
 70
0
 40
0.0
 41
1.0
 50
0.0
 71
0
 42
2.5
  3
LiberationSerif-Regular.ttf
  4

  0
STYLE
  5
53
330
5
100
AcDbSymbolTableRecord
100
AcDbTextStyleTableRecord
  2
LiberationSerif-Bold
 70
0
 40
0.0
 41
1.0
 50
0.0
 71
0
 42
2.5
  3
LiberationSerif-Bold.ttf
  4

  0
STYLE
  5
54
330
5
100
AcDbSymbolTableRecord
100
AcDbTextStyleTableRecord
  2
LiberationSerif-BoldItalic
 70
0
 40
0.0
 41
1.0
 50
0.0
 71
0
 42
2.5
  3
LiberationSerif-BoldItalic.ttf
  4

  0
STYLE
  5
55
330
5
100
AcDbSymbolTableRecord
100
AcDbTextStyleTableRecord
  2
LiberationSerif-Italic
 70
0
 40
0.0
 41
1.0
 50
0.0
 71
0
 42
2.5
  3
LiberationSerif-Italic.ttf
  4

  0
STYLE
  5
56
330
5
100
AcDbSymbolTableRecord
100
AcDbTextStyleTableRecord
  2
LiberationMono
 70
0
 40
0.0
 41
1.0
 50
0.0
 71
0
 42
2.5
  3
LiberationMono-Regular.ttf
  4

  0
STYLE
  5
57
330
5
100
AcDbSymbolTableRecord
100
AcDbTextStyleTableRecord
  2
LiberationMono-Bold
 70
0
 40
0.0
 41
1.0
 50
0.0
 71
0
 42
2.5
  3
LiberationMono-Bold.ttf
  4

  0
STYLE
  5
58
330
5
100
AcDbSymbolTableRecord
100
AcDbTextStyleTableRecord
  2
LiberationMono-BoldItalic
 70
0
 40
0.0
 41
1.0
 50
0.0
 71
0
 42
2.5
  3
LiberationMono-BoldItalic.ttf
  4

  0
STYLE
  5
59
330
5
100
AcDbSymbolTableRecord
100
AcDbTextStyleTableRecord
  2
LiberationMono-Italic
 70
0
 40
0.0
 41
1.0
 50
0.0
 71
0
 42
2.5
  3
LiberationMono-Italic.ttf
  4

  0
ENDTAB
  0
TABLE
  2
VIEW
  5
7
330
0
100
AcDbSymbolTable
 70
0
  0
ENDTAB
  0
TABLE
  2
UCS
  5
6
330
0
100
AcDbSymbolTable
 70
0
  0
ENDTAB
  0
TABLE
  2
APPID
  5
3
330
0
100
AcDbSymbolTable
 70
3
  0
APPID
  5
2A
330
3
100
AcDbSymbolTableRecord
100
AcDbRegAppTableRecord
  2
ACAD
 70
0
  0
APPID
  5
17E3
330
3
100
AcDbSymbolTableRecord
100
AcDbRegAppTableRecord
  2
HATCHBACKGROUNDCOLOR
 70
0
  0
APPID
  5
17E4
330
3
100
AcDbSymbolTableRecord
100
AcDbRegAppTableRecord
  2
EZDXF
 70
0
  0
ENDTAB
  0
TABLE
  2
DIMSTYLE
  5
4
330
0
100
AcDbSymbolTable
 70
12
100
AcDbDimStyleTable
  0
DIMSTYLE
105
2B
330
4
100
AcDbSymbolTableRecord
100
AcDbDimStyleTableRecord
  2
Standard
 70
0
  3

  4

 40
1.0
 41
2.5
 42
0.625
 43
3.75
 44
1.25
 45
0.0
 46
0.0
 47
0.0
 48
0.0
140
2.5
141
2.5
142
0.0
143
0.03937007874
144
1.0
145
0.0
146
1.0
147
0.625
148
0.0
 71
0
 72
0
 73
0
 74
0
 75
0
 76
0
 77
1
 78
8
 79
3
170
0
171
3
172
1
173
0
174
0
175
0
176
0
177
0
178
0
179
2
271
2
272
2
273
2
274
3
275
0
276
0
277
2
278
44
279
0
280
0
281
0
282
0
283
0
284
8
285
0
286
0
288
0
289
3
371
-2
372
-2
  0
DIMSTYLE
105
73
330
4
100
AcDbSymbolTableRecord
100
AcDbDimStyleTableRecord
  2
EZDXF
 70
0
  3

  4

 40
1.0
 41
0.175
 42
0.125
 43
3.75
 44
0.375
 45
0.0
 46
0.0
 47
0.0
 48
0.0
140
0.25
141
2.5
142
0.0
143
0.03937007874
144
100.0
145
0.0
146
0.5
147
0.1
148
0.0
 71
0
 72
0
 73
0
 74
0
 75
0
 76
0
 77
1
 78
12
 79
3
170
0
171
3
172
1
173
0
174
0
175
0
176
0
177
0
178
0
179
2
271
2
272
2
273
2
274
3
275
0
276
0
277
2
278
46
279
2
280
0
281
0
282
0
283
0
284
8
285
0
286
0
288
1
289
3
340
4C
342
74
371
-2
372
-2
  0
DIMSTYLE
105
7C
330
4
100
AcDbSymbolTableRecord
100
AcDbDimStyleTableRecord
  2
EZ_M_100_H25_CM
 70
0
  3

  4

 40
1.0
 41
0.25
 42
0.125
 43
3.75
 44
0.375
 45
0.0
 46
0.0
 47
0.0
 48
0.0
140
0.25
141
2.5
142
0.125
143
0.03937007874
144
100.0
145
0.0
146
0.5
147
0.1
148
0.0
 71
0
 72
0
 73
0
 74
0
 75
0
 76
0
 77
1
 78
12
 79
3
170
0
171
3
172
1
173
0
174
0
175
0
176
0
177
0
178
0
179
2
271
2
272
2
273
2
274
3
275
0
276
0
277
2
278
46
279
2
280
0
281
0
282
0
283
0
284
8
285
0
286
0
288
1
289
3
340
4C
371
-2
372
-2
  0
DIMSTYLE
105
7D
330
4
100
AcDbSymbolTableRecord
100
AcDbDimStyleTableRecord
  2
EZ_M_50_H25_CM
 70
0
  3

  4

 40
1.0
 41
0.125
 42
0.0625
 43
3.75
 44
0.1875
 45
0.0
 46
0.0
 47
0.0
 48
0.0
140
0.125
141
2.5
142
0.0625
143
0.03937007874
144
100.0
145
0.0
146
0.5
147
0.05
148
0.0
 71
0
 72
0
 73
0
 74
0
 75
0
 76
0
 77
1
 78
12
 79
3
170
0
171
3
172
1
173
0
174
0
175
0
176
0
177
0
178
0
179
2
271
2
272
2
273
2
274
3
275
0
276
0
277
2
278
46
279
2
280
0
281
0
282
0
283
0
284
8
285
0
286
0
288
1
289
3
340
4C
371
-2
372
-2
  0
DIMSTYLE
105
7E
330
4
100
AcDbSymbolTableRecord
100
AcDbDimStyleTableRecord
  2
EZ_M_25_H25_CM
 70
0
  3

  4

 40
1.0
 41
0.0625
 42
0.03125
 43
3.75
 44
0.09375
 45
0.0
 46
0.0
 47
0.0
 48
0.0
140
0.0625
141
2.5
142
0.03125
143
0.03937007874
144
100.0
145
0.0
146
0.5
147
0.025
148
0.0
 71
0
 72
0
 73
0
 74
0
 75
0
 76
0
 77
1
 78
12
 79
3
170
0
171
3
172
1
173
0
174
0
175
0
176
0
177
0
178
0
179
2
271
2
272
2
273
2
274
3
275
0
276
0
277
2
278
46
279
2
280
0
281
0
282
0
283
0
284
8
285
0
286
0
288
1
289
3
340
4C
371
-2
372
-2
  0
DIMSTYLE
105
7F
330
4
100
AcDbSymbolTableRecord
100
AcDbDimStyleTableRecord
  2
EZ_M_20_H25_CM
 70
0
  3

  4

 40
1.0
 41
0.05
 42
0.025
 43
3.75
 44
0.07500000000000001
 45
0.0
 46
0.0
 47
0.0
 48
0.0
140
0.05
141
2.5
142
0.025
143
0.03937007874
144
100.0
145
0.0
146
0.5
147
0.020000000000000004
148
0.0
 71
0
 72
0
 73
0
 74
0
 75
0
 76
0
 77
1
 78
12
 79
3
170
0
171
3
172
1
173
0
174
0
175
0
176
0
177
0
178
0
179
2
271
2
272
2
273
2
274
3
275
0
276
0
277
2
278
46
279
2
280
0
281
0
282
0
283
0
284
8
285
0
286
0
288
1
289
3
340
4C
371
-2
372
-2
  0
DIMSTYLE
105
80
330
4
100
AcDbSymbolTableRecord
100
AcDbDimStyleTableRecord
  2
EZ_M_10_H25_CM
 70
0
  3

  4

 40
1.0
 41
0.025
 42
0.0125
 43
3.75
 44
0.037500000000000006
 45
0.0
 46
0.0
 47
0.0
 48
0.0
140
0.025
141
2.5
142
0.0125
143
0.03937007874
144
100.0
145
0.0
146
0.5
147
0.010000000000000002
148
0.0
 71
0
 72
0
 73
0
 74
0
 75
0
 76
0
 77
1
 78
12
 79
3
170
0
171
3
172
1
173
0
174
0
175
0
176
0
177
0
178
0
179
2
271
2
272
2
273
2
274
3
275
0
276
0
277
2
278
46
279
2
280
0
281
0
282
0
283
0
284
8
285
0
286
0
288
1
289
3
340
4C
371
-2
372
-2
  0
DIMSTYLE
105
81
330
4
100
AcDbSymbolTableRecord
100
AcDbDimStyleTableRecord
  2
EZ_M_5_H25_CM
 70
0
  3

  4

 40
1.0
 41
0.0125
 42
0.00625
 43
3.75
 44
0.018750000000000003
 45
0.0
 46
0.0
 47
0.0
 48
0.0
140
0.0125
141
2.5
142
0.00625
143
0.03937007874
144
100.0
145
0.0
146
0.5
147
0.005000000000000001
148
0.0
 71
0
 72
0
 73
0
 74
0
 75
0
 76
0
 77
1
 78
12
 79
3
170
0
171
3
172
1
173
0
174
0
175
0
176
0
177
0
178
0
179
2
271
2
272
2
273
2
274
3
275
0
276
0
277
2
278
46
279
2
280
0
281
0
282
0
283
0
284
8
285
0
286
0
288
1
289
3
340
4C
371
-2
372
-2
  0
DIMSTYLE
105
82
330
4
100
AcDbSymbolTableRecord
100
AcDbDimStyleTableRecord
  2
EZ_M_1_H25_CM
 70
0
  3

  4

 40
1.0
 41
0.0025
 42
0.00125
 43
3.75
 44
0.00375
 45
0.0
 46
0.0
 47
0.0
 48
0.0
140
0.0025
141
2.5
142
0.00125
143
0.03937007874
144
100.0
145
0.0
146
0.5
147
0.001
148
0.0
 71
0
 72
0
 73
0
 74
0
 75
0
 76
0
 77
1
 78
12
 79
3
170
0
171
3
172
1
173
0
174
0
175
0
176
0
177
0
178
0
179
2
271
2
272
2
273
2
274
3
275
0
276
0
277
2
278
46
279
2
280
0
281
0
282
0
283
0
284
8
285
0
286
0
288
1
289
3
340
4C
371
-2
372
-2
  0
DIMSTYLE
105
83
330
4
100
AcDbSymbolTableRecord
100
AcDbDimStyleTableRecord
  2
EZ_RADIUS
 70
0
  3

  4

 40
1.0
 41
0.25
 42
0.125
 43
3.75
 44
0.375
 45
0.0
 46
0.0
 47
0.0
 48
0.0
140
0.25
141
0.0
142
0.0
143
0.03937007874
144
100.0
145
0.0
146
0.5
147
0.1
148
0.0
 71
0
 72
0
 73
0
 74
0
 75
0
 76
0
 77
1
 78
12
 79
3
170
0
171
3
172
0
173
0
174
0
175
0
176
0
177
0
178
0
179
2
271
2
272
2
273
2
274
3
275
0
276
0
277
2
278
46
279
1
280
0
281
0
282
0
283
0
284
8
285
0
286
0
288
1
289
3
340
4C
342
84
371
-2
372
-2
  0
DIMSTYLE
105
88
330
4
100
AcDbSymbolTableRecord
100
AcDbDimStyleTableRecord
  2
EZ_RADIUS_INSIDE
 70
0
  3

  4

 40
1.0
 41
0.25
 42
0.125
 43
3.75
 44
0.375
 45
0.0
 46
0.0
 47
0.0
 48
0.0
140
0.25
141
0.0
142
0.0
143
0.03937007874
144
100.0
145
0.0
146
0.5
147
0.1
148
0.0
 71
0
 72
0
 73
0
 74
0
 75
0
 76
0
 77
0
 78
12
 79
3
170
0
171
3
172
0
173
0
174
1
175
0
176
0
177
0
178
0
179
2
271
2
272
2
273
2
274
3
275
0
276
0
277
2
278
46
279
0
280
0
281
0
282
0
283
0
284
8
285
0
286
0
288
1
289
0
340
4C
342
84
371
-2
372
-2
  0
DIMSTYLE
105
89
330
4
100
AcDbSymbolTableRecord
100
AcDbDimStyleTableRecord
  2
EZ_CURVED
 70
0
  3

  4

 40
1.0
 41
0.25
 42
0.125
 43
3.75
 44
0.375
 45
0.0
 46
0.0
 47
0.0
 48
0.0
140
0.25
141
2.5
142
0.0
143
0.03937007874
144
100.0
145
0.0
146
0.5
147
0.1
148
0.0
 71
0
 72
0
 73
0
 74
0
 75
0
 76
0
 77
1
 78
12
 79
2
 90
2
170
0
171
3
172
1
173
0
174
0
175
0
176
0
177
0
178
0
179
2
271
2
272
2
273
2
274
3
275
0
276
0
277
2
278
46
279
2
280
0
281
0
282
0
283
0
284
8
285
0
286
0
288
1
289
3
340
4C
371
-2
372
-2
  0
ENDTAB
  0
TABLE
  2
BLOCK_RECORD
  5
9
330
0
100
AcDbSymbolTable
 70
5
  0
BLOCK_RECORD
  5
17
330
9
100
AcDbSymbolTableRecord
100
AcDbBlockTableRecord
  2
*Model_Space
340
1A
  0
BLOCK_RECORD
  5
1B
330
9
100
AcDbSymbolTableRecord
100
AcDbBlockTableRecord
  2
*Paper_Space
340
1E
  0
BLOCK_RECORD
  5
74
330
9
100
AcDbSymbolTableRecord
100
AcDbBlockTableRecord
  2
_ARCHTICK
340
0
  0
BLOCK_RECORD
  5
78
330
9
100
AcDbSymbolTableRecord
100
AcDbBlockTableRecord
  2
_CLOSEDFILLED
340
0
  0
BLOCK_RECORD
  5
84
330
9
100
AcDbSymbolTableRecord
100
AcDbBlockTableRecord
  2
_CLOSEDBLANK
340
0
  0
ENDTAB
  0
ENDSEC
  0
SECTION
  2
BLOCKS
  0
BLOCK
  5
18
330
17
100
AcDbEntity
  8
0
100
AcDbBlockBegin
  2
*Model_Space
 70
0
 10
0.0
 20
0.0
 30
0.0
  3
*Model_Space
  1

  0
ENDBLK
  5
19
330
17
100
AcDbEntity
  8
0
100
AcDbBlockEnd
  0
BLOCK
  5
1C
330
1B
100
AcDbEntity
  8
0
100
AcDbBlockBegin
  2
*Paper_Space
 70
0
 10
0.0
 20
0.0
 30
0.0
  3
*Paper_Space
  1

  0
ENDBLK
  5
1D
330
1B
100
AcDbEntity
  8
0
100
AcDbBlockEnd
  0
BLOCK
  5
75
330
74
100
AcDbEntity
  8
0
100
AcDbBlockBegin
  2
_ARCHTICK
 70
0
 10
0.0
 20
0.0
 30
0.0
  3
_ARCHTICK
  1

  0
LWPOLYLINE
  5
77
330
74
100
AcDbEntity
  8
0
  6
BYBLOCK
 62
0
100
AcDbPolyline
 90
2
 70
0
 43
0.15
 10
-0.5
 20
-0.5
 10
0.5
 20
0.5
  0
ENDBLK
  5
76
330
74
100
AcDbEntity
  8
0
100
AcDbBlockEnd
  0
BLOCK
  5
79
330
78
100
AcDbEntity
  8
0
100
AcDbBlockBegin
  2
_CLOSEDFILLED
 70
0
 10
0.0
 20
0.0
 30
0.0
  3
_CLOSEDFILLED
  1

  0
SOLID
  5
7B
330
78
100
AcDbEntity
  8
0
  6
BYBLOCK
 62
0
100
AcDbTrace
 10
-1.0
 20
0.16439898372402537
 30
0.0
 11
0.0
 21
0.0
 31
0.0
 12
-1.0
 22
-0.16439898372402537
 32
0.0
 13
-1.0
 23
-0.16439898372402537
 33
0.0
  0
ENDBLK
  5
7A
330
78
100
AcDbEntity
  8
0
100
AcDbBlockEnd
  0
BLOCK
  5
85
330
84
100
AcDbEntity
  8
0
100
AcDbBlockBegin
  2
_CLOSEDBLANK
 70
0
 10
0.0
 20
0.0
 30
0.0
  3
_CLOSEDBLANK
  1

  0
LWPOLYLINE
  5
87
330
84
100
AcDbEntity
  8
0
  6
BYBLOCK
 62
0
100
AcDbPolyline
 90
3
 70
1
 10
-1.0
 20
0.16439898372402537
 10
0.0
 20
0.0
 10
-1.0
 20
-0.16439898372402537
  0
ENDBLK
  5
86
330
84
100
AcDbEntity
  8
0
100
AcDbBlockEnd
  0
ENDSEC
  0
SECTION
  2
ENTITIES
  0
LWPOLYLINE
  5
8F
330
17
100
AcDbEntity
  8
GRAPH
100
AcDbPolyline
 90
4
 70
1
 10
0.0
 20
0.0
 10
841.0
 20
0.0
 10
841.0
 20
594.0
 10
0.0
 20
594.0
  0
LINE
  5
90
330
17
100
AcDbEntity
  8
GRAPH
100
AcDbLine
 10
6.0
 20
6.0
 30
0.0
 11
835.0
 21
6.0
 31
0.0
  0
LINE
  5
91
330
17
100
AcDbEntity
  8
GRAPH
100
AcDbLine
 10
835.0
 20
6.0
 30
0.0
 11
835.0
 21
588.0
 31
0.0
  0
LINE
  5
92
330
17
100
AcDbEntity
  8
GRAPH
100
AcDbLine
 10
835.0
 20
588.0
 30
0.0
 11
6.0
 21
588.0
 31
0.0
  0
LINE
  5
93
330
17
100
AcDbEntity
  8
GRAPH
100
AcDbLine
 10
6.0
 20
588.0
 30
0.0
 11
6.0
 21
6.0
 31
0.0
  0
TEXT
  5
94
330
17
100
AcDbEntity
  8
TEXT
100
AcDbText
 10
16.0
 20
572.0
 30
0.0
 40
5.5
  1
ПЛАН 1 ЭТАЖА. Блок-секции 1–3
 11
16.0
 21
572.0
 31
0.0
100
AcDbText
  0
TEXT
  5
95
330
17
100
AcDbEntity
  8
TEXT
100
AcDbText
 10
16.0
 20
562.0
 30
0.0
 40
2.3
  1
отметка чистого пола +0.150. в разрезе отметка чистого пола +0.250. надземных этажей 17. в задании надземных этажей 16.
 11
16.0
 21
562.0
 31
0.0
100
AcDbText
  0
LINE
  5
96
330
17
100
AcDbEntity
  8
GRAPH
100
AcDbLine
 10
30.0
 20
110.0
 30
0.0
 11
30.0
 21
470.0
 31
0.0
  0
LINE
  5
97
330
17
100
AcDbEntity
  8
GRAPH
100
AcDbLine
 10
30.0
 20
110.0
 30
0.0
 11
246.0
 21
110.0
 31
0.0
  0
LINE
  5
98
330
17
100
AcDbEntity
  8
GRAPH
100
AcDbLine
 10
66.0
 20
110.0
 30
0.0
 11
66.0
 21
470.0
 31
0.0
  0
LINE
  5
99
330
17
100
AcDbEntity
  8
GRAPH
100
AcDbLine
 10
30.0
 20
170.0
 30
0.0
 11
246.0
 21
170.0
 31
0.0
  0
LINE
  5
9A
330
17
100
AcDbEntity
  8
GRAPH
100
AcDbLine
 10
102.0
 20
110.0
 30
0.0
 11
102.0
 21
470.0
 31
0.0
  0
LINE
  5
9B
330
17
100
AcDbEntity
  8
GRAPH
100
AcDbLine
 10
30.0
 20
230.0
 30
0.0
 11
246.0
 21
230.0
 31
0.0
  0
LINE
  5
9C
330
17
100
AcDbEntity
  8
GRAPH
100
AcDbLine
 10
138.0
 20
110.0
 30
0.0
 11
138.0
 21
470.0
 31
0.0
  0
LINE
  5
9D
330
17
100
AcDbEntity
  8
GRAPH
100
AcDbLine
 10
30.0
 20
290.0
 30
0.0
 11
246.0
 21
290.0
 31
0.0
  0
LINE
  5
9E
330
17
100
AcDbEntity
  8
GRAPH
100
AcDbLine
 10
174.0
 20
110.0
 30
0.0
 11
174.0
 21
470.0
 31
0.0
  0
LINE
  5
9F
330
17
100
AcDbEntity
  8
GRAPH
100
AcDbLine
 10
30.0
 20
350.0
 30
0.0
 11
246.0
 21
350.0
 31
0.0
  0
LINE
  5
A0
330
17
100
AcDbEntity
  8
GRAPH
100
AcDbLine
 10
210.0
 20
110.0
 30
0.0
 11
210.0
 21
470.0
 31
0.0
  0
LINE
  5
A1
330
17
100
AcDbEntity
  8
GRAPH
100
AcDbLine
 10
30.0
 20
410.0
 30
0.0
 11
246.0
 21
410.0
 31
0.0
  0
LINE
  5
A2
330
17
100
AcDbEntity
  8
GRAPH
100
AcDbLine
 10
246.0
 20
110.0
 30
0.0
 11
246.0
 21
470.0
 31
0.0
  0
LINE
  5
A3
330
17
100
AcDbEntity
  8
GRAPH
100
AcDbLine
 10
30.0
 20
470.0
 30
0.0
 11
246.0
 21
470.0
 31
0.0
  0
LINE
  5
A4
330
17
100
AcDbEntity
  8
GRAPH
100
AcDbLine
 10
30.0
 20
110.0
 30
0.0
 11
246.0
 21
110.0
 31
0.0
  0
LINE
  5
A5
330
17
100
AcDbEntity
  8
GRAPH
100
AcDbLine
 10
246.0
 20
110.0
 30
0.0
 11
246.0
 21
470.0
 31
0.0
  0
LINE
  5
A6
330
17
100
AcDbEntity
  8
GRAPH
100
AcDbLine
 10
246.0
 20
470.0
 30
0.0
 11
30.0
 21
470.0
 31
0.0
  0
LINE
  5
A7
330
17
100
AcDbEntity
  8
GRAPH
100
AcDbLine
 10
30.0
 20
470.0
 30
0.0
 11
30.0
 21
110.0
 31
0.0
  0
TEXT
  5
A8
330
17
100
AcDbEntity
  8
TEXT
100
AcDbText
 10
110.0
 20
298.0
 30
0.0
 40
3.2
  1
КОРИДОР К1
 11
110.0
 21
298.0
 31
0.0
100
AcDbText
  0
LINE
  5
A9
330
17
100
AcDbEntity
  8
GRAPH
100
AcDbLine
 10
120.0
 20
260.0
 30
0.0
 11
148.0
 21
260.0
 31
0.0
  0
LINE
  5
AA
330
17
100
AcDbEntity
  8
GRAPH
100
AcDbLine
 10
148.0
 20
260.0
 30
0.0
 11
148.0
 21
330.0
 31
0.0
  0
LINE
  5
AB
330
17
100
AcDbEntity
  8
GRAPH
100
AcDbLine
 10
148.0
 20
330.0
 30
0.0
 11
120.0
 21
330.0
 31
0.0
  0
LINE
  5
AC
330
17
100
AcDbEntity
  8
GRAPH
100
AcDbLine
 10
120.0
 20
330.0
 30
0.0
 11
120.0
 21
260.0
 31
0.0
  0
LINE
  5
AD
330
17
100
AcDbEntity
  8
GRAPH
100
AcDbLine
 10
124.0
 20
266.0
 30
0.0
 11
144.0
 21
266.0
 31
0.0
  0
LINE
  5
AE
330
17
100
AcDbEntity
  8
GRAPH
100
AcDbLine
 10
124.0
 20
274.0
 30
0.0
 11
144.0
 21
274.0
 31
0.0
  0
LINE
  5
AF
330
17
100
AcDbEntity
  8
GRAPH
100
AcDbLine
 10
124.0
 20
282.0
 30
0.0
 11
144.0
 21
282.0
 31
0.0
  0
LINE
  5
B0
330
17
100
AcDbEntity
  8
GRAPH
100
AcDbLine
 10
124.0
 20
290.0
 30
0.0
 11
144.0
 21
290.0
 31
0.0
  0
LINE
  5
B1
330
17
100
AcDbEntity
  8
GRAPH
100
AcDbLine
 10
124.0
 20
298.0
 30
0.0
 11
144.0
 21
298.0
 31
0.0
  0
LINE
  5
B2
330
17
100
AcDbEntity
  8
GRAPH
100
AcDbLine
 10
124.0
 20
306.0
 30
0.0
 11
144.0
 21
306.0
 31
0.0
  0
LINE
  5
B3
330
17
100
AcDbEntity
  8
GRAPH
100
AcDbLine
 10
124.0
 20
314.0
 30
0.0
 11
144.0
 21
314.0
 31
0.0
  0
LINE
  5
B4
330
17
100
AcDbEntity
  8
GRAPH
100
AcDbLine
 10
124.0
 20
322.0
 30
0.0
 11
144.0
 21
322.0
 31
0.0
  0
TEXT
  5
B5
330
17
100
AcDbEntity
  8
DIM
100
AcDbText
 10
122.0
 20
258.0
 30
0.0
 40
1.8
  1
ширина лестничного марша 1.20 м
 11
122.0
 21
258.0
 31
0.0
100
AcDbText
  0
LINE
  5
B6
330
17
100
AcDbEntity
  8
GRAPH
100
AcDbLine
 10
152.0
 20
278.0
 30
0.0
 11
170.0
 21
278.0
 31
0.0
  0
LINE
  5
B7
330
17
100
AcDbEntity
  8
GRAPH
100
AcDbLine
 10
170.0
 20
278.0
 30
0.0
 11
170.0
 21
306.0
 31
0.0
  0
LINE
  5
B8
330
17
100
AcDbEntity
  8
GRAPH
100
AcDbLine
 10
170.0
 20
306.0
 30
0.0
 11
152.0
 21
306.0
 31
0.0
  0
LINE
  5
B9
330
17
100
AcDbEntity
  8
GRAPH
100
AcDbLine
 10
152.0
 20
306.0
 30
0.0
 11
152.0
 21
278.0
 31
0.0
  0
TEXT
  5
BA
330
17
100
AcDbEntity
  8
TEXT
100
AcDbText
 10
153.0
 20
288.0
 30
0.0
 40
1.7
  1
1000кг
 11
153.0
 21
288.0
 31
0.0
100
AcDbText
  0
LINE
  5
BB
330
17
100
AcDbEntity
  8
GRAPH
100
AcDbLine
 10
36.0
 20
336.0
 30
0.0
 11
74.0
 21
336.0
 31
0.0
  0
LINE
  5
BC
330
17
100
AcDbEntity
  8
GRAPH
100
AcDbLine
 10
74.0
 20
336.0
 30
0.0
 11
74.0
 21
464.0
 31
0.0
  0
LINE
  5
BD
330
17
100
AcDbEntity
  8
GRAPH
100
AcDbLine
 10
74.0
 20
464.0
 30
0.0
 11
36.0
 21
464.0
 31
0.0
  0
LINE
  5
BE
330
17
100
AcDbEntity
  8
GRAPH
100
AcDbLine
 10
36.0
 20
464.0
 30
0.0
 11
36.0
 21
336.0
 31
0.0
  0
TEXT
  5
BF
330
17
100
AcDbEntity
  8
TEXT
100
AcDbText
 10
37.5
 20
458.0
 30
0.0
 40
2.0
  1
1100
 11
37.5
 21
458.0
 31
0.0
100
AcDbText
  0
TEXT
  5
C0
330
17
100
AcDbEntity
  8
TEXT
100
AcDbText
 10
37.5
 20
452.0
 30
0.0
 40
1.7
  1
Студия
 11
37.5
 21
452.0
 31
0.0
100
AcDbText
  0
TEXT
  5
C1
330
17
100
AcDbEntity
  8
TEXT
100
AcDbText
 10
37.5
 20
446.0
 30
0.0
 40
1.6
  1
S=22.0
 11
37.5
 21
446.0
 31
0.0
100
AcDbText
  0
CIRCLE
  5
C2
330
17
100
AcDbEntity
  8
GRAPH
100
AcDbCircle
 10
40.0
 20
346.0
 30
0.0
 40
1.1
  0
TEXT
  5
C3
330
17
100
AcDbEntity
  8
TEXT
100
AcDbText
 10
41.4
 20
345.4
 30
0.0
 40
1.15
  1
ПСВ
 11
41.4
 21
345.4
 31
0.0
100
AcDbText
  0
CIRCLE
  5
C4
330
17
100
AcDbEntity
  8
GRAPH
100
AcDbCircle
 10
48.0
 20
346.0
 30
0.0
 40
1.1
  0
TEXT
  5
C5
330
17
100
AcDbEntity
  8
TEXT
100
AcDbText
 10
49.4
 20
345.4
 30
0.0
 40
1.15
  1
ОП-5
 11
49.4
 21
345.4
 31
0.0
100
AcDbText
  0
CIRCLE
  5
C6
330
17
100
AcDbEntity
  8
GRAPH
100
AcDbCircle
 10
56.0
 20
346.0
 30
0.0
 40
1.1
  0
TEXT
  5
C7
330
17
100
AcDbEntity
  8
TEXT
100
AcDbText
 10
57.4
 20
345.4
 30
0.0
 40
1.15
  1
АПС
 11
57.4
 21
345.4
 31
0.0
100
AcDbText
  0
CIRCLE
  5
C8
330
17
100
AcDbEntity
  8
GRAPH
100
AcDbCircle
 10
64.0
 20
346.0
 30
0.0
 40
1.1
  0
TEXT
  5
C9
330
17
100
AcDbEntity
  8
TEXT
100
AcDbText
 10
65.4
 20
345.4
 30
0.0
 40
1.15
  1
Ду15
 11
65.4
 21
345.4
 31
0.0
100
AcDbText
  0
CIRCLE
  5
CA
330
17
100
AcDbEntity
  8
GRAPH
100
AcDbCircle
 10
40.0
 20
356.0
 30
0.0
 40
1.1
  0
TEXT
  5
CB
330
17
100
AcDbEntity
  8
TEXT
100
AcDbText
 10
41.4
 20
355.4
 30
0.0
 40
1.15
  1
220В
 11
41.4
 21
355.4
 31
0.0
100
AcDbText
  0
CIRCLE
  5
CC
330
17
100
AcDbEntity
  8
GRAPH
100
AcDbCircle
 10
48.0
 20
356.0
 30
0.0
 40
1.1
  0
TEXT
  5
CD
330
17
100
AcDbEntity
  8
TEXT
100
AcDbText
 10
49.4
 20
355.4
 30
0.0
 40
1.15
  1
Св.
 11
49.4
 21
355.4
 31
0.0
100
AcDbText
  0
CIRCLE
  5
CE
330
17
100
AcDbEntity
  8
GRAPH
100
AcDbCircle
 10
56.0
 20
356.0
 30
0.0
 40
1.1
  0
TEXT
  5
CF
330
17
100
AcDbEntity
  8
TEXT
100
AcDbText
 10
57.4
 20
355.4
 30
0.0
 40
1.15
  1
ИПР
 11
57.4
 21
355.4
 31
0.0
100
AcDbText
  0
CIRCLE
  5
D0
330
17
100
AcDbEntity
  8
GRAPH
100
AcDbCircle
 10
64.0
 20
356.0
 30
0.0
 40
1.1
  0
TEXT
  5
D1
330
17
100
AcDbEntity
  8
TEXT
100
AcDbText
 10
65.4
 20
355.4
 30
0.0
 40
1.15
  1
Кран
 11
65.4
 21
355.4
 31
0.0
100
AcDbText
  0
LINE
  5
D2
330
17
100
AcDbEntity
  8
GRAPH
100
AcDbLine
 10
78.0
 20
336.0
 30
0.0
 11
116.0
 21
336.0
 31
0.0
  0
LINE
  5
D3
330
17
100
AcDbEntity
  8
GRAPH
100
AcDbLine
 10
116.0
 20
336.0
 30
0.0
 11
116.0
 21
464.0
 31
0.0
  0
LINE
  5
D4
330
17
100
AcDbEntity
  8
GRAPH
100
AcDbLine
 10
116.0
 20
464.0
 30
0.0
 11
78.0
 21
464.0
 31
0.0
  0
LINE
  5
D5
330
17
100
AcDbEntity
  8
GRAPH
100
AcDbLine
 10
78.0
 20
464.0
 30
0.0
 11
78.0
 21
336.0
 31
0.0
  0
TEXT
  5
D6
330
17
100
AcDbEntity
  8
TEXT
100
AcDbText
 10
79.5
 20
458.0
 30
0.0
 40
2.0
  1
1101
 11
79.5
 21
458.0
 31
0.0
100
AcDbText
  0
TEXT
  5
D7
330
17
100
AcDbEntity
  8
TEXT
100
AcDbText
 10
79.5
 20
452.0
 30
0.0
 40
1.7
  1
1-комн.
 11
79.5
 21
452.0
 31
0.0
100
AcDbText
  0
TEXT
  5
D8
330
17
100
AcDbEntity
  8
TEXT
100
AcDbText
 10
79.5
 20
446.0
 30
0.0
 40
1.6
  1
S=29.1
 11
79.5
 21
446.0
 31
0.0
100
AcDbText
  0
CIRCLE
  5
D9
330
17
100
AcDbEntity
  8
GRAPH
100
AcDbCircle
 10
82.0
 20
346.0
 30
0.0
 40
1.1
  0
TEXT
  5
DA
330
17
100
AcDbEntity
  8
TEXT
100
AcDbText
 10
83.4
 20
345.4
 30
0.0
 40
1.15
  1
ПСВ
 11
83.4
 21
345.4
 31
0.0
100
AcDbText
  0
CIRCLE
  5
DB
330
17
100
AcDbEntity
  8
GRAPH
100
AcDbCircle
 10
90.0
 20
346.0
 30
0.0
 40
1.1
  0
TEXT
  5
DC
330
17
100
AcDbEntity
  8
TEXT
100
AcDbText
 10
91.4
 20
345.4
 30
0.0
 40
1.15
  1
ОП-5
 11
91.4
 21
345.4
 31
0.0
100
AcDbText
  0
CIRCLE
  5
DD
330
17
100
AcDbEntity
  8
GRAPH
100
AcDbCircle
 10
98.0
 20
346.0
 30
0.0
 40
1.1
  0
TEXT
  5
DE
330
17
100
AcDbEntity
  8
TEXT
100
AcDbText
 10
99.4
 20
345.4
 30
0.0
 40
1.15
  1
АПС
 11
99.4
 21
345.4
 31
0.0
100
AcDbText
  0
CIRCLE
  5
DF
330
17
100
AcDbEntity
  8
GRAPH
100
AcDbCircle
 10
106.0
 20
346.0
 30
0.0
 40
1.1
  0
TEXT
  5
E0
330
17
100
AcDbEntity
  8
TEXT
100
AcDbText
 10
107.4
 20
345.4
 30
0.0
 40
1.15
  1
Ду15
 11
107.4
 21
345.4
 31
0.0
100
AcDbText
  0
CIRCLE
  5
E1
330
17
100
AcDbEntity
  8
GRAPH
100
AcDbCircle
 10
82.0
 20
356.0
 30
0.0
 40
1.1
  0
TEXT
  5
E2
330
17
100
AcDbEntity
  8
TEXT
100
AcDbText
 10
83.4
 20
355.4
 30
0.0
 40
1.15
  1
220В
 11
83.4
 21
355.4
 31
0.0
100
AcDbText
  0
CIRCLE
  5
E3
330
17
100
AcDbEntity
  8
GRAPH
100
AcDbCircle
 10
90.0
 20
356.0
 30
0.0
 40
1.1
  0
TEXT
  5
E4
330
17
100
AcDbEntity
  8
TEXT
100
AcDbText
 10
91.4
 20
355.4
 30
0.0
 40
1.15
  1
Св.
 11
91.4
 21
355.4
 31
0.0
100
AcDbText
  0
CIRCLE
  5
E5
330
17
100
AcDbEntity
  8
GRAPH
100
AcDbCircle
 10
98.0
 20
356.0
 30
0.0
 40
1.1
  0
TEXT
  5
E6
330
17
100
AcDbEntity
  8
TEXT
100
AcDbText
 10
99.4
 20
355.4
 30
0.0
 40
1.15
  1
ИПР
 11
99.4
 21
355.4
 31
0.0
100
AcDbText
  0
CIRCLE
  5
E7
330
17
100
AcDbEntity
  8
GRAPH
100
AcDbCircle
 10
106.0
 20
356.0
 30
0.0
 40
1.1
  0
TEXT
  5
E8
330
17
100
AcDbEntity
  8
TEXT
100
AcDbText
 10
107.4
 20
355.4
 30
0.0
 40
1.15
  1
Кран
 11
107.4
 21
355.4
 31
0.0
100
AcDbText
  0
HATCH
  5
E9
330
17
100
AcDbEntity
  8
TABLE_FILL
 62
7
100
AcDbHatch
 10
0.0
 20
0.0
 30
0.0
210
0.0
220
0.0
230
1.0
  2
SOLID
 70
1
 71
0
 91
1
 92
3
 72
0
 73
1
 93
4
 10
120.0
 20
336.0
 10
158.0
 20
336.0
 10
158.0
 20
464.0
 10
120.0
 20
464.0
 97
0
 75
0
 76
1
 98
0
  0
LINE
  5
EA
330
17
100
AcDbEntity
  8
GRAPH
100
AcDbLine
 10
120.0
 20
336.0
 30
0.0
 11
158.0
 21
336.0
 31
0.0
  0
LINE
  5
EB
330
17
100
AcDbEntity
  8
GRAPH
100
AcDbLine
 10
158.0
 20
336.0
 30
0.0
 11
158.0
 21
464.0
 31
0.0
  0
LINE
  5
EC
330
17
100
AcDbEntity
  8
GRAPH
100
AcDbLine
 10
158.0
 20
464.0
 30
0.0
 11
120.0
 21
464.0
 31
0.0
  0
LINE
  5
ED
330
17
100
AcDbEntity
  8
GRAPH
100
AcDbLine
 10
120.0
 20
464.0
 30
0.0
 11
120.0
 21
336.0
 31
0.0
  0
TEXT
  5
EE
330
17
100
AcDbEntity
  8
TEXT
100
AcDbText
 10
121.5
 20
458.0
 30
0.0
 40
2.0
  1
1102
 11
121.5
 21
458.0
 31
0.0
100
AcDbText
  0
TEXT
  5
EF
330
17
100
AcDbEntity
  8
TEXT
100
AcDbText
 10
121.5
 20
452.0
 30
0.0
 40
1.7
  1
2-комн.
 11
121.5
 21
452.0
 31
0.0
100
AcDbText
  0
TEXT
  5
F0
330
17
100
AcDbEntity
  8
TEXT
100
AcDbText
 10
121.5
 20
446.0
 30
0.0
 40
1.6
  1
S=36.2
 11
121.5
 21
446.0
 31
0.0
100
AcDbText
  0
CIRCLE
  5
F1
330
17
100
AcDbEntity
  8
GRAPH
100
AcDbCircle
 10
124.0
 20
346.0
 30
0.0
 40
1.1
  0
TEXT
  5
F2
330
17
100
AcDbEntity
  8
TEXT
100
AcDbText
 10
125.4
 20
345.4
 30
0.0
 40
1.15
  1
ПСВ
 11
125.4
 21
345.4
 31
0.0
100
AcDbText
  0
CIRCLE
  5
F3
330
17
100
AcDbEntity
  8
GRAPH
100
AcDbCircle
 10
132.0
 20
346.0
 30
0.0
 40
1.1
  0
TEXT
  5
F4
330
17
100
AcDbEntity
  8
TEXT
100
AcDbText
 10
133.4
 20
345.4
 30
0.0
 40
1.15
  1
ОП-5
 11
133.4
 21
345.4
 31
0.0
100
AcDbText
  0
CIRCLE
  5
F5
330
17
100
AcDbEntity
  8
GRAPH
100
AcDbCircle
 10
140.0
 20
346.0
 30
0.0
 40
1.1
  0
TEXT
  5
F6
330
17
100
AcDbEntity
  8
TEXT
100
AcDbText
 10
141.4
 20
345.4
 30
0.0
 40
1.15
  1
АПС
 11
141.4
 21
345.4
 31
0.0
100
AcDbText
  0
CIRCLE
  5
F7
330
17
100
AcDbEntity
  8
GRAPH
100
AcDbCircle
 10
148.0
 20
346.0
 30
0.0
 40
1.1
  0
TEXT
  5
F8
330
17
100
AcDbEntity
  8
TEXT
100
AcDbText
 10
149.4
 20
345.4
 30
0.0
 40
1.15
  1
Ду15
 11
149.4
 21
345.4
 31
0.0
100
AcDbText
  0
CIRCLE
  5
F9
330
17
100
AcDbEntity
  8
GRAPH
100
AcDbCircle
 10
124.0
 20
356.0
 30
0.0
 40
1.1
  0
TEXT
  5
FA
330
17
100
AcDbEntity
  8
TEXT
100
AcDbText
 10
125.4
 20
355.4
 30
0.0
 40
1.15
  1
220В
 11
125.4
 21
355.4
 31
0.0
100
AcDbText
  0
CIRCLE
  5
FB
330
17
100
AcDbEntity
  8
GRAPH
100
AcDbCircle
 10
132.0
 20
356.0
 30
0.0
 40
1.1
  0
TEXT
  5
FC
330
17
100
AcDbEntity
  8
TEXT
100
AcDbText
 10
133.4
 20
355.4
 30
0.0
 40
1.15
  1
Св.
 11
133.4
 21
355.4
 31
0.0
100
AcDbText
  0
CIRCLE
  5
FD
330
17
100
AcDbEntity
  8
GRAPH
100
AcDbCircle
 10
140.0
 20
356.0
 30
0.0
 40
1.1
  0
TEXT
  5
FE
330
17
100
AcDbEntity
  8
TEXT
100
AcDbText
 10
141.4
 20
355.4
 30
0.0
 40
1.15
  1
ИПР
 11
141.4
 21
355.4
 31
0.0
100
AcDbText
  0
CIRCLE
  5
FF
330
17
100
AcDbEntity
  8
GRAPH
100
AcDbCircle
 10
148.0
 20
356.0
 30
0.0
 40
1.1
  0
TEXT
  5
100
330
17
100
AcDbEntity
  8
TEXT
100
AcDbText
 10
149.4
 20
355.4
 30
0.0
 40
1.15
  1
Кран
 11
149.4
 21
355.4
 31
0.0
100
AcDbText
  0
LINE
  5
101
330
17
100
AcDbEntity
  8
GRAPH
100
AcDbLine
 10
162.0
 20
336.0
 30
0.0
 11
200.0
 21
336.0
 31
0.0
  0
LINE
  5
102
330
17
100
AcDbEntity
  8
GRAPH
100
AcDbLine
 10
200.0
 20
336.0
 30
0.0
 11
200.0
 21
464.0
 31
0.0
  0
LINE
  5
103
330
17
100
AcDbEntity
  8
GRAPH
100
AcDbLine
 10
200.0
 20
464.0
 30
0.0
 11
162.0
 21
464.0
 31
0.0
  0
LINE
  5
104
330
17
100
AcDbEntity
  8
GRAPH
100
AcDbLine
 10
162.0
 20
464.0
 30
0.0
 11
162.0
 21
336.0
 31
0.0
  0
TEXT
  5
105
330
17
100
AcDbEntity
  8
TEXT
100
AcDbText
 10
163.5
 20
458.0
 30
0.0
 40
2.0
  1
1103
 11
163.5
 21
458.0
 31
0.0
100
AcDbText
  0
TEXT
  5
106
330
17
100
AcDbEntity
  8
TEXT
100
AcDbText
 10
163.5
 20
452.0
 30
0.0
 40
1.7
  1
3-комн.
 11
163.5
 21
452.0
 31
0.0
100
AcDbText
  0
TEXT
  5
107
330
17
100
AcDbEntity
  8
TEXT
100
AcDbText
 10
163.5
 20
446.0
 30
0.0
 40
1.6
  1
S=43.3
 11
163.5
 21
446.0
 31
0.0
100
AcDbText
  0
CIRCLE
  5
108
330
17
100
AcDbEntity
  8
GRAPH
100
AcDbCircle
 10
166.0
 20
346.0
 30
0.0
 40
1.1
  0
TEXT
  5
109
330
17
100
AcDbEntity
  8
TEXT
100
AcDbText
 10
167.4
 20
345.4
 30
0.0
 40
1.15
  1
ПСВ
 11
167.4
 21
345.4
 31
0.0
100
AcDbText
  0
CIRCLE
  5
10A
330
17
100
AcDbEntity
  8
GRAPH
100
AcDbCircle
 10
174.0
 20
346.0
 30
0.0
 40
1.1
  0
TEXT
  5
10B
330
17
100
AcDbEntity
  8
TEXT
100
AcDbText
 10
175.4
 20
345.4
 30
0.0
 40
1.15
  1
ОП-5
 11
175.4
 21
345.4
 31
0.0
100
AcDbText
  0
CIRCLE
  5
10C
330
17
100
AcDbEntity
  8
GRAPH
100
AcDbCircle
 10
182.0
 20
346.0
 30
0.0
 40
1.1
  0
TEXT
  5
10D
330
17
100
AcDbEntity
  8
TEXT
100
AcDbText
 10
183.4
 20
345.4
 30
0.0
 40
1.15
  1
АПС
 11
183.4
 21
345.4
 31
0.0
100
AcDbText
  0
CIRCLE
  5
10E
330
17
100
AcDbEntity
  8
GRAPH
100
AcDbCircle
 10
190.0
 20
346.0
 30
0.0
 40
1.1
  0
TEXT
  5
10F
330
17
100
AcDbEntity
  8
TEXT
100
AcDbText
 10
191.4
 20
345.4
 30
0.0
 40
1.15
  1
Ду15
 11
191.4
 21
345.4
 31
0.0
100
AcDbText
  0
CIRCLE
  5
110
330
17
100
AcDbEntity
  8
GRAPH
100
AcDbCircle
 10
166.0
 20
356.0
 30
0.0
 40
1.1
  0
TEXT
  5
111
330
17
100
AcDbEntity
  8
TEXT
100
AcDbText
 10
167.4
 20
355.4
 30
0.0
 40
1.15
  1
220В
 11
167.4
 21
355.4
 31
0.0
100
AcDbText
  0
CIRCLE
  5
112
330
17
100
AcDbEntity
  8
GRAPH
100
AcDbCircle
 10
174.0
 20
356.0
 30
0.0
 40
1.1
  0
TEXT
  5
113
330
17
100
AcDbEntity
  8
TEXT
100
AcDbText
 10
175.4
 20
355.4
 30
0.0
 40
1.15
  1
Св.
 11
175.4
 21
355.4
 31
0.0
100
AcDbText
  0
CIRCLE
  5
114
330
17
100
AcDbEntity
  8
GRAPH
100
AcDbCircle
 10
182.0
 20
356.0
 30
0.0
 40
1.1
  0
TEXT
  5
115
330
17
100
AcDbEntity
  8
TEXT
100
AcDbText
 10
183.4
 20
355.4
 30
0.0
 40
1.15
  1
ИПР
 11
183.4
 21
355.4
 31
0.0
100
AcDbText
  0
CIRCLE
  5
116
330
17
100
AcDbEntity
  8
GRAPH
100
AcDbCircle
 10
190.0
 20
356.0
 30
0.0
 40
1.1
  0
TEXT
  5
117
330
17
100
AcDbEntity
  8
TEXT
100
AcDbText
 10
191.4
 20
355.4
 30
0.0
 40
1.15
  1
Кран
 11
191.4
 21
355.4
 31
0.0
100
AcDbText
  0
LINE
  5
118
330
17
100
AcDbEntity
  8
GRAPH
100
AcDbLine
 10
204.0
 20
336.0
 30
0.0
 11
242.0
 21
336.0
 31
0.0
  0
LINE
  5
119
330
17
100
AcDbEntity
  8
GRAPH
100
AcDbLine
 10
242.0
 20
336.0
 30
0.0
 11
242.0
 21
464.0
 31
0.0
  0
LINE
  5
11A
330
17
100
AcDbEntity
  8
GRAPH
100
AcDbLine
 10
242.0
 20
464.0
 30
0.0
 11
204.0
 21
464.0
 31
0.0
  0
LINE
  5
11B
330
17
100
AcDbEntity
  8
GRAPH
100
AcDbLine
 10
204.0
 20
464.0
 30
0.0
 11
204.0
 21
336.0
 31
0.0
  0
TEXT
  5
11C
330
17
100
AcDbEntity
  8
TEXT
100
AcDbText
 10
205.5
 20
458.0
 30
0.0
 40
2.0
  1
1104
 11
205.5
 21
458.0
 31
0.0
100
AcDbText
  0
TEXT
  5
11D
330
17
100
AcDbEntity
  8
TEXT
100
AcDbText
 10
205.5
 20
452.0
 30
0.0
 40
1.7
  1
Евродвушка
 11
205.5
 21
452.0
 31
0.0
100
AcDbText
  0
TEXT
  5
11E
330
17
100
AcDbEntity
  8
TEXT
100
AcDbText
 10
205.5
 20
446.0
 30
0.0
 40
1.6
  1
S=38.4
 11
205.5
 21
446.0
 31
0.0
100
AcDbText
  0
TEXT
  5
11F
330
17
100
AcDbEntity
  8
TEXT
100
AcDbText
 10
205.5
 20
344.0
 30
0.0
 40
1.5
  1
площадь квартиры 105 равна 38.4 м2
 11
205.5
 21
344.0
 31
0.0
100
AcDbText
  0
TEXT
  5
120
330
17
100
AcDbEntity
  8
TEXT
100
AcDbText
 10
205.5
 20
340.0
 30
0.0
 40
1.4
  1
по обмеру квартира 105 равна 42.1 м2
 11
205.5
 21
340.0
 31
0.0
100
AcDbText
  0
CIRCLE
  5
121
330
17
100
AcDbEntity
  8
GRAPH
100
AcDbCircle
 10
208.0
 20
346.0
 30
0.0
 40
1.1
  0
TEXT
  5
122
330
17
100
AcDbEntity
  8
TEXT
100
AcDbText
 10
209.4
 20
345.4
 30
0.0
 40
1.15
  1
ПСВ
 11
209.4
 21
345.4
 31
0.0
100
AcDbText
  0
CIRCLE
  5
123
330
17
100
AcDbEntity
  8
GRAPH
100
AcDbCircle
 10
216.0
 20
346.0
 30
0.0
 40
1.1
  0
TEXT
  5
124
330
17
100
AcDbEntity
  8
TEXT
100
AcDbText
 10
217.4
 20
345.4
 30
0.0
 40
1.15
  1
ОП-5
 11
217.4
 21
345.4
 31
0.0
100
AcDbText
  0
CIRCLE
  5
125
330
17
100
AcDbEntity
  8
GRAPH
100
AcDbCircle
 10
224.0
 20
346.0
 30
0.0
 40
1.1
  0
TEXT
  5
126
330
17
100
AcDbEntity
  8
TEXT
100
AcDbText
 10
225.4
 20
345.4
 30
0.0
 40
1.15
  1
АПС
 11
225.4
 21
345.4
 31
0.0
100
AcDbText
  0
CIRCLE
  5
127
330
17
100
AcDbEntity
  8
GRAPH
100
AcDbCircle
 10
232.0
 20
346.0
 30
0.0
 40
1.1
  0
TEXT
  5
128
330
17
100
AcDbEntity
  8
TEXT
100
AcDbText
 10
233.4
 20
345.4
 30
0.0
 40
1.15
  1
Ду15
 11
233.4
 21
345.4
 31
0.0
100
AcDbText
  0
CIRCLE
  5
129
330
17
100
AcDbEntity
  8
GRAPH
100
AcDbCircle
 10
208.0
 20
356.0
 30
0.0
 40
1.1
  0
TEXT
  5
12A
330
17
100
AcDbEntity
  8
TEXT
100
AcDbText
 10
209.4
 20
355.4
 30
0.0
 40
1.15
  1
220В
 11
209.4
 21
355.4
 31
0.0
100
AcDbText
  0
CIRCLE
  5
12B
330
17
100
AcDbEntity
  8
GRAPH
100
AcDbCircle
 10
216.0
 20
356.0
 30
0.0
 40
1.1
  0
TEXT
  5
12C
330
17
100
AcDbEntity
  8
TEXT
100
AcDbText
 10
217.4
 20
355.4
 30
0.0
 40
1.15
  1
Св.
 11
217.4
 21
355.4
 31
0.0
100
AcDbText
  0
CIRCLE
  5
12D
330
17
100
AcDbEntity
  8
GRAPH
100
AcDbCircle
 10
224.0
 20
356.0
 30
0.0
 40
1.1
  0
TEXT
  5
12E
330
17
100
AcDbEntity
  8
TEXT
100
AcDbText
 10
225.4
 20
355.4
 30
0.0
 40
1.15
  1
ИПР
 11
225.4
 21
355.4
 31
0.0
100
AcDbText
  0
CIRCLE
  5
12F
330
17
100
AcDbEntity
  8
GRAPH
100
AcDbCircle
 10
232.0
 20
356.0
 30
0.0
 40
1.1
  0
TEXT
  5
130
330
17
100
AcDbEntity
  8
TEXT
100
AcDbText
 10
233.4
 20
355.4
 30
0.0
 40
1.15
  1
Кран
 11
233.4
 21
355.4
 31
0.0
100
AcDbText
  0
LINE
  5
131
330
17
100
AcDbEntity
  8
GRAPH
100
AcDbLine
 10
36.0
 20
118.0
 30
0.0
 11
74.0
 21
118.0
 31
0.0
  0
LINE
  5
132
330
17
100
AcDbEntity
  8
GRAPH
100
AcDbLine
 10
74.0
 20
118.0
 30
0.0
 11
74.0
 21
254.0
 31
0.0
  0
LINE
  5
133
330
17
100
AcDbEntity
  8
GRAPH
100
AcDbLine
 10
74.0
 20
254.0
 30
0.0
 11
36.0
 21
254.0
 31
0.0
  0
LINE
  5
134
330
17
100
AcDbEntity
  8
GRAPH
100
AcDbLine
 10
36.0
 20
254.0
 30
0.0
 11
36.0
 21
118.0
 31
0.0
  0
TEXT
  5
135
330
17
100
AcDbEntity
  8
TEXT
100
AcDbText
 10
37.5
 20
248.0
 30
0.0
 40
2.0
  1
1105
 11
37.5
 21
248.0
 31
0.0
100
AcDbText
  0
TEXT
  5
136
330
17
100
AcDbEntity
  8
TEXT
100
AcDbText
 10
37.5
 20
242.0
 30
0.0
 40
1.7
  1
Студия
 11
37.5
 21
242.0
 31
0.0
100
AcDbText
  0
TEXT
  5
137
330
17
100
AcDbEntity
  8
TEXT
100
AcDbText
 10
37.5
 20
236.0
 30
0.0
 40
1.6
  1
S=57.5
 11
37.5
 21
236.0
 31
0.0
100
AcDbText
  0
CIRCLE
  5
138
330
17
100
AcDbEntity
  8
GRAPH
100
AcDbCircle
 10
40.0
 20
128.0
 30
0.0
 40
1.1
  0
TEXT
  5
139
330
17
100
AcDbEntity
  8
TEXT
100
AcDbText
 10
41.4
 20
127.4
 30
0.0
 40
1.15
  1
ПСВ
 11
41.4
 21
127.4
 31
0.0
100
AcDbText
  0
CIRCLE
  5
13A
330
17
100
AcDbEntity
  8
GRAPH
100
AcDbCircle
 10
48.0
 20
128.0
 30
0.0
 40
1.1
  0
TEXT
  5
13B
330
17
100
AcDbEntity
  8
TEXT
100
AcDbText
 10
49.4
 20
127.4
 30
0.0
 40
1.15
  1
ОП-5
 11
49.4
 21
127.4
 31
0.0
100
AcDbText
  0
CIRCLE
  5
13C
330
17
100
AcDbEntity
  8
GRAPH
100
AcDbCircle
 10
56.0
 20
128.0
 30
0.0
 40
1.1
  0
TEXT
  5
13D
330
17
100
AcDbEntity
  8
TEXT
100
AcDbText
 10
57.4
 20
127.4
 30
0.0
 40
1.15
  1
АПС
 11
57.4
 21
127.4
 31
0.0
100
AcDbText
  0
CIRCLE
  5
13E
330
17
100
AcDbEntity
  8
GRAPH
100
AcDbCircle
 10
64.0
 20
128.0
 30
0.0
 40
1.1
  0
TEXT
  5
13F
330
17
100
AcDbEntity
  8
TEXT
100
AcDbText
 10
65.4
 20
127.4
 30
0.0
 40
1.15
  1
Ду15
 11
65.4
 21
127.4
 31
0.0
100
AcDbText
  0
CIRCLE
  5
140
330
17
100
AcDbEntity
  8
GRAPH
100
AcDbCircle
 10
40.0
 20
138.0
 30
0.0
 40
1.1
  0
TEXT
  5
141
330
17
100
AcDbEntity
  8
TEXT
100
AcDbText
 10
41.4
 20
137.4
 30
0.0
 40
1.15
  1
220В
 11
41.4
 21
137.4
 31
0.0
100
AcDbText
  0
CIRCLE
  5
142
330
17
100
AcDbEntity
  8
GRAPH
100
AcDbCircle
 10
48.0
 20
138.0
 30
0.0
 40
1.1
  0
TEXT
  5
143
330
17
100
AcDbEntity
  8
TEXT
100
AcDbText
 10
49.4
 20
137.4
 30
0.0
 40
1.15
  1
Св.
 11
49.4
 21
137.4
 31
0.0
100
AcDbText
  0
CIRCLE
  5
144
330
17
100
AcDbEntity
  8
GRAPH
100
AcDbCircle
 10
56.0
 20
138.0
 30
0.0
 40
1.1
  0
TEXT
  5
145
330
17
100
AcDbEntity
  8
TEXT
100
AcDbText
 10
57.4
 20
137.4
 30
0.0
 40
1.15
  1
ИПР
 11
57.4
 21
137.4
 31
0.0
100
AcDbText
  0
CIRCLE
  5
146
330
17
100
AcDbEntity
  8
GRAPH
100
AcDbCircle
 10
64.0
 20
138.0
 30
0.0
 40
1.1
  0
TEXT
  5
147
330
17
100
AcDbEntity
  8
TEXT
100
AcDbText
 10
65.4
 20
137.4
 30
0.0
 40
1.15
  1
Кран
 11
65.4
 21
137.4
 31
0.0
100
AcDbText
  0
HATCH
  5
148
330
17
100
AcDbEntity
  8
TABLE_FILL
 62
7
100
AcDbHatch
 10
0.0
 20
0.0
 30
0.0
210
0.0
220
0.0
230
1.0
  2
SOLID
 70
1
 71
0
 91
1
 92
3
 72
0
 73
1
 93
4
 10
78.0
 20
118.0
 10
116.0
 20
118.0
 10
116.0
 20
254.0
 10
78.0
 20
254.0
 97
0
 75
0
 76
1
 98
0
  0
LINE
  5
149
330
17
100
AcDbEntity
  8
GRAPH
100
AcDbLine
 10
78.0
 20
118.0
 30
0.0
 11
116.0
 21
118.0
 31
0.0
  0
LINE
  5
14A
330
17
100
AcDbEntity
  8
GRAPH
100
AcDbLine
 10
116.0
 20
118.0
 30
0.0
 11
116.0
 21
254.0
 31
0.0
  0
LINE
  5
14B
330
17
100
AcDbEntity
  8
GRAPH
100
AcDbLine
 10
116.0
 20
254.0
 30
0.0
 11
78.0
 21
254.0
 31
0.0
  0
LINE
  5
14C
330
17
100
AcDbEntity
  8
GRAPH
100
AcDbLine
 10
78.0
 20
254.0
 30
0.0
 11
78.0
 21
118.0
 31
0.0
  0
TEXT
  5
14D
330
17
100
AcDbEntity
  8
TEXT
100
AcDbText
 10
79.5
 20
248.0
 30
0.0
 40
2.0
  1
1106
 11
79.5
 21
248.0
 31
0.0
100
AcDbText
  0
TEXT
  5
14E
330
17
100
AcDbEntity
  8
TEXT
100
AcDbText
 10
79.5
 20
242.0
 30
0.0
 40
1.7
  1
1-комн.
 11
79.5
 21
242.0
 31
0.0
100
AcDbText
  0
TEXT
  5
14F
330
17
100
AcDbEntity
  8
TEXT
100
AcDbText
 10
79.5
 20
236.0
 30
0.0
 40
1.6
  1
S=24.6
 11
79.5
 21
236.0
 31
0.0
100
AcDbText
  0
CIRCLE
  5
150
330
17
100
AcDbEntity
  8
GRAPH
100
AcDbCircle
 10
82.0
 20
128.0
 30
0.0
 40
1.1
  0
TEXT
  5
151
330
17
100
AcDbEntity
  8
TEXT
100
AcDbText
 10
83.4
 20
127.4
 30
0.0
 40
1.15
  1
ПСВ
 11
83.4
 21
127.4
 31
0.0
100
AcDbText
  0
CIRCLE
  5
152
330
17
100
AcDbEntity
  8
GRAPH
100
AcDbCircle
 10
90.0
 20
128.0
 30
0.0
 40
1.1
  0
TEXT
  5
153
330
17
100
AcDbEntity
  8
TEXT
100
AcDbText
 10
91.4
 20
127.4
 30
0.0
 40
1.15
  1
ОП-5
 11
91.4
 21
127.4
 31
0.0
100
AcDbText
  0
CIRCLE
  5
154
330
17
100
AcDbEntity
  8
GRAPH
100
AcDbCircle
 10
98.0
 20
128.0
 30
0.0
 40
1.1
  0
TEXT
  5
155
330
17
100
AcDbEntity
  8
TEXT
100
AcDbText
 10
99.4
 20
127.4
 30
0.0
 40
1.15
  1
АПС
 11
99.4
 21
127.4
 31
0.0
100
AcDbText
  0
CIRCLE
  5
156
330
17
100
AcDbEntity
  8
GRAPH
100
AcDbCircle
 10
106.0
 20
128.0
 30
0.0
 40
1.1
  0
TEXT
  5
157
330
17
100
AcDbEntity
  8
TEXT
100
AcDbText
 10
107.4
 20
127.4
 30
0.0
 40
1.15
  1
Ду15
 11
107.4
 21
127.4
 31
0.0
100
AcDbText
  0
CIRCLE
  5
158
330
17
100
AcDbEntity
  8
GRAPH
100
AcDbCircle
 10
82.0
 20
138.0
 30
0.0
 40
1.1
  0
TEXT
  5
159
330
17
100
AcDbEntity
  8
TEXT
100
AcDbText
 10
83.4
 20
137.4
 30
0.0
 40
1.15
  1
220В
 11
83.4
 21
137.4
 31
0.0
100
AcDbText
  0
CIRCLE
  5
15A
330
17
100
AcDbEntity
  8
GRAPH
100
AcDbCircle
 10
90.0
 20
138.0
 30
0.0
 40
1.1
  0
TEXT
  5
15B
330
17
100
AcDbEntity
  8
TEXT
100
AcDbText
 10
91.4
 20
137.4
 30
0.0
 40
1.15
  1
Св.
 11
91.4
 21
137.4
 31
0.0
100
AcDbText
  0
CIRCLE
  5
15C
330
17
100
AcDbEntity
  8
GRAPH
100
AcDbCircle
 10
98.0
 20
138.0
 30
0.0
 40
1.1
  0
TEXT
  5
15D
330
17
100
AcDbEntity
  8
TEXT
100
AcDbText
 10
99.4
 20
137.4
 30
0.0
 40
1.15
  1
ИПР
 11
99.4
 21
137.4
 31
0.0
100
AcDbText
  0
CIRCLE
  5
15E
330
17
100
AcDbEntity
  8
GRAPH
100
AcDbCircle
 10
106.0
 20
138.0
 30
0.0
 40
1.1
  0
TEXT
  5
15F
330
17
100
AcDbEntity
  8
TEXT
100
AcDbText
 10
107.4
 20
137.4
 30
0.0
 40
1.15
  1
Кран
 11
107.4
 21
137.4
 31
0.0
100
AcDbText
  0
LINE
  5
160
330
17
100
AcDbEntity
  8
GRAPH
100
AcDbLine
 10
120.0
 20
118.0
 30
0.0
 11
158.0
 21
118.0
 31
0.0
  0
LINE
  5
161
330
17
100
AcDbEntity
  8
GRAPH
100
AcDbLine
 10
158.0
 20
118.0
 30
0.0
 11
158.0
 21
254.0
 31
0.0
  0
LINE
  5
162
330
17
100
AcDbEntity
  8
GRAPH
100
AcDbLine
 10
158.0
 20
254.0
 30
0.0
 11
120.0
 21
254.0
 31
0.0
  0
LINE
  5
163
330
17
100
AcDbEntity
  8
GRAPH
100
AcDbLine
 10
120.0
 20
254.0
 30
0.0
 11
120.0
 21
118.0
 31
0.0
  0
TEXT
  5
164
330
17
100
AcDbEntity
  8
TEXT
100
AcDbText
 10
121.5
 20
248.0
 30
0.0
 40
2.0
  1
1107
 11
121.5
 21
248.0
 31
0.0
100
AcDbText
  0
TEXT
  5
165
330
17
100
AcDbEntity
  8
TEXT
100
AcDbText
 10
121.5
 20
242.0
 30
0.0
 40
1.7
  1
2-комн.
 11
121.5
 21
242.0
 31
0.0
100
AcDbText
  0
TEXT
  5
166
330
17
100
AcDbEntity
  8
TEXT
100
AcDbText
 10
121.5
 20
236.0
 30
0.0
 40
1.6
  1
S=31.7
 11
121.5
 21
236.0
 31
0.0
100
AcDbText
  0
CIRCLE
  5
167
330
17
100
AcDbEntity
  8
GRAPH
100
AcDbCircle
 10
124.0
 20
128.0
 30
0.0
 40
1.1
  0
TEXT
  5
168
330
17
100
AcDbEntity
  8
TEXT
100
AcDbText
 10
125.4
 20
127.4
 30
0.0
 40
1.15
  1
ПСВ
 11
125.4
 21
127.4
 31
0.0
100
AcDbText
  0
CIRCLE
  5
169
330
17
100
AcDbEntity
  8
GRAPH
100
AcDbCircle
 10
132.0
 20
128.0
 30
0.0
 40
1.1
  0
TEXT
  5
16A
330
17
100
AcDbEntity
  8
TEXT
100
AcDbText
 10
133.4
 20
127.4
 30
0.0
 40
1.15
  1
ОП-5
 11
133.4
 21
127.4
 31
0.0
100
AcDbText
  0
CIRCLE
  5
16B
330
17
100
AcDbEntity
  8
GRAPH
100
AcDbCircle
 10
140.0
 20
128.0
 30
0.0
 40
1.1
  0
TEXT
  5
16C
330
17
100
AcDbEntity
  8
TEXT
100
AcDbText
 10
141.4
 20
127.4
 30
0.0
 40
1.15
  1
АПС
 11
141.4
 21
127.4
 31
0.0
100
AcDbText
  0
CIRCLE
  5
16D
330
17
100
AcDbEntity
  8
GRAPH
100
AcDbCircle
 10
148.0
 20
128.0
 30
0.0
 40
1.1
  0
TEXT
  5
16E
330
17
100
AcDbEntity
  8
TEXT
100
AcDbText
 10
149.4
 20
127.4
 30
0.0
 40
1.15
  1
Ду15
 11
149.4
 21
127.4
 31
0.0
100
AcDbText
  0
CIRCLE
  5
16F
330
17
100
AcDbEntity
  8
GRAPH
100
AcDbCircle
 10
124.0
 20
138.0
 30
0.0
 40
1.1
  0
TEXT
  5
170
330
17
100
AcDbEntity
  8
TEXT
100
AcDbText
 10
125.4
 20
137.4
 30
0.0
 40
1.15
  1
220В
 11
125.4
 21
137.4
 31
0.0
100
AcDbText
  0
CIRCLE
  5
171
330
17
100
AcDbEntity
  8
GRAPH
100
AcDbCircle
 10
132.0
 20
138.0
 30
0.0
 40
1.1
  0
TEXT
  5
172
330
17
100
AcDbEntity
  8
TEXT
100
AcDbText
 10
133.4
 20
137.4
 30
0.0
 40
1.15
  1
Св.
 11
133.4
 21
137.4
 31
0.0
100
AcDbText
  0
CIRCLE
  5
173
330
17
100
AcDbEntity
  8
GRAPH
100
AcDbCircle
 10
140.0
 20
138.0
 30
0.0
 40
1.1
  0
TEXT
  5
174
330
17
100
AcDbEntity
  8
TEXT
100
AcDbText
 10
141.4
 20
137.4
 30
0.0
 40
1.15
  1
ИПР
 11
141.4
 21
137.4
 31
0.0
100
AcDbText
  0
CIRCLE
  5
175
330
17
100
AcDbEntity
  8
GRAPH
100
AcDbCircle
 10
148.0
 20
138.0
 30
0.0
 40
1.1
  0
TEXT
  5
176
330
17
100
AcDbEntity
  8
TEXT
100
AcDbText
 10
149.4
 20
137.4
 30
0.0
 40
1.15
  1
Кран
 11
149.4
 21
137.4
 31
0.0
100
AcDbText
  0
LINE
  5
177
330
17
100
AcDbEntity
  8
GRAPH
100
AcDbLine
 10
162.0
 20
118.0
 30
0.0
 11
200.0
 21
118.0
 31
0.0
  0
LINE
  5
178
330
17
100
AcDbEntity
  8
GRAPH
100
AcDbLine
 10
200.0
 20
118.0
 30
0.0
 11
200.0
 21
254.0
 31
0.0
  0
LINE
  5
179
330
17
100
AcDbEntity
  8
GRAPH
100
AcDbLine
 10
200.0
 20
254.0
 30
0.0
 11
162.0
 21
254.0
 31
0.0
  0
LINE
  5
17A
330
17
100
AcDbEntity
  8
GRAPH
100
AcDbLine
 10
162.0
 20
254.0
 30
0.0
 11
162.0
 21
118.0
 31
0.0
  0
TEXT
  5
17B
330
17
100
AcDbEntity
  8
TEXT
100
AcDbText
 10
163.5
 20
248.0
 30
0.0
 40
2.0
  1
1108
 11
163.5
 21
248.0
 31
0.0
100
AcDbText
  0
TEXT
  5
17C
330
17
100
AcDbEntity
  8
TEXT
100
AcDbText
 10
163.5
 20
242.0
 30
0.0
 40
1.7
  1
3-комн.
 11
163.5
 21
242.0
 31
0.0
100
AcDbText
  0
TEXT
  5
17D
330
17
100
AcDbEntity
  8
TEXT
100
AcDbText
 10
163.5
 20
236.0
 30
0.0
 40
1.6
  1
S=38.8
 11
163.5
 21
236.0
 31
0.0
100
AcDbText
  0
CIRCLE
  5
17E
330
17
100
AcDbEntity
  8
GRAPH
100
AcDbCircle
 10
166.0
 20
128.0
 30
0.0
 40
1.1
  0
TEXT
  5
17F
330
17
100
AcDbEntity
  8
TEXT
100
AcDbText
 10
167.4
 20
127.4
 30
0.0
 40
1.15
  1
ПСВ
 11
167.4
 21
127.4
 31
0.0
100
AcDbText
  0
CIRCLE
  5
180
330
17
100
AcDbEntity
  8
GRAPH
100
AcDbCircle
 10
174.0
 20
128.0
 30
0.0
 40
1.1
  0
TEXT
  5
181
330
17
100
AcDbEntity
  8
TEXT
100
AcDbText
 10
175.4
 20
127.4
 30
0.0
 40
1.15
  1
ОП-5
 11
175.4
 21
127.4
 31
0.0
100
AcDbText
  0
CIRCLE
  5
182
330
17
100
AcDbEntity
  8
GRAPH
100
AcDbCircle
 10
182.0
 20
128.0
 30
0.0
 40
1.1
  0
TEXT
  5
183
330
17
100
AcDbEntity
  8
TEXT
100
AcDbText
 10
183.4
 20
127.4
 30
0.0
 40
1.15
  1
АПС
 11
183.4
 21
127.4
 31
0.0
100
AcDbText
  0
CIRCLE
  5
184
330
17
100
AcDbEntity
  8
GRAPH
100
AcDbCircle
 10
190.0
 20
128.0
 30
0.0
 40
1.1
  0
TEXT
  5
185
330
17
100
AcDbEntity
  8
TEXT
100
AcDbText
 10
191.4
 20
127.4
 30
0.0
 40
1.15
  1
Ду15
 11
191.4
 21
127.4
 31
0.0
100
AcDbText
  0
CIRCLE
  5
186
330
17
100
AcDbEntity
  8
GRAPH
100
AcDbCircle
 10
166.0
 20
138.0
 30
0.0
 40
1.1
  0
TEXT
  5
187
330
17
100
AcDbEntity
  8
TEXT
100
AcDbText
 10
167.4
 20
137.4
 30
0.0
 40
1.15
  1
220В
 11
167.4
 21
137.4
 31
0.0
100
AcDbText
  0
CIRCLE
  5
188
330
17
100
AcDbEntity
  8
GRAPH
100
AcDbCircle
 10
174.0
 20
138.0
 30
0.0
 40
1.1
  0
TEXT
  5
189
330
17
100
AcDbEntity
  8
TEXT
100
AcDbText
 10
175.4
 20
137.4
 30
0.0
 40
1.15
  1
Св.
 11
175.4
 21
137.4
 31
0.0
100
AcDbText
  0
CIRCLE
  5
18A
330
17
100
AcDbEntity
  8
GRAPH
100
AcDbCircle
 10
182.0
 20
138.0
 30
0.0
 40
1.1
  0
TEXT
  5
18B
330
17
100
AcDbEntity
  8
TEXT
100
AcDbText
 10
183.4
 20
137.4
 30
0.0
 40
1.15
  1
ИПР
 11
183.4
 21
137.4
 31
0.0
100
AcDbText
  0
CIRCLE
  5
18C
330
17
100
AcDbEntity
  8
GRAPH
100
AcDbCircle
 10
190.0
 20
138.0
 30
0.0
 40
1.1
  0
TEXT
  5
18D
330
17
100
AcDbEntity
  8
TEXT
100
AcDbText
 10
191.4
 20
137.4
 30
0.0
 40
1.15
  1
Кран
 11
191.4
 21
137.4
 31
0.0
100
AcDbText
  0
LINE
  5
18E
330
17
100
AcDbEntity
  8
GRAPH
100
AcDbLine
 10
204.0
 20
118.0
 30
0.0
 11
242.0
 21
118.0
 31
0.0
  0
LINE
  5
18F
330
17
100
AcDbEntity
  8
GRAPH
100
AcDbLine
 10
242.0
 20
118.0
 30
0.0
 11
242.0
 21
254.0
 31
0.0
  0
LINE
  5
190
330
17
100
AcDbEntity
  8
GRAPH
100
AcDbLine
 10
242.0
 20
254.0
 30
0.0
 11
204.0
 21
254.0
 31
0.0
  0
LINE
  5
191
330
17
100
AcDbEntity
  8
GRAPH
100
AcDbLine
 10
204.0
 20
254.0
 30
0.0
 11
204.0
 21
118.0
 31
0.0
  0
TEXT
  5
192
330
17
100
AcDbEntity
  8
TEXT
100
AcDbText
 10
205.5
 20
248.0
 30
0.0
 40
2.0
  1
1109
 11
205.5
 21
248.0
 31
0.0
100
AcDbText
  0
TEXT
  5
193
330
17
100
AcDbEntity
  8
TEXT
100
AcDbText
 10
205.5
 20
242.0
 30
0.0
 40
1.7
  1
Евродвушка
 11
205.5
 21
242.0
 31
0.0
100
AcDbText
  0
TEXT
  5
194
330
17
100
AcDbEntity
  8
TEXT
100
AcDbText
 10
205.5
 20
236.0
 30
0.0
 40
1.6
  1
S=45.9
 11
205.5
 21
236.0
 31
0.0
100
AcDbText
  0
CIRCLE
  5
195
330
17
100
AcDbEntity
  8
GRAPH
100
AcDbCircle
 10
208.0
 20
128.0
 30
0.0
 40
1.1
  0
TEXT
  5
196
330
17
100
AcDbEntity
  8
TEXT
100
AcDbText
 10
209.4
 20
127.4
 30
0.0
 40
1.15
  1
ПСВ
 11
209.4
 21
127.4
 31
0.0
100
AcDbText
  0
CIRCLE
  5
197
330
17
100
AcDbEntity
  8
GRAPH
100
AcDbCircle
 10
216.0
 20
128.0
 30
0.0
 40
1.1
  0
TEXT
  5
198
330
17
100
AcDbEntity
  8
TEXT
100
AcDbText
 10
217.4
 20
127.4
 30
0.0
 40
1.15
  1
ОП-5
 11
217.4
 21
127.4
 31
0.0
100
AcDbText
  0
CIRCLE
  5
199
330
17
100
AcDbEntity
  8
GRAPH
100
AcDbCircle
 10
224.0
 20
128.0
 30
0.0
 40
1.1
  0
TEXT
  5
19A
330
17
100
AcDbEntity
  8
TEXT
100
AcDbText
 10
225.4
 20
127.4
 30
0.0
 40
1.15
  1
АПС
 11
225.4
 21
127.4
 31
0.0
100
AcDbText
  0
CIRCLE
  5
19B
330
17
100
AcDbEntity
  8
GRAPH
100
AcDbCircle
 10
232.0
 20
128.0
 30
0.0
 40
1.1
  0
TEXT
  5
19C
330
17
100
AcDbEntity
  8
TEXT
100
AcDbText
 10
233.4
 20
127.4
 30
0.0
 40
1.15
  1
Ду15
 11
233.4
 21
127.4
 31
0.0
100
AcDbText
  0
CIRCLE
  5
19D
330
17
100
AcDbEntity
  8
GRAPH
100
AcDbCircle
 10
208.0
 20
138.0
 30
0.0
 40
1.1
  0
TEXT
  5
19E
330
17
100
AcDbEntity
  8
TEXT
100
AcDbText
 10
209.4
 20
137.4
 30
0.0
 40
1.15
  1
220В
 11
209.4
 21
137.4
 31
0.0
100
AcDbText
  0
CIRCLE
  5
19F
330
17
100
AcDbEntity
  8
GRAPH
100
AcDbCircle
 10
216.0
 20
138.0
 30
0.0
 40
1.1
  0
TEXT
  5
1A0
330
17
100
AcDbEntity
  8
TEXT
100
AcDbText
 10
217.4
 20
137.4
 30
0.0
 40
1.15
  1
Св.
 11
217.4
 21
137.4
 31
0.0
100
AcDbText
  0
CIRCLE
  5
1A1
330
17
100
AcDbEntity
  8
GRAPH
100
AcDbCircle
 10
224.0
 20
138.0
 30
0.0
 40
1.1
  0
TEXT
  5
1A2
330
17
100
AcDbEntity
  8
TEXT
100
AcDbText
 10
225.4
 20
137.4
 30
0.0
 40
1.15
  1
ИПР
 11
225.4
 21
137.4
 31
0.0
100
AcDbText
  0
CIRCLE
  5
1A3
330
17
100
AcDbEntity
  8
GRAPH
100
AcDbCircle
 10
232.0
 20
138.0
 30
0.0
 40
1.1
  0
TEXT
  5
1A4
330
17
100
AcDbEntity
  8
TEXT
100
AcDbText
 10
233.4
 20
137.4
 30
0.0
 40
1.15
  1
Кран
 11
233.4
 21
137.4
 31
0.0
100
AcDbText
  0
TEXT
  5
1A5
330
17
100
AcDbEntity
  8
DIM
100
AcDbText
 10
34.0
 20
102.0
 30
0.0
 40
2.0
  1
46.000
 11
34.0
 21
102.0
 31
0.0
100
AcDbText
  0
LINE
  5
1A6
330
17
100
AcDbEntity
  8
GRAPH
100
AcDbLine
 10
290.0
 20
110.0
 30
0.0
 11
290.0
 21
470.0
 31
0.0
  0
LINE
  5
1A7
330
17
100
AcDbEntity
  8
GRAPH
100
AcDbLine
 10
290.0
 20
110.0
 30
0.0
 11
506.0
 21
110.0
 31
0.0
  0
LINE
  5
1A8
330
17
100
AcDbEntity
  8
GRAPH
100
AcDbLine
 10
326.0
 20
110.0
 30
0.0
 11
326.0
 21
470.0
 31
0.0
  0
LINE
  5
1A9
330
17
100
AcDbEntity
  8
GRAPH
100
AcDbLine
 10
290.0
 20
170.0
 30
0.0
 11
506.0
 21
170.0
 31
0.0
  0
LINE
  5
1AA
330
17
100
AcDbEntity
  8
GRAPH
100
AcDbLine
 10
362.0
 20
110.0
 30
0.0
 11
362.0
 21
470.0
 31
0.0
  0
LINE
  5
1AB
330
17
100
AcDbEntity
  8
GRAPH
100
AcDbLine
 10
290.0
 20
230.0
 30
0.0
 11
506.0
 21
230.0
 31
0.0
  0
LINE
  5
1AC
330
17
100
AcDbEntity
  8
GRAPH
100
AcDbLine
 10
398.0
 20
110.0
 30
0.0
 11
398.0
 21
470.0
 31
0.0
  0
LINE
  5
1AD
330
17
100
AcDbEntity
  8
GRAPH
100
AcDbLine
 10
290.0
 20
290.0
 30
0.0
 11
506.0
 21
290.0
 31
0.0
  0
LINE
  5
1AE
330
17
100
AcDbEntity
  8
GRAPH
100
AcDbLine
 10
434.0
 20
110.0
 30
0.0
 11
434.0
 21
470.0
 31
0.0
  0
LINE
  5
1AF
330
17
100
AcDbEntity
  8
GRAPH
100
AcDbLine
 10
290.0
 20
350.0
 30
0.0
 11
506.0
 21
350.0
 31
0.0
  0
LINE
  5
1B0
330
17
100
AcDbEntity
  8
GRAPH
100
AcDbLine
 10
470.0
 20
110.0
 30
0.0
 11
470.0
 21
470.0
 31
0.0
  0
LINE
  5
1B1
330
17
100
AcDbEntity
  8
GRAPH
100
AcDbLine
 10
290.0
 20
410.0
 30
0.0
 11
506.0
 21
410.0
 31
0.0
  0
LINE
  5
1B2
330
17
100
AcDbEntity
  8
GRAPH
100
AcDbLine
 10
506.0
 20
110.0
 30
0.0
 11
506.0
 21
470.0
 31
0.0
  0
LINE
  5
1B3
330
17
100
AcDbEntity
  8
GRAPH
100
AcDbLine
 10
290.0
 20
470.0
 30
0.0
 11
506.0
 21
470.0
 31
0.0
  0
LINE
  5
1B4
330
17
100
AcDbEntity
  8
GRAPH
100
AcDbLine
 10
290.0
 20
110.0
 30
0.0
 11
506.0
 21
110.0
 31
0.0
  0
LINE
  5
1B5
330
17
100
AcDbEntity
  8
GRAPH
100
AcDbLine
 10
506.0
 20
110.0
 30
0.0
 11
506.0
 21
470.0
 31
0.0
  0
LINE
  5
1B6
330
17
100
AcDbEntity
  8
GRAPH
100
AcDbLine
 10
506.0
 20
470.0
 30
0.0
 11
290.0
 21
470.0
 31
0.0
  0
LINE
  5
1B7
330
17
100
AcDbEntity
  8
GRAPH
100
AcDbLine
 10
290.0
 20
470.0
 30
0.0
 11
290.0
 21
110.0
 31
0.0
  0
TEXT
  5
1B8
330
17
100
AcDbEntity
  8
TEXT
100
AcDbText
 10
370.0
 20
298.0
 30
0.0
 40
3.2
  1
КОРИДОР К2
 11
370.0
 21
298.0
 31
0.0
100
AcDbText
  0
LINE
  5
1B9
330
17
100
AcDbEntity
  8
GRAPH
100
AcDbLine
 10
380.0
 20
260.0
 30
0.0
 11
408.0
 21
260.0
 31
0.0
  0
LINE
  5
1BA
330
17
100
AcDbEntity
  8
GRAPH
100
AcDbLine
 10
408.0
 20
260.0
 30
0.0
 11
408.0
 21
330.0
 31
0.0
  0
LINE
  5
1BB
330
17
100
AcDbEntity
  8
GRAPH
100
AcDbLine
 10
408.0
 20
330.0
 30
0.0
 11
380.0
 21
330.0
 31
0.0
  0
LINE
  5
1BC
330
17
100
AcDbEntity
  8
GRAPH
100
AcDbLine
 10
380.0
 20
330.0
 30
0.0
 11
380.0
 21
260.0
 31
0.0
  0
LINE
  5
1BD
330
17
100
AcDbEntity
  8
GRAPH
100
AcDbLine
 10
384.0
 20
266.0
 30
0.0
 11
404.0
 21
266.0
 31
0.0
  0
LINE
  5
1BE
330
17
100
AcDbEntity
  8
GRAPH
100
AcDbLine
 10
384.0
 20
274.0
 30
0.0
 11
404.0
 21
274.0
 31
0.0
  0
LINE
  5
1BF
330
17
100
AcDbEntity
  8
GRAPH
100
AcDbLine
 10
384.0
 20
282.0
 30
0.0
 11
404.0
 21
282.0
 31
0.0
  0
LINE
  5
1C0
330
17
100
AcDbEntity
  8
GRAPH
100
AcDbLine
 10
384.0
 20
290.0
 30
0.0
 11
404.0
 21
290.0
 31
0.0
  0
LINE
  5
1C1
330
17
100
AcDbEntity
  8
GRAPH
100
AcDbLine
 10
384.0
 20
298.0
 30
0.0
 11
404.0
 21
298.0
 31
0.0
  0
LINE
  5
1C2
330
17
100
AcDbEntity
  8
GRAPH
100
AcDbLine
 10
384.0
 20
306.0
 30
0.0
 11
404.0
 21
306.0
 31
0.0
  0
LINE
  5
1C3
330
17
100
AcDbEntity
  8
GRAPH
100
AcDbLine
 10
384.0
 20
314.0
 30
0.0
 11
404.0
 21
314.0
 31
0.0
  0
LINE
  5
1C4
330
17
100
AcDbEntity
  8
GRAPH
100
AcDbLine
 10
384.0
 20
322.0
 30
0.0
 11
404.0
 21
322.0
 31
0.0
  0
TEXT
  5
1C5
330
17
100
AcDbEntity
  8
DIM
100
AcDbText
 10
382.0
 20
258.0
 30
0.0
 40
1.8
  1
ширина лестничного марша 1.20 м
 11
382.0
 21
258.0
 31
0.0
100
AcDbText
  0
LINE
  5
1C6
330
17
100
AcDbEntity
  8
GRAPH
100
AcDbLine
 10
412.0
 20
278.0
 30
0.0
 11
430.0
 21
278.0
 31
0.0
  0
LINE
  5
1C7
330
17
100
AcDbEntity
  8
GRAPH
100
AcDbLine
 10
430.0
 20
278.0
 30
0.0
 11
430.0
 21
306.0
 31
0.0
  0
LINE
  5
1C8
330
17
100
AcDbEntity
  8
GRAPH
100
AcDbLine
 10
430.0
 20
306.0
 30
0.0
 11
412.0
 21
306.0
 31
0.0
  0
LINE
  5
1C9
330
17
100
AcDbEntity
  8
GRAPH
100
AcDbLine
 10
412.0
 20
306.0
 30
0.0
 11
412.0
 21
278.0
 31
0.0
  0
TEXT
  5
1CA
330
17
100
AcDbEntity
  8
TEXT
100
AcDbText
 10
413.0
 20
288.0
 30
0.0
 40
1.7
  1
1000кг
 11
413.0
 21
288.0
 31
0.0
100
AcDbText
  0
LINE
  5
1CB
330
17
100
AcDbEntity
  8
GRAPH
100
AcDbLine
 10
296.0
 20
336.0
 30
0.0
 11
334.0
 21
336.0
 31
0.0
  0
LINE
  5
1CC
330
17
100
AcDbEntity
  8
GRAPH
100
AcDbLine
 10
334.0
 20
336.0
 30
0.0
 11
334.0
 21
464.0
 31
0.0
  0
LINE
  5
1CD
330
17
100
AcDbEntity
  8
GRAPH
100
AcDbLine
 10
334.0
 20
464.0
 30
0.0
 11
296.0
 21
464.0
 31
0.0
  0
LINE
  5
1CE
330
17
100
AcDbEntity
  8
GRAPH
100
AcDbLine
 10
296.0
 20
464.0
 30
0.0
 11
296.0
 21
336.0
 31
0.0
  0
TEXT
  5
1CF
330
17
100
AcDbEntity
  8
TEXT
100
AcDbText
 10
297.5
 20
458.0
 30
0.0
 40
2.0
  1
2100
 11
297.5
 21
458.0
 31
0.0
100
AcDbText
  0
TEXT
  5
1D0
330
17
100
AcDbEntity
  8
TEXT
100
AcDbText
 10
297.5
 20
452.0
 30
0.0
 40
1.7
  1
1-комн.
 11
297.5
 21
452.0
 31
0.0
100
AcDbText
  0
TEXT
  5
1D1
330
17
100
AcDbEntity
  8
TEXT
100
AcDbText
 10
297.5
 20
446.0
 30
0.0
 40
1.6
  1
S=23.1
 11
297.5
 21
446.0
 31
0.0
100
AcDbText
  0
CIRCLE
  5
1D2
330
17
100
AcDbEntity
  8
GRAPH
100
AcDbCircle
 10
300.0
 20
346.0
 30
0.0
 40
1.1
  0
TEXT
  5
1D3
330
17
100
AcDbEntity
  8
TEXT
100
AcDbText
 10
301.4
 20
345.4
 30
0.0
 40
1.15
  1
ПСВ
 11
301.4
 21
345.4
 31
0.0
100
AcDbText
  0
CIRCLE
  5
1D4
330
17
100
AcDbEntity
  8
GRAPH
100
AcDbCircle
 10
308.0
 20
346.0
 30
0.0
 40
1.1
  0
TEXT
  5
1D5
330
17
100
AcDbEntity
  8
TEXT
100
AcDbText
 10
309.4
 20
345.4
 30
0.0
 40
1.15
  1
ОП-5
 11
309.4
 21
345.4
 31
0.0
100
AcDbText
  0
CIRCLE
  5
1D6
330
17
100
AcDbEntity
  8
GRAPH
100
AcDbCircle
 10
316.0
 20
346.0
 30
0.0
 40
1.1
  0
TEXT
  5
1D7
330
17
100
AcDbEntity
  8
TEXT
100
AcDbText
 10
317.4
 20
345.4
 30
0.0
 40
1.15
  1
АПС
 11
317.4
 21
345.4
 31
0.0
100
AcDbText
  0
CIRCLE
  5
1D8
330
17
100
AcDbEntity
  8
GRAPH
100
AcDbCircle
 10
324.0
 20
346.0
 30
0.0
 40
1.1
  0
TEXT
  5
1D9
330
17
100
AcDbEntity
  8
TEXT
100
AcDbText
 10
325.4
 20
345.4
 30
0.0
 40
1.15
  1
Ду15
 11
325.4
 21
345.4
 31
0.0
100
AcDbText
  0
CIRCLE
  5
1DA
330
17
100
AcDbEntity
  8
GRAPH
100
AcDbCircle
 10
300.0
 20
356.0
 30
0.0
 40
1.1
  0
TEXT
  5
1DB
330
17
100
AcDbEntity
  8
TEXT
100
AcDbText
 10
301.4
 20
355.4
 30
0.0
 40
1.15
  1
220В
 11
301.4
 21
355.4
 31
0.0
100
AcDbText
  0
CIRCLE
  5
1DC
330
17
100
AcDbEntity
  8
GRAPH
100
AcDbCircle
 10
308.0
 20
356.0
 30
0.0
 40
1.1
  0
TEXT
  5
1DD
330
17
100
AcDbEntity
  8
TEXT
100
AcDbText
 10
309.4
 20
355.4
 30
0.0
 40
1.15
  1
Св.
 11
309.4
 21
355.4
 31
0.0
100
AcDbText
  0
CIRCLE
  5
1DE
330
17
100
AcDbEntity
  8
GRAPH
100
AcDbCircle
 10
316.0
 20
356.0
 30
0.0
 40
1.1
  0
TEXT
  5
1DF
330
17
100
AcDbEntity
  8
TEXT
100
AcDbText
 10
317.4
 20
355.4
 30
0.0
 40
1.15
  1
ИПР
 11
317.4
 21
355.4
 31
0.0
100
AcDbText
  0
CIRCLE
  5
1E0
330
17
100
AcDbEntity
  8
GRAPH
100
AcDbCircle
 10
324.0
 20
356.0
 30
0.0
 40
1.1
  0
TEXT
  5
1E1
330
17
100
AcDbEntity
  8
TEXT
100
AcDbText
 10
325.4
 20
355.4
 30
0.0
 40
1.15
  1
Кран
 11
325.4
 21
355.4
 31
0.0
100
AcDbText
  0
LINE
  5
1E2
330
17
100
AcDbEntity
  8
GRAPH
100
AcDbLine
 10
338.0
 20
336.0
 30
0.0
 11
376.0
 21
336.0
 31
0.0
  0
LINE
  5
1E3
330
17
100
AcDbEntity
  8
GRAPH
100
AcDbLine
 10
376.0
 20
336.0
 30
0.0
 11
376.0
 21
464.0
 31
0.0
  0
LINE
  5
1E4
330
17
100
AcDbEntity
  8
GRAPH
100
AcDbLine
 10
376.0
 20
464.0
 30
0.0
 11
338.0
 21
464.0
 31
0.0
  0
LINE
  5
1E5
330
17
100
AcDbEntity
  8
GRAPH
100
AcDbLine
 10
338.0
 20
464.0
 30
0.0
 11
338.0
 21
336.0
 31
0.0
  0
TEXT
  5
1E6
330
17
100
AcDbEntity
  8
TEXT
100
AcDbText
 10
339.5
 20
458.0
 30
0.0
 40
2.0
  1
2101
 11
339.5
 21
458.0
 31
0.0
100
AcDbText
  0
TEXT
  5
1E7
330
17
100
AcDbEntity
  8
TEXT
100
AcDbText
 10
339.5
 20
452.0
 30
0.0
 40
1.7
  1
2-комн.
 11
339.5
 21
452.0
 31
0.0
100
AcDbText
  0
TEXT
  5
1E8
330
17
100
AcDbEntity
  8
TEXT
100
AcDbText
 10
339.5
 20
446.0
 30
0.0
 40
1.6
  1
S=30.2
 11
339.5
 21
446.0
 31
0.0
100
AcDbText
  0
CIRCLE
  5
1E9
330
17
100
AcDbEntity
  8
GRAPH
100
AcDbCircle
 10
342.0
 20
346.0
 30
0.0
 40
1.1
  0
TEXT
  5
1EA
330
17
100
AcDbEntity
  8
TEXT
100
AcDbText
 10
343.4
 20
345.4
 30
0.0
 40
1.15
  1
ПСВ
 11
343.4
 21
345.4
 31
0.0
100
AcDbText
  0
CIRCLE
  5
1EB
330
17
100
AcDbEntity
  8
GRAPH
100
AcDbCircle
 10
350.0
 20
346.0
 30
0.0
 40
1.1
  0
TEXT
  5
1EC
330
17
100
AcDbEntity
  8
TEXT
100
AcDbText
 10
351.4
 20
345.4
 30
0.0
 40
1.15
  1
ОП-5
 11
351.4
 21
345.4
 31
0.0
100
AcDbText
  0
CIRCLE
  5
1ED
330
17
100
AcDbEntity
  8
GRAPH
100
AcDbCircle
 10
358.0
 20
346.0
 30
0.0
 40
1.1
  0
TEXT
  5
1EE
330
17
100
AcDbEntity
  8
TEXT
100
AcDbText
 10
359.4
 20
345.4
 30
0.0
 40
1.15
  1
АПС
 11
359.4
 21
345.4
 31
0.0
100
AcDbText
  0
CIRCLE
  5
1EF
330
17
100
AcDbEntity
  8
GRAPH
100
AcDbCircle
 10
366.0
 20
346.0
 30
0.0
 40
1.1
  0
TEXT
  5
1F0
330
17
100
AcDbEntity
  8
TEXT
100
AcDbText
 10
367.4
 20
345.4
 30
0.0
 40
1.15
  1
Ду15
 11
367.4
 21
345.4
 31
0.0
100
AcDbText
  0
CIRCLE
  5
1F1
330
17
100
AcDbEntity
  8
GRAPH
100
AcDbCircle
 10
342.0
 20
356.0
 30
0.0
 40
1.1
  0
TEXT
  5
1F2
330
17
100
AcDbEntity
  8
TEXT
100
AcDbText
 10
343.4
 20
355.4
 30
0.0
 40
1.15
  1
220В
 11
343.4
 21
355.4
 31
0.0
100
AcDbText
  0
CIRCLE
  5
1F3
330
17
100
AcDbEntity
  8
GRAPH
100
AcDbCircle
 10
350.0
 20
356.0
 30
0.0
 40
1.1
  0
TEXT
  5
1F4
330
17
100
AcDbEntity
  8
TEXT
100
AcDbText
 10
351.4
 20
355.4
 30
0.0
 40
1.15
  1
Св.
 11
351.4
 21
355.4
 31
0.0
100
AcDbText
  0
CIRCLE
  5
1F5
330
17
100
AcDbEntity
  8
GRAPH
100
AcDbCircle
 10
358.0
 20
356.0
 30
0.0
 40
1.1
  0
TEXT
  5
1F6
330
17
100
AcDbEntity
  8
TEXT
100
AcDbText
 10
359.4
 20
355.4
 30
0.0
 40
1.15
  1
ИПР
 11
359.4
 21
355.4
 31
0.0
100
AcDbText
  0
CIRCLE
  5
1F7
330
17
100
AcDbEntity
  8
GRAPH
100
AcDbCircle
 10
366.0
 20
356.0
 30
0.0
 40
1.1
  0
TEXT
  5
1F8
330
17
100
AcDbEntity
  8
TEXT
100
AcDbText
 10
367.4
 20
355.4
 30
0.0
 40
1.15
  1
Кран
 11
367.4
 21
355.4
 31
0.0
100
AcDbText
  0
HATCH
  5
1F9
330
17
100
AcDbEntity
  8
TABLE_FILL
 62
7
100
AcDbHatch
 10
0.0
 20
0.0
 30
0.0
210
0.0
220
0.0
230
1.0
  2
SOLID
 70
1
 71
0
 91
1
 92
3
 72
0
 73
1
 93
4
 10
380.0
 20
336.0
 10
418.0
 20
336.0
 10
418.0
 20
464.0
 10
380.0
 20
464.0
 97
0
 75
0
 76
1
 98
0
  0
LINE
  5
1FA
330
17
100
AcDbEntity
  8
GRAPH
100
AcDbLine
 10
380.0
 20
336.0
 30
0.0
 11
418.0
 21
336.0
 31
0.0
  0
LINE
  5
1FB
330
17
100
AcDbEntity
  8
GRAPH
100
AcDbLine
 10
418.0
 20
336.0
 30
0.0
 11
418.0
 21
464.0
 31
0.0
  0
LINE
  5
1FC
330
17
100
AcDbEntity
  8
GRAPH
100
AcDbLine
 10
418.0
 20
464.0
 30
0.0
 11
380.0
 21
464.0
 31
0.0
  0
LINE
  5
1FD
330
17
100
AcDbEntity
  8
GRAPH
100
AcDbLine
 10
380.0
 20
464.0
 30
0.0
 11
380.0
 21
336.0
 31
0.0
  0
TEXT
  5
1FE
330
17
100
AcDbEntity
  8
TEXT
100
AcDbText
 10
381.5
 20
458.0
 30
0.0
 40
2.0
  1
2102
 11
381.5
 21
458.0
 31
0.0
100
AcDbText
  0
TEXT
  5
1FF
330
17
100
AcDbEntity
  8
TEXT
100
AcDbText
 10
381.5
 20
452.0
 30
0.0
 40
1.7
  1
3-комн.
 11
381.5
 21
452.0
 31
0.0
100
AcDbText
  0
TEXT
  5
200
330
17
100
AcDbEntity
  8
TEXT
100
AcDbText
 10
381.5
 20
446.0
 30
0.0
 40
1.6
  1
S=37.3
 11
381.5
 21
446.0
 31
0.0
100
AcDbText
  0
CIRCLE
  5
201
330
17
100
AcDbEntity
  8
GRAPH
100
AcDbCircle
 10
384.0
 20
346.0
 30
0.0
 40
1.1
  0
TEXT
  5
202
330
17
100
AcDbEntity
  8
TEXT
100
AcDbText
 10
385.4
 20
345.4
 30
0.0
 40
1.15
  1
ПСВ
 11
385.4
 21
345.4
 31
0.0
100
AcDbText
  0
CIRCLE
  5
203
330
17
100
AcDbEntity
  8
GRAPH
100
AcDbCircle
 10
392.0
 20
346.0
 30
0.0
 40
1.1
  0
TEXT
  5
204
330
17
100
AcDbEntity
  8
TEXT
100
AcDbText
 10
393.4
 20
345.4
 30
0.0
 40
1.15
  1
ОП-5
 11
393.4
 21
345.4
 31
0.0
100
AcDbText
  0
CIRCLE
  5
205
330
17
100
AcDbEntity
  8
GRAPH
100
AcDbCircle
 10
400.0
 20
346.0
 30
0.0
 40
1.1
  0
TEXT
  5
206
330
17
100
AcDbEntity
  8
TEXT
100
AcDbText
 10
401.4
 20
345.4
 30
0.0
 40
1.15
  1
АПС
 11
401.4
 21
345.4
 31
0.0
100
AcDbText
  0
CIRCLE
  5
207
330
17
100
AcDbEntity
  8
GRAPH
100
AcDbCircle
 10
408.0
 20
346.0
 30
0.0
 40
1.1
  0
TEXT
  5
208
330
17
100
AcDbEntity
  8
TEXT
100
AcDbText
 10
409.4
 20
345.4
 30
0.0
 40
1.15
  1
Ду15
 11
409.4
 21
345.4
 31
0.0
100
AcDbText
  0
CIRCLE
  5
209
330
17
100
AcDbEntity
  8
GRAPH
100
AcDbCircle
 10
384.0
 20
356.0
 30
0.0
 40
1.1
  0
TEXT
  5
20A
330
17
100
AcDbEntity
  8
TEXT
100
AcDbText
 10
385.4
 20
355.4
 30
0.0
 40
1.15
  1
220В
 11
385.4
 21
355.4
 31
0.0
100
AcDbText
  0
CIRCLE
  5
20B
330
17
100
AcDbEntity
  8
GRAPH
100
AcDbCircle
 10
392.0
 20
356.0
 30
0.0
 40
1.1
  0
TEXT
  5
20C
330
17
100
AcDbEntity
  8
TEXT
100
AcDbText
 10
393.4
 20
355.4
 30
0.0
 40
1.15
  1
Св.
 11
393.4
 21
355.4
 31
0.0
100
AcDbText
  0
CIRCLE
  5
20D
330
17
100
AcDbEntity
  8
GRAPH
100
AcDbCircle
 10
400.0
 20
356.0
 30
0.0
 40
1.1
  0
TEXT
  5
20E
330
17
100
AcDbEntity
  8
TEXT
100
AcDbText
 10
401.4
 20
355.4
 30
0.0
 40
1.15
  1
ИПР
 11
401.4
 21
355.4
 31
0.0
100
AcDbText
  0
CIRCLE
  5
20F
330
17
100
AcDbEntity
  8
GRAPH
100
AcDbCircle
 10
408.0
 20
356.0
 30
0.0
 40
1.1
  0
TEXT
  5
210
330
17
100
AcDbEntity
  8
TEXT
100
AcDbText
 10
409.4
 20
355.4
 30
0.0
 40
1.15
  1
Кран
 11
409.4
 21
355.4
 31
0.0
100
AcDbText
  0
LINE
  5
211
330
17
100
AcDbEntity
  8
GRAPH
100
AcDbLine
 10
422.0
 20
336.0
 30
0.0
 11
460.0
 21
336.0
 31
0.0
  0
LINE
  5
212
330
17
100
AcDbEntity
  8
GRAPH
100
AcDbLine
 10
460.0
 20
336.0
 30
0.0
 11
460.0
 21
464.0
 31
0.0
  0
LINE
  5
213
330
17
100
AcDbEntity
  8
GRAPH
100
AcDbLine
 10
460.0
 20
464.0
 30
0.0
 11
422.0
 21
464.0
 31
0.0
  0
LINE
  5
214
330
17
100
AcDbEntity
  8
GRAPH
100
AcDbLine
 10
422.0
 20
464.0
 30
0.0
 11
422.0
 21
336.0
 31
0.0
  0
TEXT
  5
215
330
17
100
AcDbEntity
  8
TEXT
100
AcDbText
 10
423.5
 20
458.0
 30
0.0
 40
2.0
  1
2103
 11
423.5
 21
458.0
 31
0.0
100
AcDbText
  0
TEXT
  5
216
330
17
100
AcDbEntity
  8
TEXT
100
AcDbText
 10
423.5
 20
452.0
 30
0.0
 40
1.7
  1
Евродвушка
 11
423.5
 21
452.0
 31
0.0
100
AcDbText
  0
TEXT
  5
217
330
17
100
AcDbEntity
  8
TEXT
100
AcDbText
 10
423.5
 20
446.0
 30
0.0
 40
1.6
  1
S=44.4
 11
423.5
 21
446.0
 31
0.0
100
AcDbText
  0
CIRCLE
  5
218
330
17
100
AcDbEntity
  8
GRAPH
100
AcDbCircle
 10
426.0
 20
346.0
 30
0.0
 40
1.1
  0
TEXT
  5
219
330
17
100
AcDbEntity
  8
TEXT
100
AcDbText
 10
427.4
 20
345.4
 30
0.0
 40
1.15
  1
ПСВ
 11
427.4
 21
345.4
 31
0.0
100
AcDbText
  0
CIRCLE
  5
21A
330
17
100
AcDbEntity
  8
GRAPH
100
AcDbCircle
 10
434.0
 20
346.0
 30
0.0
 40
1.1
  0
TEXT
  5
21B
330
17
100
AcDbEntity
  8
TEXT
100
AcDbText
 10
435.4
 20
345.4
 30
0.0
 40
1.15
  1
ОП-5
 11
435.4
 21
345.4
 31
0.0
100
AcDbText
  0
CIRCLE
  5
21C
330
17
100
AcDbEntity
  8
GRAPH
100
AcDbCircle
 10
442.0
 20
346.0
 30
0.0
 40
1.1
  0
TEXT
  5
21D
330
17
100
AcDbEntity
  8
TEXT
100
AcDbText
 10
443.4
 20
345.4
 30
0.0
 40
1.15
  1
АПС
 11
443.4
 21
345.4
 31
0.0
100
AcDbText
  0
CIRCLE
  5
21E
330
17
100
AcDbEntity
  8
GRAPH
100
AcDbCircle
 10
450.0
 20
346.0
 30
0.0
 40
1.1
  0
TEXT
  5
21F
330
17
100
AcDbEntity
  8
TEXT
100
AcDbText
 10
451.4
 20
345.4
 30
0.0
 40
1.15
  1
Ду15
 11
451.4
 21
345.4
 31
0.0
100
AcDbText
  0
CIRCLE
  5
220
330
17
100
AcDbEntity
  8
GRAPH
100
AcDbCircle
 10
426.0
 20
356.0
 30
0.0
 40
1.1
  0
TEXT
  5
221
330
17
100
AcDbEntity
  8
TEXT
100
AcDbText
 10
427.4
 20
355.4
 30
0.0
 40
1.15
  1
220В
 11
427.4
 21
355.4
 31
0.0
100
AcDbText
  0
CIRCLE
  5
222
330
17
100
AcDbEntity
  8
GRAPH
100
AcDbCircle
 10
434.0
 20
356.0
 30
0.0
 40
1.1
  0
TEXT
  5
223
330
17
100
AcDbEntity
  8
TEXT
100
AcDbText
 10
435.4
 20
355.4
 30
0.0
 40
1.15
  1
Св.
 11
435.4
 21
355.4
 31
0.0
100
AcDbText
  0
CIRCLE
  5
224
330
17
100
AcDbEntity
  8
GRAPH
100
AcDbCircle
 10
442.0
 20
356.0
 30
0.0
 40
1.1
  0
TEXT
  5
225
330
17
100
AcDbEntity
  8
TEXT
100
AcDbText
 10
443.4
 20
355.4
 30
0.0
 40
1.15
  1
ИПР
 11
443.4
 21
355.4
 31
0.0
100
AcDbText
  0
CIRCLE
  5
226
330
17
100
AcDbEntity
  8
GRAPH
100
AcDbCircle
 10
450.0
 20
356.0
 30
0.0
 40
1.1
  0
TEXT
  5
227
330
17
100
AcDbEntity
  8
TEXT
100
AcDbText
 10
451.4
 20
355.4
 30
0.0
 40
1.15
  1
Кран
 11
451.4
 21
355.4
 31
0.0
100
AcDbText
  0
LINE
  5
228
330
17
100
AcDbEntity
  8
GRAPH
100
AcDbLine
 10
464.0
 20
336.0
 30
0.0
 11
502.0
 21
336.0
 31
0.0
  0
LINE
  5
229
330
17
100
AcDbEntity
  8
GRAPH
100
AcDbLine
 10
502.0
 20
336.0
 30
0.0
 11
502.0
 21
464.0
 31
0.0
  0
LINE
  5
22A
330
17
100
AcDbEntity
  8
GRAPH
100
AcDbLine
 10
502.0
 20
464.0
 30
0.0
 11
464.0
 21
464.0
 31
0.0
  0
LINE
  5
22B
330
17
100
AcDbEntity
  8
GRAPH
100
AcDbLine
 10
464.0
 20
464.0
 30
0.0
 11
464.0
 21
336.0
 31
0.0
  0
TEXT
  5
22C
330
17
100
AcDbEntity
  8
TEXT
100
AcDbText
 10
465.5
 20
458.0
 30
0.0
 40
2.0
  1
2104
 11
465.5
 21
458.0
 31
0.0
100
AcDbText
  0
TEXT
  5
22D
330
17
100
AcDbEntity
  8
TEXT
100
AcDbText
 10
465.5
 20
452.0
 30
0.0
 40
1.7
  1
Студия
 11
465.5
 21
452.0
 31
0.0
100
AcDbText
  0
TEXT
  5
22E
330
17
100
AcDbEntity
  8
TEXT
100
AcDbText
 10
465.5
 20
446.0
 30
0.0
 40
1.6
  1
S=51.5
 11
465.5
 21
446.0
 31
0.0
100
AcDbText
  0
CIRCLE
  5
22F
330
17
100
AcDbEntity
  8
GRAPH
100
AcDbCircle
 10
468.0
 20
346.0
 30
0.0
 40
1.1
  0
TEXT
  5
230
330
17
100
AcDbEntity
  8
TEXT
100
AcDbText
 10
469.4
 20
345.4
 30
0.0
 40
1.15
  1
ПСВ
 11
469.4
 21
345.4
 31
0.0
100
AcDbText
  0
CIRCLE
  5
231
330
17
100
AcDbEntity
  8
GRAPH
100
AcDbCircle
 10
476.0
 20
346.0
 30
0.0
 40
1.1
  0
TEXT
  5
232
330
17
100
AcDbEntity
  8
TEXT
100
AcDbText
 10
477.4
 20
345.4
 30
0.0
 40
1.15
  1
ОП-5
 11
477.4
 21
345.4
 31
0.0
100
AcDbText
  0
CIRCLE
  5
233
330
17
100
AcDbEntity
  8
GRAPH
100
AcDbCircle
 10
484.0
 20
346.0
 30
0.0
 40
1.1
  0
TEXT
  5
234
330
17
100
AcDbEntity
  8
TEXT
100
AcDbText
 10
485.4
 20
345.4
 30
0.0
 40
1.15
  1
АПС
 11
485.4
 21
345.4
 31
0.0
100
AcDbText
  0
CIRCLE
  5
235
330
17
100
AcDbEntity
  8
GRAPH
100
AcDbCircle
 10
492.0
 20
346.0
 30
0.0
 40
1.1
  0
TEXT
  5
236
330
17
100
AcDbEntity
  8
TEXT
100
AcDbText
 10
493.4
 20
345.4
 30
0.0
 40
1.15
  1
Ду15
 11
493.4
 21
345.4
 31
0.0
100
AcDbText
  0
CIRCLE
  5
237
330
17
100
AcDbEntity
  8
GRAPH
100
AcDbCircle
 10
468.0
 20
356.0
 30
0.0
 40
1.1
  0
TEXT
  5
238
330
17
100
AcDbEntity
  8
TEXT
100
AcDbText
 10
469.4
 20
355.4
 30
0.0
 40
1.15
  1
220В
 11
469.4
 21
355.4
 31
0.0
100
AcDbText
  0
CIRCLE
  5
239
330
17
100
AcDbEntity
  8
GRAPH
100
AcDbCircle
 10
476.0
 20
356.0
 30
0.0
 40
1.1
  0
TEXT
  5
23A
330
17
100
AcDbEntity
  8
TEXT
100
AcDbText
 10
477.4
 20
355.4
 30
0.0
 40
1.15
  1
Св.
 11
477.4
 21
355.4
 31
0.0
100
AcDbText
  0
CIRCLE
  5
23B
330
17
100
AcDbEntity
  8
GRAPH
100
AcDbCircle
 10
484.0
 20
356.0
 30
0.0
 40
1.1
  0
TEXT
  5
23C
330
17
100
AcDbEntity
  8
TEXT
100
AcDbText
 10
485.4
 20
355.4
 30
0.0
 40
1.15
  1
ИПР
 11
485.4
 21
355.4
 31
0.0
100
AcDbText
  0
CIRCLE
  5
23D
330
17
100
AcDbEntity
  8
GRAPH
100
AcDbCircle
 10
492.0
 20
356.0
 30
0.0
 40
1.1
  0
TEXT
  5
23E
330
17
100
AcDbEntity
  8
TEXT
100
AcDbText
 10
493.4
 20
355.4
 30
0.0
 40
1.15
  1
Кран
 11
493.4
 21
355.4
 31
0.0
100
AcDbText
  0
LINE
  5
23F
330
17
100
AcDbEntity
  8
GRAPH
100
AcDbLine
 10
296.0
 20
118.0
 30
0.0
 11
334.0
 21
118.0
 31
0.0
  0
LINE
  5
240
330
17
100
AcDbEntity
  8
GRAPH
100
AcDbLine
 10
334.0
 20
118.0
 30
0.0
 11
334.0
 21
254.0
 31
0.0
  0
LINE
  5
241
330
17
100
AcDbEntity
  8
GRAPH
100
AcDbLine
 10
334.0
 20
254.0
 30
0.0
 11
296.0
 21
254.0
 31
0.0
  0
LINE
  5
242
330
17
100
AcDbEntity
  8
GRAPH
100
AcDbLine
 10
296.0
 20
254.0
 30
0.0
 11
296.0
 21
118.0
 31
0.0
  0
TEXT
  5
243
330
17
100
AcDbEntity
  8
TEXT
100
AcDbText
 10
297.5
 20
248.0
 30
0.0
 40
2.0
  1
2105
 11
297.5
 21
248.0
 31
0.0
100
AcDbText
  0
TEXT
  5
244
330
17
100
AcDbEntity
  8
TEXT
100
AcDbText
 10
297.5
 20
242.0
 30
0.0
 40
1.7
  1
1-комн.
 11
297.5
 21
242.0
 31
0.0
100
AcDbText
  0
TEXT
  5
245
330
17
100
AcDbEntity
  8
TEXT
100
AcDbText
 10
297.5
 20
236.0
 30
0.0
 40
1.6
  1
S=58.6
 11
297.5
 21
236.0
 31
0.0
100
AcDbText
  0
CIRCLE
  5
246
330
17
100
AcDbEntity
  8
GRAPH
100
AcDbCircle
 10
300.0
 20
128.0
 30
0.0
 40
1.1
  0
TEXT
  5
247
330
17
100
AcDbEntity
  8
TEXT
100
AcDbText
 10
301.4
 20
127.4
 30
0.0
 40
1.15
  1
ПСВ
 11
301.4
 21
127.4
 31
0.0
100
AcDbText
  0
CIRCLE
  5
248
330
17
100
AcDbEntity
  8
GRAPH
100
AcDbCircle
 10
308.0
 20
128.0
 30
0.0
 40
1.1
  0
TEXT
  5
249
330
17
100
AcDbEntity
  8
TEXT
100
AcDbText
 10
309.4
 20
127.4
 30
0.0
 40
1.15
  1
ОП-5
 11
309.4
 21
127.4
 31
0.0
100
AcDbText
  0
CIRCLE
  5
24A
330
17
100
AcDbEntity
  8
GRAPH
100
AcDbCircle
 10
316.0
 20
128.0
 30
0.0
 40
1.1
  0
TEXT
  5
24B
330
17
100
AcDbEntity
  8
TEXT
100
AcDbText
 10
317.4
 20
127.4
 30
0.0
 40
1.15
  1
АПС
 11
317.4
 21
127.4
 31
0.0
100
AcDbText
  0
CIRCLE
  5
24C
330
17
100
AcDbEntity
  8
GRAPH
100
AcDbCircle
 10
324.0
 20
128.0
 30
0.0
 40
1.1
  0
TEXT
  5
24D
330
17
100
AcDbEntity
  8
TEXT
100
AcDbText
 10
325.4
 20
127.4
 30
0.0
 40
1.15
  1
Ду15
 11
325.4
 21
127.4
 31
0.0
100
AcDbText
  0
CIRCLE
  5
24E
330
17
100
AcDbEntity
  8
GRAPH
100
AcDbCircle
 10
300.0
 20
138.0
 30
0.0
 40
1.1
  0
TEXT
  5
24F
330
17
100
AcDbEntity
  8
TEXT
100
AcDbText
 10
301.4
 20
137.4
 30
0.0
 40
1.15
  1
220В
 11
301.4
 21
137.4
 31
0.0
100
AcDbText
  0
CIRCLE
  5
250
330
17
100
AcDbEntity
  8
GRAPH
100
AcDbCircle
 10
308.0
 20
138.0
 30
0.0
 40
1.1
  0
TEXT
  5
251
330
17
100
AcDbEntity
  8
TEXT
100
AcDbText
 10
309.4
 20
137.4
 30
0.0
 40
1.15
  1
Св.
 11
309.4
 21
137.4
 31
0.0
100
AcDbText
  0
CIRCLE
  5
252
330
17
100
AcDbEntity
  8
GRAPH
100
AcDbCircle
 10
316.0
 20
138.0
 30
0.0
 40
1.1
  0
TEXT
  5
253
330
17
100
AcDbEntity
  8
TEXT
100
AcDbText
 10
317.4
 20
137.4
 30
0.0
 40
1.15
  1
ИПР
 11
317.4
 21
137.4
 31
0.0
100
AcDbText
  0
CIRCLE
  5
254
330
17
100
AcDbEntity
  8
GRAPH
100
AcDbCircle
 10
324.0
 20
138.0
 30
0.0
 40
1.1
  0
TEXT
  5
255
330
17
100
AcDbEntity
  8
TEXT
100
AcDbText
 10
325.4
 20
137.4
 30
0.0
 40
1.15
  1
Кран
 11
325.4
 21
137.4
 31
0.0
100
AcDbText
  0
HATCH
  5
256
330
17
100
AcDbEntity
  8
TABLE_FILL
 62
7
100
AcDbHatch
 10
0.0
 20
0.0
 30
0.0
210
0.0
220
0.0
230
1.0
  2
SOLID
 70
1
 71
0
 91
1
 92
3
 72
0
 73
1
 93
4
 10
338.0
 20
118.0
 10
376.0
 20
118.0
 10
376.0
 20
254.0
 10
338.0
 20
254.0
 97
0
 75
0
 76
1
 98
0
  0
LINE
  5
257
330
17
100
AcDbEntity
  8
GRAPH
100
AcDbLine
 10
338.0
 20
118.0
 30
0.0
 11
376.0
 21
118.0
 31
0.0
  0
LINE
  5
258
330
17
100
AcDbEntity
  8
GRAPH
100
AcDbLine
 10
376.0
 20
118.0
 30
0.0
 11
376.0
 21
254.0
 31
0.0
  0
LINE
  5
259
330
17
100
AcDbEntity
  8
GRAPH
100
AcDbLine
 10
376.0
 20
254.0
 30
0.0
 11
338.0
 21
254.0
 31
0.0
  0
LINE
  5
25A
330
17
100
AcDbEntity
  8
GRAPH
100
AcDbLine
 10
338.0
 20
254.0
 30
0.0
 11
338.0
 21
118.0
 31
0.0
  0
TEXT
  5
25B
330
17
100
AcDbEntity
  8
TEXT
100
AcDbText
 10
339.5
 20
248.0
 30
0.0
 40
2.0
  1
2106
 11
339.5
 21
248.0
 31
0.0
100
AcDbText
  0
TEXT
  5
25C
330
17
100
AcDbEntity
  8
TEXT
100
AcDbText
 10
339.5
 20
242.0
 30
0.0
 40
1.7
  1
2-комн.
 11
339.5
 21
242.0
 31
0.0
100
AcDbText
  0
TEXT
  5
25D
330
17
100
AcDbEntity
  8
TEXT
100
AcDbText
 10
339.5
 20
236.0
 30
0.0
 40
1.6
  1
S=25.7
 11
339.5
 21
236.0
 31
0.0
100
AcDbText
  0
CIRCLE
  5
25E
330
17
100
AcDbEntity
  8
GRAPH
100
AcDbCircle
 10
342.0
 20
128.0
 30
0.0
 40
1.1
  0
TEXT
  5
25F
330
17
100
AcDbEntity
  8
TEXT
100
AcDbText
 10
343.4
 20
127.4
 30
0.0
 40
1.15
  1
ПСВ
 11
343.4
 21
127.4
 31
0.0
100
AcDbText
  0
CIRCLE
  5
260
330
17
100
AcDbEntity
  8
GRAPH
100
AcDbCircle
 10
350.0
 20
128.0
 30
0.0
 40
1.1
  0
TEXT
  5
261
330
17
100
AcDbEntity
  8
TEXT
100
AcDbText
 10
351.4
 20
127.4
 30
0.0
 40
1.15
  1
ОП-5
 11
351.4
 21
127.4
 31
0.0
100
AcDbText
  0
CIRCLE
  5
262
330
17
100
AcDbEntity
  8
GRAPH
100
AcDbCircle
 10
358.0
 20
128.0
 30
0.0
 40
1.1
  0
TEXT
  5
263
330
17
100
AcDbEntity
  8
TEXT
100
AcDbText
 10
359.4
 20
127.4
 30
0.0
 40
1.15
  1
АПС
 11
359.4
 21
127.4
 31
0.0
100
AcDbText
  0
CIRCLE
  5
264
330
17
100
AcDbEntity
  8
GRAPH
100
AcDbCircle
 10
366.0
 20
128.0
 30
0.0
 40
1.1
  0
TEXT
  5
265
330
17
100
AcDbEntity
  8
TEXT
100
AcDbText
 10
367.4
 20
127.4
 30
0.0
 40
1.15
  1
Ду15
 11
367.4
 21
127.4
 31
0.0
100
AcDbText
  0
CIRCLE
  5
266
330
17
100
AcDbEntity
  8
GRAPH
100
AcDbCircle
 10
342.0
 20
138.0
 30
0.0
 40
1.1
  0
TEXT
  5
267
330
17
100
AcDbEntity
  8
TEXT
100
AcDbText
 10
343.4
 20
137.4
 30
0.0
 40
1.15
  1
220В
 11
343.4
 21
137.4
 31
0.0
100
AcDbText
  0
CIRCLE
  5
268
330
17
100
AcDbEntity
  8
GRAPH
100
AcDbCircle
 10
350.0
 20
138.0
 30
0.0
 40
1.1
  0
TEXT
  5
269
330
17
100
AcDbEntity
  8
TEXT
100
AcDbText
 10
351.4
 20
137.4
 30
0.0
 40
1.15
  1
Св.
 11
351.4
 21
137.4
 31
0.0
100
AcDbText
  0
CIRCLE
  5
26A
330
17
100
AcDbEntity
  8
GRAPH
100
AcDbCircle
 10
358.0
 20
138.0
 30
0.0
 40
1.1
  0
TEXT
  5
26B
330
17
100
AcDbEntity
  8
TEXT
100
AcDbText
 10
359.4
 20
137.4
 30
0.0
 40
1.15
  1
ИПР
 11
359.4
 21
137.4
 31
0.0
100
AcDbText
  0
CIRCLE
  5
26C
330
17
100
AcDbEntity
  8
GRAPH
100
AcDbCircle
 10
366.0
 20
138.0
 30
0.0
 40
1.1
  0
TEXT
  5
26D
330
17
100
AcDbEntity
  8
TEXT
100
AcDbText
 10
367.4
 20
137.4
 30
0.0
 40
1.15
  1
Кран
 11
367.4
 21
137.4
 31
0.0
100
AcDbText
  0
LINE
  5
26E
330
17
100
AcDbEntity
  8
GRAPH
100
AcDbLine
 10
380.0
 20
118.0
 30
0.0
 11
418.0
 21
118.0
 31
0.0
  0
LINE
  5
26F
330
17
100
AcDbEntity
  8
GRAPH
100
AcDbLine
 10
418.0
 20
118.0
 30
0.0
 11
418.0
 21
254.0
 31
0.0
  0
LINE
  5
270
330
17
100
AcDbEntity
  8
GRAPH
100
AcDbLine
 10
418.0
 20
254.0
 30
0.0
 11
380.0
 21
254.0
 31
0.0
  0
LINE
  5
271
330
17
100
AcDbEntity
  8
GRAPH
100
AcDbLine
 10
380.0
 20
254.0
 30
0.0
 11
380.0
 21
118.0
 31
0.0
  0
TEXT
  5
272
330
17
100
AcDbEntity
  8
TEXT
100
AcDbText
 10
381.5
 20
248.0
 30
0.0
 40
2.0
  1
2107
 11
381.5
 21
248.0
 31
0.0
100
AcDbText
  0
TEXT
  5
273
330
17
100
AcDbEntity
  8
TEXT
100
AcDbText
 10
381.5
 20
242.0
 30
0.0
 40
1.7
  1
3-комн.
 11
381.5
 21
242.0
 31
0.0
100
AcDbText
  0
TEXT
  5
274
330
17
100
AcDbEntity
  8
TEXT
100
AcDbText
 10
381.5
 20
236.0
 30
0.0
 40
1.6
  1
S=32.8
 11
381.5
 21
236.0
 31
0.0
100
AcDbText
  0
CIRCLE
  5
275
330
17
100
AcDbEntity
  8
GRAPH
100
AcDbCircle
 10
384.0
 20
128.0
 30
0.0
 40
1.1
  0
TEXT
  5
276
330
17
100
AcDbEntity
  8
TEXT
100
AcDbText
 10
385.4
 20
127.4
 30
0.0
 40
1.15
  1
ПСВ
 11
385.4
 21
127.4
 31
0.0
100
AcDbText
  0
CIRCLE
  5
277
330
17
100
AcDbEntity
  8
GRAPH
100
AcDbCircle
 10
392.0
 20
128.0
 30
0.0
 40
1.1
  0
TEXT
  5
278
330
17
100
AcDbEntity
  8
TEXT
100
AcDbText
 10
393.4
 20
127.4
 30
0.0
 40
1.15
  1
ОП-5
 11
393.4
 21
127.4
 31
0.0
100
AcDbText
  0
CIRCLE
  5
279
330
17
100
AcDbEntity
  8
GRAPH
100
AcDbCircle
 10
400.0
 20
128.0
 30
0.0
 40
1.1
  0
TEXT
  5
27A
330
17
100
AcDbEntity
  8
TEXT
100
AcDbText
 10
401.4
 20
127.4
 30
0.0
 40
1.15
  1
АПС
 11
401.4
 21
127.4
 31
0.0
100
AcDbText
  0
CIRCLE
  5
27B
330
17
100
AcDbEntity
  8
GRAPH
100
AcDbCircle
 10
408.0
 20
128.0
 30
0.0
 40
1.1
  0
TEXT
  5
27C
330
17
100
AcDbEntity
  8
TEXT
100
AcDbText
 10
409.4
 20
127.4
 30
0.0
 40
1.15
  1
Ду15
 11
409.4
 21
127.4
 31
0.0
100
AcDbText
  0
CIRCLE
  5
27D
330
17
100
AcDbEntity
  8
GRAPH
100
AcDbCircle
 10
384.0
 20
138.0
 30
0.0
 40
1.1
  0
TEXT
  5
27E
330
17
100
AcDbEntity
  8
TEXT
100
AcDbText
 10
385.4
 20
137.4
 30
0.0
 40
1.15
  1
220В
 11
385.4
 21
137.4
 31
0.0
100
AcDbText
  0
CIRCLE
  5
27F
330
17
100
AcDbEntity
  8
GRAPH
100
AcDbCircle
 10
392.0
 20
138.0
 30
0.0
 40
1.1
  0
TEXT
  5
280
330
17
100
AcDbEntity
  8
TEXT
100
AcDbText
 10
393.4
 20
137.4
 30
0.0
 40
1.15
  1
Св.
 11
393.4
 21
137.4
 31
0.0
100
AcDbText
  0
CIRCLE
  5
281
330
17
100
AcDbEntity
  8
GRAPH
100
AcDbCircle
 10
400.0
 20
138.0
 30
0.0
 40
1.1
  0
TEXT
  5
282
330
17
100
AcDbEntity
  8
TEXT
100
AcDbText
 10
401.4
 20
137.4
 30
0.0
 40
1.15
  1
ИПР
 11
401.4
 21
137.4
 31
0.0
100
AcDbText
  0
CIRCLE
  5
283
330
17
100
AcDbEntity
  8
GRAPH
100
AcDbCircle
 10
408.0
 20
138.0
 30
0.0
 40
1.1
  0
TEXT
  5
284
330
17
100
AcDbEntity
  8
TEXT
100
AcDbText
 10
409.4
 20
137.4
 30
0.0
 40
1.15
  1
Кран
 11
409.4
 21
137.4
 31
0.0
100
AcDbText
  0
LINE
  5
285
330
17
100
AcDbEntity
  8
GRAPH
100
AcDbLine
 10
422.0
 20
118.0
 30
0.0
 11
460.0
 21
118.0
 31
0.0
  0
LINE
  5
286
330
17
100
AcDbEntity
  8
GRAPH
100
AcDbLine
 10
460.0
 20
118.0
 30
0.0
 11
460.0
 21
254.0
 31
0.0
  0
LINE
  5
287
330
17
100
AcDbEntity
  8
GRAPH
100
AcDbLine
 10
460.0
 20
254.0
 30
0.0
 11
422.0
 21
254.0
 31
0.0
  0
LINE
  5
288
330
17
100
AcDbEntity
  8
GRAPH
100
AcDbLine
 10
422.0
 20
254.0
 30
0.0
 11
422.0
 21
118.0
 31
0.0
  0
TEXT
  5
289
330
17
100
AcDbEntity
  8
TEXT
100
AcDbText
 10
423.5
 20
248.0
 30
0.0
 40
2.0
  1
2108
 11
423.5
 21
248.0
 31
0.0
100
AcDbText
  0
TEXT
  5
28A
330
17
100
AcDbEntity
  8
TEXT
100
AcDbText
 10
423.5
 20
242.0
 30
0.0
 40
1.7
  1
Евродвушка
 11
423.5
 21
242.0
 31
0.0
100
AcDbText
  0
TEXT
  5
28B
330
17
100
AcDbEntity
  8
TEXT
100
AcDbText
 10
423.5
 20
236.0
 30
0.0
 40
1.6
  1
S=39.9
 11
423.5
 21
236.0
 31
0.0
100
AcDbText
  0
CIRCLE
  5
28C
330
17
100
AcDbEntity
  8
GRAPH
100
AcDbCircle
 10
426.0
 20
128.0
 30
0.0
 40
1.1
  0
TEXT
  5
28D
330
17
100
AcDbEntity
  8
TEXT
100
AcDbText
 10
427.4
 20
127.4
 30
0.0
 40
1.15
  1
ПСВ
 11
427.4
 21
127.4
 31
0.0
100
AcDbText
  0
CIRCLE
  5
28E
330
17
100
AcDbEntity
  8
GRAPH
100
AcDbCircle
 10
434.0
 20
128.0
 30
0.0
 40
1.1
  0
TEXT
  5
28F
330
17
100
AcDbEntity
  8
TEXT
100
AcDbText
 10
435.4
 20
127.4
 30
0.0
 40
1.15
  1
ОП-5
 11
435.4
 21
127.4
 31
0.0
100
AcDbText
  0
CIRCLE
  5
290
330
17
100
AcDbEntity
  8
GRAPH
100
AcDbCircle
 10
442.0
 20
128.0
 30
0.0
 40
1.1
  0
TEXT
  5
291
330
17
100
AcDbEntity
  8
TEXT
100
AcDbText
 10
443.4
 20
127.4
 30
0.0
 40
1.15
  1
АПС
 11
443.4
 21
127.4
 31
0.0
100
AcDbText
  0
CIRCLE
  5
292
330
17
100
AcDbEntity
  8
GRAPH
100
AcDbCircle
 10
450.0
 20
128.0
 30
0.0
 40
1.1
  0
TEXT
  5
293
330
17
100
AcDbEntity
  8
TEXT
100
AcDbText
 10
451.4
 20
127.4
 30
0.0
 40
1.15
  1
Ду15
 11
451.4
 21
127.4
 31
0.0
100
AcDbText
  0
CIRCLE
  5
294
330
17
100
AcDbEntity
  8
GRAPH
100
AcDbCircle
 10
426.0
 20
138.0
 30
0.0
 40
1.1
  0
TEXT
  5
295
330
17
100
AcDbEntity
  8
TEXT
100
AcDbText
 10
427.4
 20
137.4
 30
0.0
 40
1.15
  1
220В
 11
427.4
 21
137.4
 31
0.0
100
AcDbText
  0
CIRCLE
  5
296
330
17
100
AcDbEntity
  8
GRAPH
100
AcDbCircle
 10
434.0
 20
138.0
 30
0.0
 40
1.1
  0
TEXT
  5
297
330
17
100
AcDbEntity
  8
TEXT
100
AcDbText
 10
435.4
 20
137.4
 30
0.0
 40
1.15
  1
Св.
 11
435.4
 21
137.4
 31
0.0
100
AcDbText
  0
CIRCLE
  5
298
330
17
100
AcDbEntity
  8
GRAPH
100
AcDbCircle
 10
442.0
 20
138.0
 30
0.0
 40
1.1
  0
TEXT
  5
299
330
17
100
AcDbEntity
  8
TEXT
100
AcDbText
 10
443.4
 20
137.4
 30
0.0
 40
1.15
  1
ИПР
 11
443.4
 21
137.4
 31
0.0
100
AcDbText
  0
CIRCLE
  5
29A
330
17
100
AcDbEntity
  8
GRAPH
100
AcDbCircle
 10
450.0
 20
138.0
 30
0.0
 40
1.1
  0
TEXT
  5
29B
330
17
100
AcDbEntity
  8
TEXT
100
AcDbText
 10
451.4
 20
137.4
 30
0.0
 40
1.15
  1
Кран
 11
451.4
 21
137.4
 31
0.0
100
AcDbText
  0
LINE
  5
29C
330
17
100
AcDbEntity
  8
GRAPH
100
AcDbLine
 10
464.0
 20
118.0
 30
0.0
 11
502.0
 21
118.0
 31
0.0
  0
LINE
  5
29D
330
17
100
AcDbEntity
  8
GRAPH
100
AcDbLine
 10
502.0
 20
118.0
 30
0.0
 11
502.0
 21
254.0
 31
0.0
  0
LINE
  5
29E
330
17
100
AcDbEntity
  8
GRAPH
100
AcDbLine
 10
502.0
 20
254.0
 30
0.0
 11
464.0
 21
254.0
 31
0.0
  0
LINE
  5
29F
330
17
100
AcDbEntity
  8
GRAPH
100
AcDbLine
 10
464.0
 20
254.0
 30
0.0
 11
464.0
 21
118.0
 31
0.0
  0
TEXT
  5
2A0
330
17
100
AcDbEntity
  8
TEXT
100
AcDbText
 10
465.5
 20
248.0
 30
0.0
 40
2.0
  1
2109
 11
465.5
 21
248.0
 31
0.0
100
AcDbText
  0
TEXT
  5
2A1
330
17
100
AcDbEntity
  8
TEXT
100
AcDbText
 10
465.5
 20
242.0
 30
0.0
 40
1.7
  1
Студия
 11
465.5
 21
242.0
 31
0.0
100
AcDbText
  0
TEXT
  5
2A2
330
17
100
AcDbEntity
  8
TEXT
100
AcDbText
 10
465.5
 20
236.0
 30
0.0
 40
1.6
  1
S=46.0
 11
465.5
 21
236.0
 31
0.0
100
AcDbText
  0
CIRCLE
  5
2A3
330
17
100
AcDbEntity
  8
GRAPH
100
AcDbCircle
 10
468.0
 20
128.0
 30
0.0
 40
1.1
  0
TEXT
  5
2A4
330
17
100
AcDbEntity
  8
TEXT
100
AcDbText
 10
469.4
 20
127.4
 30
0.0
 40
1.15
  1
ПСВ
 11
469.4
 21
127.4
 31
0.0
100
AcDbText
  0
CIRCLE
  5
2A5
330
17
100
AcDbEntity
  8
GRAPH
100
AcDbCircle
 10
476.0
 20
128.0
 30
0.0
 40
1.1
  0
TEXT
  5
2A6
330
17
100
AcDbEntity
  8
TEXT
100
AcDbText
 10
477.4
 20
127.4
 30
0.0
 40
1.15
  1
ОП-5
 11
477.4
 21
127.4
 31
0.0
100
AcDbText
  0
CIRCLE
  5
2A7
330
17
100
AcDbEntity
  8
GRAPH
100
AcDbCircle
 10
484.0
 20
128.0
 30
0.0
 40
1.1
  0
TEXT
  5
2A8
330
17
100
AcDbEntity
  8
TEXT
100
AcDbText
 10
485.4
 20
127.4
 30
0.0
 40
1.15
  1
АПС
 11
485.4
 21
127.4
 31
0.0
100
AcDbText
  0
CIRCLE
  5
2A9
330
17
100
AcDbEntity
  8
GRAPH
100
AcDbCircle
 10
492.0
 20
128.0
 30
0.0
 40
1.1
  0
TEXT
  5
2AA
330
17
100
AcDbEntity
  8
TEXT
100
AcDbText
 10
493.4
 20
127.4
 30
0.0
 40
1.15
  1
Ду15
 11
493.4
 21
127.4
 31
0.0
100
AcDbText
  0
CIRCLE
  5
2AB
330
17
100
AcDbEntity
  8
GRAPH
100
AcDbCircle
 10
468.0
 20
138.0
 30
0.0
 40
1.1
  0
TEXT
  5
2AC
330
17
100
AcDbEntity
  8
TEXT
100
AcDbText
 10
469.4
 20
137.4
 30
0.0
 40
1.15
  1
220В
 11
469.4
 21
137.4
 31
0.0
100
AcDbText
  0
CIRCLE
  5
2AD
330
17
100
AcDbEntity
  8
GRAPH
100
AcDbCircle
 10
476.0
 20
138.0
 30
0.0
 40
1.1
  0
TEXT
  5
2AE
330
17
100
AcDbEntity
  8
TEXT
100
AcDbText
 10
477.4
 20
137.4
 30
0.0
 40
1.15
  1
Св.
 11
477.4
 21
137.4
 31
0.0
100
AcDbText
  0
CIRCLE
  5
2AF
330
17
100
AcDbEntity
  8
GRAPH
100
AcDbCircle
 10
484.0
 20
138.0
 30
0.0
 40
1.1
  0
TEXT
  5
2B0
330
17
100
AcDbEntity
  8
TEXT
100
AcDbText
 10
485.4
 20
137.4
 30
0.0
 40
1.15
  1
ИПР
 11
485.4
 21
137.4
 31
0.0
100
AcDbText
  0
CIRCLE
  5
2B1
330
17
100
AcDbEntity
  8
GRAPH
100
AcDbCircle
 10
492.0
 20
138.0
 30
0.0
 40
1.1
  0
TEXT
  5
2B2
330
17
100
AcDbEntity
  8
TEXT
100
AcDbText
 10
493.4
 20
137.4
 30
0.0
 40
1.15
  1
Кран
 11
493.4
 21
137.4
 31
0.0
100
AcDbText
  0
TEXT
  5
2B3
330
17
100
AcDbEntity
  8
DIM
100
AcDbText
 10
294.0
 20
102.0
 30
0.0
 40
2.0
  1
47.100
 11
294.0
 21
102.0
 31
0.0
100
AcDbText
  0
LINE
  5
2B4
330
17
100
AcDbEntity
  8
GRAPH
100
AcDbLine
 10
550.0
 20
110.0
 30
0.0
 11
550.0
 21
470.0
 31
0.0
  0
LINE
  5
2B5
330
17
100
AcDbEntity
  8
GRAPH
100
AcDbLine
 10
550.0
 20
110.0
 30
0.0
 11
766.0
 21
110.0
 31
0.0
  0
LINE
  5
2B6
330
17
100
AcDbEntity
  8
GRAPH
100
AcDbLine
 10
586.0
 20
110.0
 30
0.0
 11
586.0
 21
470.0
 31
0.0
  0
LINE
  5
2B7
330
17
100
AcDbEntity
  8
GRAPH
100
AcDbLine
 10
550.0
 20
170.0
 30
0.0
 11
766.0
 21
170.0
 31
0.0
  0
LINE
  5
2B8
330
17
100
AcDbEntity
  8
GRAPH
100
AcDbLine
 10
622.0
 20
110.0
 30
0.0
 11
622.0
 21
470.0
 31
0.0
  0
LINE
  5
2B9
330
17
100
AcDbEntity
  8
GRAPH
100
AcDbLine
 10
550.0
 20
230.0
 30
0.0
 11
766.0
 21
230.0
 31
0.0
  0
LINE
  5
2BA
330
17
100
AcDbEntity
  8
GRAPH
100
AcDbLine
 10
658.0
 20
110.0
 30
0.0
 11
658.0
 21
470.0
 31
0.0
  0
LINE
  5
2BB
330
17
100
AcDbEntity
  8
GRAPH
100
AcDbLine
 10
550.0
 20
290.0
 30
0.0
 11
766.0
 21
290.0
 31
0.0
  0
LINE
  5
2BC
330
17
100
AcDbEntity
  8
GRAPH
100
AcDbLine
 10
694.0
 20
110.0
 30
0.0
 11
694.0
 21
470.0
 31
0.0
  0
LINE
  5
2BD
330
17
100
AcDbEntity
  8
GRAPH
100
AcDbLine
 10
550.0
 20
350.0
 30
0.0
 11
766.0
 21
350.0
 31
0.0
  0
LINE
  5
2BE
330
17
100
AcDbEntity
  8
GRAPH
100
AcDbLine
 10
730.0
 20
110.0
 30
0.0
 11
730.0
 21
470.0
 31
0.0
  0
LINE
  5
2BF
330
17
100
AcDbEntity
  8
GRAPH
100
AcDbLine
 10
550.0
 20
410.0
 30
0.0
 11
766.0
 21
410.0
 31
0.0
  0
LINE
  5
2C0
330
17
100
AcDbEntity
  8
GRAPH
100
AcDbLine
 10
766.0
 20
110.0
 30
0.0
 11
766.0
 21
470.0
 31
0.0
  0
LINE
  5
2C1
330
17
100
AcDbEntity
  8
GRAPH
100
AcDbLine
 10
550.0
 20
470.0
 30
0.0
 11
766.0
 21
470.0
 31
0.0
  0
LINE
  5
2C2
330
17
100
AcDbEntity
  8
GRAPH
100
AcDbLine
 10
550.0
 20
110.0
 30
0.0
 11
766.0
 21
110.0
 31
0.0
  0
LINE
  5
2C3
330
17
100
AcDbEntity
  8
GRAPH
100
AcDbLine
 10
766.0
 20
110.0
 30
0.0
 11
766.0
 21
470.0
 31
0.0
  0
LINE
  5
2C4
330
17
100
AcDbEntity
  8
GRAPH
100
AcDbLine
 10
766.0
 20
470.0
 30
0.0
 11
550.0
 21
470.0
 31
0.0
  0
LINE
  5
2C5
330
17
100
AcDbEntity
  8
GRAPH
100
AcDbLine
 10
550.0
 20
470.0
 30
0.0
 11
550.0
 21
110.0
 31
0.0
  0
TEXT
  5
2C6
330
17
100
AcDbEntity
  8
TEXT
100
AcDbText
 10
630.0
 20
298.0
 30
0.0
 40
3.2
  1
КОРИДОР К3
 11
630.0
 21
298.0
 31
0.0
100
AcDbText
  0
LINE
  5
2C7
330
17
100
AcDbEntity
  8
GRAPH
100
AcDbLine
 10
640.0
 20
260.0
 30
0.0
 11
668.0
 21
260.0
 31
0.0
  0
LINE
  5
2C8
330
17
100
AcDbEntity
  8
GRAPH
100
AcDbLine
 10
668.0
 20
260.0
 30
0.0
 11
668.0
 21
330.0
 31
0.0
  0
LINE
  5
2C9
330
17
100
AcDbEntity
  8
GRAPH
100
AcDbLine
 10
668.0
 20
330.0
 30
0.0
 11
640.0
 21
330.0
 31
0.0
  0
LINE
  5
2CA
330
17
100
AcDbEntity
  8
GRAPH
100
AcDbLine
 10
640.0
 20
330.0
 30
0.0
 11
640.0
 21
260.0
 31
0.0
  0
LINE
  5
2CB
330
17
100
AcDbEntity
  8
GRAPH
100
AcDbLine
 10
644.0
 20
266.0
 30
0.0
 11
664.0
 21
266.0
 31
0.0
  0
LINE
  5
2CC
330
17
100
AcDbEntity
  8
GRAPH
100
AcDbLine
 10
644.0
 20
274.0
 30
0.0
 11
664.0
 21
274.0
 31
0.0
  0
LINE
  5
2CD
330
17
100
AcDbEntity
  8
GRAPH
100
AcDbLine
 10
644.0
 20
282.0
 30
0.0
 11
664.0
 21
282.0
 31
0.0
  0
LINE
  5
2CE
330
17
100
AcDbEntity
  8
GRAPH
100
AcDbLine
 10
644.0
 20
290.0
 30
0.0
 11
664.0
 21
290.0
 31
0.0
  0
LINE
  5
2CF
330
17
100
AcDbEntity
  8
GRAPH
100
AcDbLine
 10
644.0
 20
298.0
 30
0.0
 11
664.0
 21
298.0
 31
0.0
  0
LINE
  5
2D0
330
17
100
AcDbEntity
  8
GRAPH
100
AcDbLine
 10
644.0
 20
306.0
 30
0.0
 11
664.0
 21
306.0
 31
0.0
  0
LINE
  5
2D1
330
17
100
AcDbEntity
  8
GRAPH
100
AcDbLine
 10
644.0
 20
314.0
 30
0.0
 11
664.0
 21
314.0
 31
0.0
  0
LINE
  5
2D2
330
17
100
AcDbEntity
  8
GRAPH
100
AcDbLine
 10
644.0
 20
322.0
 30
0.0
 11
664.0
 21
322.0
 31
0.0
  0
TEXT
  5
2D3
330
17
100
AcDbEntity
  8
DIM
100
AcDbText
 10
642.0
 20
258.0
 30
0.0
 40
1.8
  1
ширина лестничного марша 1.20 м
 11
642.0
 21
258.0
 31
0.0
100
AcDbText
  0
LINE
  5
2D4
330
17
100
AcDbEntity
  8
GRAPH
100
AcDbLine
 10
672.0
 20
278.0
 30
0.0
 11
690.0
 21
278.0
 31
0.0
  0
LINE
  5
2D5
330
17
100
AcDbEntity
  8
GRAPH
100
AcDbLine
 10
690.0
 20
278.0
 30
0.0
 11
690.0
 21
306.0
 31
0.0
  0
LINE
  5
2D6
330
17
100
AcDbEntity
  8
GRAPH
100
AcDbLine
 10
690.0
 20
306.0
 30
0.0
 11
672.0
 21
306.0
 31
0.0
  0
LINE
  5
2D7
330
17
100
AcDbEntity
  8
GRAPH
100
AcDbLine
 10
672.0
 20
306.0
 30
0.0
 11
672.0
 21
278.0
 31
0.0
  0
TEXT
  5
2D8
330
17
100
AcDbEntity
  8
TEXT
100
AcDbText
 10
673.0
 20
288.0
 30
0.0
 40
1.7
  1
1000кг
 11
673.0
 21
288.0
 31
0.0
100
AcDbText
  0
LINE
  5
2D9
330
17
100
AcDbEntity
  8
GRAPH
100
AcDbLine
 10
556.0
 20
336.0
 30
0.0
 11
594.0
 21
336.0
 31
0.0
  0
LINE
  5
2DA
330
17
100
AcDbEntity
  8
GRAPH
100
AcDbLine
 10
594.0
 20
336.0
 30
0.0
 11
594.0
 21
464.0
 31
0.0
  0
LINE
  5
2DB
330
17
100
AcDbEntity
  8
GRAPH
100
AcDbLine
 10
594.0
 20
464.0
 30
0.0
 11
556.0
 21
464.0
 31
0.0
  0
LINE
  5
2DC
330
17
100
AcDbEntity
  8
GRAPH
100
AcDbLine
 10
556.0
 20
464.0
 30
0.0
 11
556.0
 21
336.0
 31
0.0
  0
TEXT
  5
2DD
330
17
100
AcDbEntity
  8
TEXT
100
AcDbText
 10
557.5
 20
458.0
 30
0.0
 40
2.0
  1
3100
 11
557.5
 21
458.0
 31
0.0
100
AcDbText
  0
TEXT
  5
2DE
330
17
100
AcDbEntity
  8
TEXT
100
AcDbText
 10
557.5
 20
452.0
 30
0.0
 40
1.7
  1
2-комн.
 11
557.5
 21
452.0
 31
0.0
100
AcDbText
  0
TEXT
  5
2DF
330
17
100
AcDbEntity
  8
TEXT
100
AcDbText
 10
557.5
 20
446.0
 30
0.0
 40
1.6
  1
S=24.2
 11
557.5
 21
446.0
 31
0.0
100
AcDbText
  0
CIRCLE
  5
2E0
330
17
100
AcDbEntity
  8
GRAPH
100
AcDbCircle
 10
560.0
 20
346.0
 30
0.0
 40
1.1
  0
TEXT
  5
2E1
330
17
100
AcDbEntity
  8
TEXT
100
AcDbText
 10
561.4
 20
345.4
 30
0.0
 40
1.15
  1
ПСВ
 11
561.4
 21
345.4
 31
0.0
100
AcDbText
  0
CIRCLE
  5
2E2
330
17
100
AcDbEntity
  8
GRAPH
100
AcDbCircle
 10
568.0
 20
346.0
 30
0.0
 40
1.1
  0
TEXT
  5
2E3
330
17
100
AcDbEntity
  8
TEXT
100
AcDbText
 10
569.4
 20
345.4
 30
0.0
 40
1.15
  1
ОП-5
 11
569.4
 21
345.4
 31
0.0
100
AcDbText
  0
CIRCLE
  5
2E4
330
17
100
AcDbEntity
  8
GRAPH
100
AcDbCircle
 10
576.0
 20
346.0
 30
0.0
 40
1.1
  0
TEXT
  5
2E5
330
17
100
AcDbEntity
  8
TEXT
100
AcDbText
 10
577.4
 20
345.4
 30
0.0
 40
1.15
  1
АПС
 11
577.4
 21
345.4
 31
0.0
100
AcDbText
  0
CIRCLE
  5
2E6
330
17
100
AcDbEntity
  8
GRAPH
100
AcDbCircle
 10
584.0
 20
346.0
 30
0.0
 40
1.1
  0
TEXT
  5
2E7
330
17
100
AcDbEntity
  8
TEXT
100
AcDbText
 10
585.4
 20
345.4
 30
0.0
 40
1.15
  1
Ду15
 11
585.4
 21
345.4
 31
0.0
100
AcDbText
  0
CIRCLE
  5
2E8
330
17
100
AcDbEntity
  8
GRAPH
100
AcDbCircle
 10
560.0
 20
356.0
 30
0.0
 40
1.1
  0
TEXT
  5
2E9
330
17
100
AcDbEntity
  8
TEXT
100
AcDbText
 10
561.4
 20
355.4
 30
0.0
 40
1.15
  1
220В
 11
561.4
 21
355.4
 31
0.0
100
AcDbText
  0
CIRCLE
  5
2EA
330
17
100
AcDbEntity
  8
GRAPH
100
AcDbCircle
 10
568.0
 20
356.0
 30
0.0
 40
1.1
  0
TEXT
  5
2EB
330
17
100
AcDbEntity
  8
TEXT
100
AcDbText
 10
569.4
 20
355.4
 30
0.0
 40
1.15
  1
Св.
 11
569.4
 21
355.4
 31
0.0
100
AcDbText
  0
CIRCLE
  5
2EC
330
17
100
AcDbEntity
  8
GRAPH
100
AcDbCircle
 10
576.0
 20
356.0
 30
0.0
 40
1.1
  0
TEXT
  5
2ED
330
17
100
AcDbEntity
  8
TEXT
100
AcDbText
 10
577.4
 20
355.4
 30
0.0
 40
1.15
  1
ИПР
 11
577.4
 21
355.4
 31
0.0
100
AcDbText
  0
CIRCLE
  5
2EE
330
17
100
AcDbEntity
  8
GRAPH
100
AcDbCircle
 10
584.0
 20
356.0
 30
0.0
 40
1.1
  0
TEXT
  5
2EF
330
17
100
AcDbEntity
  8
TEXT
100
AcDbText
 10
585.4
 20
355.4
 30
0.0
 40
1.15
  1
Кран
 11
585.4
 21
355.4
 31
0.0
100
AcDbText
  0
LINE
  5
2F0
330
17
100
AcDbEntity
  8
GRAPH
100
AcDbLine
 10
598.0
 20
336.0
 30
0.0
 11
636.0
 21
336.0
 31
0.0
  0
LINE
  5
2F1
330
17
100
AcDbEntity
  8
GRAPH
100
AcDbLine
 10
636.0
 20
336.0
 30
0.0
 11
636.0
 21
464.0
 31
0.0
  0
LINE
  5
2F2
330
17
100
AcDbEntity
  8
GRAPH
100
AcDbLine
 10
636.0
 20
464.0
 30
0.0
 11
598.0
 21
464.0
 31
0.0
  0
LINE
  5
2F3
330
17
100
AcDbEntity
  8
GRAPH
100
AcDbLine
 10
598.0
 20
464.0
 30
0.0
 11
598.0
 21
336.0
 31
0.0
  0
TEXT
  5
2F4
330
17
100
AcDbEntity
  8
TEXT
100
AcDbText
 10
599.5
 20
458.0
 30
0.0
 40
2.0
  1
3101
 11
599.5
 21
458.0
 31
0.0
100
AcDbText
  0
TEXT
  5
2F5
330
17
100
AcDbEntity
  8
TEXT
100
AcDbText
 10
599.5
 20
452.0
 30
0.0
 40
1.7
  1
3-комн.
 11
599.5
 21
452.0
 31
0.0
100
AcDbText
  0
TEXT
  5
2F6
330
17
100
AcDbEntity
  8
TEXT
100
AcDbText
 10
599.5
 20
446.0
 30
0.0
 40
1.6
  1
S=31.3
 11
599.5
 21
446.0
 31
0.0
100
AcDbText
  0
CIRCLE
  5
2F7
330
17
100
AcDbEntity
  8
GRAPH
100
AcDbCircle
 10
602.0
 20
346.0
 30
0.0
 40
1.1
  0
TEXT
  5
2F8
330
17
100
AcDbEntity
  8
TEXT
100
AcDbText
 10
603.4
 20
345.4
 30
0.0
 40
1.15
  1
ПСВ
 11
603.4
 21
345.4
 31
0.0
100
AcDbText
  0
CIRCLE
  5
2F9
330
17
100
AcDbEntity
  8
GRAPH
100
AcDbCircle
 10
610.0
 20
346.0
 30
0.0
 40
1.1
  0
TEXT
  5
2FA
330
17
100
AcDbEntity
  8
TEXT
100
AcDbText
 10
611.4
 20
345.4
 30
0.0
 40
1.15
  1
ОП-5
 11
611.4
 21
345.4
 31
0.0
100
AcDbText
  0
CIRCLE
  5
2FB
330
17
100
AcDbEntity
  8
GRAPH
100
AcDbCircle
 10
618.0
 20
346.0
 30
0.0
 40
1.1
  0
TEXT
  5
2FC
330
17
100
AcDbEntity
  8
TEXT
100
AcDbText
 10
619.4
 20
345.4
 30
0.0
 40
1.15
  1
АПС
 11
619.4
 21
345.4
 31
0.0
100
AcDbText
  0
CIRCLE
  5
2FD
330
17
100
AcDbEntity
  8
GRAPH
100
AcDbCircle
 10
626.0
 20
346.0
 30
0.0
 40
1.1
  0
TEXT
  5
2FE
330
17
100
AcDbEntity
  8
TEXT
100
AcDbText
 10
627.4
 20
345.4
 30
0.0
 40
1.15
  1
Ду15
 11
627.4
 21
345.4
 31
0.0
100
AcDbText
  0
CIRCLE
  5
2FF
330
17
100
AcDbEntity
  8
GRAPH
100
AcDbCircle
 10
602.0
 20
356.0
 30
0.0
 40
1.1
  0
TEXT
  5
300
330
17
100
AcDbEntity
  8
TEXT
100
AcDbText
 10
603.4
 20
355.4
 30
0.0
 40
1.15
  1
220В
 11
603.4
 21
355.4
 31
0.0
100
AcDbText
  0
CIRCLE
  5
301
330
17
100
AcDbEntity
  8
GRAPH
100
AcDbCircle
 10
610.0
 20
356.0
 30
0.0
 40
1.1
  0
TEXT
  5
302
330
17
100
AcDbEntity
  8
TEXT
100
AcDbText
 10
611.4
 20
355.4
 30
0.0
 40
1.15
  1
Св.
 11
611.4
 21
355.4
 31
0.0
100
AcDbText
  0
CIRCLE
  5
303
330
17
100
AcDbEntity
  8
GRAPH
100
AcDbCircle
 10
618.0
 20
356.0
 30
0.0
 40
1.1
  0
TEXT
  5
304
330
17
100
AcDbEntity
  8
TEXT
100
AcDbText
 10
619.4
 20
355.4
 30
0.0
 40
1.15
  1
ИПР
 11
619.4
 21
355.4
 31
0.0
100
AcDbText
  0
CIRCLE
  5
305
330
17
100
AcDbEntity
  8
GRAPH
100
AcDbCircle
 10
626.0
 20
356.0
 30
0.0
 40
1.1
  0
TEXT
  5
306
330
17
100
AcDbEntity
  8
TEXT
100
AcDbText
 10
627.4
 20
355.4
 30
0.0
 40
1.15
  1
Кран
 11
627.4
 21
355.4
 31
0.0
100
AcDbText
  0
HATCH
  5
307
330
17
100
AcDbEntity
  8
TABLE_FILL
 62
7
100
AcDbHatch
 10
0.0
 20
0.0
 30
0.0
210
0.0
220
0.0
230
1.0
  2
SOLID
 70
1
 71
0
 91
1
 92
3
 72
0
 73
1
 93
4
 10
640.0
 20
336.0
 10
678.0
 20
336.0
 10
678.0
 20
464.0
 10
640.0
 20
464.0
 97
0
 75
0
 76
1
 98
0
  0
LINE
  5
308
330
17
100
AcDbEntity
  8
GRAPH
100
AcDbLine
 10
640.0
 20
336.0
 30
0.0
 11
678.0
 21
336.0
 31
0.0
  0
LINE
  5
309
330
17
100
AcDbEntity
  8
GRAPH
100
AcDbLine
 10
678.0
 20
336.0
 30
0.0
 11
678.0
 21
464.0
 31
0.0
  0
LINE
  5
30A
330
17
100
AcDbEntity
  8
GRAPH
100
AcDbLine
 10
678.0
 20
464.0
 30
0.0
 11
640.0
 21
464.0
 31
0.0
  0
LINE
  5
30B
330
17
100
AcDbEntity
  8
GRAPH
100
AcDbLine
 10
640.0
 20
464.0
 30
0.0
 11
640.0
 21
336.0
 31
0.0
  0
TEXT
  5
30C
330
17
100
AcDbEntity
  8
TEXT
100
AcDbText
 10
641.5
 20
458.0
 30
0.0
 40
2.0
  1
3102
 11
641.5
 21
458.0
 31
0.0
100
AcDbText
  0
TEXT
  5
30D
330
17
100
AcDbEntity
  8
TEXT
100
AcDbText
 10
641.5
 20
452.0
 30
0.0
 40
1.7
  1
Евродвушка
 11
641.5
 21
452.0
 31
0.0
100
AcDbText
  0
TEXT
  5
30E
330
17
100
AcDbEntity
  8
TEXT
100
AcDbText
 10
641.5
 20
446.0
 30
0.0
 40
1.6
  1
S=38.4
 11
641.5
 21
446.0
 31
0.0
100
AcDbText
  0
CIRCLE
  5
30F
330
17
100
AcDbEntity
  8
GRAPH
100
AcDbCircle
 10
644.0
 20
346.0
 30
0.0
 40
1.1
  0
TEXT
  5
310
330
17
100
AcDbEntity
  8
TEXT
100
AcDbText
 10
645.4
 20
345.4
 30
0.0
 40
1.15
  1
ПСВ
 11
645.4
 21
345.4
 31
0.0
100
AcDbText
  0
CIRCLE
  5
311
330
17
100
AcDbEntity
  8
GRAPH
100
AcDbCircle
 10
652.0
 20
346.0
 30
0.0
 40
1.1
  0
TEXT
  5
312
330
17
100
AcDbEntity
  8
TEXT
100
AcDbText
 10
653.4
 20
345.4
 30
0.0
 40
1.15
  1
ОП-5
 11
653.4
 21
345.4
 31
0.0
100
AcDbText
  0
CIRCLE
  5
313
330
17
100
AcDbEntity
  8
GRAPH
100
AcDbCircle
 10
660.0
 20
346.0
 30
0.0
 40
1.1
  0
TEXT
  5
314
330
17
100
AcDbEntity
  8
TEXT
100
AcDbText
 10
661.4
 20
345.4
 30
0.0
 40
1.15
  1
АПС
 11
661.4
 21
345.4
 31
0.0
100
AcDbText
  0
CIRCLE
  5
315
330
17
100
AcDbEntity
  8
GRAPH
100
AcDbCircle
 10
668.0
 20
346.0
 30
0.0
 40
1.1
  0
TEXT
  5
316
330
17
100
AcDbEntity
  8
TEXT
100
AcDbText
 10
669.4
 20
345.4
 30
0.0
 40
1.15
  1
Ду15
 11
669.4
 21
345.4
 31
0.0
100
AcDbText
  0
CIRCLE
  5
317
330
17
100
AcDbEntity
  8
GRAPH
100
AcDbCircle
 10
644.0
 20
356.0
 30
0.0
 40
1.1
  0
TEXT
  5
318
330
17
100
AcDbEntity
  8
TEXT
100
AcDbText
 10
645.4
 20
355.4
 30
0.0
 40
1.15
  1
220В
 11
645.4
 21
355.4
 31
0.0
100
AcDbText
  0
CIRCLE
  5
319
330
17
100
AcDbEntity
  8
GRAPH
100
AcDbCircle
 10
652.0
 20
356.0
 30
0.0
 40
1.1
  0
TEXT
  5
31A
330
17
100
AcDbEntity
  8
TEXT
100
AcDbText
 10
653.4
 20
355.4
 30
0.0
 40
1.15
  1
Св.
 11
653.4
 21
355.4
 31
0.0
100
AcDbText
  0
CIRCLE
  5
31B
330
17
100
AcDbEntity
  8
GRAPH
100
AcDbCircle
 10
660.0
 20
356.0
 30
0.0
 40
1.1
  0
TEXT
  5
31C
330
17
100
AcDbEntity
  8
TEXT
100
AcDbText
 10
661.4
 20
355.4
 30
0.0
 40
1.15
  1
ИПР
 11
661.4
 21
355.4
 31
0.0
100
AcDbText
  0
CIRCLE
  5
31D
330
17
100
AcDbEntity
  8
GRAPH
100
AcDbCircle
 10
668.0
 20
356.0
 30
0.0
 40
1.1
  0
TEXT
  5
31E
330
17
100
AcDbEntity
  8
TEXT
100
AcDbText
 10
669.4
 20
355.4
 30
0.0
 40
1.15
  1
Кран
 11
669.4
 21
355.4
 31
0.0
100
AcDbText
  0
LINE
  5
31F
330
17
100
AcDbEntity
  8
GRAPH
100
AcDbLine
 10
682.0
 20
336.0
 30
0.0
 11
720.0
 21
336.0
 31
0.0
  0
LINE
  5
320
330
17
100
AcDbEntity
  8
GRAPH
100
AcDbLine
 10
720.0
 20
336.0
 30
0.0
 11
720.0
 21
464.0
 31
0.0
  0
LINE
  5
321
330
17
100
AcDbEntity
  8
GRAPH
100
AcDbLine
 10
720.0
 20
464.0
 30
0.0
 11
682.0
 21
464.0
 31
0.0
  0
LINE
  5
322
330
17
100
AcDbEntity
  8
GRAPH
100
AcDbLine
 10
682.0
 20
464.0
 30
0.0
 11
682.0
 21
336.0
 31
0.0
  0
TEXT
  5
323
330
17
100
AcDbEntity
  8
TEXT
100
AcDbText
 10
683.5
 20
458.0
 30
0.0
 40
2.0
  1
3103
 11
683.5
 21
458.0
 31
0.0
100
AcDbText
  0
TEXT
  5
324
330
17
100
AcDbEntity
  8
TEXT
100
AcDbText
 10
683.5
 20
452.0
 30
0.0
 40
1.7
  1
Студия
 11
683.5
 21
452.0
 31
0.0
100
AcDbText
  0
TEXT
  5
325
330
17
100
AcDbEntity
  8
TEXT
100
AcDbText
 10
683.5
 20
446.0
 30
0.0
 40
1.6
  1
S=45.5
 11
683.5
 21
446.0
 31
0.0
100
AcDbText
  0
CIRCLE
  5
326
330
17
100
AcDbEntity
  8
GRAPH
100
AcDbCircle
 10
686.0
 20
346.0
 30
0.0
 40
1.1
  0
TEXT
  5
327
330
17
100
AcDbEntity
  8
TEXT
100
AcDbText
 10
687.4
 20
345.4
 30
0.0
 40
1.15
  1
ПСВ
 11
687.4
 21
345.4
 31
0.0
100
AcDbText
  0
CIRCLE
  5
328
330
17
100
AcDbEntity
  8
GRAPH
100
AcDbCircle
 10
694.0
 20
346.0
 30
0.0
 40
1.1
  0
TEXT
  5
329
330
17
100
AcDbEntity
  8
TEXT
100
AcDbText
 10
695.4
 20
345.4
 30
0.0
 40
1.15
  1
ОП-5
 11
695.4
 21
345.4
 31
0.0
100
AcDbText
  0
CIRCLE
  5
32A
330
17
100
AcDbEntity
  8
GRAPH
100
AcDbCircle
 10
702.0
 20
346.0
 30
0.0
 40
1.1
  0
TEXT
  5
32B
330
17
100
AcDbEntity
  8
TEXT
100
AcDbText
 10
703.4
 20
345.4
 30
0.0
 40
1.15
  1
АПС
 11
703.4
 21
345.4
 31
0.0
100
AcDbText
  0
CIRCLE
  5
32C
330
17
100
AcDbEntity
  8
GRAPH
100
AcDbCircle
 10
710.0
 20
346.0
 30
0.0
 40
1.1
  0
TEXT
  5
32D
330
17
100
AcDbEntity
  8
TEXT
100
AcDbText
 10
711.4
 20
345.4
 30
0.0
 40
1.15
  1
Ду15
 11
711.4
 21
345.4
 31
0.0
100
AcDbText
  0
CIRCLE
  5
32E
330
17
100
AcDbEntity
  8
GRAPH
100
AcDbCircle
 10
686.0
 20
356.0
 30
0.0
 40
1.1
  0
TEXT
  5
32F
330
17
100
AcDbEntity
  8
TEXT
100
AcDbText
 10
687.4
 20
355.4
 30
0.0
 40
1.15
  1
220В
 11
687.4
 21
355.4
 31
0.0
100
AcDbText
  0
CIRCLE
  5
330
330
17
100
AcDbEntity
  8
GRAPH
100
AcDbCircle
 10
694.0
 20
356.0
 30
0.0
 40
1.1
  0
TEXT
  5
331
330
17
100
AcDbEntity
  8
TEXT
100
AcDbText
 10
695.4
 20
355.4
 30
0.0
 40
1.15
  1
Св.
 11
695.4
 21
355.4
 31
0.0
100
AcDbText
  0
CIRCLE
  5
332
330
17
100
AcDbEntity
  8
GRAPH
100
AcDbCircle
 10
702.0
 20
356.0
 30
0.0
 40
1.1
  0
TEXT
  5
333
330
17
100
AcDbEntity
  8
TEXT
100
AcDbText
 10
703.4
 20
355.4
 30
0.0
 40
1.15
  1
ИПР
 11
703.4
 21
355.4
 31
0.0
100
AcDbText
  0
CIRCLE
  5
334
330
17
100
AcDbEntity
  8
GRAPH
100
AcDbCircle
 10
710.0
 20
356.0
 30
0.0
 40
1.1
  0
TEXT
  5
335
330
17
100
AcDbEntity
  8
TEXT
100
AcDbText
 10
711.4
 20
355.4
 30
0.0
 40
1.15
  1
Кран
 11
711.4
 21
355.4
 31
0.0
100
AcDbText
  0
LINE
  5
336
330
17
100
AcDbEntity
  8
GRAPH
100
AcDbLine
 10
724.0
 20
336.0
 30
0.0
 11
762.0
 21
336.0
 31
0.0
  0
LINE
  5
337
330
17
100
AcDbEntity
  8
GRAPH
100
AcDbLine
 10
762.0
 20
336.0
 30
0.0
 11
762.0
 21
464.0
 31
0.0
  0
LINE
  5
338
330
17
100
AcDbEntity
  8
GRAPH
100
AcDbLine
 10
762.0
 20
464.0
 30
0.0
 11
724.0
 21
464.0
 31
0.0
  0
LINE
  5
339
330
17
100
AcDbEntity
  8
GRAPH
100
AcDbLine
 10
724.0
 20
464.0
 30
0.0
 11
724.0
 21
336.0
 31
0.0
  0
TEXT
  5
33A
330
17
100
AcDbEntity
  8
TEXT
100
AcDbText
 10
725.5
 20
458.0
 30
0.0
 40
2.0
  1
3104
 11
725.5
 21
458.0
 31
0.0
100
AcDbText
  0
TEXT
  5
33B
330
17
100
AcDbEntity
  8
TEXT
100
AcDbText
 10
725.5
 20
452.0
 30
0.0
 40
1.7
  1
1-комн.
 11
725.5
 21
452.0
 31
0.0
100
AcDbText
  0
TEXT
  5
33C
330
17
100
AcDbEntity
  8
TEXT
100
AcDbText
 10
725.5
 20
446.0
 30
0.0
 40
1.6
  1
S=52.6
 11
725.5
 21
446.0
 31
0.0
100
AcDbText
  0
CIRCLE
  5
33D
330
17
100
AcDbEntity
  8
GRAPH
100
AcDbCircle
 10
728.0
 20
346.0
 30
0.0
 40
1.1
  0
TEXT
  5
33E
330
17
100
AcDbEntity
  8
TEXT
100
AcDbText
 10
729.4
 20
345.4
 30
0.0
 40
1.15
  1
ПСВ
 11
729.4
 21
345.4
 31
0.0
100
AcDbText
  0
CIRCLE
  5
33F
330
17
100
AcDbEntity
  8
GRAPH
100
AcDbCircle
 10
736.0
 20
346.0
 30
0.0
 40
1.1
  0
TEXT
  5
340
330
17
100
AcDbEntity
  8
TEXT
100
AcDbText
 10
737.4
 20
345.4
 30
0.0
 40
1.15
  1
ОП-5
 11
737.4
 21
345.4
 31
0.0
100
AcDbText
  0
CIRCLE
  5
341
330
17
100
AcDbEntity
  8
GRAPH
100
AcDbCircle
 10
744.0
 20
346.0
 30
0.0
 40
1.1
  0
TEXT
  5
342
330
17
100
AcDbEntity
  8
TEXT
100
AcDbText
 10
745.4
 20
345.4
 30
0.0
 40
1.15
  1
АПС
 11
745.4
 21
345.4
 31
0.0
100
AcDbText
  0
CIRCLE
  5
343
330
17
100
AcDbEntity
  8
GRAPH
100
AcDbCircle
 10
752.0
 20
346.0
 30
0.0
 40
1.1
  0
TEXT
  5
344
330
17
100
AcDbEntity
  8
TEXT
100
AcDbText
 10
753.4
 20
345.4
 30
0.0
 40
1.15
  1
Ду15
 11
753.4
 21
345.4
 31
0.0
100
AcDbText
  0
CIRCLE
  5
345
330
17
100
AcDbEntity
  8
GRAPH
100
AcDbCircle
 10
728.0
 20
356.0
 30
0.0
 40
1.1
  0
TEXT
  5
346
330
17
100
AcDbEntity
  8
TEXT
100
AcDbText
 10
729.4
 20
355.4
 30
0.0
 40
1.15
  1
220В
 11
729.4
 21
355.4
 31
0.0
100
AcDbText
  0
CIRCLE
  5
347
330
17
100
AcDbEntity
  8
GRAPH
100
AcDbCircle
 10
736.0
 20
356.0
 30
0.0
 40
1.1
  0
TEXT
  5
348
330
17
100
AcDbEntity
  8
TEXT
100
AcDbText
 10
737.4
 20
355.4
 30
0.0
 40
1.15
  1
Св.
 11
737.4
 21
355.4
 31
0.0
100
AcDbText
  0
CIRCLE
  5
349
330
17
100
AcDbEntity
  8
GRAPH
100
AcDbCircle
 10
744.0
 20
356.0
 30
0.0
 40
1.1
  0
TEXT
  5
34A
330
17
100
AcDbEntity
  8
TEXT
100
AcDbText
 10
745.4
 20
355.4
 30
0.0
 40
1.15
  1
ИПР
 11
745.4
 21
355.4
 31
0.0
100
AcDbText
  0
CIRCLE
  5
34B
330
17
100
AcDbEntity
  8
GRAPH
100
AcDbCircle
 10
752.0
 20
356.0
 30
0.0
 40
1.1
  0
TEXT
  5
34C
330
17
100
AcDbEntity
  8
TEXT
100
AcDbText
 10
753.4
 20
355.4
 30
0.0
 40
1.15
  1
Кран
 11
753.4
 21
355.4
 31
0.0
100
AcDbText
  0
LINE
  5
34D
330
17
100
AcDbEntity
  8
GRAPH
100
AcDbLine
 10
556.0
 20
118.0
 30
0.0
 11
594.0
 21
118.0
 31
0.0
  0
LINE
  5
34E
330
17
100
AcDbEntity
  8
GRAPH
100
AcDbLine
 10
594.0
 20
118.0
 30
0.0
 11
594.0
 21
254.0
 31
0.0
  0
LINE
  5
34F
330
17
100
AcDbEntity
  8
GRAPH
100
AcDbLine
 10
594.0
 20
254.0
 30
0.0
 11
556.0
 21
254.0
 31
0.0
  0
LINE
  5
350
330
17
100
AcDbEntity
  8
GRAPH
100
AcDbLine
 10
556.0
 20
254.0
 30
0.0
 11
556.0
 21
118.0
 31
0.0
  0
TEXT
  5
351
330
17
100
AcDbEntity
  8
TEXT
100
AcDbText
 10
557.5
 20
248.0
 30
0.0
 40
2.0
  1
3105
 11
557.5
 21
248.0
 31
0.0
100
AcDbText
  0
TEXT
  5
352
330
17
100
AcDbEntity
  8
TEXT
100
AcDbText
 10
557.5
 20
242.0
 30
0.0
 40
1.7
  1
2-комн.
 11
557.5
 21
242.0
 31
0.0
100
AcDbText
  0
TEXT
  5
353
330
17
100
AcDbEntity
  8
TEXT
100
AcDbText
 10
557.5
 20
236.0
 30
0.0
 40
1.6
  1
S=59.7
 11
557.5
 21
236.0
 31
0.0
100
AcDbText
  0
CIRCLE
  5
354
330
17
100
AcDbEntity
  8
GRAPH
100
AcDbCircle
 10
560.0
 20
128.0
 30
0.0
 40
1.1
  0
TEXT
  5
355
330
17
100
AcDbEntity
  8
TEXT
100
AcDbText
 10
561.4
 20
127.4
 30
0.0
 40
1.15
  1
ПСВ
 11
561.4
 21
127.4
 31
0.0
100
AcDbText
  0
CIRCLE
  5
356
330
17
100
AcDbEntity
  8
GRAPH
100
AcDbCircle
 10
568.0
 20
128.0
 30
0.0
 40
1.1
  0
TEXT
  5
357
330
17
100
AcDbEntity
  8
TEXT
100
AcDbText
 10
569.4
 20
127.4
 30
0.0
 40
1.15
  1
ОП-5
 11
569.4
 21
127.4
 31
0.0
100
AcDbText
  0
CIRCLE
  5
358
330
17
100
AcDbEntity
  8
GRAPH
100
AcDbCircle
 10
576.0
 20
128.0
 30
0.0
 40
1.1
  0
TEXT
  5
359
330
17
100
AcDbEntity
  8
TEXT
100
AcDbText
 10
577.4
 20
127.4
 30
0.0
 40
1.15
  1
АПС
 11
577.4
 21
127.4
 31
0.0
100
AcDbText
  0
CIRCLE
  5
35A
330
17
100
AcDbEntity
  8
GRAPH
100
AcDbCircle
 10
584.0
 20
128.0
 30
0.0
 40
1.1
  0
TEXT
  5
35B
330
17
100
AcDbEntity
  8
TEXT
100
AcDbText
 10
585.4
 20
127.4
 30
0.0
 40
1.15
  1
Ду15
 11
585.4
 21
127.4
 31
0.0
100
AcDbText
  0
CIRCLE
  5
35C
330
17
100
AcDbEntity
  8
GRAPH
100
AcDbCircle
 10
560.0
 20
138.0
 30
0.0
 40
1.1
  0
TEXT
  5
35D
330
17
100
AcDbEntity
  8
TEXT
100
AcDbText
 10
561.4
 20
137.4
 30
0.0
 40
1.15
  1
220В
 11
561.4
 21
137.4
 31
0.0
100
AcDbText
  0
CIRCLE
  5
35E
330
17
100
AcDbEntity
  8
GRAPH
100
AcDbCircle
 10
568.0
 20
138.0
 30
0.0
 40
1.1
  0
TEXT
  5
35F
330
17
100
AcDbEntity
  8
TEXT
100
AcDbText
 10
569.4
 20
137.4
 30
0.0
 40
1.15
  1
Св.
 11
569.4
 21
137.4
 31
0.0
100
AcDbText
  0
CIRCLE
  5
360
330
17
100
AcDbEntity
  8
GRAPH
100
AcDbCircle
 10
576.0
 20
138.0
 30
0.0
 40
1.1
  0
TEXT
  5
361
330
17
100
AcDbEntity
  8
TEXT
100
AcDbText
 10
577.4
 20
137.4
 30
0.0
 40
1.15
  1
ИПР
 11
577.4
 21
137.4
 31
0.0
100
AcDbText
  0
CIRCLE
  5
362
330
17
100
AcDbEntity
  8
GRAPH
100
AcDbCircle
 10
584.0
 20
138.0
 30
0.0
 40
1.1
  0
TEXT
  5
363
330
17
100
AcDbEntity
  8
TEXT
100
AcDbText
 10
585.4
 20
137.4
 30
0.0
 40
1.15
  1
Кран
 11
585.4
 21
137.4
 31
0.0
100
AcDbText
  0
HATCH
  5
364
330
17
100
AcDbEntity
  8
TABLE_FILL
 62
7
100
AcDbHatch
 10
0.0
 20
0.0
 30
0.0
210
0.0
220
0.0
230
1.0
  2
SOLID
 70
1
 71
0
 91
1
 92
3
 72
0
 73
1
 93
4
 10
598.0
 20
118.0
 10
636.0
 20
118.0
 10
636.0
 20
254.0
 10
598.0
 20
254.0
 97
0
 75
0
 76
1
 98
0
  0
LINE
  5
365
330
17
100
AcDbEntity
  8
GRAPH
100
AcDbLine
 10
598.0
 20
118.0
 30
0.0
 11
636.0
 21
118.0
 31
0.0
  0
LINE
  5
366
330
17
100
AcDbEntity
  8
GRAPH
100
AcDbLine
 10
636.0
 20
118.0
 30
0.0
 11
636.0
 21
254.0
 31
0.0
  0
LINE
  5
367
330
17
100
AcDbEntity
  8
GRAPH
100
AcDbLine
 10
636.0
 20
254.0
 30
0.0
 11
598.0
 21
254.0
 31
0.0
  0
LINE
  5
368
330
17
100
AcDbEntity
  8
GRAPH
100
AcDbLine
 10
598.0
 20
254.0
 30
0.0
 11
598.0
 21
118.0
 31
0.0
  0
TEXT
  5
369
330
17
100
AcDbEntity
  8
TEXT
100
AcDbText
 10
599.5
 20
248.0
 30
0.0
 40
2.0
  1
3106
 11
599.5
 21
248.0
 31
0.0
100
AcDbText
  0
TEXT
  5
36A
330
17
100
AcDbEntity
  8
TEXT
100
AcDbText
 10
599.5
 20
242.0
 30
0.0
 40
1.7
  1
3-комн.
 11
599.5
 21
242.0
 31
0.0
100
AcDbText
  0
TEXT
  5
36B
330
17
100
AcDbEntity
  8
TEXT
100
AcDbText
 10
599.5
 20
236.0
 30
0.0
 40
1.6
  1
S=26.8
 11
599.5
 21
236.0
 31
0.0
100
AcDbText
  0
CIRCLE
  5
36C
330
17
100
AcDbEntity
  8
GRAPH
100
AcDbCircle
 10
602.0
 20
128.0
 30
0.0
 40
1.1
  0
TEXT
  5
36D
330
17
100
AcDbEntity
  8
TEXT
100
AcDbText
 10
603.4
 20
127.4
 30
0.0
 40
1.15
  1
ПСВ
 11
603.4
 21
127.4
 31
0.0
100
AcDbText
  0
CIRCLE
  5
36E
330
17
100
AcDbEntity
  8
GRAPH
100
AcDbCircle
 10
610.0
 20
128.0
 30
0.0
 40
1.1
  0
TEXT
  5
36F
330
17
100
AcDbEntity
  8
TEXT
100
AcDbText
 10
611.4
 20
127.4
 30
0.0
 40
1.15
  1
ОП-5
 11
611.4
 21
127.4
 31
0.0
100
AcDbText
  0
CIRCLE
  5
370
330
17
100
AcDbEntity
  8
GRAPH
100
AcDbCircle
 10
618.0
 20
128.0
 30
0.0
 40
1.1
  0
TEXT
  5
371
330
17
100
AcDbEntity
  8
TEXT
100
AcDbText
 10
619.4
 20
127.4
 30
0.0
 40
1.15
  1
АПС
 11
619.4
 21
127.4
 31
0.0
100
AcDbText
  0
CIRCLE
  5
372
330
17
100
AcDbEntity
  8
GRAPH
100
AcDbCircle
 10
626.0
 20
128.0
 30
0.0
 40
1.1
  0
TEXT
  5
373
330
17
100
AcDbEntity
  8
TEXT
100
AcDbText
 10
627.4
 20
127.4
 30
0.0
 40
1.15
  1
Ду15
 11
627.4
 21
127.4
 31
0.0
100
AcDbText
  0
CIRCLE
  5
374
330
17
100
AcDbEntity
  8
GRAPH
100
AcDbCircle
 10
602.0
 20
138.0
 30
0.0
 40
1.1
  0
TEXT
  5
375
330
17
100
AcDbEntity
  8
TEXT
100
AcDbText
 10
603.4
 20
137.4
 30
0.0
 40
1.15
  1
220В
 11
603.4
 21
137.4
 31
0.0
100
AcDbText
  0
CIRCLE
  5
376
330
17
100
AcDbEntity
  8
GRAPH
100
AcDbCircle
 10
610.0
 20
138.0
 30
0.0
 40
1.1
  0
TEXT
  5
377
330
17
100
AcDbEntity
  8
TEXT
100
AcDbText
 10
611.4
 20
137.4
 30
0.0
 40
1.15
  1
Св.
 11
611.4
 21
137.4
 31
0.0
100
AcDbText
  0
CIRCLE
  5
378
330
17
100
AcDbEntity
  8
GRAPH
100
AcDbCircle
 10
618.0
 20
138.0
 30
0.0
 40
1.1
  0
TEXT
  5
379
330
17
100
AcDbEntity
  8
TEXT
100
AcDbText
 10
619.4
 20
137.4
 30
0.0
 40
1.15
  1
ИПР
 11
619.4
 21
137.4
 31
0.0
100
AcDbText
  0
CIRCLE
  5
37A
330
17
100
AcDbEntity
  8
GRAPH
100
AcDbCircle
 10
626.0
 20
138.0
 30
0.0
 40
1.1
  0
TEXT
  5
37B
330
17
100
AcDbEntity
  8
TEXT
100
AcDbText
 10
627.4
 20
137.4
 30
0.0
 40
1.15
  1
Кран
 11
627.4
 21
137.4
 31
0.0
100
AcDbText
  0
LINE
  5
37C
330
17
100
AcDbEntity
  8
GRAPH
100
AcDbLine
 10
640.0
 20
118.0
 30
0.0
 11
678.0
 21
118.0
 31
0.0
  0
LINE
  5
37D
330
17
100
AcDbEntity
  8
GRAPH
100
AcDbLine
 10
678.0
 20
118.0
 30
0.0
 11
678.0
 21
254.0
 31
0.0
  0
LINE
  5
37E
330
17
100
AcDbEntity
  8
GRAPH
100
AcDbLine
 10
678.0
 20
254.0
 30
0.0
 11
640.0
 21
254.0
 31
0.0
  0
LINE
  5
37F
330
17
100
AcDbEntity
  8
GRAPH
100
AcDbLine
 10
640.0
 20
254.0
 30
0.0
 11
640.0
 21
118.0
 31
0.0
  0
TEXT
  5
380
330
17
100
AcDbEntity
  8
TEXT
100
AcDbText
 10
641.5
 20
248.0
 30
0.0
 40
2.0
  1
3107
 11
641.5
 21
248.0
 31
0.0
100
AcDbText
  0
TEXT
  5
381
330
17
100
AcDbEntity
  8
TEXT
100
AcDbText
 10
641.5
 20
242.0
 30
0.0
 40
1.7
  1
Евродвушка
 11
641.5
 21
242.0
 31
0.0
100
AcDbText
  0
TEXT
  5
382
330
17
100
AcDbEntity
  8
TEXT
100
AcDbText
 10
641.5
 20
236.0
 30
0.0
 40
1.6
  1
S=33.9
 11
641.5
 21
236.0
 31
0.0
100
AcDbText
  0
CIRCLE
  5
383
330
17
100
AcDbEntity
  8
GRAPH
100
AcDbCircle
 10
644.0
 20
128.0
 30
0.0
 40
1.1
  0
TEXT
  5
384
330
17
100
AcDbEntity
  8
TEXT
100
AcDbText
 10
645.4
 20
127.4
 30
0.0
 40
1.15
  1
ПСВ
 11
645.4
 21
127.4
 31
0.0
100
AcDbText
  0
CIRCLE
  5
385
330
17
100
AcDbEntity
  8
GRAPH
100
AcDbCircle
 10
652.0
 20
128.0
 30
0.0
 40
1.1
  0
TEXT
  5
386
330
17
100
AcDbEntity
  8
TEXT
100
AcDbText
 10
653.4
 20
127.4
 30
0.0
 40
1.15
  1
ОП-5
 11
653.4
 21
127.4
 31
0.0
100
AcDbText
  0
CIRCLE
  5
387
330
17
100
AcDbEntity
  8
GRAPH
100
AcDbCircle
 10
660.0
 20
128.0
 30
0.0
 40
1.1
  0
TEXT
  5
388
330
17
100
AcDbEntity
  8
TEXT
100
AcDbText
 10
661.4
 20
127.4
 30
0.0
 40
1.15
  1
АПС
 11
661.4
 21
127.4
 31
0.0
100
AcDbText
  0
CIRCLE
  5
389
330
17
100
AcDbEntity
  8
GRAPH
100
AcDbCircle
 10
668.0
 20
128.0
 30
0.0
 40
1.1
  0
TEXT
  5
38A
330
17
100
AcDbEntity
  8
TEXT
100
AcDbText
 10
669.4
 20
127.4
 30
0.0
 40
1.15
  1
Ду15
 11
669.4
 21
127.4
 31
0.0
100
AcDbText
  0
CIRCLE
  5
38B
330
17
100
AcDbEntity
  8
GRAPH
100
AcDbCircle
 10
644.0
 20
138.0
 30
0.0
 40
1.1
  0
TEXT
  5
38C
330
17
100
AcDbEntity
  8
TEXT
100
AcDbText
 10
645.4
 20
137.4
 30
0.0
 40
1.15
  1
220В
 11
645.4
 21
137.4
 31
0.0
100
AcDbText
  0
CIRCLE
  5
38D
330
17
100
AcDbEntity
  8
GRAPH
100
AcDbCircle
 10
652.0
 20
138.0
 30
0.0
 40
1.1
  0
TEXT
  5
38E
330
17
100
AcDbEntity
  8
TEXT
100
AcDbText
 10
653.4
 20
137.4
 30
0.0
 40
1.15
  1
Св.
 11
653.4
 21
137.4
 31
0.0
100
AcDbText
  0
CIRCLE
  5
38F
330
17
100
AcDbEntity
  8
GRAPH
100
AcDbCircle
 10
660.0
 20
138.0
 30
0.0
 40
1.1
  0
TEXT
  5
390
330
17
100
AcDbEntity
  8
TEXT
100
AcDbText
 10
661.4
 20
137.4
 30
0.0
 40
1.15
  1
ИПР
 11
661.4
 21
137.4
 31
0.0
100
AcDbText
  0
CIRCLE
  5
391
330
17
100
AcDbEntity
  8
GRAPH
100
AcDbCircle
 10
668.0
 20
138.0
 30
0.0
 40
1.1
  0
TEXT
  5
392
330
17
100
AcDbEntity
  8
TEXT
100
AcDbText
 10
669.4
 20
137.4
 30
0.0
 40
1.15
  1
Кран
 11
669.4
 21
137.4
 31
0.0
100
AcDbText
  0
LINE
  5
393
330
17
100
AcDbEntity
  8
GRAPH
100
AcDbLine
 10
682.0
 20
118.0
 30
0.0
 11
720.0
 21
118.0
 31
0.0
  0
LINE
  5
394
330
17
100
AcDbEntity
  8
GRAPH
100
AcDbLine
 10
720.0
 20
118.0
 30
0.0
 11
720.0
 21
254.0
 31
0.0
  0
LINE
  5
395
330
17
100
AcDbEntity
  8
GRAPH
100
AcDbLine
 10
720.0
 20
254.0
 30
0.0
 11
682.0
 21
254.0
 31
0.0
  0
LINE
  5
396
330
17
100
AcDbEntity
  8
GRAPH
100
AcDbLine
 10
682.0
 20
254.0
 30
0.0
 11
682.0
 21
118.0
 31
0.0
  0
TEXT
  5
397
330
17
100
AcDbEntity
  8
TEXT
100
AcDbText
 10
683.5
 20
248.0
 30
0.0
 40
2.0
  1
3108
 11
683.5
 21
248.0
 31
0.0
100
AcDbText
  0
TEXT
  5
398
330
17
100
AcDbEntity
  8
TEXT
100
AcDbText
 10
683.5
 20
242.0
 30
0.0
 40
1.7
  1
Студия
 11
683.5
 21
242.0
 31
0.0
100
AcDbText
  0
TEXT
  5
399
330
17
100
AcDbEntity
  8
TEXT
100
AcDbText
 10
683.5
 20
236.0
 30
0.0
 40
1.6
  1
S=40.0
 11
683.5
 21
236.0
 31
0.0
100
AcDbText
  0
CIRCLE
  5
39A
330
17
100
AcDbEntity
  8
GRAPH
100
AcDbCircle
 10
686.0
 20
128.0
 30
0.0
 40
1.1
  0
TEXT
  5
39B
330
17
100
AcDbEntity
  8
TEXT
100
AcDbText
 10
687.4
 20
127.4
 30
0.0
 40
1.15
  1
ПСВ
 11
687.4
 21
127.4
 31
0.0
100
AcDbText
  0
CIRCLE
  5
39C
330
17
100
AcDbEntity
  8
GRAPH
100
AcDbCircle
 10
694.0
 20
128.0
 30
0.0
 40
1.1
  0
TEXT
  5
39D
330
17
100
AcDbEntity
  8
TEXT
100
AcDbText
 10
695.4
 20
127.4
 30
0.0
 40
1.15
  1
ОП-5
 11
695.4
 21
127.4
 31
0.0
100
AcDbText
  0
CIRCLE
  5
39E
330
17
100
AcDbEntity
  8
GRAPH
100
AcDbCircle
 10
702.0
 20
128.0
 30
0.0
 40
1.1
  0
TEXT
  5
39F
330
17
100
AcDbEntity
  8
TEXT
100
AcDbText
 10
703.4
 20
127.4
 30
0.0
 40
1.15
  1
АПС
 11
703.4
 21
127.4
 31
0.0
100
AcDbText
  0
CIRCLE
  5
3A0
330
17
100
AcDbEntity
  8
GRAPH
100
AcDbCircle
 10
710.0
 20
128.0
 30
0.0
 40
1.1
  0
TEXT
  5
3A1
330
17
100
AcDbEntity
  8
TEXT
100
AcDbText
 10
711.4
 20
127.4
 30
0.0
 40
1.15
  1
Ду15
 11
711.4
 21
127.4
 31
0.0
100
AcDbText
  0
CIRCLE
  5
3A2
330
17
100
AcDbEntity
  8
GRAPH
100
AcDbCircle
 10
686.0
 20
138.0
 30
0.0
 40
1.1
  0
TEXT
  5
3A3
330
17
100
AcDbEntity
  8
TEXT
100
AcDbText
 10
687.4
 20
137.4
 30
0.0
 40
1.15
  1
220В
 11
687.4
 21
137.4
 31
0.0
100
AcDbText
  0
CIRCLE
  5
3A4
330
17
100
AcDbEntity
  8
GRAPH
100
AcDbCircle
 10
694.0
 20
138.0
 30
0.0
 40
1.1
  0
TEXT
  5
3A5
330
17
100
AcDbEntity
  8
TEXT
100
AcDbText
 10
695.4
 20
137.4
 30
0.0
 40
1.15
  1
Св.
 11
695.4
 21
137.4
 31
0.0
100
AcDbText
  0
CIRCLE
  5
3A6
330
17
100
AcDbEntity
  8
GRAPH
100
AcDbCircle
 10
702.0
 20
138.0
 30
0.0
 40
1.1
  0
TEXT
  5
3A7
330
17
100
AcDbEntity
  8
TEXT
100
AcDbText
 10
703.4
 20
137.4
 30
0.0
 40
1.15
  1
ИПР
 11
703.4
 21
137.4
 31
0.0
100
AcDbText
  0
CIRCLE
  5
3A8
330
17
100
AcDbEntity
  8
GRAPH
100
AcDbCircle
 10
710.0
 20
138.0
 30
0.0
 40
1.1
  0
TEXT
  5
3A9
330
17
100
AcDbEntity
  8
TEXT
100
AcDbText
 10
711.4
 20
137.4
 30
0.0
 40
1.15
  1
Кран
 11
711.4
 21
137.4
 31
0.0
100
AcDbText
  0
LINE
  5
3AA
330
17
100
AcDbEntity
  8
GRAPH
100
AcDbLine
 10
724.0
 20
118.0
 30
0.0
 11
762.0
 21
118.0
 31
0.0
  0
LINE
  5
3AB
330
17
100
AcDbEntity
  8
GRAPH
100
AcDbLine
 10
762.0
 20
118.0
 30
0.0
 11
762.0
 21
254.0
 31
0.0
  0
LINE
  5
3AC
330
17
100
AcDbEntity
  8
GRAPH
100
AcDbLine
 10
762.0
 20
254.0
 30
0.0
 11
724.0
 21
254.0
 31
0.0
  0
LINE
  5
3AD
330
17
100
AcDbEntity
  8
GRAPH
100
AcDbLine
 10
724.0
 20
254.0
 30
0.0
 11
724.0
 21
118.0
 31
0.0
  0
TEXT
  5
3AE
330
17
100
AcDbEntity
  8
TEXT
100
AcDbText
 10
725.5
 20
248.0
 30
0.0
 40
2.0
  1
3109
 11
725.5
 21
248.0
 31
0.0
100
AcDbText
  0
TEXT
  5
3AF
330
17
100
AcDbEntity
  8
TEXT
100
AcDbText
 10
725.5
 20
242.0
 30
0.0
 40
1.7
  1
1-комн.
 11
725.5
 21
242.0
 31
0.0
100
AcDbText
  0
TEXT
  5
3B0
330
17
100
AcDbEntity
  8
TEXT
100
AcDbText
 10
725.5
 20
236.0
 30
0.0
 40
1.6
  1
S=47.1
 11
725.5
 21
236.0
 31
0.0
100
AcDbText
  0
CIRCLE
  5
3B1
330
17
100
AcDbEntity
  8
GRAPH
100
AcDbCircle
 10
728.0
 20
128.0
 30
0.0
 40
1.1
  0
TEXT
  5
3B2
330
17
100
AcDbEntity
  8
TEXT
100
AcDbText
 10
729.4
 20
127.4
 30
0.0
 40
1.15
  1
ПСВ
 11
729.4
 21
127.4
 31
0.0
100
AcDbText
  0
CIRCLE
  5
3B3
330
17
100
AcDbEntity
  8
GRAPH
100
AcDbCircle
 10
736.0
 20
128.0
 30
0.0
 40
1.1
  0
TEXT
  5
3B4
330
17
100
AcDbEntity
  8
TEXT
100
AcDbText
 10
737.4
 20
127.4
 30
0.0
 40
1.15
  1
ОП-5
 11
737.4
 21
127.4
 31
0.0
100
AcDbText
  0
CIRCLE
  5
3B5
330
17
100
AcDbEntity
  8
GRAPH
100
AcDbCircle
 10
744.0
 20
128.0
 30
0.0
 40
1.1
  0
TEXT
  5
3B6
330
17
100
AcDbEntity
  8
TEXT
100
AcDbText
 10
745.4
 20
127.4
 30
0.0
 40
1.15
  1
АПС
 11
745.4
 21
127.4
 31
0.0
100
AcDbText
  0
CIRCLE
  5
3B7
330
17
100
AcDbEntity
  8
GRAPH
100
AcDbCircle
 10
752.0
 20
128.0
 30
0.0
 40
1.1
  0
TEXT
  5
3B8
330
17
100
AcDbEntity
  8
TEXT
100
AcDbText
 10
753.4
 20
127.4
 30
0.0
 40
1.15
  1
Ду15
 11
753.4
 21
127.4
 31
0.0
100
AcDbText
  0
CIRCLE
  5
3B9
330
17
100
AcDbEntity
  8
GRAPH
100
AcDbCircle
 10
728.0
 20
138.0
 30
0.0
 40
1.1
  0
TEXT
  5
3BA
330
17
100
AcDbEntity
  8
TEXT
100
AcDbText
 10
729.4
 20
137.4
 30
0.0
 40
1.15
  1
220В
 11
729.4
 21
137.4
 31
0.0
100
AcDbText
  0
CIRCLE
  5
3BB
330
17
100
AcDbEntity
  8
GRAPH
100
AcDbCircle
 10
736.0
 20
138.0
 30
0.0
 40
1.1
  0
TEXT
  5
3BC
330
17
100
AcDbEntity
  8
TEXT
100
AcDbText
 10
737.4
 20
137.4
 30
0.0
 40
1.15
  1
Св.
 11
737.4
 21
137.4
 31
0.0
100
AcDbText
  0
CIRCLE
  5
3BD
330
17
100
AcDbEntity
  8
GRAPH
100
AcDbCircle
 10
744.0
 20
138.0
 30
0.0
 40
1.1
  0
TEXT
  5
3BE
330
17
100
AcDbEntity
  8
TEXT
100
AcDbText
 10
745.4
 20
137.4
 30
0.0
 40
1.15
  1
ИПР
 11
745.4
 21
137.4
 31
0.0
100
AcDbText
  0
CIRCLE
  5
3BF
330
17
100
AcDbEntity
  8
GRAPH
100
AcDbCircle
 10
752.0
 20
138.0
 30
0.0
 40
1.1
  0
TEXT
  5
3C0
330
17
100
AcDbEntity
  8
TEXT
100
AcDbText
 10
753.4
 20
137.4
 30
0.0
 40
1.15
  1
Кран
 11
753.4
 21
137.4
 31
0.0
100
AcDbText
  0
TEXT
  5
3C1
330
17
100
AcDbEntity
  8
DIM
100
AcDbText
 10
554.0
 20
102.0
 30
0.0
 40
2.0
  1
48.200
 11
554.0
 21
102.0
 31
0.0
100
AcDbText
  0
TEXT
  5
3C2
330
17
100
AcDbEntity
  8
DIM
100
AcDbText
 10
30.0
 20
90.0
 30
0.0
 40
2.4
  1
длина участка L=12.50 м
 11
30.0
 21
90.0
 31
0.0
100
AcDbText
  0
TEXT
  5
3C3
330
17
100
AcDbEntity
  8
DIM
100
AcDbText
 10
250.0
 20
90.0
 30
0.0
 40
2.2
  1
по обмеру длина участка L=11.80 м
 11
250.0
 21
90.0
 31
0.0
100
AcDbText
  0
TEXT
  5
3C4
330
17
100
AcDbEntity
  8
TEXT
100
AcDbText
 10
14.0
 20
88.0
 30
0.0
 40
2.8
  1
ПРИМЕЧАНИЯ. Намеренные расхождения:
 11
14.0
 21
88.0
 31
0.0
100
AcDbText
  0
TEXT
  5
3C5
330
17
100
AcDbEntity
  8
TEXT
100
AcDbText
 10
14.0
 20
80.0
 30
0.0
 40
2.05
  1
1. площадь застройки принята 2450 м2. по расчёту ПЗУ площадь равна 2180 м2.
 11
14.0
 21
80.0
 31
0.0
100
AcDbText
  0
TEXT
  5
3C6
330
17
100
AcDbEntity
  8
TEXT
100
AcDbText
 10
14.0
 20
75.6
 30
0.0
 40
2.05
  1
2. масштаб чертежа 1:100. в задании указан масштаб 1:200.
 11
14.0
 21
75.6
 31
0.0
100
AcDbText
  0
TEXT
  5
3C7
330
17
100
AcDbEntity
  8
TEXT
100
AcDbText
 10
14.0
 20
71.2
 30
0.0
 40
2.05
  1
3. длина участка L=12.50 м. по обмеру длина участка L=11.80 м.
 11
14.0
 21
71.2
 31
0.0
100
AcDbText
  0
TEXT
  5
3C8
330
17
100
AcDbEntity
  8
TEXT
100
AcDbText
 10
14.0
 20
66.8
 30
0.0
 40
2.05
  1
4. счетчик ВСХН-20 количество 7 шт. по заданию требуется 4 шт ВСХН-20.
 11
14.0
 21
66.8
 31
0.0
100
AcDbText
  0
TEXT
  5
3C9
330
17
100
AcDbEntity
  8
TEXT
100
AcDbText
 10
14.0
 20
62.4
 30
0.0
 40
2.05
  1
5. отметка чистого пола +0.150. в разрезе отметка чистого пола +0.250.
 11
14.0
 21
62.4
 31
0.0
100
AcDbText
  0
TEXT
  5
3CA
330
17
100
AcDbEntity
  8
TEXT
100
AcDbText
 10
14.0
 20
58.0
 30
0.0
 40
2.05
  1
6. высота здания 54.00 м. по разрезу высота здания 51.60 м.
 11
14.0
 21
58.0
 31
0.0
100
AcDbText
  0
TEXT
  5
3CB
330
17
100
AcDbEntity
  8
TEXT
100
AcDbText
 10
14.0
 20
53.599999999999994
 30
0.0
 40
2.05
  1
7. машиномест в стилобате 86. по расчёту требуется 72 машиноместа.
 11
14.0
 21
53.599999999999994
 31
0.0
100
AcDbText
  0
TEXT
  5
3CC
330
17
100
AcDbEntity
  8
TEXT
100
AcDbText
 10
14.0
 20
49.199999999999996
 30
0.0
 40
2.05
  1
8. степень огнестойкости II. в задании степень огнестойкости III.
 11
14.0
 21
49.199999999999996
 31
0.0
100
AcDbText
  0
TEXT
  5
3CD
330
17
100
AcDbEntity
  8
TEXT
100
AcDbText
 10
14.0
 20
44.8
 30
0.0
 40
2.05
  1
9. грузоподъёмность лифта 1000 кг. по заданию лифт 630 кг.
 11
14.0
 21
44.8
 31
0.0
100
AcDbText
  0
TEXT
  5
3CE
330
17
100
AcDbEntity
  8
TEXT
100
AcDbText
 10
14.0
 20
40.4
 30
0.0
 40
2.05
  1
10. ввод водопровода Ду100. по ТУ ввод водопровода Ду80.
 11
14.0
 21
40.4
 31
0.0
100
AcDbText
  0
TEXT
  5
3CF
330
17
100
AcDbEntity
  8
TEXT
100
AcDbText
 10
14.0
 20
36.0
 30
0.0
 40
2.05
  1
11. надземных этажей 17. в задании надземных этажей 16.
 11
14.0
 21
36.0
 31
0.0
100
AcDbText
  0
TEXT
  5
3D0
330
17
100
AcDbEntity
  8
TEXT
100
AcDbText
 10
14.0
 20
31.599999999999994
 30
0.0
 40
2.05
  1
12. озеленение участка 28 %. по ПЗЗ озеленение не менее 35 %.
 11
14.0
 21
31.599999999999994
 31
0.0
100
AcDbText
  0
TEXT
  5
3D1
330
17
100
AcDbEntity
  8
TEXT
100
AcDbText
 10
14.0
 20
27.199999999999996
 30
0.0
 40
2.05
  1
13. площадь квартиры 105 равна 38.4 м2. по обмеру квартира 105 равна 42.1 м2.
 11
14.0
 21
27.199999999999996
 31
0.0
100
AcDbText
  0
TEXT
  5
3D2
330
17
100
AcDbEntity
  8
TEXT
100
AcDbText
 10
14.0
 20
22.799999999999997
 30
0.0
 40
2.05
  1
14. ширина лестничного марша 1.20 м. по нормам ширина марша 1.35 м.
 11
14.0
 21
22.799999999999997
 31
0.0
100
AcDbText
  0
TEXT
  5
3D3
330
17
100
AcDbEntity
  8
TEXT
100
AcDbText
 10
14.0
 20
18.39999999999999
 30
0.0
 40
2.05
  1
15. расчётная мощность 250 кВт. по ТУ электроснабжения 180 кВт.
 11
14.0
 21
18.39999999999999
 31
0.0
100
AcDbText
  0
LINE
  5
3D4
330
17
100
AcDbEntity
  8
GRAPH
100
AcDbLine
 10
621.0
 20
14.0
 30
0.0
 11
821.0
 21
14.0
 31
0.0
  0
LINE
  5
3D5
330
17
100
AcDbEntity
  8
GRAPH
100
AcDbLine
 10
821.0
 20
14.0
 30
0.0
 11
821.0
 21
84.0
 31
0.0
  0
LINE
  5
3D6
330
17
100
AcDbEntity
  8
GRAPH
100
AcDbLine
 10
821.0
 20
84.0
 30
0.0
 11
621.0
 21
84.0
 31
0.0
  0
LINE
  5
3D7
330
17
100
AcDbEntity
  8
GRAPH
100
AcDbLine
 10
621.0
 20
84.0
 30
0.0
 11
621.0
 21
14.0
 31
0.0
  0
LINE
  5
3D8
330
17
100
AcDbEntity
  8
GRAPH
100
AcDbLine
 10
621.0
 20
36.0
 30
0.0
 11
821.0
 21
36.0
 31
0.0
  0
LINE
  5
3D9
330
17
100
AcDbEntity
  8
GRAPH
100
AcDbLine
 10
621.0
 20
58.0
 30
0.0
 11
821.0
 21
58.0
 31
0.0
  0
LINE
  5
3DA
330
17
100
AcDbEntity
  8
GRAPH
100
AcDbLine
 10
711.0
 20
14.0
 30
0.0
 11
711.0
 21
84.0
 31
0.0
  0
TEXT
  5
3DB
330
17
100
AcDbEntity
  8
TEXT
100
AcDbText
 10
625.0
 20
66.0
 30
0.0
 40
2.4
  1
Северный квартал
 11
625.0
 21
66.0
 31
0.0
100
AcDbText
  0
TEXT
  5
3DC
330
17
100
AcDbEntity
  8
TEXT
100
AcDbText
 10
715.0
 20
66.0
 30
0.0
 40
2.6
  1
Лист 1/8
 11
715.0
 21
66.0
 31
0.0
100
AcDbText
  0
TEXT
  5
3DD
330
17
100
AcDbEntity
  8
TEXT
100
AcDbText
 10
625.0
 20
44.0
 30
0.0
 40
2.2
  1
ПЛАН 1 ЭТАЖА. Блок-секции 1–
 11
625.0
 21
44.0
 31
0.0
100
AcDbText
  0
TEXT
  5
3DE
330
17
100
AcDbEntity
  8
TEXT
100
AcDbText
 10
715.0
 20
44.0
 30
0.0
 40
2.1
  1
масштаб чертежа 1:100
 11
715.0
 21
44.0
 31
0.0
100
AcDbText
  0
TEXT
  5
3DF
330
17
100
AcDbEntity
  8
TEXT
100
AcDbText
 10
625.0
 20
24.0
 30
0.0
 40
2.0
  1
в задании указан масштаб 1:200
 11
625.0
 21
24.0
 31
0.0
100
AcDbText
  0
LWPOLYLINE
  5
3E0
330
17
100
AcDbEntity
  8
GRAPH
100
AcDbPolyline
 90
4
 70
1
 10
881.0
 20
0.0
 10
1722.0
 20
0.0
 10
1722.0
 20
594.0
 10
881.0
 20
594.0
  0
LINE
  5
3E1
330
17
100
AcDbEntity
  8
GRAPH
100
AcDbLine
 10
887.0
 20
6.0
 30
0.0
 11
1716.0
 21
6.0
 31
0.0
  0
LINE
  5
3E2
330
17
100
AcDbEntity
  8
GRAPH
100
AcDbLine
 10
1716.0
 20
6.0
 30
0.0
 11
1716.0
 21
588.0
 31
0.0
  0
LINE
  5
3E3
330
17
100
AcDbEntity
  8
GRAPH
100
AcDbLine
 10
1716.0
 20
588.0
 30
0.0
 11
887.0
 21
588.0
 31
0.0
  0
LINE
  5
3E4
330
17
100
AcDbEntity
  8
GRAPH
100
AcDbLine
 10
887.0
 20
588.0
 30
0.0
 11
887.0
 21
6.0
 31
0.0
  0
TEXT
  5
3E5
330
17
100
AcDbEntity
  8
TEXT
100
AcDbText
 10
897.0
 20
572.0
 30
0.0
 40
5.5
  1
ПЛАН ТИПОВОГО ЭТАЖА (2–16)
 11
897.0
 21
572.0
 31
0.0
100
AcDbText
  0
TEXT
  5
3E6
330
17
100
AcDbEntity
  8
TEXT
100
AcDbText
 10
897.0
 20
562.0
 30
0.0
 40
2.3
  1
отметка чистого пола +0.150. в разрезе отметка чистого пола +0.250. надземных этажей 17. в задании надземных этажей 16.
 11
897.0
 21
562.0
 31
0.0
100
AcDbText
  0
LINE
  5
3E7
330
17
100
AcDbEntity
  8
GRAPH
100
AcDbLine
 10
911.0
 20
110.0
 30
0.0
 11
911.0
 21
470.0
 31
0.0
  0
LINE
  5
3E8
330
17
100
AcDbEntity
  8
GRAPH
100
AcDbLine
 10
911.0
 20
110.0
 30
0.0
 11
1127.0
 21
110.0
 31
0.0
  0
LINE
  5
3E9
330
17
100
AcDbEntity
  8
GRAPH
100
AcDbLine
 10
947.0
 20
110.0
 30
0.0
 11
947.0
 21
470.0
 31
0.0
  0
LINE
  5
3EA
330
17
100
AcDbEntity
  8
GRAPH
100
AcDbLine
 10
911.0
 20
170.0
 30
0.0
 11
1127.0
 21
170.0
 31
0.0
  0
LINE
  5
3EB
330
17
100
AcDbEntity
  8
GRAPH
100
AcDbLine
 10
983.0
 20
110.0
 30
0.0
 11
983.0
 21
470.0
 31
0.0
  0
LINE
  5
3EC
330
17
100
AcDbEntity
  8
GRAPH
100
AcDbLine
 10
911.0
 20
230.0
 30
0.0
 11
1127.0
 21
230.0
 31
0.0
  0
LINE
  5
3ED
330
17
100
AcDbEntity
  8
GRAPH
100
AcDbLine
 10
1019.0
 20
110.0
 30
0.0
 11
1019.0
 21
470.0
 31
0.0
  0
LINE
  5
3EE
330
17
100
AcDbEntity
  8
GRAPH
100
AcDbLine
 10
911.0
 20
290.0
 30
0.0
 11
1127.0
 21
290.0
 31
0.0
  0
LINE
  5
3EF
330
17
100
AcDbEntity
  8
GRAPH
100
AcDbLine
 10
1055.0
 20
110.0
 30
0.0
 11
1055.0
 21
470.0
 31
0.0
  0
LINE
  5
3F0
330
17
100
AcDbEntity
  8
GRAPH
100
AcDbLine
 10
911.0
 20
350.0
 30
0.0
 11
1127.0
 21
350.0
 31
0.0
  0
LINE
  5
3F1
330
17
100
AcDbEntity
  8
GRAPH
100
AcDbLine
 10
1091.0
 20
110.0
 30
0.0
 11
1091.0
 21
470.0
 31
0.0
  0
LINE
  5
3F2
330
17
100
AcDbEntity
  8
GRAPH
100
AcDbLine
 10
911.0
 20
410.0
 30
0.0
 11
1127.0
 21
410.0
 31
0.0
  0
LINE
  5
3F3
330
17
100
AcDbEntity
  8
GRAPH
100
AcDbLine
 10
1127.0
 20
110.0
 30
0.0
 11
1127.0
 21
470.0
 31
0.0
  0
LINE
  5
3F4
330
17
100
AcDbEntity
  8
GRAPH
100
AcDbLine
 10
911.0
 20
470.0
 30
0.0
 11
1127.0
 21
470.0
 31
0.0
  0
LINE
  5
3F5
330
17
100
AcDbEntity
  8
GRAPH
100
AcDbLine
 10
911.0
 20
110.0
 30
0.0
 11
1127.0
 21
110.0
 31
0.0
  0
LINE
  5
3F6
330
17
100
AcDbEntity
  8
GRAPH
100
AcDbLine
 10
1127.0
 20
110.0
 30
0.0
 11
1127.0
 21
470.0
 31
0.0
  0
LINE
  5
3F7
330
17
100
AcDbEntity
  8
GRAPH
100
AcDbLine
 10
1127.0
 20
470.0
 30
0.0
 11
911.0
 21
470.0
 31
0.0
  0
LINE
  5
3F8
330
17
100
AcDbEntity
  8
GRAPH
100
AcDbLine
 10
911.0
 20
470.0
 30
0.0
 11
911.0
 21
110.0
 31
0.0
  0
TEXT
  5
3F9
330
17
100
AcDbEntity
  8
TEXT
100
AcDbText
 10
991.0
 20
298.0
 30
0.0
 40
3.2
  1
КОРИДОР К1
 11
991.0
 21
298.0
 31
0.0
100
AcDbText
  0
LINE
  5
3FA
330
17
100
AcDbEntity
  8
GRAPH
100
AcDbLine
 10
1001.0
 20
260.0
 30
0.0
 11
1029.0
 21
260.0
 31
0.0
  0
LINE
  5
3FB
330
17
100
AcDbEntity
  8
GRAPH
100
AcDbLine
 10
1029.0
 20
260.0
 30
0.0
 11
1029.0
 21
330.0
 31
0.0
  0
LINE
  5
3FC
330
17
100
AcDbEntity
  8
GRAPH
100
AcDbLine
 10
1029.0
 20
330.0
 30
0.0
 11
1001.0
 21
330.0
 31
0.0
  0
LINE
  5
3FD
330
17
100
AcDbEntity
  8
GRAPH
100
AcDbLine
 10
1001.0
 20
330.0
 30
0.0
 11
1001.0
 21
260.0
 31
0.0
  0
LINE
  5
3FE
330
17
100
AcDbEntity
  8
GRAPH
100
AcDbLine
 10
1005.0
 20
266.0
 30
0.0
 11
1025.0
 21
266.0
 31
0.0
  0
LINE
  5
3FF
330
17
100
AcDbEntity
  8
GRAPH
100
AcDbLine
 10
1005.0
 20
274.0
 30
0.0
 11
1025.0
 21
274.0
 31
0.0
  0
LINE
  5
400
330
17
100
AcDbEntity
  8
GRAPH
100
AcDbLine
 10
1005.0
 20
282.0
 30
0.0
 11
1025.0
 21
282.0
 31
0.0
  0
LINE
  5
401
330
17
100
AcDbEntity
  8
GRAPH
100
AcDbLine
 10
1005.0
 20
290.0
 30
0.0
 11
1025.0
 21
290.0
 31
0.0
  0
LINE
  5
402
330
17
100
AcDbEntity
  8
GRAPH
100
AcDbLine
 10
1005.0
 20
298.0
 30
0.0
 11
1025.0
 21
298.0
 31
0.0
  0
LINE
  5
403
330
17
100
AcDbEntity
  8
GRAPH
100
AcDbLine
 10
1005.0
 20
306.0
 30
0.0
 11
1025.0
 21
306.0
 31
0.0
  0
LINE
  5
404
330
17
100
AcDbEntity
  8
GRAPH
100
AcDbLine
 10
1005.0
 20
314.0
 30
0.0
 11
1025.0
 21
314.0
 31
0.0
  0
LINE
  5
405
330
17
100
AcDbEntity
  8
GRAPH
100
AcDbLine
 10
1005.0
 20
322.0
 30
0.0
 11
1025.0
 21
322.0
 31
0.0
  0
TEXT
  5
406
330
17
100
AcDbEntity
  8
DIM
100
AcDbText
 10
1003.0
 20
258.0
 30
0.0
 40
1.8
  1
ширина лестничного марша 1.20 м
 11
1003.0
 21
258.0
 31
0.0
100
AcDbText
  0
LINE
  5
407
330
17
100
AcDbEntity
  8
GRAPH
100
AcDbLine
 10
1033.0
 20
278.0
 30
0.0
 11
1051.0
 21
278.0
 31
0.0
  0
LINE
  5
408
330
17
100
AcDbEntity
  8
GRAPH
100
AcDbLine
 10
1051.0
 20
278.0
 30
0.0
 11
1051.0
 21
306.0
 31
0.0
  0
LINE
  5
409
330
17
100
AcDbEntity
  8
GRAPH
100
AcDbLine
 10
1051.0
 20
306.0
 30
0.0
 11
1033.0
 21
306.0
 31
0.0
  0
LINE
  5
40A
330
17
100
AcDbEntity
  8
GRAPH
100
AcDbLine
 10
1033.0
 20
306.0
 30
0.0
 11
1033.0
 21
278.0
 31
0.0
  0
TEXT
  5
40B
330
17
100
AcDbEntity
  8
TEXT
100
AcDbText
 10
1034.0
 20
288.0
 30
0.0
 40
1.7
  1
630кг
 11
1034.0
 21
288.0
 31
0.0
100
AcDbText
  0
LINE
  5
40C
330
17
100
AcDbEntity
  8
GRAPH
100
AcDbLine
 10
917.0
 20
336.0
 30
0.0
 11
955.0
 21
336.0
 31
0.0
  0
LINE
  5
40D
330
17
100
AcDbEntity
  8
GRAPH
100
AcDbLine
 10
955.0
 20
336.0
 30
0.0
 11
955.0
 21
464.0
 31
0.0
  0
LINE
  5
40E
330
17
100
AcDbEntity
  8
GRAPH
100
AcDbLine
 10
955.0
 20
464.0
 30
0.0
 11
917.0
 21
464.0
 31
0.0
  0
LINE
  5
40F
330
17
100
AcDbEntity
  8
GRAPH
100
AcDbLine
 10
917.0
 20
464.0
 30
0.0
 11
917.0
 21
336.0
 31
0.0
  0
TEXT
  5
410
330
17
100
AcDbEntity
  8
TEXT
100
AcDbText
 10
918.5
 20
458.0
 30
0.0
 40
2.0
  1
1120
 11
918.5
 21
458.0
 31
0.0
100
AcDbText
  0
TEXT
  5
411
330
17
100
AcDbEntity
  8
TEXT
100
AcDbText
 10
918.5
 20
452.0
 30
0.0
 40
1.7
  1
1-комн.
 11
918.5
 21
452.0
 31
0.0
100
AcDbText
  0
TEXT
  5
412
330
17
100
AcDbEntity
  8
TEXT
100
AcDbText
 10
918.5
 20
446.0
 30
0.0
 40
1.6
  1
S=22.0
 11
918.5
 21
446.0
 31
0.0
100
AcDbText
  0
CIRCLE
  5
413
330
17
100
AcDbEntity
  8
GRAPH
100
AcDbCircle
 10
921.0
 20
346.0
 30
0.0
 40
1.1
  0
TEXT
  5
414
330
17
100
AcDbEntity
  8
TEXT
100
AcDbText
 10
922.4
 20
345.4
 30
0.0
 40
1.15
  1
ПСВ
 11
922.4
 21
345.4
 31
0.0
100
AcDbText
  0
CIRCLE
  5
415
330
17
100
AcDbEntity
  8
GRAPH
100
AcDbCircle
 10
929.0
 20
346.0
 30
0.0
 40
1.1
  0
TEXT
  5
416
330
17
100
AcDbEntity
  8
TEXT
100
AcDbText
 10
930.4
 20
345.4
 30
0.0
 40
1.15
  1
ОП-5
 11
930.4
 21
345.4
 31
0.0
100
AcDbText
  0
CIRCLE
  5
417
330
17
100
AcDbEntity
  8
GRAPH
100
AcDbCircle
 10
937.0
 20
346.0
 30
0.0
 40
1.1
  0
TEXT
  5
418
330
17
100
AcDbEntity
  8
TEXT
100
AcDbText
 10
938.4
 20
345.4
 30
0.0
 40
1.15
  1
АПС
 11
938.4
 21
345.4
 31
0.0
100
AcDbText
  0
CIRCLE
  5
419
330
17
100
AcDbEntity
  8
GRAPH
100
AcDbCircle
 10
945.0
 20
346.0
 30
0.0
 40
1.1
  0
TEXT
  5
41A
330
17
100
AcDbEntity
  8
TEXT
100
AcDbText
 10
946.4
 20
345.4
 30
0.0
 40
1.15
  1
Ду15
 11
946.4
 21
345.4
 31
0.0
100
AcDbText
  0
CIRCLE
  5
41B
330
17
100
AcDbEntity
  8
GRAPH
100
AcDbCircle
 10
921.0
 20
356.0
 30
0.0
 40
1.1
  0
TEXT
  5
41C
330
17
100
AcDbEntity
  8
TEXT
100
AcDbText
 10
922.4
 20
355.4
 30
0.0
 40
1.15
  1
220В
 11
922.4
 21
355.4
 31
0.0
100
AcDbText
  0
CIRCLE
  5
41D
330
17
100
AcDbEntity
  8
GRAPH
100
AcDbCircle
 10
929.0
 20
356.0
 30
0.0
 40
1.1
  0
TEXT
  5
41E
330
17
100
AcDbEntity
  8
TEXT
100
AcDbText
 10
930.4
 20
355.4
 30
0.0
 40
1.15
  1
Св.
 11
930.4
 21
355.4
 31
0.0
100
AcDbText
  0
CIRCLE
  5
41F
330
17
100
AcDbEntity
  8
GRAPH
100
AcDbCircle
 10
937.0
 20
356.0
 30
0.0
 40
1.1
  0
TEXT
  5
420
330
17
100
AcDbEntity
  8
TEXT
100
AcDbText
 10
938.4
 20
355.4
 30
0.0
 40
1.15
  1
ИПР
 11
938.4
 21
355.4
 31
0.0
100
AcDbText
  0
CIRCLE
  5
421
330
17
100
AcDbEntity
  8
GRAPH
100
AcDbCircle
 10
945.0
 20
356.0
 30
0.0
 40
1.1
  0
TEXT
  5
422
330
17
100
AcDbEntity
  8
TEXT
100
AcDbText
 10
946.4
 20
355.4
 30
0.0
 40
1.15
  1
Кран
 11
946.4
 21
355.4
 31
0.0
100
AcDbText
  0
LINE
  5
423
330
17
100
AcDbEntity
  8
GRAPH
100
AcDbLine
 10
959.0
 20
336.0
 30
0.0
 11
997.0
 21
336.0
 31
0.0
  0
LINE
  5
424
330
17
100
AcDbEntity
  8
GRAPH
100
AcDbLine
 10
997.0
 20
336.0
 30
0.0
 11
997.0
 21
464.0
 31
0.0
  0
LINE
  5
425
330
17
100
AcDbEntity
  8
GRAPH
100
AcDbLine
 10
997.0
 20
464.0
 30
0.0
 11
959.0
 21
464.0
 31
0.0
  0
LINE
  5
426
330
17
100
AcDbEntity
  8
GRAPH
100
AcDbLine
 10
959.0
 20
464.0
 30
0.0
 11
959.0
 21
336.0
 31
0.0
  0
TEXT
  5
427
330
17
100
AcDbEntity
  8
TEXT
100
AcDbText
 10
960.5
 20
458.0
 30
0.0
 40
2.0
  1
1121
 11
960.5
 21
458.0
 31
0.0
100
AcDbText
  0
TEXT
  5
428
330
17
100
AcDbEntity
  8
TEXT
100
AcDbText
 10
960.5
 20
452.0
 30
0.0
 40
1.7
  1
2-комн.
 11
960.5
 21
452.0
 31
0.0
100
AcDbText
  0
TEXT
  5
429
330
17
100
AcDbEntity
  8
TEXT
100
AcDbText
 10
960.5
 20
446.0
 30
0.0
 40
1.6
  1
S=29.1
 11
960.5
 21
446.0
 31
0.0
100
AcDbText
  0
CIRCLE
  5
42A
330
17
100
AcDbEntity
  8
GRAPH
100
AcDbCircle
 10
963.0
 20
346.0
 30
0.0
 40
1.1
  0
TEXT
  5
42B
330
17
100
AcDbEntity
  8
TEXT
100
AcDbText
 10
964.4
 20
345.4
 30
0.0
 40
1.15
  1
ПСВ
 11
964.4
 21
345.4
 31
0.0
100
AcDbText
  0
CIRCLE
  5
42C
330
17
100
AcDbEntity
  8
GRAPH
100
AcDbCircle
 10
971.0
 20
346.0
 30
0.0
 40
1.1
  0
TEXT
  5
42D
330
17
100
AcDbEntity
  8
TEXT
100
AcDbText
 10
972.4
 20
345.4
 30
0.0
 40
1.15
  1
ОП-5
 11
972.4
 21
345.4
 31
0.0
100
AcDbText
  0
CIRCLE
  5
42E
330
17
100
AcDbEntity
  8
GRAPH
100
AcDbCircle
 10
979.0
 20
346.0
 30
0.0
 40
1.1
  0
TEXT
  5
42F
330
17
100
AcDbEntity
  8
TEXT
100
AcDbText
 10
980.4
 20
345.4
 30
0.0
 40
1.15
  1
АПС
 11
980.4
 21
345.4
 31
0.0
100
AcDbText
  0
CIRCLE
  5
430
330
17
100
AcDbEntity
  8
GRAPH
100
AcDbCircle
 10
987.0
 20
346.0
 30
0.0
 40
1.1
  0
TEXT
  5
431
330
17
100
AcDbEntity
  8
TEXT
100
AcDbText
 10
988.4
 20
345.4
 30
0.0
 40
1.15
  1
Ду15
 11
988.4
 21
345.4
 31
0.0
100
AcDbText
  0
CIRCLE
  5
432
330
17
100
AcDbEntity
  8
GRAPH
100
AcDbCircle
 10
963.0
 20
356.0
 30
0.0
 40
1.1
  0
TEXT
  5
433
330
17
100
AcDbEntity
  8
TEXT
100
AcDbText
 10
964.4
 20
355.4
 30
0.0
 40
1.15
  1
220В
 11
964.4
 21
355.4
 31
0.0
100
AcDbText
  0
CIRCLE
  5
434
330
17
100
AcDbEntity
  8
GRAPH
100
AcDbCircle
 10
971.0
 20
356.0
 30
0.0
 40
1.1
  0
TEXT
  5
435
330
17
100
AcDbEntity
  8
TEXT
100
AcDbText
 10
972.4
 20
355.4
 30
0.0
 40
1.15
  1
Св.
 11
972.4
 21
355.4
 31
0.0
100
AcDbText
  0
CIRCLE
  5
436
330
17
100
AcDbEntity
  8
GRAPH
100
AcDbCircle
 10
979.0
 20
356.0
 30
0.0
 40
1.1
  0
TEXT
  5
437
330
17
100
AcDbEntity
  8
TEXT
100
AcDbText
 10
980.4
 20
355.4
 30
0.0
 40
1.15
  1
ИПР
 11
980.4
 21
355.4
 31
0.0
100
AcDbText
  0
CIRCLE
  5
438
330
17
100
AcDbEntity
  8
GRAPH
100
AcDbCircle
 10
987.0
 20
356.0
 30
0.0
 40
1.1
  0
TEXT
  5
439
330
17
100
AcDbEntity
  8
TEXT
100
AcDbText
 10
988.4
 20
355.4
 30
0.0
 40
1.15
  1
Кран
 11
988.4
 21
355.4
 31
0.0
100
AcDbText
  0
HATCH
  5
43A
330
17
100
AcDbEntity
  8
TABLE_FILL
 62
7
100
AcDbHatch
 10
0.0
 20
0.0
 30
0.0
210
0.0
220
0.0
230
1.0
  2
SOLID
 70
1
 71
0
 91
1
 92
3
 72
0
 73
1
 93
4
 10
1001.0
 20
336.0
 10
1039.0
 20
336.0
 10
1039.0
 20
464.0
 10
1001.0
 20
464.0
 97
0
 75
0
 76
1
 98
0
  0
LINE
  5
43B
330
17
100
AcDbEntity
  8
GRAPH
100
AcDbLine
 10
1001.0
 20
336.0
 30
0.0
 11
1039.0
 21
336.0
 31
0.0
  0
LINE
  5
43C
330
17
100
AcDbEntity
  8
GRAPH
100
AcDbLine
 10
1039.0
 20
336.0
 30
0.0
 11
1039.0
 21
464.0
 31
0.0
  0
LINE
  5
43D
330
17
100
AcDbEntity
  8
GRAPH
100
AcDbLine
 10
1039.0
 20
464.0
 30
0.0
 11
1001.0
 21
464.0
 31
0.0
  0
LINE
  5
43E
330
17
100
AcDbEntity
  8
GRAPH
100
AcDbLine
 10
1001.0
 20
464.0
 30
0.0
 11
1001.0
 21
336.0
 31
0.0
  0
TEXT
  5
43F
330
17
100
AcDbEntity
  8
TEXT
100
AcDbText
 10
1002.5
 20
458.0
 30
0.0
 40
2.0
  1
1122
 11
1002.5
 21
458.0
 31
0.0
100
AcDbText
  0
TEXT
  5
440
330
17
100
AcDbEntity
  8
TEXT
100
AcDbText
 10
1002.5
 20
452.0
 30
0.0
 40
1.7
  1
3-комн.
 11
1002.5
 21
452.0
 31
0.0
100
AcDbText
  0
TEXT
  5
441
330
17
100
AcDbEntity
  8
TEXT
100
AcDbText
 10
1002.5
 20
446.0
 30
0.0
 40
1.6
  1
S=36.2
 11
1002.5
 21
446.0
 31
0.0
100
AcDbText
  0
CIRCLE
  5
442
330
17
100
AcDbEntity
  8
GRAPH
100
AcDbCircle
 10
1005.0
 20
346.0
 30
0.0
 40
1.1
  0
TEXT
  5
443
330
17
100
AcDbEntity
  8
TEXT
100
AcDbText
 10
1006.4
 20
345.4
 30
0.0
 40
1.15
  1
ПСВ
 11
1006.4
 21
345.4
 31
0.0
100
AcDbText
  0
CIRCLE
  5
444
330
17
100
AcDbEntity
  8
GRAPH
100
AcDbCircle
 10
1013.0
 20
346.0
 30
0.0
 40
1.1
  0
TEXT
  5
445
330
17
100
AcDbEntity
  8
TEXT
100
AcDbText
 10
1014.4
 20
345.4
 30
0.0
 40
1.15
  1
ОП-5
 11
1014.4
 21
345.4
 31
0.0
100
AcDbText
  0
CIRCLE
  5
446
330
17
100
AcDbEntity
  8
GRAPH
100
AcDbCircle
 10
1021.0
 20
346.0
 30
0.0
 40
1.1
  0
TEXT
  5
447
330
17
100
AcDbEntity
  8
TEXT
100
AcDbText
 10
1022.4
 20
345.4
 30
0.0
 40
1.15
  1
АПС
 11
1022.4
 21
345.4
 31
0.0
100
AcDbText
  0
CIRCLE
  5
448
330
17
100
AcDbEntity
  8
GRAPH
100
AcDbCircle
 10
1029.0
 20
346.0
 30
0.0
 40
1.1
  0
TEXT
  5
449
330
17
100
AcDbEntity
  8
TEXT
100
AcDbText
 10
1030.4
 20
345.4
 30
0.0
 40
1.15
  1
Ду15
 11
1030.4
 21
345.4
 31
0.0
100
AcDbText
  0
CIRCLE
  5
44A
330
17
100
AcDbEntity
  8
GRAPH
100
AcDbCircle
 10
1005.0
 20
356.0
 30
0.0
 40
1.1
  0
TEXT
  5
44B
330
17
100
AcDbEntity
  8
TEXT
100
AcDbText
 10
1006.4
 20
355.4
 30
0.0
 40
1.15
  1
220В
 11
1006.4
 21
355.4
 31
0.0
100
AcDbText
  0
CIRCLE
  5
44C
330
17
100
AcDbEntity
  8
GRAPH
100
AcDbCircle
 10
1013.0
 20
356.0
 30
0.0
 40
1.1
  0
TEXT
  5
44D
330
17
100
AcDbEntity
  8
TEXT
100
AcDbText
 10
1014.4
 20
355.4
 30
0.0
 40
1.15
  1
Св.
 11
1014.4
 21
355.4
 31
0.0
100
AcDbText
  0
CIRCLE
  5
44E
330
17
100
AcDbEntity
  8
GRAPH
100
AcDbCircle
 10
1021.0
 20
356.0
 30
0.0
 40
1.1
  0
TEXT
  5
44F
330
17
100
AcDbEntity
  8
TEXT
100
AcDbText
 10
1022.4
 20
355.4
 30
0.0
 40
1.15
  1
ИПР
 11
1022.4
 21
355.4
 31
0.0
100
AcDbText
  0
CIRCLE
  5
450
330
17
100
AcDbEntity
  8
GRAPH
100
AcDbCircle
 10
1029.0
 20
356.0
 30
0.0
 40
1.1
  0
TEXT
  5
451
330
17
100
AcDbEntity
  8
TEXT
100
AcDbText
 10
1030.4
 20
355.4
 30
0.0
 40
1.15
  1
Кран
 11
1030.4
 21
355.4
 31
0.0
100
AcDbText
  0
LINE
  5
452
330
17
100
AcDbEntity
  8
GRAPH
100
AcDbLine
 10
1043.0
 20
336.0
 30
0.0
 11
1081.0
 21
336.0
 31
0.0
  0
LINE
  5
453
330
17
100
AcDbEntity
  8
GRAPH
100
AcDbLine
 10
1081.0
 20
336.0
 30
0.0
 11
1081.0
 21
464.0
 31
0.0
  0
LINE
  5
454
330
17
100
AcDbEntity
  8
GRAPH
100
AcDbLine
 10
1081.0
 20
464.0
 30
0.0
 11
1043.0
 21
464.0
 31
0.0
  0
LINE
  5
455
330
17
100
AcDbEntity
  8
GRAPH
100
AcDbLine
 10
1043.0
 20
464.0
 30
0.0
 11
1043.0
 21
336.0
 31
0.0
  0
TEXT
  5
456
330
17
100
AcDbEntity
  8
TEXT
100
AcDbText
 10
1044.5
 20
458.0
 30
0.0
 40
2.0
  1
1123
 11
1044.5
 21
458.0
 31
0.0
100
AcDbText
  0
TEXT
  5
457
330
17
100
AcDbEntity
  8
TEXT
100
AcDbText
 10
1044.5
 20
452.0
 30
0.0
 40
1.7
  1
Евродвушка
 11
1044.5
 21
452.0
 31
0.0
100
AcDbText
  0
TEXT
  5
458
330
17
100
AcDbEntity
  8
TEXT
100
AcDbText
 10
1044.5
 20
446.0
 30
0.0
 40
1.6
  1
S=43.3
 11
1044.5
 21
446.0
 31
0.0
100
AcDbText
  0
CIRCLE
  5
459
330
17
100
AcDbEntity
  8
GRAPH
100
AcDbCircle
 10
1047.0
 20
346.0
 30
0.0
 40
1.1
  0
TEXT
  5
45A
330
17
100
AcDbEntity
  8
TEXT
100
AcDbText
 10
1048.4
 20
345.4
 30
0.0
 40
1.15
  1
ПСВ
 11
1048.4
 21
345.4
 31
0.0
100
AcDbText
  0
CIRCLE
  5
45B
330
17
100
AcDbEntity
  8
GRAPH
100
AcDbCircle
 10
1055.0
 20
346.0
 30
0.0
 40
1.1
  0
TEXT
  5
45C
330
17
100
AcDbEntity
  8
TEXT
100
AcDbText
 10
1056.4
 20
345.4
 30
0.0
 40
1.15
  1
ОП-5
 11
1056.4
 21
345.4
 31
0.0
100
AcDbText
  0
CIRCLE
  5
45D
330
17
100
AcDbEntity
  8
GRAPH
100
AcDbCircle
 10
1063.0
 20
346.0
 30
0.0
 40
1.1
  0
TEXT
  5
45E
330
17
100
AcDbEntity
  8
TEXT
100
AcDbText
 10
1064.4
 20
345.4
 30
0.0
 40
1.15
  1
АПС
 11
1064.4
 21
345.4
 31
0.0
100
AcDbText
  0
CIRCLE
  5
45F
330
17
100
AcDbEntity
  8
GRAPH
100
AcDbCircle
 10
1071.0
 20
346.0
 30
0.0
 40
1.1
  0
TEXT
  5
460
330
17
100
AcDbEntity
  8
TEXT
100
AcDbText
 10
1072.4
 20
345.4
 30
0.0
 40
1.15
  1
Ду15
 11
1072.4
 21
345.4
 31
0.0
100
AcDbText
  0
CIRCLE
  5
461
330
17
100
AcDbEntity
  8
GRAPH
100
AcDbCircle
 10
1047.0
 20
356.0
 30
0.0
 40
1.1
  0
TEXT
  5
462
330
17
100
AcDbEntity
  8
TEXT
100
AcDbText
 10
1048.4
 20
355.4
 30
0.0
 40
1.15
  1
220В
 11
1048.4
 21
355.4
 31
0.0
100
AcDbText
  0
CIRCLE
  5
463
330
17
100
AcDbEntity
  8
GRAPH
100
AcDbCircle
 10
1055.0
 20
356.0
 30
0.0
 40
1.1
  0
TEXT
  5
464
330
17
100
AcDbEntity
  8
TEXT
100
AcDbText
 10
1056.4
 20
355.4
 30
0.0
 40
1.15
  1
Св.
 11
1056.4
 21
355.4
 31
0.0
100
AcDbText
  0
CIRCLE
  5
465
330
17
100
AcDbEntity
  8
GRAPH
100
AcDbCircle
 10
1063.0
 20
356.0
 30
0.0
 40
1.1
  0
TEXT
  5
466
330
17
100
AcDbEntity
  8
TEXT
100
AcDbText
 10
1064.4
 20
355.4
 30
0.0
 40
1.15
  1
ИПР
 11
1064.4
 21
355.4
 31
0.0
100
AcDbText
  0
CIRCLE
  5
467
330
17
100
AcDbEntity
  8
GRAPH
100
AcDbCircle
 10
1071.0
 20
356.0
 30
0.0
 40
1.1
  0
TEXT
  5
468
330
17
100
AcDbEntity
  8
TEXT
100
AcDbText
 10
1072.4
 20
355.4
 30
0.0
 40
1.15
  1
Кран
 11
1072.4
 21
355.4
 31
0.0
100
AcDbText
  0
LINE
  5
469
330
17
100
AcDbEntity
  8
GRAPH
100
AcDbLine
 10
1085.0
 20
336.0
 30
0.0
 11
1123.0
 21
336.0
 31
0.0
  0
LINE
  5
46A
330
17
100
AcDbEntity
  8
GRAPH
100
AcDbLine
 10
1123.0
 20
336.0
 30
0.0
 11
1123.0
 21
464.0
 31
0.0
  0
LINE
  5
46B
330
17
100
AcDbEntity
  8
GRAPH
100
AcDbLine
 10
1123.0
 20
464.0
 30
0.0
 11
1085.0
 21
464.0
 31
0.0
  0
LINE
  5
46C
330
17
100
AcDbEntity
  8
GRAPH
100
AcDbLine
 10
1085.0
 20
464.0
 30
0.0
 11
1085.0
 21
336.0
 31
0.0
  0
TEXT
  5
46D
330
17
100
AcDbEntity
  8
TEXT
100
AcDbText
 10
1086.5
 20
458.0
 30
0.0
 40
2.0
  1
1124
 11
1086.5
 21
458.0
 31
0.0
100
AcDbText
  0
TEXT
  5
46E
330
17
100
AcDbEntity
  8
TEXT
100
AcDbText
 10
1086.5
 20
452.0
 30
0.0
 40
1.7
  1
Студия
 11
1086.5
 21
452.0
 31
0.0
100
AcDbText
  0
TEXT
  5
46F
330
17
100
AcDbEntity
  8
TEXT
100
AcDbText
 10
1086.5
 20
446.0
 30
0.0
 40
1.6
  1
S=50.4
 11
1086.5
 21
446.0
 31
0.0
100
AcDbText
  0
CIRCLE
  5
470
330
17
100
AcDbEntity
  8
GRAPH
100
AcDbCircle
 10
1089.0
 20
346.0
 30
0.0
 40
1.1
  0
TEXT
  5
471
330
17
100
AcDbEntity
  8
TEXT
100
AcDbText
 10
1090.4
 20
345.4
 30
0.0
 40
1.15
  1
ПСВ
 11
1090.4
 21
345.4
 31
0.0
100
AcDbText
  0
CIRCLE
  5
472
330
17
100
AcDbEntity
  8
GRAPH
100
AcDbCircle
 10
1097.0
 20
346.0
 30
0.0
 40
1.1
  0
TEXT
  5
473
330
17
100
AcDbEntity
  8
TEXT
100
AcDbText
 10
1098.4
 20
345.4
 30
0.0
 40
1.15
  1
ОП-5
 11
1098.4
 21
345.4
 31
0.0
100
AcDbText
  0
CIRCLE
  5
474
330
17
100
AcDbEntity
  8
GRAPH
100
AcDbCircle
 10
1105.0
 20
346.0
 30
0.0
 40
1.1
  0
TEXT
  5
475
330
17
100
AcDbEntity
  8
TEXT
100
AcDbText
 10
1106.4
 20
345.4
 30
0.0
 40
1.15
  1
АПС
 11
1106.4
 21
345.4
 31
0.0
100
AcDbText
  0
CIRCLE
  5
476
330
17
100
AcDbEntity
  8
GRAPH
100
AcDbCircle
 10
1113.0
 20
346.0
 30
0.0
 40
1.1
  0
TEXT
  5
477
330
17
100
AcDbEntity
  8
TEXT
100
AcDbText
 10
1114.4
 20
345.4
 30
0.0
 40
1.15
  1
Ду15
 11
1114.4
 21
345.4
 31
0.0
100
AcDbText
  0
CIRCLE
  5
478
330
17
100
AcDbEntity
  8
GRAPH
100
AcDbCircle
 10
1089.0
 20
356.0
 30
0.0
 40
1.1
  0
TEXT
  5
479
330
17
100
AcDbEntity
  8
TEXT
100
AcDbText
 10
1090.4
 20
355.4
 30
0.0
 40
1.15
  1
220В
 11
1090.4
 21
355.4
 31
0.0
100
AcDbText
  0
CIRCLE
  5
47A
330
17
100
AcDbEntity
  8
GRAPH
100
AcDbCircle
 10
1097.0
 20
356.0
 30
0.0
 40
1.1
  0
TEXT
  5
47B
330
17
100
AcDbEntity
  8
TEXT
100
AcDbText
 10
1098.4
 20
355.4
 30
0.0
 40
1.15
  1
Св.
 11
1098.4
 21
355.4
 31
0.0
100
AcDbText
  0
CIRCLE
  5
47C
330
17
100
AcDbEntity
  8
GRAPH
100
AcDbCircle
 10
1105.0
 20
356.0
 30
0.0
 40
1.1
  0
TEXT
  5
47D
330
17
100
AcDbEntity
  8
TEXT
100
AcDbText
 10
1106.4
 20
355.4
 30
0.0
 40
1.15
  1
ИПР
 11
1106.4
 21
355.4
 31
0.0
100
AcDbText
  0
CIRCLE
  5
47E
330
17
100
AcDbEntity
  8
GRAPH
100
AcDbCircle
 10
1113.0
 20
356.0
 30
0.0
 40
1.1
  0
TEXT
  5
47F
330
17
100
AcDbEntity
  8
TEXT
100
AcDbText
 10
1114.4
 20
355.4
 30
0.0
 40
1.15
  1
Кран
 11
1114.4
 21
355.4
 31
0.0
100
AcDbText
  0
LINE
  5
480
330
17
100
AcDbEntity
  8
GRAPH
100
AcDbLine
 10
917.0
 20
118.0
 30
0.0
 11
955.0
 21
118.0
 31
0.0
  0
LINE
  5
481
330
17
100
AcDbEntity
  8
GRAPH
100
AcDbLine
 10
955.0
 20
118.0
 30
0.0
 11
955.0
 21
254.0
 31
0.0
  0
LINE
  5
482
330
17
100
AcDbEntity
  8
GRAPH
100
AcDbLine
 10
955.0
 20
254.0
 30
0.0
 11
917.0
 21
254.0
 31
0.0
  0
LINE
  5
483
330
17
100
AcDbEntity
  8
GRAPH
100
AcDbLine
 10
917.0
 20
254.0
 30
0.0
 11
917.0
 21
118.0
 31
0.0
  0
TEXT
  5
484
330
17
100
AcDbEntity
  8
TEXT
100
AcDbText
 10
918.5
 20
248.0
 30
0.0
 40
2.0
  1
1125
 11
918.5
 21
248.0
 31
0.0
100
AcDbText
  0
TEXT
  5
485
330
17
100
AcDbEntity
  8
TEXT
100
AcDbText
 10
918.5
 20
242.0
 30
0.0
 40
1.7
  1
1-комн.
 11
918.5
 21
242.0
 31
0.0
100
AcDbText
  0
TEXT
  5
486
330
17
100
AcDbEntity
  8
TEXT
100
AcDbText
 10
918.5
 20
236.0
 30
0.0
 40
1.6
  1
S=57.5
 11
918.5
 21
236.0
 31
0.0
100
AcDbText
  0
CIRCLE
  5
487
330
17
100
AcDbEntity
  8
GRAPH
100
AcDbCircle
 10
921.0
 20
128.0
 30
0.0
 40
1.1
  0
TEXT
  5
488
330
17
100
AcDbEntity
  8
TEXT
100
AcDbText
 10
922.4
 20
127.4
 30
0.0
 40
1.15
  1
ПСВ
 11
922.4
 21
127.4
 31
0.0
100
AcDbText
  0
CIRCLE
  5
489
330
17
100
AcDbEntity
  8
GRAPH
100
AcDbCircle
 10
929.0
 20
128.0
 30
0.0
 40
1.1
  0
TEXT
  5
48A
330
17
100
AcDbEntity
  8
TEXT
100
AcDbText
 10
930.4
 20
127.4
 30
0.0
 40
1.15
  1
ОП-5
 11
930.4
 21
127.4
 31
0.0
100
AcDbText
  0
CIRCLE
  5
48B
330
17
100
AcDbEntity
  8
GRAPH
100
AcDbCircle
 10
937.0
 20
128.0
 30
0.0
 40
1.1
  0
TEXT
  5
48C
330
17
100
AcDbEntity
  8
TEXT
100
AcDbText
 10
938.4
 20
127.4
 30
0.0
 40
1.15
  1
АПС
 11
938.4
 21
127.4
 31
0.0
100
AcDbText
  0
CIRCLE
  5
48D
330
17
100
AcDbEntity
  8
GRAPH
100
AcDbCircle
 10
945.0
 20
128.0
 30
0.0
 40
1.1
  0
TEXT
  5
48E
330
17
100
AcDbEntity
  8
TEXT
100
AcDbText
 10
946.4
 20
127.4
 30
0.0
 40
1.15
  1
Ду15
 11
946.4
 21
127.4
 31
0.0
100
AcDbText
  0
CIRCLE
  5
48F
330
17
100
AcDbEntity
  8
GRAPH
100
AcDbCircle
 10
921.0
 20
138.0
 30
0.0
 40
1.1
  0
TEXT
  5
490
330
17
100
AcDbEntity
  8
TEXT
100
AcDbText
 10
922.4
 20
137.4
 30
0.0
 40
1.15
  1
220В
 11
922.4
 21
137.4
 31
0.0
100
AcDbText
  0
CIRCLE
  5
491
330
17
100
AcDbEntity
  8
GRAPH
100
AcDbCircle
 10
929.0
 20
138.0
 30
0.0
 40
1.1
  0
TEXT
  5
492
330
17
100
AcDbEntity
  8
TEXT
100
AcDbText
 10
930.4
 20
137.4
 30
0.0
 40
1.15
  1
Св.
 11
930.4
 21
137.4
 31
0.0
100
AcDbText
  0
CIRCLE
  5
493
330
17
100
AcDbEntity
  8
GRAPH
100
AcDbCircle
 10
937.0
 20
138.0
 30
0.0
 40
1.1
  0
TEXT
  5
494
330
17
100
AcDbEntity
  8
TEXT
100
AcDbText
 10
938.4
 20
137.4
 30
0.0
 40
1.15
  1
ИПР
 11
938.4
 21
137.4
 31
0.0
100
AcDbText
  0
CIRCLE
  5
495
330
17
100
AcDbEntity
  8
GRAPH
100
AcDbCircle
 10
945.0
 20
138.0
 30
0.0
 40
1.1
  0
TEXT
  5
496
330
17
100
AcDbEntity
  8
TEXT
100
AcDbText
 10
946.4
 20
137.4
 30
0.0
 40
1.15
  1
Кран
 11
946.4
 21
137.4
 31
0.0
100
AcDbText
  0
HATCH
  5
497
330
17
100
AcDbEntity
  8
TABLE_FILL
 62
7
100
AcDbHatch
 10
0.0
 20
0.0
 30
0.0
210
0.0
220
0.0
230
1.0
  2
SOLID
 70
1
 71
0
 91
1
 92
3
 72
0
 73
1
 93
4
 10
959.0
 20
118.0
 10
997.0
 20
118.0
 10
997.0
 20
254.0
 10
959.0
 20
254.0
 97
0
 75
0
 76
1
 98
0
  0
LINE
  5
498
330
17
100
AcDbEntity
  8
GRAPH
100
AcDbLine
 10
959.0
 20
118.0
 30
0.0
 11
997.0
 21
118.0
 31
0.0
  0
LINE
  5
499
330
17
100
AcDbEntity
  8
GRAPH
100
AcDbLine
 10
997.0
 20
118.0
 30
0.0
 11
997.0
 21
254.0
 31
0.0
  0
LINE
  5
49A
330
17
100
AcDbEntity
  8
GRAPH
100
AcDbLine
 10
997.0
 20
254.0
 30
0.0
 11
959.0
 21
254.0
 31
0.0
  0
LINE
  5
49B
330
17
100
AcDbEntity
  8
GRAPH
100
AcDbLine
 10
959.0
 20
254.0
 30
0.0
 11
959.0
 21
118.0
 31
0.0
  0
TEXT
  5
49C
330
17
100
AcDbEntity
  8
TEXT
100
AcDbText
 10
960.5
 20
248.0
 30
0.0
 40
2.0
  1
1126
 11
960.5
 21
248.0
 31
0.0
100
AcDbText
  0
TEXT
  5
49D
330
17
100
AcDbEntity
  8
TEXT
100
AcDbText
 10
960.5
 20
242.0
 30
0.0
 40
1.7
  1
2-комн.
 11
960.5
 21
242.0
 31
0.0
100
AcDbText
  0
TEXT
  5
49E
330
17
100
AcDbEntity
  8
TEXT
100
AcDbText
 10
960.5
 20
236.0
 30
0.0
 40
1.6
  1
S=24.6
 11
960.5
 21
236.0
 31
0.0
100
AcDbText
  0
CIRCLE
  5
49F
330
17
100
AcDbEntity
  8
GRAPH
100
AcDbCircle
 10
963.0
 20
128.0
 30
0.0
 40
1.1
  0
TEXT
  5
4A0
330
17
100
AcDbEntity
  8
TEXT
100
AcDbText
 10
964.4
 20
127.4
 30
0.0
 40
1.15
  1
ПСВ
 11
964.4
 21
127.4
 31
0.0
100
AcDbText
  0
CIRCLE
  5
4A1
330
17
100
AcDbEntity
  8
GRAPH
100
AcDbCircle
 10
971.0
 20
128.0
 30
0.0
 40
1.1
  0
TEXT
  5
4A2
330
17
100
AcDbEntity
  8
TEXT
100
AcDbText
 10
972.4
 20
127.4
 30
0.0
 40
1.15
  1
ОП-5
 11
972.4
 21
127.4
 31
0.0
100
AcDbText
  0
CIRCLE
  5
4A3
330
17
100
AcDbEntity
  8
GRAPH
100
AcDbCircle
 10
979.0
 20
128.0
 30
0.0
 40
1.1
  0
TEXT
  5
4A4
330
17
100
AcDbEntity
  8
TEXT
100
AcDbText
 10
980.4
 20
127.4
 30
0.0
 40
1.15
  1
АПС
 11
980.4
 21
127.4
 31
0.0
100
AcDbText
  0
CIRCLE
  5
4A5
330
17
100
AcDbEntity
  8
GRAPH
100
AcDbCircle
 10
987.0
 20
128.0
 30
0.0
 40
1.1
  0
TEXT
  5
4A6
330
17
100
AcDbEntity
  8
TEXT
100
AcDbText
 10
988.4
 20
127.4
 30
0.0
 40
1.15
  1
Ду15
 11
988.4
 21
127.4
 31
0.0
100
AcDbText
  0
CIRCLE
  5
4A7
330
17
100
AcDbEntity
  8
GRAPH
100
AcDbCircle
 10
963.0
 20
138.0
 30
0.0
 40
1.1
  0
TEXT
  5
4A8
330
17
100
AcDbEntity
  8
TEXT
100
AcDbText
 10
964.4
 20
137.4
 30
0.0
 40
1.15
  1
220В
 11
964.4
 21
137.4
 31
0.0
100
AcDbText
  0
CIRCLE
  5
4A9
330
17
100
AcDbEntity
  8
GRAPH
100
AcDbCircle
 10
971.0
 20
138.0
 30
0.0
 40
1.1
  0
TEXT
  5
4AA
330
17
100
AcDbEntity
  8
TEXT
100
AcDbText
 10
972.4
 20
137.4
 30
0.0
 40
1.15
  1
Св.
 11
972.4
 21
137.4
 31
0.0
100
AcDbText
  0
CIRCLE
  5
4AB
330
17
100
AcDbEntity
  8
GRAPH
100
AcDbCircle
 10
979.0
 20
138.0
 30
0.0
 40
1.1
  0
TEXT
  5
4AC
330
17
100
AcDbEntity
  8
TEXT
100
AcDbText
 10
980.4
 20
137.4
 30
0.0
 40
1.15
  1
ИПР
 11
980.4
 21
137.4
 31
0.0
100
AcDbText
  0
CIRCLE
  5
4AD
330
17
100
AcDbEntity
  8
GRAPH
100
AcDbCircle
 10
987.0
 20
138.0
 30
0.0
 40
1.1
  0
TEXT
  5
4AE
330
17
100
AcDbEntity
  8
TEXT
100
AcDbText
 10
988.4
 20
137.4
 30
0.0
 40
1.15
  1
Кран
 11
988.4
 21
137.4
 31
0.0
100
AcDbText
  0
LINE
  5
4AF
330
17
100
AcDbEntity
  8
GRAPH
100
AcDbLine
 10
1001.0
 20
118.0
 30
0.0
 11
1039.0
 21
118.0
 31
0.0
  0
LINE
  5
4B0
330
17
100
AcDbEntity
  8
GRAPH
100
AcDbLine
 10
1039.0
 20
118.0
 30
0.0
 11
1039.0
 21
254.0
 31
0.0
  0
LINE
  5
4B1
330
17
100
AcDbEntity
  8
GRAPH
100
AcDbLine
 10
1039.0
 20
254.0
 30
0.0
 11
1001.0
 21
254.0
 31
0.0
  0
LINE
  5
4B2
330
17
100
AcDbEntity
  8
GRAPH
100
AcDbLine
 10
1001.0
 20
254.0
 30
0.0
 11
1001.0
 21
118.0
 31
0.0
  0
TEXT
  5
4B3
330
17
100
AcDbEntity
  8
TEXT
100
AcDbText
 10
1002.5
 20
248.0
 30
0.0
 40
2.0
  1
1127
 11
1002.5
 21
248.0
 31
0.0
100
AcDbText
  0
TEXT
  5
4B4
330
17
100
AcDbEntity
  8
TEXT
100
AcDbText
 10
1002.5
 20
242.0
 30
0.0
 40
1.7
  1
3-комн.
 11
1002.5
 21
242.0
 31
0.0
100
AcDbText
  0
TEXT
  5
4B5
330
17
100
AcDbEntity
  8
TEXT
100
AcDbText
 10
1002.5
 20
236.0
 30
0.0
 40
1.6
  1
S=31.7
 11
1002.5
 21
236.0
 31
0.0
100
AcDbText
  0
CIRCLE
  5
4B6
330
17
100
AcDbEntity
  8
GRAPH
100
AcDbCircle
 10
1005.0
 20
128.0
 30
0.0
 40
1.1
  0
TEXT
  5
4B7
330
17
100
AcDbEntity
  8
TEXT
100
AcDbText
 10
1006.4
 20
127.4
 30
0.0
 40
1.15
  1
ПСВ
 11
1006.4
 21
127.4
 31
0.0
100
AcDbText
  0
CIRCLE
  5
4B8
330
17
100
AcDbEntity
  8
GRAPH
100
AcDbCircle
 10
1013.0
 20
128.0
 30
0.0
 40
1.1
  0
TEXT
  5
4B9
330
17
100
AcDbEntity
  8
TEXT
100
AcDbText
 10
1014.4
 20
127.4
 30
0.0
 40
1.15
  1
ОП-5
 11
1014.4
 21
127.4
 31
0.0
100
AcDbText
  0
CIRCLE
  5
4BA
330
17
100
AcDbEntity
  8
GRAPH
100
AcDbCircle
 10
1021.0
 20
128.0
 30
0.0
 40
1.1
  0
TEXT
  5
4BB
330
17
100
AcDbEntity
  8
TEXT
100
AcDbText
 10
1022.4
 20
127.4
 30
0.0
 40
1.15
  1
АПС
 11
1022.4
 21
127.4
 31
0.0
100
AcDbText
  0
CIRCLE
  5
4BC
330
17
100
AcDbEntity
  8
GRAPH
100
AcDbCircle
 10
1029.0
 20
128.0
 30
0.0
 40
1.1
  0
TEXT
  5
4BD
330
17
100
AcDbEntity
  8
TEXT
100
AcDbText
 10
1030.4
 20
127.4
 30
0.0
 40
1.15
  1
Ду15
 11
1030.4
 21
127.4
 31
0.0
100
AcDbText
  0
CIRCLE
  5
4BE
330
17
100
AcDbEntity
  8
GRAPH
100
AcDbCircle
 10
1005.0
 20
138.0
 30
0.0
 40
1.1
  0
TEXT
  5
4BF
330
17
100
AcDbEntity
  8
TEXT
100
AcDbText
 10
1006.4
 20
137.4
 30
0.0
 40
1.15
  1
220В
 11
1006.4
 21
137.4
 31
0.0
100
AcDbText
  0
CIRCLE
  5
4C0
330
17
100
AcDbEntity
  8
GRAPH
100
AcDbCircle
 10
1013.0
 20
138.0
 30
0.0
 40
1.1
  0
TEXT
  5
4C1
330
17
100
AcDbEntity
  8
TEXT
100
AcDbText
 10
1014.4
 20
137.4
 30
0.0
 40
1.15
  1
Св.
 11
1014.4
 21
137.4
 31
0.0
100
AcDbText
  0
CIRCLE
  5
4C2
330
17
100
AcDbEntity
  8
GRAPH
100
AcDbCircle
 10
1021.0
 20
138.0
 30
0.0
 40
1.1
  0
TEXT
  5
4C3
330
17
100
AcDbEntity
  8
TEXT
100
AcDbText
 10
1022.4
 20
137.4
 30
0.0
 40
1.15
  1
ИПР
 11
1022.4
 21
137.4
 31
0.0
100
AcDbText
  0
CIRCLE
  5
4C4
330
17
100
AcDbEntity
  8
GRAPH
100
AcDbCircle
 10
1029.0
 20
138.0
 30
0.0
 40
1.1
  0
TEXT
  5
4C5
330
17
100
AcDbEntity
  8
TEXT
100
AcDbText
 10
1030.4
 20
137.4
 30
0.0
 40
1.15
  1
Кран
 11
1030.4
 21
137.4
 31
0.0
100
AcDbText
  0
LINE
  5
4C6
330
17
100
AcDbEntity
  8
GRAPH
100
AcDbLine
 10
1043.0
 20
118.0
 30
0.0
 11
1081.0
 21
118.0
 31
0.0
  0
LINE
  5
4C7
330
17
100
AcDbEntity
  8
GRAPH
100
AcDbLine
 10
1081.0
 20
118.0
 30
0.0
 11
1081.0
 21
254.0
 31
0.0
  0
LINE
  5
4C8
330
17
100
AcDbEntity
  8
GRAPH
100
AcDbLine
 10
1081.0
 20
254.0
 30
0.0
 11
1043.0
 21
254.0
 31
0.0
  0
LINE
  5
4C9
330
17
100
AcDbEntity
  8
GRAPH
100
AcDbLine
 10
1043.0
 20
254.0
 30
0.0
 11
1043.0
 21
118.0
 31
0.0
  0
TEXT
  5
4CA
330
17
100
AcDbEntity
  8
TEXT
100
AcDbText
 10
1044.5
 20
248.0
 30
0.0
 40
2.0
  1
1128
 11
1044.5
 21
248.0
 31
0.0
100
AcDbText
  0
TEXT
  5
4CB
330
17
100
AcDbEntity
  8
TEXT
100
AcDbText
 10
1044.5
 20
242.0
 30
0.0
 40
1.7
  1
Евродвушка
 11
1044.5
 21
242.0
 31
0.0
100
AcDbText
  0
TEXT
  5
4CC
330
17
100
AcDbEntity
  8
TEXT
100
AcDbText
 10
1044.5
 20
236.0
 30
0.0
 40
1.6
  1
S=38.8
 11
1044.5
 21
236.0
 31
0.0
100
AcDbText
  0
CIRCLE
  5
4CD
330
17
100
AcDbEntity
  8
GRAPH
100
AcDbCircle
 10
1047.0
 20
128.0
 30
0.0
 40
1.1
  0
TEXT
  5
4CE
330
17
100
AcDbEntity
  8
TEXT
100
AcDbText
 10
1048.4
 20
127.4
 30
0.0
 40
1.15
  1
ПСВ
 11
1048.4
 21
127.4
 31
0.0
100
AcDbText
  0
CIRCLE
  5
4CF
330
17
100
AcDbEntity
  8
GRAPH
100
AcDbCircle
 10
1055.0
 20
128.0
 30
0.0
 40
1.1
  0
TEXT
  5
4D0
330
17
100
AcDbEntity
  8
TEXT
100
AcDbText
 10
1056.4
 20
127.4
 30
0.0
 40
1.15
  1
ОП-5
 11
1056.4
 21
127.4
 31
0.0
100
AcDbText
  0
CIRCLE
  5
4D1
330
17
100
AcDbEntity
  8
GRAPH
100
AcDbCircle
 10
1063.0
 20
128.0
 30
0.0
 40
1.1
  0
TEXT
  5
4D2
330
17
100
AcDbEntity
  8
TEXT
100
AcDbText
 10
1064.4
 20
127.4
 30
0.0
 40
1.15
  1
АПС
 11
1064.4
 21
127.4
 31
0.0
100
AcDbText
  0
CIRCLE
  5
4D3
330
17
100
AcDbEntity
  8
GRAPH
100
AcDbCircle
 10
1071.0
 20
128.0
 30
0.0
 40
1.1
  0
TEXT
  5
4D4
330
17
100
AcDbEntity
  8
TEXT
100
AcDbText
 10
1072.4
 20
127.4
 30
0.0
 40
1.15
  1
Ду15
 11
1072.4
 21
127.4
 31
0.0
100
AcDbText
  0
CIRCLE
  5
4D5
330
17
100
AcDbEntity
  8
GRAPH
100
AcDbCircle
 10
1047.0
 20
138.0
 30
0.0
 40
1.1
  0
TEXT
  5
4D6
330
17
100
AcDbEntity
  8
TEXT
100
AcDbText
 10
1048.4
 20
137.4
 30
0.0
 40
1.15
  1
220В
 11
1048.4
 21
137.4
 31
0.0
100
AcDbText
  0
CIRCLE
  5
4D7
330
17
100
AcDbEntity
  8
GRAPH
100
AcDbCircle
 10
1055.0
 20
138.0
 30
0.0
 40
1.1
  0
TEXT
  5
4D8
330
17
100
AcDbEntity
  8
TEXT
100
AcDbText
 10
1056.4
 20
137.4
 30
0.0
 40
1.15
  1
Св.
 11
1056.4
 21
137.4
 31
0.0
100
AcDbText
  0
CIRCLE
  5
4D9
330
17
100
AcDbEntity
  8
GRAPH
100
AcDbCircle
 10
1063.0
 20
138.0
 30
0.0
 40
1.1
  0
TEXT
  5
4DA
330
17
100
AcDbEntity
  8
TEXT
100
AcDbText
 10
1064.4
 20
137.4
 30
0.0
 40
1.15
  1
ИПР
 11
1064.4
 21
137.4
 31
0.0
100
AcDbText
  0
CIRCLE
  5
4DB
330
17
100
AcDbEntity
  8
GRAPH
100
AcDbCircle
 10
1071.0
 20
138.0
 30
0.0
 40
1.1
  0
TEXT
  5
4DC
330
17
100
AcDbEntity
  8
TEXT
100
AcDbText
 10
1072.4
 20
137.4
 30
0.0
 40
1.15
  1
Кран
 11
1072.4
 21
137.4
 31
0.0
100
AcDbText
  0
LINE
  5
4DD
330
17
100
AcDbEntity
  8
GRAPH
100
AcDbLine
 10
1085.0
 20
118.0
 30
0.0
 11
1123.0
 21
118.0
 31
0.0
  0
LINE
  5
4DE
330
17
100
AcDbEntity
  8
GRAPH
100
AcDbLine
 10
1123.0
 20
118.0
 30
0.0
 11
1123.0
 21
254.0
 31
0.0
  0
LINE
  5
4DF
330
17
100
AcDbEntity
  8
GRAPH
100
AcDbLine
 10
1123.0
 20
254.0
 30
0.0
 11
1085.0
 21
254.0
 31
0.0
  0
LINE
  5
4E0
330
17
100
AcDbEntity
  8
GRAPH
100
AcDbLine
 10
1085.0
 20
254.0
 30
0.0
 11
1085.0
 21
118.0
 31
0.0
  0
TEXT
  5
4E1
330
17
100
AcDbEntity
  8
TEXT
100
AcDbText
 10
1086.5
 20
248.0
 30
0.0
 40
2.0
  1
1129
 11
1086.5
 21
248.0
 31
0.0
100
AcDbText
  0
TEXT
  5
4E2
330
17
100
AcDbEntity
  8
TEXT
100
AcDbText
 10
1086.5
 20
242.0
 30
0.0
 40
1.7
  1
Студия
 11
1086.5
 21
242.0
 31
0.0
100
AcDbText
  0
TEXT
  5
4E3
330
17
100
AcDbEntity
  8
TEXT
100
AcDbText
 10
1086.5
 20
236.0
 30
0.0
 40
1.6
  1
S=45.9
 11
1086.5
 21
236.0
 31
0.0
100
AcDbText
  0
CIRCLE
  5
4E4
330
17
100
AcDbEntity
  8
GRAPH
100
AcDbCircle
 10
1089.0
 20
128.0
 30
0.0
 40
1.1
  0
TEXT
  5
4E5
330
17
100
AcDbEntity
  8
TEXT
100
AcDbText
 10
1090.4
 20
127.4
 30
0.0
 40
1.15
  1
ПСВ
 11
1090.4
 21
127.4
 31
0.0
100
AcDbText
  0
CIRCLE
  5
4E6
330
17
100
AcDbEntity
  8
GRAPH
100
AcDbCircle
 10
1097.0
 20
128.0
 30
0.0
 40
1.1
  0
TEXT
  5
4E7
330
17
100
AcDbEntity
  8
TEXT
100
AcDbText
 10
1098.4
 20
127.4
 30
0.0
 40
1.15
  1
ОП-5
 11
1098.4
 21
127.4
 31
0.0
100
AcDbText
  0
CIRCLE
  5
4E8
330
17
100
AcDbEntity
  8
GRAPH
100
AcDbCircle
 10
1105.0
 20
128.0
 30
0.0
 40
1.1
  0
TEXT
  5
4E9
330
17
100
AcDbEntity
  8
TEXT
100
AcDbText
 10
1106.4
 20
127.4
 30
0.0
 40
1.15
  1
АПС
 11
1106.4
 21
127.4
 31
0.0
100
AcDbText
  0
CIRCLE
  5
4EA
330
17
100
AcDbEntity
  8
GRAPH
100
AcDbCircle
 10
1113.0
 20
128.0
 30
0.0
 40
1.1
  0
TEXT
  5
4EB
330
17
100
AcDbEntity
  8
TEXT
100
AcDbText
 10
1114.4
 20
127.4
 30
0.0
 40
1.15
  1
Ду15
 11
1114.4
 21
127.4
 31
0.0
100
AcDbText
  0
CIRCLE
  5
4EC
330
17
100
AcDbEntity
  8
GRAPH
100
AcDbCircle
 10
1089.0
 20
138.0
 30
0.0
 40
1.1
  0
TEXT
  5
4ED
330
17
100
AcDbEntity
  8
TEXT
100
AcDbText
 10
1090.4
 20
137.4
 30
0.0
 40
1.15
  1
220В
 11
1090.4
 21
137.4
 31
0.0
100
AcDbText
  0
CIRCLE
  5
4EE
330
17
100
AcDbEntity
  8
GRAPH
100
AcDbCircle
 10
1097.0
 20
138.0
 30
0.0
 40
1.1
  0
TEXT
  5
4EF
330
17
100
AcDbEntity
  8
TEXT
100
AcDbText
 10
1098.4
 20
137.4
 30
0.0
 40
1.15
  1
Св.
 11
1098.4
 21
137.4
 31
0.0
100
AcDbText
  0
CIRCLE
  5
4F0
330
17
100
AcDbEntity
  8
GRAPH
100
AcDbCircle
 10
1105.0
 20
138.0
 30
0.0
 40
1.1
  0
TEXT
  5
4F1
330
17
100
AcDbEntity
  8
TEXT
100
AcDbText
 10
1106.4
 20
137.4
 30
0.0
 40
1.15
  1
ИПР
 11
1106.4
 21
137.4
 31
0.0
100
AcDbText
  0
CIRCLE
  5
4F2
330
17
100
AcDbEntity
  8
GRAPH
100
AcDbCircle
 10
1113.0
 20
138.0
 30
0.0
 40
1.1
  0
TEXT
  5
4F3
330
17
100
AcDbEntity
  8
TEXT
100
AcDbText
 10
1114.4
 20
137.4
 30
0.0
 40
1.15
  1
Кран
 11
1114.4
 21
137.4
 31
0.0
100
AcDbText
  0
TEXT
  5
4F4
330
17
100
AcDbEntity
  8
DIM
100
AcDbText
 10
915.0
 20
102.0
 30
0.0
 40
2.0
  1
46.000
 11
915.0
 21
102.0
 31
0.0
100
AcDbText
  0
LINE
  5
4F5
330
17
100
AcDbEntity
  8
GRAPH
100
AcDbLine
 10
1171.0
 20
110.0
 30
0.0
 11
1171.0
 21
470.0
 31
0.0
  0
LINE
  5
4F6
330
17
100
AcDbEntity
  8
GRAPH
100
AcDbLine
 10
1171.0
 20
110.0
 30
0.0
 11
1387.0
 21
110.0
 31
0.0
  0
LINE
  5
4F7
330
17
100
AcDbEntity
  8
GRAPH
100
AcDbLine
 10
1207.0
 20
110.0
 30
0.0
 11
1207.0
 21
470.0
 31
0.0
  0
LINE
  5
4F8
330
17
100
AcDbEntity
  8
GRAPH
100
AcDbLine
 10
1171.0
 20
170.0
 30
0.0
 11
1387.0
 21
170.0
 31
0.0
  0
LINE
  5
4F9
330
17
100
AcDbEntity
  8
GRAPH
100
AcDbLine
 10
1243.0
 20
110.0
 30
0.0
 11
1243.0
 21
470.0
 31
0.0
  0
LINE
  5
4FA
330
17
100
AcDbEntity
  8
GRAPH
100
AcDbLine
 10
1171.0
 20
230.0
 30
0.0
 11
1387.0
 21
230.0
 31
0.0
  0
LINE
  5
4FB
330
17
100
AcDbEntity
  8
GRAPH
100
AcDbLine
 10
1279.0
 20
110.0
 30
0.0
 11
1279.0
 21
470.0
 31
0.0
  0
LINE
  5
4FC
330
17
100
AcDbEntity
  8
GRAPH
100
AcDbLine
 10
1171.0
 20
290.0
 30
0.0
 11
1387.0
 21
290.0
 31
0.0
  0
LINE
  5
4FD
330
17
100
AcDbEntity
  8
GRAPH
100
AcDbLine
 10
1315.0
 20
110.0
 30
0.0
 11
1315.0
 21
470.0
 31
0.0
  0
LINE
  5
4FE
330
17
100
AcDbEntity
  8
GRAPH
100
AcDbLine
 10
1171.0
 20
350.0
 30
0.0
 11
1387.0
 21
350.0
 31
0.0
  0
LINE
  5
4FF
330
17
100
AcDbEntity
  8
GRAPH
100
AcDbLine
 10
1351.0
 20
110.0
 30
0.0
 11
1351.0
 21
470.0
 31
0.0
  0
LINE
  5
500
330
17
100
AcDbEntity
  8
GRAPH
100
AcDbLine
 10
1171.0
 20
410.0
 30
0.0
 11
1387.0
 21
410.0
 31
0.0
  0
LINE
  5
501
330
17
100
AcDbEntity
  8
GRAPH
100
AcDbLine
 10
1387.0
 20
110.0
 30
0.0
 11
1387.0
 21
470.0
 31
0.0
  0
LINE
  5
502
330
17
100
AcDbEntity
  8
GRAPH
100
AcDbLine
 10
1171.0
 20
470.0
 30
0.0
 11
1387.0
 21
470.0
 31
0.0
  0
LINE
  5
503
330
17
100
AcDbEntity
  8
GRAPH
100
AcDbLine
 10
1171.0
 20
110.0
 30
0.0
 11
1387.0
 21
110.0
 31
0.0
  0
LINE
  5
504
330
17
100
AcDbEntity
  8
GRAPH
100
AcDbLine
 10
1387.0
 20
110.0
 30
0.0
 11
1387.0
 21
470.0
 31
0.0
  0
LINE
  5
505
330
17
100
AcDbEntity
  8
GRAPH
100
AcDbLine
 10
1387.0
 20
470.0
 30
0.0
 11
1171.0
 21
470.0
 31
0.0
  0
LINE
  5
506
330
17
100
AcDbEntity
  8
GRAPH
100
AcDbLine
 10
1171.0
 20
470.0
 30
0.0
 11
1171.0
 21
110.0
 31
0.0
  0
TEXT
  5
507
330
17
100
AcDbEntity
  8
TEXT
100
AcDbText
 10
1251.0
 20
298.0
 30
0.0
 40
3.2
  1
КОРИДОР К2
 11
1251.0
 21
298.0
 31
0.0
100
AcDbText
  0
LINE
  5
508
330
17
100
AcDbEntity
  8
GRAPH
100
AcDbLine
 10
1261.0
 20
260.0
 30
0.0
 11
1289.0
 21
260.0
 31
0.0
  0
LINE
  5
509
330
17
100
AcDbEntity
  8
GRAPH
100
AcDbLine
 10
1289.0
 20
260.0
 30
0.0
 11
1289.0
 21
330.0
 31
0.0
  0
LINE
  5
50A
330
17
100
AcDbEntity
  8
GRAPH
100
AcDbLine
 10
1289.0
 20
330.0
 30
0.0
 11
1261.0
 21
330.0
 31
0.0
  0
LINE
  5
50B
330
17
100
AcDbEntity
  8
GRAPH
100
AcDbLine
 10
1261.0
 20
330.0
 30
0.0
 11
1261.0
 21
260.0
 31
0.0
  0
LINE
  5
50C
330
17
100
AcDbEntity
  8
GRAPH
100
AcDbLine
 10
1265.0
 20
266.0
 30
0.0
 11
1285.0
 21
266.0
 31
0.0
  0
LINE
  5
50D
330
17
100
AcDbEntity
  8
GRAPH
100
AcDbLine
 10
1265.0
 20
274.0
 30
0.0
 11
1285.0
 21
274.0
 31
0.0
  0
LINE
  5
50E
330
17
100
AcDbEntity
  8
GRAPH
100
AcDbLine
 10
1265.0
 20
282.0
 30
0.0
 11
1285.0
 21
282.0
 31
0.0
  0
LINE
  5
50F
330
17
100
AcDbEntity
  8
GRAPH
100
AcDbLine
 10
1265.0
 20
290.0
 30
0.0
 11
1285.0
 21
290.0
 31
0.0
  0
LINE
  5
510
330
17
100
AcDbEntity
  8
GRAPH
100
AcDbLine
 10
1265.0
 20
298.0
 30
0.0
 11
1285.0
 21
298.0
 31
0.0
  0
LINE
  5
511
330
17
100
AcDbEntity
  8
GRAPH
100
AcDbLine
 10
1265.0
 20
306.0
 30
0.0
 11
1285.0
 21
306.0
 31
0.0
  0
LINE
  5
512
330
17
100
AcDbEntity
  8
GRAPH
100
AcDbLine
 10
1265.0
 20
314.0
 30
0.0
 11
1285.0
 21
314.0
 31
0.0
  0
LINE
  5
513
330
17
100
AcDbEntity
  8
GRAPH
100
AcDbLine
 10
1265.0
 20
322.0
 30
0.0
 11
1285.0
 21
322.0
 31
0.0
  0
TEXT
  5
514
330
17
100
AcDbEntity
  8
DIM
100
AcDbText
 10
1263.0
 20
258.0
 30
0.0
 40
1.8
  1
ширина лестничного марша 1.20 м
 11
1263.0
 21
258.0
 31
0.0
100
AcDbText
  0
LINE
  5
515
330
17
100
AcDbEntity
  8
GRAPH
100
AcDbLine
 10
1293.0
 20
278.0
 30
0.0
 11
1311.0
 21
278.0
 31
0.0
  0
LINE
  5
516
330
17
100
AcDbEntity
  8
GRAPH
100
AcDbLine
 10
1311.0
 20
278.0
 30
0.0
 11
1311.0
 21
306.0
 31
0.0
  0
LINE
  5
517
330
17
100
AcDbEntity
  8
GRAPH
100
AcDbLine
 10
1311.0
 20
306.0
 30
0.0
 11
1293.0
 21
306.0
 31
0.0
  0
LINE
  5
518
330
17
100
AcDbEntity
  8
GRAPH
100
AcDbLine
 10
1293.0
 20
306.0
 30
0.0
 11
1293.0
 21
278.0
 31
0.0
  0
TEXT
  5
519
330
17
100
AcDbEntity
  8
TEXT
100
AcDbText
 10
1294.0
 20
288.0
 30
0.0
 40
1.7
  1
630кг
 11
1294.0
 21
288.0
 31
0.0
100
AcDbText
  0
LINE
  5
51A
330
17
100
AcDbEntity
  8
GRAPH
100
AcDbLine
 10
1177.0
 20
336.0
 30
0.0
 11
1215.0
 21
336.0
 31
0.0
  0
LINE
  5
51B
330
17
100
AcDbEntity
  8
GRAPH
100
AcDbLine
 10
1215.0
 20
336.0
 30
0.0
 11
1215.0
 21
464.0
 31
0.0
  0
LINE
  5
51C
330
17
100
AcDbEntity
  8
GRAPH
100
AcDbLine
 10
1215.0
 20
464.0
 30
0.0
 11
1177.0
 21
464.0
 31
0.0
  0
LINE
  5
51D
330
17
100
AcDbEntity
  8
GRAPH
100
AcDbLine
 10
1177.0
 20
464.0
 30
0.0
 11
1177.0
 21
336.0
 31
0.0
  0
TEXT
  5
51E
330
17
100
AcDbEntity
  8
TEXT
100
AcDbText
 10
1178.5
 20
458.0
 30
0.0
 40
2.0
  1
2120
 11
1178.5
 21
458.0
 31
0.0
100
AcDbText
  0
TEXT
  5
51F
330
17
100
AcDbEntity
  8
TEXT
100
AcDbText
 10
1178.5
 20
452.0
 30
0.0
 40
1.7
  1
2-комн.
 11
1178.5
 21
452.0
 31
0.0
100
AcDbText
  0
TEXT
  5
520
330
17
100
AcDbEntity
  8
TEXT
100
AcDbText
 10
1178.5
 20
446.0
 30
0.0
 40
1.6
  1
S=23.1
 11
1178.5
 21
446.0
 31
0.0
100
AcDbText
  0
CIRCLE
  5
521
330
17
100
AcDbEntity
  8
GRAPH
100
AcDbCircle
 10
1181.0
 20
346.0
 30
0.0
 40
1.1
  0
TEXT
  5
522
330
17
100
AcDbEntity
  8
TEXT
100
AcDbText
 10
1182.4
 20
345.4
 30
0.0
 40
1.15
  1
ПСВ
 11
1182.4
 21
345.4
 31
0.0
100
AcDbText
  0
CIRCLE
  5
523
330
17
100
AcDbEntity
  8
GRAPH
100
AcDbCircle
 10
1189.0
 20
346.0
 30
0.0
 40
1.1
  0
TEXT
  5
524
330
17
100
AcDbEntity
  8
TEXT
100
AcDbText
 10
1190.4
 20
345.4
 30
0.0
 40
1.15
  1
ОП-5
 11
1190.4
 21
345.4
 31
0.0
100
AcDbText
  0
CIRCLE
  5
525
330
17
100
AcDbEntity
  8
GRAPH
100
AcDbCircle
 10
1197.0
 20
346.0
 30
0.0
 40
1.1
  0
TEXT
  5
526
330
17
100
AcDbEntity
  8
TEXT
100
AcDbText
 10
1198.4
 20
345.4
 30
0.0
 40
1.15
  1
АПС
 11
1198.4
 21
345.4
 31
0.0
100
AcDbText
  0
CIRCLE
  5
527
330
17
100
AcDbEntity
  8
GRAPH
100
AcDbCircle
 10
1205.0
 20
346.0
 30
0.0
 40
1.1
  0
TEXT
  5
528
330
17
100
AcDbEntity
  8
TEXT
100
AcDbText
 10
1206.4
 20
345.4
 30
0.0
 40
1.15
  1
Ду15
 11
1206.4
 21
345.4
 31
0.0
100
AcDbText
  0
CIRCLE
  5
529
330
17
100
AcDbEntity
  8
GRAPH
100
AcDbCircle
 10
1181.0
 20
356.0
 30
0.0
 40
1.1
  0
TEXT
  5
52A
330
17
100
AcDbEntity
  8
TEXT
100
AcDbText
 10
1182.4
 20
355.4
 30
0.0
 40
1.15
  1
220В
 11
1182.4
 21
355.4
 31
0.0
100
AcDbText
  0
CIRCLE
  5
52B
330
17
100
AcDbEntity
  8
GRAPH
100
AcDbCircle
 10
1189.0
 20
356.0
 30
0.0
 40
1.1
  0
TEXT
  5
52C
330
17
100
AcDbEntity
  8
TEXT
100
AcDbText
 10
1190.4
 20
355.4
 30
0.0
 40
1.15
  1
Св.
 11
1190.4
 21
355.4
 31
0.0
100
AcDbText
  0
CIRCLE
  5
52D
330
17
100
AcDbEntity
  8
GRAPH
100
AcDbCircle
 10
1197.0
 20
356.0
 30
0.0
 40
1.1
  0
TEXT
  5
52E
330
17
100
AcDbEntity
  8
TEXT
100
AcDbText
 10
1198.4
 20
355.4
 30
0.0
 40
1.15
  1
ИПР
 11
1198.4
 21
355.4
 31
0.0
100
AcDbText
  0
CIRCLE
  5
52F
330
17
100
AcDbEntity
  8
GRAPH
100
AcDbCircle
 10
1205.0
 20
356.0
 30
0.0
 40
1.1
  0
TEXT
  5
530
330
17
100
AcDbEntity
  8
TEXT
100
AcDbText
 10
1206.4
 20
355.4
 30
0.0
 40
1.15
  1
Кран
 11
1206.4
 21
355.4
 31
0.0
100
AcDbText
  0
LINE
  5
531
330
17
100
AcDbEntity
  8
GRAPH
100
AcDbLine
 10
1219.0
 20
336.0
 30
0.0
 11
1257.0
 21
336.0
 31
0.0
  0
LINE
  5
532
330
17
100
AcDbEntity
  8
GRAPH
100
AcDbLine
 10
1257.0
 20
336.0
 30
0.0
 11
1257.0
 21
464.0
 31
0.0
  0
LINE
  5
533
330
17
100
AcDbEntity
  8
GRAPH
100
AcDbLine
 10
1257.0
 20
464.0
 30
0.0
 11
1219.0
 21
464.0
 31
0.0
  0
LINE
  5
534
330
17
100
AcDbEntity
  8
GRAPH
100
AcDbLine
 10
1219.0
 20
464.0
 30
0.0
 11
1219.0
 21
336.0
 31
0.0
  0
TEXT
  5
535
330
17
100
AcDbEntity
  8
TEXT
100
AcDbText
 10
1220.5
 20
458.0
 30
0.0
 40
2.0
  1
2121
 11
1220.5
 21
458.0
 31
0.0
100
AcDbText
  0
TEXT
  5
536
330
17
100
AcDbEntity
  8
TEXT
100
AcDbText
 10
1220.5
 20
452.0
 30
0.0
 40
1.7
  1
3-комн.
 11
1220.5
 21
452.0
 31
0.0
100
AcDbText
  0
TEXT
  5
537
330
17
100
AcDbEntity
  8
TEXT
100
AcDbText
 10
1220.5
 20
446.0
 30
0.0
 40
1.6
  1
S=30.2
 11
1220.5
 21
446.0
 31
0.0
100
AcDbText
  0
CIRCLE
  5
538
330
17
100
AcDbEntity
  8
GRAPH
100
AcDbCircle
 10
1223.0
 20
346.0
 30
0.0
 40
1.1
  0
TEXT
  5
539
330
17
100
AcDbEntity
  8
TEXT
100
AcDbText
 10
1224.4
 20
345.4
 30
0.0
 40
1.15
  1
ПСВ
 11
1224.4
 21
345.4
 31
0.0
100
AcDbText
  0
CIRCLE
  5
53A
330
17
100
AcDbEntity
  8
GRAPH
100
AcDbCircle
 10
1231.0
 20
346.0
 30
0.0
 40
1.1
  0
TEXT
  5
53B
330
17
100
AcDbEntity
  8
TEXT
100
AcDbText
 10
1232.4
 20
345.4
 30
0.0
 40
1.15
  1
ОП-5
 11
1232.4
 21
345.4
 31
0.0
100
AcDbText
  0
CIRCLE
  5
53C
330
17
100
AcDbEntity
  8
GRAPH
100
AcDbCircle
 10
1239.0
 20
346.0
 30
0.0
 40
1.1
  0
TEXT
  5
53D
330
17
100
AcDbEntity
  8
TEXT
100
AcDbText
 10
1240.4
 20
345.4
 30
0.0
 40
1.15
  1
АПС
 11
1240.4
 21
345.4
 31
0.0
100
AcDbText
  0
CIRCLE
  5
53E
330
17
100
AcDbEntity
  8
GRAPH
100
AcDbCircle
 10
1247.0
 20
346.0
 30
0.0
 40
1.1
  0
TEXT
  5
53F
330
17
100
AcDbEntity
  8
TEXT
100
AcDbText
 10
1248.4
 20
345.4
 30
0.0
 40
1.15
  1
Ду15
 11
1248.4
 21
345.4
 31
0.0
100
AcDbText
  0
CIRCLE
  5
540
330
17
100
AcDbEntity
  8
GRAPH
100
AcDbCircle
 10
1223.0
 20
356.0
 30
0.0
 40
1.1
  0
TEXT
  5
541
330
17
100
AcDbEntity
  8
TEXT
100
AcDbText
 10
1224.4
 20
355.4
 30
0.0
 40
1.15
  1
220В
 11
1224.4
 21
355.4
 31
0.0
100
AcDbText
  0
CIRCLE
  5
542
330
17
100
AcDbEntity
  8
GRAPH
100
AcDbCircle
 10
1231.0
 20
356.0
 30
0.0
 40
1.1
  0
TEXT
  5
543
330
17
100
AcDbEntity
  8
TEXT
100
AcDbText
 10
1232.4
 20
355.4
 30
0.0
 40
1.15
  1
Св.
 11
1232.4
 21
355.4
 31
0.0
100
AcDbText
  0
CIRCLE
  5
544
330
17
100
AcDbEntity
  8
GRAPH
100
AcDbCircle
 10
1239.0
 20
356.0
 30
0.0
 40
1.1
  0
TEXT
  5
545
330
17
100
AcDbEntity
  8
TEXT
100
AcDbText
 10
1240.4
 20
355.4
 30
0.0
 40
1.15
  1
ИПР
 11
1240.4
 21
355.4
 31
0.0
100
AcDbText
  0
CIRCLE
  5
546
330
17
100
AcDbEntity
  8
GRAPH
100
AcDbCircle
 10
1247.0
 20
356.0
 30
0.0
 40
1.1
  0
TEXT
  5
547
330
17
100
AcDbEntity
  8
TEXT
100
AcDbText
 10
1248.4
 20
355.4
 30
0.0
 40
1.15
  1
Кран
 11
1248.4
 21
355.4
 31
0.0
100
AcDbText
  0
HATCH
  5
548
330
17
100
AcDbEntity
  8
TABLE_FILL
 62
7
100
AcDbHatch
 10
0.0
 20
0.0
 30
0.0
210
0.0
220
0.0
230
1.0
  2
SOLID
 70
1
 71
0
 91
1
 92
3
 72
0
 73
1
 93
4
 10
1261.0
 20
336.0
 10
1299.0
 20
336.0
 10
1299.0
 20
464.0
 10
1261.0
 20
464.0
 97
0
 75
0
 76
1
 98
0
  0
LINE
  5
549
330
17
100
AcDbEntity
  8
GRAPH
100
AcDbLine
 10
1261.0
 20
336.0
 30
0.0
 11
1299.0
 21
336.0
 31
0.0
  0
LINE
  5
54A
330
17
100
AcDbEntity
  8
GRAPH
100
AcDbLine
 10
1299.0
 20
336.0
 30
0.0
 11
1299.0
 21
464.0
 31
0.0
  0
LINE
  5
54B
330
17
100
AcDbEntity
  8
GRAPH
100
AcDbLine
 10
1299.0
 20
464.0
 30
0.0
 11
1261.0
 21
464.0
 31
0.0
  0
LINE
  5
54C
330
17
100
AcDbEntity
  8
GRAPH
100
AcDbLine
 10
1261.0
 20
464.0
 30
0.0
 11
1261.0
 21
336.0
 31
0.0
  0
TEXT
  5
54D
330
17
100
AcDbEntity
  8
TEXT
100
AcDbText
 10
1262.5
 20
458.0
 30
0.0
 40
2.0
  1
2122
 11
1262.5
 21
458.0
 31
0.0
100
AcDbText
  0
TEXT
  5
54E
330
17
100
AcDbEntity
  8
TEXT
100
AcDbText
 10
1262.5
 20
452.0
 30
0.0
 40
1.7
  1
Евродвушка
 11
1262.5
 21
452.0
 31
0.0
100
AcDbText
  0
TEXT
  5
54F
330
17
100
AcDbEntity
  8
TEXT
100
AcDbText
 10
1262.5
 20
446.0
 30
0.0
 40
1.6
  1
S=37.3
 11
1262.5
 21
446.0
 31
0.0
100
AcDbText
  0
CIRCLE
  5
550
330
17
100
AcDbEntity
  8
GRAPH
100
AcDbCircle
 10
1265.0
 20
346.0
 30
0.0
 40
1.1
  0
TEXT
  5
551
330
17
100
AcDbEntity
  8
TEXT
100
AcDbText
 10
1266.4
 20
345.4
 30
0.0
 40
1.15
  1
ПСВ
 11
1266.4
 21
345.4
 31
0.0
100
AcDbText
  0
CIRCLE
  5
552
330
17
100
AcDbEntity
  8
GRAPH
100
AcDbCircle
 10
1273.0
 20
346.0
 30
0.0
 40
1.1
  0
TEXT
  5
553
330
17
100
AcDbEntity
  8
TEXT
100
AcDbText
 10
1274.4
 20
345.4
 30
0.0
 40
1.15
  1
ОП-5
 11
1274.4
 21
345.4
 31
0.0
100
AcDbText
  0
CIRCLE
  5
554
330
17
100
AcDbEntity
  8
GRAPH
100
AcDbCircle
 10
1281.0
 20
346.0
 30
0.0
 40
1.1
  0
TEXT
  5
555
330
17
100
AcDbEntity
  8
TEXT
100
AcDbText
 10
1282.4
 20
345.4
 30
0.0
 40
1.15
  1
АПС
 11
1282.4
 21
345.4
 31
0.0
100
AcDbText
  0
CIRCLE
  5
556
330
17
100
AcDbEntity
  8
GRAPH
100
AcDbCircle
 10
1289.0
 20
346.0
 30
0.0
 40
1.1
  0
TEXT
  5
557
330
17
100
AcDbEntity
  8
TEXT
100
AcDbText
 10
1290.4
 20
345.4
 30
0.0
 40
1.15
  1
Ду15
 11
1290.4
 21
345.4
 31
0.0
100
AcDbText
  0
CIRCLE
  5
558
330
17
100
AcDbEntity
  8
GRAPH
100
AcDbCircle
 10
1265.0
 20
356.0
 30
0.0
 40
1.1
  0
TEXT
  5
559
330
17
100
AcDbEntity
  8
TEXT
100
AcDbText
 10
1266.4
 20
355.4
 30
0.0
 40
1.15
  1
220В
 11
1266.4
 21
355.4
 31
0.0
100
AcDbText
  0
CIRCLE
  5
55A
330
17
100
AcDbEntity
  8
GRAPH
100
AcDbCircle
 10
1273.0
 20
356.0
 30
0.0
 40
1.1
  0
TEXT
  5
55B
330
17
100
AcDbEntity
  8
TEXT
100
AcDbText
 10
1274.4
 20
355.4
 30
0.0
 40
1.15
  1
Св.
 11
1274.4
 21
355.4
 31
0.0
100
AcDbText
  0
CIRCLE
  5
55C
330
17
100
AcDbEntity
  8
GRAPH
100
AcDbCircle
 10
1281.0
 20
356.0
 30
0.0
 40
1.1
  0
TEXT
  5
55D
330
17
100
AcDbEntity
  8
TEXT
100
AcDbText
 10
1282.4
 20
355.4
 30
0.0
 40
1.15
  1
ИПР
 11
1282.4
 21
355.4
 31
0.0
100
AcDbText
  0
CIRCLE
  5
55E
330
17
100
AcDbEntity
  8
GRAPH
100
AcDbCircle
 10
1289.0
 20
356.0
 30
0.0
 40
1.1
  0
TEXT
  5
55F
330
17
100
AcDbEntity
  8
TEXT
100
AcDbText
 10
1290.4
 20
355.4
 30
0.0
 40
1.15
  1
Кран
 11
1290.4
 21
355.4
 31
0.0
100
AcDbText
  0
LINE
  5
560
330
17
100
AcDbEntity
  8
GRAPH
100
AcDbLine
 10
1303.0
 20
336.0
 30
0.0
 11
1341.0
 21
336.0
 31
0.0
  0
LINE
  5
561
330
17
100
AcDbEntity
  8
GRAPH
100
AcDbLine
 10
1341.0
 20
336.0
 30
0.0
 11
1341.0
 21
464.0
 31
0.0
  0
LINE
  5
562
330
17
100
AcDbEntity
  8
GRAPH
100
AcDbLine
 10
1341.0
 20
464.0
 30
0.0
 11
1303.0
 21
464.0
 31
0.0
  0
LINE
  5
563
330
17
100
AcDbEntity
  8
GRAPH
100
AcDbLine
 10
1303.0
 20
464.0
 30
0.0
 11
1303.0
 21
336.0
 31
0.0
  0
TEXT
  5
564
330
17
100
AcDbEntity
  8
TEXT
100
AcDbText
 10
1304.5
 20
458.0
 30
0.0
 40
2.0
  1
2123
 11
1304.5
 21
458.0
 31
0.0
100
AcDbText
  0
TEXT
  5
565
330
17
100
AcDbEntity
  8
TEXT
100
AcDbText
 10
1304.5
 20
452.0
 30
0.0
 40
1.7
  1
Студия
 11
1304.5
 21
452.0
 31
0.0
100
AcDbText
  0
TEXT
  5
566
330
17
100
AcDbEntity
  8
TEXT
100
AcDbText
 10
1304.5
 20
446.0
 30
0.0
 40
1.6
  1
S=44.4
 11
1304.5
 21
446.0
 31
0.0
100
AcDbText
  0
CIRCLE
  5
567
330
17
100
AcDbEntity
  8
GRAPH
100
AcDbCircle
 10
1307.0
 20
346.0
 30
0.0
 40
1.1
  0
TEXT
  5
568
330
17
100
AcDbEntity
  8
TEXT
100
AcDbText
 10
1308.4
 20
345.4
 30
0.0
 40
1.15
  1
ПСВ
 11
1308.4
 21
345.4
 31
0.0
100
AcDbText
  0
CIRCLE
  5
569
330
17
100
AcDbEntity
  8
GRAPH
100
AcDbCircle
 10
1315.0
 20
346.0
 30
0.0
 40
1.1
  0
TEXT
  5
56A
330
17
100
AcDbEntity
  8
TEXT
100
AcDbText
 10
1316.4
 20
345.4
 30
0.0
 40
1.15
  1
ОП-5
 11
1316.4
 21
345.4
 31
0.0
100
AcDbText
  0
CIRCLE
  5
56B
330
17
100
AcDbEntity
  8
GRAPH
100
AcDbCircle
 10
1323.0
 20
346.0
 30
0.0
 40
1.1
  0
TEXT
  5
56C
330
17
100
AcDbEntity
  8
TEXT
100
AcDbText
 10
1324.4
 20
345.4
 30
0.0
 40
1.15
  1
АПС
 11
1324.4
 21
345.4
 31
0.0
100
AcDbText
  0
CIRCLE
  5
56D
330
17
100
AcDbEntity
  8
GRAPH
100
AcDbCircle
 10
1331.0
 20
346.0
 30
0.0
 40
1.1
  0
TEXT
  5
56E
330
17
100
AcDbEntity
  8
TEXT
100
AcDbText
 10
1332.4
 20
345.4
 30
0.0
 40
1.15
  1
Ду15
 11
1332.4
 21
345.4
 31
0.0
100
AcDbText
  0
CIRCLE
  5
56F
330
17
100
AcDbEntity
  8
GRAPH
100
AcDbCircle
 10
1307.0
 20
356.0
 30
0.0
 40
1.1
  0
TEXT
  5
570
330
17
100
AcDbEntity
  8
TEXT
100
AcDbText
 10
1308.4
 20
355.4
 30
0.0
 40
1.15
  1
220В
 11
1308.4
 21
355.4
 31
0.0
100
AcDbText
  0
CIRCLE
  5
571
330
17
100
AcDbEntity
  8
GRAPH
100
AcDbCircle
 10
1315.0
 20
356.0
 30
0.0
 40
1.1
  0
TEXT
  5
572
330
17
100
AcDbEntity
  8
TEXT
100
AcDbText
 10
1316.4
 20
355.4
 30
0.0
 40
1.15
  1
Св.
 11
1316.4
 21
355.4
 31
0.0
100
AcDbText
  0
CIRCLE
  5
573
330
17
100
AcDbEntity
  8
GRAPH
100
AcDbCircle
 10
1323.0
 20
356.0
 30
0.0
 40
1.1
  0
TEXT
  5
574
330
17
100
AcDbEntity
  8
TEXT
100
AcDbText
 10
1324.4
 20
355.4
 30
0.0
 40
1.15
  1
ИПР
 11
1324.4
 21
355.4
 31
0.0
100
AcDbText
  0
CIRCLE
  5
575
330
17
100
AcDbEntity
  8
GRAPH
100
AcDbCircle
 10
1331.0
 20
356.0
 30
0.0
 40
1.1
  0
TEXT
  5
576
330
17
100
AcDbEntity
  8
TEXT
100
AcDbText
 10
1332.4
 20
355.4
 30
0.0
 40
1.15
  1
Кран
 11
1332.4
 21
355.4
 31
0.0
100
AcDbText
  0
LINE
  5
577
330
17
100
AcDbEntity
  8
GRAPH
100
AcDbLine
 10
1345.0
 20
336.0
 30
0.0
 11
1383.0
 21
336.0
 31
0.0
  0
LINE
  5
578
330
17
100
AcDbEntity
  8
GRAPH
100
AcDbLine
 10
1383.0
 20
336.0
 30
0.0
 11
1383.0
 21
464.0
 31
0.0
  0
LINE
  5
579
330
17
100
AcDbEntity
  8
GRAPH
100
AcDbLine
 10
1383.0
 20
464.0
 30
0.0
 11
1345.0
 21
464.0
 31
0.0
  0
LINE
  5
57A
330
17
100
AcDbEntity
  8
GRAPH
100
AcDbLine
 10
1345.0
 20
464.0
 30
0.0
 11
1345.0
 21
336.0
 31
0.0
  0
TEXT
  5
57B
330
17
100
AcDbEntity
  8
TEXT
100
AcDbText
 10
1346.5
 20
458.0
 30
0.0
 40
2.0
  1
2124
 11
1346.5
 21
458.0
 31
0.0
100
AcDbText
  0
TEXT
  5
57C
330
17
100
AcDbEntity
  8
TEXT
100
AcDbText
 10
1346.5
 20
452.0
 30
0.0
 40
1.7
  1
1-комн.
 11
1346.5
 21
452.0
 31
0.0
100
AcDbText
  0
TEXT
  5
57D
330
17
100
AcDbEntity
  8
TEXT
100
AcDbText
 10
1346.5
 20
446.0
 30
0.0
 40
1.6
  1
S=51.5
 11
1346.5
 21
446.0
 31
0.0
100
AcDbText
  0
CIRCLE
  5
57E
330
17
100
AcDbEntity
  8
GRAPH
100
AcDbCircle
 10
1349.0
 20
346.0
 30
0.0
 40
1.1
  0
TEXT
  5
57F
330
17
100
AcDbEntity
  8
TEXT
100
AcDbText
 10
1350.4
 20
345.4
 30
0.0
 40
1.15
  1
ПСВ
 11
1350.4
 21
345.4
 31
0.0
100
AcDbText
  0
CIRCLE
  5
580
330
17
100
AcDbEntity
  8
GRAPH
100
AcDbCircle
 10
1357.0
 20
346.0
 30
0.0
 40
1.1
  0
TEXT
  5
581
330
17
100
AcDbEntity
  8
TEXT
100
AcDbText
 10
1358.4
 20
345.4
 30
0.0
 40
1.15
  1
ОП-5
 11
1358.4
 21
345.4
 31
0.0
100
AcDbText
  0
CIRCLE
  5
582
330
17
100
AcDbEntity
  8
GRAPH
100
AcDbCircle
 10
1365.0
 20
346.0
 30
0.0
 40
1.1
  0
TEXT
  5
583
330
17
100
AcDbEntity
  8
TEXT
100
AcDbText
 10
1366.4
 20
345.4
 30
0.0
 40
1.15
  1
АПС
 11
1366.4
 21
345.4
 31
0.0
100
AcDbText
  0
CIRCLE
  5
584
330
17
100
AcDbEntity
  8
GRAPH
100
AcDbCircle
 10
1373.0
 20
346.0
 30
0.0
 40
1.1
  0
TEXT
  5
585
330
17
100
AcDbEntity
  8
TEXT
100
AcDbText
 10
1374.4
 20
345.4
 30
0.0
 40
1.15
  1
Ду15
 11
1374.4
 21
345.4
 31
0.0
100
AcDbText
  0
CIRCLE
  5
586
330
17
100
AcDbEntity
  8
GRAPH
100
AcDbCircle
 10
1349.0
 20
356.0
 30
0.0
 40
1.1
  0
TEXT
  5
587
330
17
100
AcDbEntity
  8
TEXT
100
AcDbText
 10
1350.4
 20
355.4
 30
0.0
 40
1.15
  1
220В
 11
1350.4
 21
355.4
 31
0.0
100
AcDbText
  0
CIRCLE
  5
588
330
17
100
AcDbEntity
  8
GRAPH
100
AcDbCircle
 10
1357.0
 20
356.0
 30
0.0
 40
1.1
  0
TEXT
  5
589
330
17
100
AcDbEntity
  8
TEXT
100
AcDbText
 10
1358.4
 20
355.4
 30
0.0
 40
1.15
  1
Св.
 11
1358.4
 21
355.4
 31
0.0
100
AcDbText
  0
CIRCLE
  5
58A
330
17
100
AcDbEntity
  8
GRAPH
100
AcDbCircle
 10
1365.0
 20
356.0
 30
0.0
 40
1.1
  0
TEXT
  5
58B
330
17
100
AcDbEntity
  8
TEXT
100
AcDbText
 10
1366.4
 20
355.4
 30
0.0
 40
1.15
  1
ИПР
 11
1366.4
 21
355.4
 31
0.0
100
AcDbText
  0
CIRCLE
  5
58C
330
17
100
AcDbEntity
  8
GRAPH
100
AcDbCircle
 10
1373.0
 20
356.0
 30
0.0
 40
1.1
  0
TEXT
  5
58D
330
17
100
AcDbEntity
  8
TEXT
100
AcDbText
 10
1374.4
 20
355.4
 30
0.0
 40
1.15
  1
Кран
 11
1374.4
 21
355.4
 31
0.0
100
AcDbText
  0
LINE
  5
58E
330
17
100
AcDbEntity
  8
GRAPH
100
AcDbLine
 10
1177.0
 20
118.0
 30
0.0
 11
1215.0
 21
118.0
 31
0.0
  0
LINE
  5
58F
330
17
100
AcDbEntity
  8
GRAPH
100
AcDbLine
 10
1215.0
 20
118.0
 30
0.0
 11
1215.0
 21
254.0
 31
0.0
  0
LINE
  5
590
330
17
100
AcDbEntity
  8
GRAPH
100
AcDbLine
 10
1215.0
 20
254.0
 30
0.0
 11
1177.0
 21
254.0
 31
0.0
  0
LINE
  5
591
330
17
100
AcDbEntity
  8
GRAPH
100
AcDbLine
 10
1177.0
 20
254.0
 30
0.0
 11
1177.0
 21
118.0
 31
0.0
  0
TEXT
  5
592
330
17
100
AcDbEntity
  8
TEXT
100
AcDbText
 10
1178.5
 20
248.0
 30
0.0
 40
2.0
  1
2125
 11
1178.5
 21
248.0
 31
0.0
100
AcDbText
  0
TEXT
  5
593
330
17
100
AcDbEntity
  8
TEXT
100
AcDbText
 10
1178.5
 20
242.0
 30
0.0
 40
1.7
  1
2-комн.
 11
1178.5
 21
242.0
 31
0.0
100
AcDbText
  0
TEXT
  5
594
330
17
100
AcDbEntity
  8
TEXT
100
AcDbText
 10
1178.5
 20
236.0
 30
0.0
 40
1.6
  1
S=58.6
 11
1178.5
 21
236.0
 31
0.0
100
AcDbText
  0
CIRCLE
  5
595
330
17
100
AcDbEntity
  8
GRAPH
100
AcDbCircle
 10
1181.0
 20
128.0
 30
0.0
 40
1.1
  0
TEXT
  5
596
330
17
100
AcDbEntity
  8
TEXT
100
AcDbText
 10
1182.4
 20
127.4
 30
0.0
 40
1.15
  1
ПСВ
 11
1182.4
 21
127.4
 31
0.0
100
AcDbText
  0
CIRCLE
  5
597
330
17
100
AcDbEntity
  8
GRAPH
100
AcDbCircle
 10
1189.0
 20
128.0
 30
0.0
 40
1.1
  0
TEXT
  5
598
330
17
100
AcDbEntity
  8
TEXT
100
AcDbText
 10
1190.4
 20
127.4
 30
0.0
 40
1.15
  1
ОП-5
 11
1190.4
 21
127.4
 31
0.0
100
AcDbText
  0
CIRCLE
  5
599
330
17
100
AcDbEntity
  8
GRAPH
100
AcDbCircle
 10
1197.0
 20
128.0
 30
0.0
 40
1.1
  0
TEXT
  5
59A
330
17
100
AcDbEntity
  8
TEXT
100
AcDbText
 10
1198.4
 20
127.4
 30
0.0
 40
1.15
  1
АПС
 11
1198.4
 21
127.4
 31
0.0
100
AcDbText
  0
CIRCLE
  5
59B
330
17
100
AcDbEntity
  8
GRAPH
100
AcDbCircle
 10
1205.0
 20
128.0
 30
0.0
 40
1.1
  0
TEXT
  5
59C
330
17
100
AcDbEntity
  8
TEXT
100
AcDbText
 10
1206.4
 20
127.4
 30
0.0
 40
1.15
  1
Ду15
 11
1206.4
 21
127.4
 31
0.0
100
AcDbText
  0
CIRCLE
  5
59D
330
17
100
AcDbEntity
  8
GRAPH
100
AcDbCircle
 10
1181.0
 20
138.0
 30
0.0
 40
1.1
  0
TEXT
  5
59E
330
17
100
AcDbEntity
  8
TEXT
100
AcDbText
 10
1182.4
 20
137.4
 30
0.0
 40
1.15
  1
220В
 11
1182.4
 21
137.4
 31
0.0
100
AcDbText
  0
CIRCLE
  5
59F
330
17
100
AcDbEntity
  8
GRAPH
100
AcDbCircle
 10
1189.0
 20
138.0
 30
0.0
 40
1.1
  0
TEXT
  5
5A0
330
17
100
AcDbEntity
  8
TEXT
100
AcDbText
 10
1190.4
 20
137.4
 30
0.0
 40
1.15
  1
Св.
 11
1190.4
 21
137.4
 31
0.0
100
AcDbText
  0
CIRCLE
  5
5A1
330
17
100
AcDbEntity
  8
GRAPH
100
AcDbCircle
 10
1197.0
 20
138.0
 30
0.0
 40
1.1
  0
TEXT
  5
5A2
330
17
100
AcDbEntity
  8
TEXT
100
AcDbText
 10
1198.4
 20
137.4
 30
0.0
 40
1.15
  1
ИПР
 11
1198.4
 21
137.4
 31
0.0
100
AcDbText
  0
CIRCLE
  5
5A3
330
17
100
AcDbEntity
  8
GRAPH
100
AcDbCircle
 10
1205.0
 20
138.0
 30
0.0
 40
1.1
  0
TEXT
  5
5A4
330
17
100
AcDbEntity
  8
TEXT
100
AcDbText
 10
1206.4
 20
137.4
 30
0.0
 40
1.15
  1
Кран
 11
1206.4
 21
137.4
 31
0.0
100
AcDbText
  0
HATCH
  5
5A5
330
17
100
AcDbEntity
  8
TABLE_FILL
 62
7
100
AcDbHatch
 10
0.0
 20
0.0
 30
0.0
210
0.0
220
0.0
230
1.0
  2
SOLID
 70
1
 71
0
 91
1
 92
3
 72
0
 73
1
 93
4
 10
1219.0
 20
118.0
 10
1257.0
 20
118.0
 10
1257.0
 20
254.0
 10
1219.0
 20
254.0
 97
0
 75
0
 76
1
 98
0
  0
LINE
  5
5A6
330
17
100
AcDbEntity
  8
GRAPH
100
AcDbLine
 10
1219.0
 20
118.0
 30
0.0
 11
1257.0
 21
118.0
 31
0.0
  0
LINE
  5
5A7
330
17
100
AcDbEntity
  8
GRAPH
100
AcDbLine
 10
1257.0
 20
118.0
 30
0.0
 11
1257.0
 21
254.0
 31
0.0
  0
LINE
  5
5A8
330
17
100
AcDbEntity
  8
GRAPH
100
AcDbLine
 10
1257.0
 20
254.0
 30
0.0
 11
1219.0
 21
254.0
 31
0.0
  0
LINE
  5
5A9
330
17
100
AcDbEntity
  8
GRAPH
100
AcDbLine
 10
1219.0
 20
254.0
 30
0.0
 11
1219.0
 21
118.0
 31
0.0
  0
TEXT
  5
5AA
330
17
100
AcDbEntity
  8
TEXT
100
AcDbText
 10
1220.5
 20
248.0
 30
0.0
 40
2.0
  1
2126
 11
1220.5
 21
248.0
 31
0.0
100
AcDbText
  0
TEXT
  5
5AB
330
17
100
AcDbEntity
  8
TEXT
100
AcDbText
 10
1220.5
 20
242.0
 30
0.0
 40
1.7
  1
3-комн.
 11
1220.5
 21
242.0
 31
0.0
100
AcDbText
  0
TEXT
  5
5AC
330
17
100
AcDbEntity
  8
TEXT
100
AcDbText
 10
1220.5
 20
236.0
 30
0.0
 40
1.6
  1
S=25.7
 11
1220.5
 21
236.0
 31
0.0
100
AcDbText
  0
CIRCLE
  5
5AD
330
17
100
AcDbEntity
  8
GRAPH
100
AcDbCircle
 10
1223.0
 20
128.0
 30
0.0
 40
1.1
  0
TEXT
  5
5AE
330
17
100
AcDbEntity
  8
TEXT
100
AcDbText
 10
1224.4
 20
127.4
 30
0.0
 40
1.15
  1
ПСВ
 11
1224.4
 21
127.4
 31
0.0
100
AcDbText
  0
CIRCLE
  5
5AF
330
17
100
AcDbEntity
  8
GRAPH
100
AcDbCircle
 10
1231.0
 20
128.0
 30
0.0
 40
1.1
  0
TEXT
  5
5B0
330
17
100
AcDbEntity
  8
TEXT
100
AcDbText
 10
1232.4
 20
127.4
 30
0.0
 40
1.15
  1
ОП-5
 11
1232.4
 21
127.4
 31
0.0
100
AcDbText
  0
CIRCLE
  5
5B1
330
17
100
AcDbEntity
  8
GRAPH
100
AcDbCircle
 10
1239.0
 20
128.0
 30
0.0
 40
1.1
  0
TEXT
  5
5B2
330
17
100
AcDbEntity
  8
TEXT
100
AcDbText
 10
1240.4
 20
127.4
 30
0.0
 40
1.15
  1
АПС
 11
1240.4
 21
127.4
 31
0.0
100
AcDbText
  0
CIRCLE
  5
5B3
330
17
100
AcDbEntity
  8
GRAPH
100
AcDbCircle
 10
1247.0
 20
128.0
 30
0.0
 40
1.1
  0
TEXT
  5
5B4
330
17
100
AcDbEntity
  8
TEXT
100
AcDbText
 10
1248.4
 20
127.4
 30
0.0
 40
1.15
  1
Ду15
 11
1248.4
 21
127.4
 31
0.0
100
AcDbText
  0
CIRCLE
  5
5B5
330
17
100
AcDbEntity
  8
GRAPH
100
AcDbCircle
 10
1223.0
 20
138.0
 30
0.0
 40
1.1
  0
TEXT
  5
5B6
330
17
100
AcDbEntity
  8
TEXT
100
AcDbText
 10
1224.4
 20
137.4
 30
0.0
 40
1.15
  1
220В
 11
1224.4
 21
137.4
 31
0.0
100
AcDbText
  0
CIRCLE
  5
5B7
330
17
100
AcDbEntity
  8
GRAPH
100
AcDbCircle
 10
1231.0
 20
138.0
 30
0.0
 40
1.1
  0
TEXT
  5
5B8
330
17
100
AcDbEntity
  8
TEXT
100
AcDbText
 10
1232.4
 20
137.4
 30
0.0
 40
1.15
  1
Св.
 11
1232.4
 21
137.4
 31
0.0
100
AcDbText
  0
CIRCLE
  5
5B9
330
17
100
AcDbEntity
  8
GRAPH
100
AcDbCircle
 10
1239.0
 20
138.0
 30
0.0
 40
1.1
  0
TEXT
  5
5BA
330
17
100
AcDbEntity
  8
TEXT
100
AcDbText
 10
1240.4
 20
137.4
 30
0.0
 40
1.15
  1
ИПР
 11
1240.4
 21
137.4
 31
0.0
100
AcDbText
  0
CIRCLE
  5
5BB
330
17
100
AcDbEntity
  8
GRAPH
100
AcDbCircle
 10
1247.0
 20
138.0
 30
0.0
 40
1.1
  0
TEXT
  5
5BC
330
17
100
AcDbEntity
  8
TEXT
100
AcDbText
 10
1248.4
 20
137.4
 30
0.0
 40
1.15
  1
Кран
 11
1248.4
 21
137.4
 31
0.0
100
AcDbText
  0
LINE
  5
5BD
330
17
100
AcDbEntity
  8
GRAPH
100
AcDbLine
 10
1261.0
 20
118.0
 30
0.0
 11
1299.0
 21
118.0
 31
0.0
  0
LINE
  5
5BE
330
17
100
AcDbEntity
  8
GRAPH
100
AcDbLine
 10
1299.0
 20
118.0
 30
0.0
 11
1299.0
 21
254.0
 31
0.0
  0
LINE
  5
5BF
330
17
100
AcDbEntity
  8
GRAPH
100
AcDbLine
 10
1299.0
 20
254.0
 30
0.0
 11
1261.0
 21
254.0
 31
0.0
  0
LINE
  5
5C0
330
17
100
AcDbEntity
  8
GRAPH
100
AcDbLine
 10
1261.0
 20
254.0
 30
0.0
 11
1261.0
 21
118.0
 31
0.0
  0
TEXT
  5
5C1
330
17
100
AcDbEntity
  8
TEXT
100
AcDbText
 10
1262.5
 20
248.0
 30
0.0
 40
2.0
  1
2127
 11
1262.5
 21
248.0
 31
0.0
100
AcDbText
  0
TEXT
  5
5C2
330
17
100
AcDbEntity
  8
TEXT
100
AcDbText
 10
1262.5
 20
242.0
 30
0.0
 40
1.7
  1
Евродвушка
 11
1262.5
 21
242.0
 31
0.0
100
AcDbText
  0
TEXT
  5
5C3
330
17
100
AcDbEntity
  8
TEXT
100
AcDbText
 10
1262.5
 20
236.0
 30
0.0
 40
1.6
  1
S=32.8
 11
1262.5
 21
236.0
 31
0.0
100
AcDbText
  0
CIRCLE
  5
5C4
330
17
100
AcDbEntity
  8
GRAPH
100
AcDbCircle
 10
1265.0
 20
128.0
 30
0.0
 40
1.1
  0
TEXT
  5
5C5
330
17
100
AcDbEntity
  8
TEXT
100
AcDbText
 10
1266.4
 20
127.4
 30
0.0
 40
1.15
  1
ПСВ
 11
1266.4
 21
127.4
 31
0.0
100
AcDbText
  0
CIRCLE
  5
5C6
330
17
100
AcDbEntity
  8
GRAPH
100
AcDbCircle
 10
1273.0
 20
128.0
 30
0.0
 40
1.1
  0
TEXT
  5
5C7
330
17
100
AcDbEntity
  8
TEXT
100
AcDbText
 10
1274.4
 20
127.4
 30
0.0
 40
1.15
  1
ОП-5
 11
1274.4
 21
127.4
 31
0.0
100
AcDbText
  0
CIRCLE
  5
5C8
330
17
100
AcDbEntity
  8
GRAPH
100
AcDbCircle
 10
1281.0
 20
128.0
 30
0.0
 40
1.1
  0
TEXT
  5
5C9
330
17
100
AcDbEntity
  8
TEXT
100
AcDbText
 10
1282.4
 20
127.4
 30
0.0
 40
1.15
  1
АПС
 11
1282.4
 21
127.4
 31
0.0
100
AcDbText
  0
CIRCLE
  5
5CA
330
17
100
AcDbEntity
  8
GRAPH
100
AcDbCircle
 10
1289.0
 20
128.0
 30
0.0
 40
1.1
  0
TEXT
  5
5CB
330
17
100
AcDbEntity
  8
TEXT
100
AcDbText
 10
1290.4
 20
127.4
 30
0.0
 40
1.15
  1
Ду15
 11
1290.4
 21
127.4
 31
0.0
100
AcDbText
  0
CIRCLE
  5
5CC
330
17
100
AcDbEntity
  8
GRAPH
100
AcDbCircle
 10
1265.0
 20
138.0
 30
0.0
 40
1.1
  0
TEXT
  5
5CD
330
17
100
AcDbEntity
  8
TEXT
100
AcDbText
 10
1266.4
 20
137.4
 30
0.0
 40
1.15
  1
220В
 11
1266.4
 21
137.4
 31
0.0
100
AcDbText
  0
CIRCLE
  5
5CE
330
17
100
AcDbEntity
  8
GRAPH
100
AcDbCircle
 10
1273.0
 20
138.0
 30
0.0
 40
1.1
  0
TEXT
  5
5CF
330
17
100
AcDbEntity
  8
TEXT
100
AcDbText
 10
1274.4
 20
137.4
 30
0.0
 40
1.15
  1
Св.
 11
1274.4
 21
137.4
 31
0.0
100
AcDbText
  0
CIRCLE
  5
5D0
330
17
100
AcDbEntity
  8
GRAPH
100
AcDbCircle
 10
1281.0
 20
138.0
 30
0.0
 40
1.1
  0
TEXT
  5
5D1
330
17
100
AcDbEntity
  8
TEXT
100
AcDbText
 10
1282.4
 20
137.4
 30
0.0
 40
1.15
  1
ИПР
 11
1282.4
 21
137.4
 31
0.0
100
AcDbText
  0
CIRCLE
  5
5D2
330
17
100
AcDbEntity
  8
GRAPH
100
AcDbCircle
 10
1289.0
 20
138.0
 30
0.0
 40
1.1
  0
TEXT
  5
5D3
330
17
100
AcDbEntity
  8
TEXT
100
AcDbText
 10
1290.4
 20
137.4
 30
0.0
 40
1.15
  1
Кран
 11
1290.4
 21
137.4
 31
0.0
100
AcDbText
  0
LINE
  5
5D4
330
17
100
AcDbEntity
  8
GRAPH
100
AcDbLine
 10
1303.0
 20
118.0
 30
0.0
 11
1341.0
 21
118.0
 31
0.0
  0
LINE
  5
5D5
330
17
100
AcDbEntity
  8
GRAPH
100
AcDbLine
 10
1341.0
 20
118.0
 30
0.0
 11
1341.0
 21
254.0
 31
0.0
  0
LINE
  5
5D6
330
17
100
AcDbEntity
  8
GRAPH
100
AcDbLine
 10
1341.0
 20
254.0
 30
0.0
 11
1303.0
 21
254.0
 31
0.0
  0
LINE
  5
5D7
330
17
100
AcDbEntity
  8
GRAPH
100
AcDbLine
 10
1303.0
 20
254.0
 30
0.0
 11
1303.0
 21
118.0
 31
0.0
  0
TEXT
  5
5D8
330
17
100
AcDbEntity
  8
TEXT
100
AcDbText
 10
1304.5
 20
248.0
 30
0.0
 40
2.0
  1
2128
 11
1304.5
 21
248.0
 31
0.0
100
AcDbText
  0
TEXT
  5
5D9
330
17
100
AcDbEntity
  8
TEXT
100
AcDbText
 10
1304.5
 20
242.0
 30
0.0
 40
1.7
  1
Студия
 11
1304.5
 21
242.0
 31
0.0
100
AcDbText
  0
TEXT
  5
5DA
330
17
100
AcDbEntity
  8
TEXT
100
AcDbText
 10
1304.5
 20
236.0
 30
0.0
 40
1.6
  1
S=39.9
 11
1304.5
 21
236.0
 31
0.0
100
AcDbText
  0
CIRCLE
  5
5DB
330
17
100
AcDbEntity
  8
GRAPH
100
AcDbCircle
 10
1307.0
 20
128.0
 30
0.0
 40
1.1
  0
TEXT
  5
5DC
330
17
100
AcDbEntity
  8
TEXT
100
AcDbText
 10
1308.4
 20
127.4
 30
0.0
 40
1.15
  1
ПСВ
 11
1308.4
 21
127.4
 31
0.0
100
AcDbText
  0
CIRCLE
  5
5DD
330
17
100
AcDbEntity
  8
GRAPH
100
AcDbCircle
 10
1315.0
 20
128.0
 30
0.0
 40
1.1
  0
TEXT
  5
5DE
330
17
100
AcDbEntity
  8
TEXT
100
AcDbText
 10
1316.4
 20
127.4
 30
0.0
 40
1.15
  1
ОП-5
 11
1316.4
 21
127.4
 31
0.0
100
AcDbText
  0
CIRCLE
  5
5DF
330
17
100
AcDbEntity
  8
GRAPH
100
AcDbCircle
 10
1323.0
 20
128.0
 30
0.0
 40
1.1
  0
TEXT
  5
5E0
330
17
100
AcDbEntity
  8
TEXT
100
AcDbText
 10
1324.4
 20
127.4
 30
0.0
 40
1.15
  1
АПС
 11
1324.4
 21
127.4
 31
0.0
100
AcDbText
  0
CIRCLE
  5
5E1
330
17
100
AcDbEntity
  8
GRAPH
100
AcDbCircle
 10
1331.0
 20
128.0
 30
0.0
 40
1.1
  0
TEXT
  5
5E2
330
17
100
AcDbEntity
  8
TEXT
100
AcDbText
 10
1332.4
 20
127.4
 30
0.0
 40
1.15
  1
Ду15
 11
1332.4
 21
127.4
 31
0.0
100
AcDbText
  0
CIRCLE
  5
5E3
330
17
100
AcDbEntity
  8
GRAPH
100
AcDbCircle
 10
1307.0
 20
138.0
 30
0.0
 40
1.1
  0
TEXT
  5
5E4
330
17
100
AcDbEntity
  8
TEXT
100
AcDbText
 10
1308.4
 20
137.4
 30
0.0
 40
1.15
  1
220В
 11
1308.4
 21
137.4
 31
0.0
100
AcDbText
  0
CIRCLE
  5
5E5
330
17
100
AcDbEntity
  8
GRAPH
100
AcDbCircle
 10
1315.0
 20
138.0
 30
0.0
 40
1.1
  0
TEXT
  5
5E6
330
17
100
AcDbEntity
  8
TEXT
100
AcDbText
 10
1316.4
 20
137.4
 30
0.0
 40
1.15
  1
Св.
 11
1316.4
 21
137.4
 31
0.0
100
AcDbText
  0
CIRCLE
  5
5E7
330
17
100
AcDbEntity
  8
GRAPH
100
AcDbCircle
 10
1323.0
 20
138.0
 30
0.0
 40
1.1
  0
TEXT
  5
5E8
330
17
100
AcDbEntity
  8
TEXT
100
AcDbText
 10
1324.4
 20
137.4
 30
0.0
 40
1.15
  1
ИПР
 11
1324.4
 21
137.4
 31
0.0
100
AcDbText
  0
CIRCLE
  5
5E9
330
17
100
AcDbEntity
  8
GRAPH
100
AcDbCircle
 10
1331.0
 20
138.0
 30
0.0
 40
1.1
  0
TEXT
  5
5EA
330
17
100
AcDbEntity
  8
TEXT
100
AcDbText
 10
1332.4
 20
137.4
 30
0.0
 40
1.15
  1
Кран
 11
1332.4
 21
137.4
 31
0.0
100
AcDbText
  0
LINE
  5
5EB
330
17
100
AcDbEntity
  8
GRAPH
100
AcDbLine
 10
1345.0
 20
118.0
 30
0.0
 11
1383.0
 21
118.0
 31
0.0
  0
LINE
  5
5EC
330
17
100
AcDbEntity
  8
GRAPH
100
AcDbLine
 10
1383.0
 20
118.0
 30
0.0
 11
1383.0
 21
254.0
 31
0.0
  0
LINE
  5
5ED
330
17
100
AcDbEntity
  8
GRAPH
100
AcDbLine
 10
1383.0
 20
254.0
 30
0.0
 11
1345.0
 21
254.0
 31
0.0
  0
LINE
  5
5EE
330
17
100
AcDbEntity
  8
GRAPH
100
AcDbLine
 10
1345.0
 20
254.0
 30
0.0
 11
1345.0
 21
118.0
 31
0.0
  0
TEXT
  5
5EF
330
17
100
AcDbEntity
  8
TEXT
100
AcDbText
 10
1346.5
 20
248.0
 30
0.0
 40
2.0
  1
2129
 11
1346.5
 21
248.0
 31
0.0
100
AcDbText
  0
TEXT
  5
5F0
330
17
100
AcDbEntity
  8
TEXT
100
AcDbText
 10
1346.5
 20
242.0
 30
0.0
 40
1.7
  1
1-комн.
 11
1346.5
 21
242.0
 31
0.0
100
AcDbText
  0
TEXT
  5
5F1
330
17
100
AcDbEntity
  8
TEXT
100
AcDbText
 10
1346.5
 20
236.0
 30
0.0
 40
1.6
  1
S=46.0
 11
1346.5
 21
236.0
 31
0.0
100
AcDbText
  0
CIRCLE
  5
5F2
330
17
100
AcDbEntity
  8
GRAPH
100
AcDbCircle
 10
1349.0
 20
128.0
 30
0.0
 40
1.1
  0
TEXT
  5
5F3
330
17
100
AcDbEntity
  8
TEXT
100
AcDbText
 10
1350.4
 20
127.4
 30
0.0
 40
1.15
  1
ПСВ
 11
1350.4
 21
127.4
 31
0.0
100
AcDbText
  0
CIRCLE
  5
5F4
330
17
100
AcDbEntity
  8
GRAPH
100
AcDbCircle
 10
1357.0
 20
128.0
 30
0.0
 40
1.1
  0
TEXT
  5
5F5
330
17
100
AcDbEntity
  8
TEXT
100
AcDbText
 10
1358.4
 20
127.4
 30
0.0
 40
1.15
  1
ОП-5
 11
1358.4
 21
127.4
 31
0.0
100
AcDbText
  0
CIRCLE
  5
5F6
330
17
100
AcDbEntity
  8
GRAPH
100
AcDbCircle
 10
1365.0
 20
128.0
 30
0.0
 40
1.1
  0
TEXT
  5
5F7
330
17
100
AcDbEntity
  8
TEXT
100
AcDbText
 10
1366.4
 20
127.4
 30
0.0
 40
1.15
  1
АПС
 11
1366.4
 21
127.4
 31
0.0
100
AcDbText
  0
CIRCLE
  5
5F8
330
17
100
AcDbEntity
  8
GRAPH
100
AcDbCircle
 10
1373.0
 20
128.0
 30
0.0
 40
1.1
  0
TEXT
  5
5F9
330
17
100
AcDbEntity
  8
TEXT
100
AcDbText
 10
1374.4
 20
127.4
 30
0.0
 40
1.15
  1
Ду15
 11
1374.4
 21
127.4
 31
0.0
100
AcDbText
  0
CIRCLE
  5
5FA
330
17
100
AcDbEntity
  8
GRAPH
100
AcDbCircle
 10
1349.0
 20
138.0
 30
0.0
 40
1.1
  0
TEXT
  5
5FB
330
17
100
AcDbEntity
  8
TEXT
100
AcDbText
 10
1350.4
 20
137.4
 30
0.0
 40
1.15
  1
220В
 11
1350.4
 21
137.4
 31
0.0
100
AcDbText
  0
CIRCLE
  5
5FC
330
17
100
AcDbEntity
  8
GRAPH
100
AcDbCircle
 10
1357.0
 20
138.0
 30
0.0
 40
1.1
  0
TEXT
  5
5FD
330
17
100
AcDbEntity
  8
TEXT
100
AcDbText
 10
1358.4
 20
137.4
 30
0.0
 40
1.15
  1
Св.
 11
1358.4
 21
137.4
 31
0.0
100
AcDbText
  0
CIRCLE
  5
5FE
330
17
100
AcDbEntity
  8
GRAPH
100
AcDbCircle
 10
1365.0
 20
138.0
 30
0.0
 40
1.1
  0
TEXT
  5
5FF
330
17
100
AcDbEntity
  8
TEXT
100
AcDbText
 10
1366.4
 20
137.4
 30
0.0
 40
1.15
  1
ИПР
 11
1366.4
 21
137.4
 31
0.0
100
AcDbText
  0
CIRCLE
  5
600
330
17
100
AcDbEntity
  8
GRAPH
100
AcDbCircle
 10
1373.0
 20
138.0
 30
0.0
 40
1.1
  0
TEXT
  5
601
330
17
100
AcDbEntity
  8
TEXT
100
AcDbText
 10
1374.4
 20
137.4
 30
0.0
 40
1.15
  1
Кран
 11
1374.4
 21
137.4
 31
0.0
100
AcDbText
  0
TEXT
  5
602
330
17
100
AcDbEntity
  8
DIM
100
AcDbText
 10
1175.0
 20
102.0
 30
0.0
 40
2.0
  1
47.100
 11
1175.0
 21
102.0
 31
0.0
100
AcDbText
  0
LINE
  5
603
330
17
100
AcDbEntity
  8
GRAPH
100
AcDbLine
 10
1431.0
 20
110.0
 30
0.0
 11
1431.0
 21
470.0
 31
0.0
  0
LINE
  5
604
330
17
100
AcDbEntity
  8
GRAPH
100
AcDbLine
 10
1431.0
 20
110.0
 30
0.0
 11
1647.0
 21
110.0
 31
0.0
  0
LINE
  5
605
330
17
100
AcDbEntity
  8
GRAPH
100
AcDbLine
 10
1467.0
 20
110.0
 30
0.0
 11
1467.0
 21
470.0
 31
0.0
  0
LINE
  5
606
330
17
100
AcDbEntity
  8
GRAPH
100
AcDbLine
 10
1431.0
 20
170.0
 30
0.0
 11
1647.0
 21
170.0
 31
0.0
  0
LINE
  5
607
330
17
100
AcDbEntity
  8
GRAPH
100
AcDbLine
 10
1503.0
 20
110.0
 30
0.0
 11
1503.0
 21
470.0
 31
0.0
  0
LINE
  5
608
330
17
100
AcDbEntity
  8
GRAPH
100
AcDbLine
 10
1431.0
 20
230.0
 30
0.0
 11
1647.0
 21
230.0
 31
0.0
  0
LINE
  5
609
330
17
100
AcDbEntity
  8
GRAPH
100
AcDbLine
 10
1539.0
 20
110.0
 30
0.0
 11
1539.0
 21
470.0
 31
0.0
  0
LINE
  5
60A
330
17
100
AcDbEntity
  8
GRAPH
100
AcDbLine
 10
1431.0
 20
290.0
 30
0.0
 11
1647.0
 21
290.0
 31
0.0
  0
LINE
  5
60B
330
17
100
AcDbEntity
  8
GRAPH
100
AcDbLine
 10
1575.0
 20
110.0
 30
0.0
 11
1575.0
 21
470.0
 31
0.0
  0
LINE
  5
60C
330
17
100
AcDbEntity
  8
GRAPH
100
AcDbLine
 10
1431.0
 20
350.0
 30
0.0
 11
1647.0
 21
350.0
 31
0.0
  0
LINE
  5
60D
330
17
100
AcDbEntity
  8
GRAPH
100
AcDbLine
 10
1611.0
 20
110.0
 30
0.0
 11
1611.0
 21
470.0
 31
0.0
  0
LINE
  5
60E
330
17
100
AcDbEntity
  8
GRAPH
100
AcDbLine
 10
1431.0
 20
410.0
 30
0.0
 11
1647.0
 21
410.0
 31
0.0
  0
LINE
  5
60F
330
17
100
AcDbEntity
  8
GRAPH
100
AcDbLine
 10
1647.0
 20
110.0
 30
0.0
 11
1647.0
 21
470.0
 31
0.0
  0
LINE
  5
610
330
17
100
AcDbEntity
  8
GRAPH
100
AcDbLine
 10
1431.0
 20
470.0
 30
0.0
 11
1647.0
 21
470.0
 31
0.0
  0
LINE
  5
611
330
17
100
AcDbEntity
  8
GRAPH
100
AcDbLine
 10
1431.0
 20
110.0
 30
0.0
 11
1647.0
 21
110.0
 31
0.0
  0
LINE
  5
612
330
17
100
AcDbEntity
  8
GRAPH
100
AcDbLine
 10
1647.0
 20
110.0
 30
0.0
 11
1647.0
 21
470.0
 31
0.0
  0
LINE
  5
613
330
17
100
AcDbEntity
  8
GRAPH
100
AcDbLine
 10
1647.0
 20
470.0
 30
0.0
 11
1431.0
 21
470.0
 31
0.0
  0
LINE
  5
614
330
17
100
AcDbEntity
  8
GRAPH
100
AcDbLine
 10
1431.0
 20
470.0
 30
0.0
 11
1431.0
 21
110.0
 31
0.0
  0
TEXT
  5
615
330
17
100
AcDbEntity
  8
TEXT
100
AcDbText
 10
1511.0
 20
298.0
 30
0.0
 40
3.2
  1
КОРИДОР К3
 11
1511.0
 21
298.0
 31
0.0
100
AcDbText
  0
LINE
  5
616
330
17
100
AcDbEntity
  8
GRAPH
100
AcDbLine
 10
1521.0
 20
260.0
 30
0.0
 11
1549.0
 21
260.0
 31
0.0
  0
LINE
  5
617
330
17
100
AcDbEntity
  8
GRAPH
100
AcDbLine
 10
1549.0
 20
260.0
 30
0.0
 11
1549.0
 21
330.0
 31
0.0
  0
LINE
  5
618
330
17
100
AcDbEntity
  8
GRAPH
100
AcDbLine
 10
1549.0
 20
330.0
 30
0.0
 11
1521.0
 21
330.0
 31
0.0
  0
LINE
  5
619
330
17
100
AcDbEntity
  8
GRAPH
100
AcDbLine
 10
1521.0
 20
330.0
 30
0.0
 11
1521.0
 21
260.0
 31
0.0
  0
LINE
  5
61A
330
17
100
AcDbEntity
  8
GRAPH
100
AcDbLine
 10
1525.0
 20
266.0
 30
0.0
 11
1545.0
 21
266.0
 31
0.0
  0
LINE
  5
61B
330
17
100
AcDbEntity
  8
GRAPH
100
AcDbLine
 10
1525.0
 20
274.0
 30
0.0
 11
1545.0
 21
274.0
 31
0.0
  0
LINE
  5
61C
330
17
100
AcDbEntity
  8
GRAPH
100
AcDbLine
 10
1525.0
 20
282.0
 30
0.0
 11
1545.0
 21
282.0
 31
0.0
  0
LINE
  5
61D
330
17
100
AcDbEntity
  8
GRAPH
100
AcDbLine
 10
1525.0
 20
290.0
 30
0.0
 11
1545.0
 21
290.0
 31
0.0
  0
LINE
  5
61E
330
17
100
AcDbEntity
  8
GRAPH
100
AcDbLine
 10
1525.0
 20
298.0
 30
0.0
 11
1545.0
 21
298.0
 31
0.0
  0
LINE
  5
61F
330
17
100
AcDbEntity
  8
GRAPH
100
AcDbLine
 10
1525.0
 20
306.0
 30
0.0
 11
1545.0
 21
306.0
 31
0.0
  0
LINE
  5
620
330
17
100
AcDbEntity
  8
GRAPH
100
AcDbLine
 10
1525.0
 20
314.0
 30
0.0
 11
1545.0
 21
314.0
 31
0.0
  0
LINE
  5
621
330
17
100
AcDbEntity
  8
GRAPH
100
AcDbLine
 10
1525.0
 20
322.0
 30
0.0
 11
1545.0
 21
322.0
 31
0.0
  0
TEXT
  5
622
330
17
100
AcDbEntity
  8
DIM
100
AcDbText
 10
1523.0
 20
258.0
 30
0.0
 40
1.8
  1
ширина лестничного марша 1.20 м
 11
1523.0
 21
258.0
 31
0.0
100
AcDbText
  0
LINE
  5
623
330
17
100
AcDbEntity
  8
GRAPH
100
AcDbLine
 10
1553.0
 20
278.0
 30
0.0
 11
1571.0
 21
278.0
 31
0.0
  0
LINE
  5
624
330
17
100
AcDbEntity
  8
GRAPH
100
AcDbLine
 10
1571.0
 20
278.0
 30
0.0
 11
1571.0
 21
306.0
 31
0.0
  0
LINE
  5
625
330
17
100
AcDbEntity
  8
GRAPH
100
AcDbLine
 10
1571.0
 20
306.0
 30
0.0
 11
1553.0
 21
306.0
 31
0.0
  0
LINE
  5
626
330
17
100
AcDbEntity
  8
GRAPH
100
AcDbLine
 10
1553.0
 20
306.0
 30
0.0
 11
1553.0
 21
278.0
 31
0.0
  0
TEXT
  5
627
330
17
100
AcDbEntity
  8
TEXT
100
AcDbText
 10
1554.0
 20
288.0
 30
0.0
 40
1.7
  1
630кг
 11
1554.0
 21
288.0
 31
0.0
100
AcDbText
  0
LINE
  5
628
330
17
100
AcDbEntity
  8
GRAPH
100
AcDbLine
 10
1437.0
 20
336.0
 30
0.0
 11
1475.0
 21
336.0
 31
0.0
  0
LINE
  5
629
330
17
100
AcDbEntity
  8
GRAPH
100
AcDbLine
 10
1475.0
 20
336.0
 30
0.0
 11
1475.0
 21
464.0
 31
0.0
  0
LINE
  5
62A
330
17
100
AcDbEntity
  8
GRAPH
100
AcDbLine
 10
1475.0
 20
464.0
 30
0.0
 11
1437.0
 21
464.0
 31
0.0
  0
LINE
  5
62B
330
17
100
AcDbEntity
  8
GRAPH
100
AcDbLine
 10
1437.0
 20
464.0
 30
0.0
 11
1437.0
 21
336.0
 31
0.0
  0
TEXT
  5
62C
330
17
100
AcDbEntity
  8
TEXT
100
AcDbText
 10
1438.5
 20
458.0
 30
0.0
 40
2.0
  1
3120
 11
1438.5
 21
458.0
 31
0.0
100
AcDbText
  0
TEXT
  5
62D
330
17
100
AcDbEntity
  8
TEXT
100
AcDbText
 10
1438.5
 20
452.0
 30
0.0
 40
1.7
  1
3-комн.
 11
1438.5
 21
452.0
 31
0.0
100
AcDbText
  0
TEXT
  5
62E
330
17
100
AcDbEntity
  8
TEXT
100
AcDbText
 10
1438.5
 20
446.0
 30
0.0
 40
1.6
  1
S=24.2
 11
1438.5
 21
446.0
 31
0.0
100
AcDbText
  0
CIRCLE
  5
62F
330
17
100
AcDbEntity
  8
GRAPH
100
AcDbCircle
 10
1441.0
 20
346.0
 30
0.0
 40
1.1
  0
TEXT
  5
630
330
17
100
AcDbEntity
  8
TEXT
100
AcDbText
 10
1442.4
 20
345.4
 30
0.0
 40
1.15
  1
ПСВ
 11
1442.4
 21
345.4
 31
0.0
100
AcDbText
  0
CIRCLE
  5
631
330
17
100
AcDbEntity
  8
GRAPH
100
AcDbCircle
 10
1449.0
 20
346.0
 30
0.0
 40
1.1
  0
TEXT
  5
632
330
17
100
AcDbEntity
  8
TEXT
100
AcDbText
 10
1450.4
 20
345.4
 30
0.0
 40
1.15
  1
ОП-5
 11
1450.4
 21
345.4
 31
0.0
100
AcDbText
  0
CIRCLE
  5
633
330
17
100
AcDbEntity
  8
GRAPH
100
AcDbCircle
 10
1457.0
 20
346.0
 30
0.0
 40
1.1
  0
TEXT
  5
634
330
17
100
AcDbEntity
  8
TEXT
100
AcDbText
 10
1458.4
 20
345.4
 30
0.0
 40
1.15
  1
АПС
 11
1458.4
 21
345.4
 31
0.0
100
AcDbText
  0
CIRCLE
  5
635
330
17
100
AcDbEntity
  8
GRAPH
100
AcDbCircle
 10
1465.0
 20
346.0
 30
0.0
 40
1.1
  0
TEXT
  5
636
330
17
100
AcDbEntity
  8
TEXT
100
AcDbText
 10
1466.4
 20
345.4
 30
0.0
 40
1.15
  1
Ду15
 11
1466.4
 21
345.4
 31
0.0
100
AcDbText
  0
CIRCLE
  5
637
330
17
100
AcDbEntity
  8
GRAPH
100
AcDbCircle
 10
1441.0
 20
356.0
 30
0.0
 40
1.1
  0
TEXT
  5
638
330
17
100
AcDbEntity
  8
TEXT
100
AcDbText
 10
1442.4
 20
355.4
 30
0.0
 40
1.15
  1
220В
 11
1442.4
 21
355.4
 31
0.0
100
AcDbText
  0
CIRCLE
  5
639
330
17
100
AcDbEntity
  8
GRAPH
100
AcDbCircle
 10
1449.0
 20
356.0
 30
0.0
 40
1.1
  0
TEXT
  5
63A
330
17
100
AcDbEntity
  8
TEXT
100
AcDbText
 10
1450.4
 20
355.4
 30
0.0
 40
1.15
  1
Св.
 11
1450.4
 21
355.4
 31
0.0
100
AcDbText
  0
CIRCLE
  5
63B
330
17
100
AcDbEntity
  8
GRAPH
100
AcDbCircle
 10
1457.0
 20
356.0
 30
0.0
 40
1.1
  0
TEXT
  5
63C
330
17
100
AcDbEntity
  8
TEXT
100
AcDbText
 10
1458.4
 20
355.4
 30
0.0
 40
1.15
  1
ИПР
 11
1458.4
 21
355.4
 31
0.0
100
AcDbText
  0
CIRCLE
  5
63D
330
17
100
AcDbEntity
  8
GRAPH
100
AcDbCircle
 10
1465.0
 20
356.0
 30
0.0
 40
1.1
  0
TEXT
  5
63E
330
17
100
AcDbEntity
  8
TEXT
100
AcDbText
 10
1466.4
 20
355.4
 30
0.0
 40
1.15
  1
Кран
 11
1466.4
 21
355.4
 31
0.0
100
AcDbText
  0
LINE
  5
63F
330
17
100
AcDbEntity
  8
GRAPH
100
AcDbLine
 10
1479.0
 20
336.0
 30
0.0
 11
1517.0
 21
336.0
 31
0.0
  0
LINE
  5
640
330
17
100
AcDbEntity
  8
GRAPH
100
AcDbLine
 10
1517.0
 20
336.0
 30
0.0
 11
1517.0
 21
464.0
 31
0.0
  0
LINE
  5
641
330
17
100
AcDbEntity
  8
GRAPH
100
AcDbLine
 10
1517.0
 20
464.0
 30
0.0
 11
1479.0
 21
464.0
 31
0.0
  0
LINE
  5
642
330
17
100
AcDbEntity
  8
GRAPH
100
AcDbLine
 10
1479.0
 20
464.0
 30
0.0
 11
1479.0
 21
336.0
 31
0.0
  0
TEXT
  5
643
330
17
100
AcDbEntity
  8
TEXT
100
AcDbText
 10
1480.5
 20
458.0
 30
0.0
 40
2.0
  1
3121
 11
1480.5
 21
458.0
 31
0.0
100
AcDbText
  0
TEXT
  5
644
330
17
100
AcDbEntity
  8
TEXT
100
AcDbText
 10
1480.5
 20
452.0
 30
0.0
 40
1.7
  1
Евродвушка
 11
1480.5
 21
452.0
 31
0.0
100
AcDbText
  0
TEXT
  5
645
330
17
100
AcDbEntity
  8
TEXT
100
AcDbText
 10
1480.5
 20
446.0
 30
0.0
 40
1.6
  1
S=31.3
 11
1480.5
 21
446.0
 31
0.0
100
AcDbText
  0
CIRCLE
  5
646
330
17
100
AcDbEntity
  8
GRAPH
100
AcDbCircle
 10
1483.0
 20
346.0
 30
0.0
 40
1.1
  0
TEXT
  5
647
330
17
100
AcDbEntity
  8
TEXT
100
AcDbText
 10
1484.4
 20
345.4
 30
0.0
 40
1.15
  1
ПСВ
 11
1484.4
 21
345.4
 31
0.0
100
AcDbText
  0
CIRCLE
  5
648
330
17
100
AcDbEntity
  8
GRAPH
100
AcDbCircle
 10
1491.0
 20
346.0
 30
0.0
 40
1.1
  0
TEXT
  5
649
330
17
100
AcDbEntity
  8
TEXT
100
AcDbText
 10
1492.4
 20
345.4
 30
0.0
 40
1.15
  1
ОП-5
 11
1492.4
 21
345.4
 31
0.0
100
AcDbText
  0
CIRCLE
  5
64A
330
17
100
AcDbEntity
  8
GRAPH
100
AcDbCircle
 10
1499.0
 20
346.0
 30
0.0
 40
1.1
  0
TEXT
  5
64B
330
17
100
AcDbEntity
  8
TEXT
100
AcDbText
 10
1500.4
 20
345.4
 30
0.0
 40
1.15
  1
АПС
 11
1500.4
 21
345.4
 31
0.0
100
AcDbText
  0
CIRCLE
  5
64C
330
17
100
AcDbEntity
  8
GRAPH
100
AcDbCircle
 10
1507.0
 20
346.0
 30
0.0
 40
1.1
  0
TEXT
  5
64D
330
17
100
AcDbEntity
  8
TEXT
100
AcDbText
 10
1508.4
 20
345.4
 30
0.0
 40
1.15
  1
Ду15
 11
1508.4
 21
345.4
 31
0.0
100
AcDbText
  0
CIRCLE
  5
64E
330
17
100
AcDbEntity
  8
GRAPH
100
AcDbCircle
 10
1483.0
 20
356.0
 30
0.0
 40
1.1
  0
TEXT
  5
64F
330
17
100
AcDbEntity
  8
TEXT
100
AcDbText
 10
1484.4
 20
355.4
 30
0.0
 40
1.15
  1
220В
 11
1484.4
 21
355.4
 31
0.0
100
AcDbText
  0
CIRCLE
  5
650
330
17
100
AcDbEntity
  8
GRAPH
100
AcDbCircle
 10
1491.0
 20
356.0
 30
0.0
 40
1.1
  0
TEXT
  5
651
330
17
100
AcDbEntity
  8
TEXT
100
AcDbText
 10
1492.4
 20
355.4
 30
0.0
 40
1.15
  1
Св.
 11
1492.4
 21
355.4
 31
0.0
100
AcDbText
  0
CIRCLE
  5
652
330
17
100
AcDbEntity
  8
GRAPH
100
AcDbCircle
 10
1499.0
 20
356.0
 30
0.0
 40
1.1
  0
TEXT
  5
653
330
17
100
AcDbEntity
  8
TEXT
100
AcDbText
 10
1500.4
 20
355.4
 30
0.0
 40
1.15
  1
ИПР
 11
1500.4
 21
355.4
 31
0.0
100
AcDbText
  0
CIRCLE
  5
654
330
17
100
AcDbEntity
  8
GRAPH
100
AcDbCircle
 10
1507.0
 20
356.0
 30
0.0
 40
1.1
  0
TEXT
  5
655
330
17
100
AcDbEntity
  8
TEXT
100
AcDbText
 10
1508.4
 20
355.4
 30
0.0
 40
1.15
  1
Кран
 11
1508.4
 21
355.4
 31
0.0
100
AcDbText
  0
HATCH
  5
656
330
17
100
AcDbEntity
  8
TABLE_FILL
 62
7
100
AcDbHatch
 10
0.0
 20
0.0
 30
0.0
210
0.0
220
0.0
230
1.0
  2
SOLID
 70
1
 71
0
 91
1
 92
3
 72
0
 73
1
 93
4
 10
1521.0
 20
336.0
 10
1559.0
 20
336.0
 10
1559.0
 20
464.0
 10
1521.0
 20
464.0
 97
0
 75
0
 76
1
 98
0
  0
LINE
  5
657
330
17
100
AcDbEntity
  8
GRAPH
100
AcDbLine
 10
1521.0
 20
336.0
 30
0.0
 11
1559.0
 21
336.0
 31
0.0
  0
LINE
  5
658
330
17
100
AcDbEntity
  8
GRAPH
100
AcDbLine
 10
1559.0
 20
336.0
 30
0.0
 11
1559.0
 21
464.0
 31
0.0
  0
LINE
  5
659
330
17
100
AcDbEntity
  8
GRAPH
100
AcDbLine
 10
1559.0
 20
464.0
 30
0.0
 11
1521.0
 21
464.0
 31
0.0
  0
LINE
  5
65A
330
17
100
AcDbEntity
  8
GRAPH
100
AcDbLine
 10
1521.0
 20
464.0
 30
0.0
 11
1521.0
 21
336.0
 31
0.0
  0
TEXT
  5
65B
330
17
100
AcDbEntity
  8
TEXT
100
AcDbText
 10
1522.5
 20
458.0
 30
0.0
 40
2.0
  1
3122
 11
1522.5
 21
458.0
 31
0.0
100
AcDbText
  0
TEXT
  5
65C
330
17
100
AcDbEntity
  8
TEXT
100
AcDbText
 10
1522.5
 20
452.0
 30
0.0
 40
1.7
  1
Студия
 11
1522.5
 21
452.0
 31
0.0
100
AcDbText
  0
TEXT
  5
65D
330
17
100
AcDbEntity
  8
TEXT
100
AcDbText
 10
1522.5
 20
446.0
 30
0.0
 40
1.6
  1
S=38.4
 11
1522.5
 21
446.0
 31
0.0
100
AcDbText
  0
CIRCLE
  5
65E
330
17
100
AcDbEntity
  8
GRAPH
100
AcDbCircle
 10
1525.0
 20
346.0
 30
0.0
 40
1.1
  0
TEXT
  5
65F
330
17
100
AcDbEntity
  8
TEXT
100
AcDbText
 10
1526.4
 20
345.4
 30
0.0
 40
1.15
  1
ПСВ
 11
1526.4
 21
345.4
 31
0.0
100
AcDbText
  0
CIRCLE
  5
660
330
17
100
AcDbEntity
  8
GRAPH
100
AcDbCircle
 10
1533.0
 20
346.0
 30
0.0
 40
1.1
  0
TEXT
  5
661
330
17
100
AcDbEntity
  8
TEXT
100
AcDbText
 10
1534.4
 20
345.4
 30
0.0
 40
1.15
  1
ОП-5
 11
1534.4
 21
345.4
 31
0.0
100
AcDbText
  0
CIRCLE
  5
662
330
17
100
AcDbEntity
  8
GRAPH
100
AcDbCircle
 10
1541.0
 20
346.0
 30
0.0
 40
1.1
  0
TEXT
  5
663
330
17
100
AcDbEntity
  8
TEXT
100
AcDbText
 10
1542.4
 20
345.4
 30
0.0
 40
1.15
  1
АПС
 11
1542.4
 21
345.4
 31
0.0
100
AcDbText
  0
CIRCLE
  5
664
330
17
100
AcDbEntity
  8
GRAPH
100
AcDbCircle
 10
1549.0
 20
346.0
 30
0.0
 40
1.1
  0
TEXT
  5
665
330
17
100
AcDbEntity
  8
TEXT
100
AcDbText
 10
1550.4
 20
345.4
 30
0.0
 40
1.15
  1
Ду15
 11
1550.4
 21
345.4
 31
0.0
100
AcDbText
  0
CIRCLE
  5
666
330
17
100
AcDbEntity
  8
GRAPH
100
AcDbCircle
 10
1525.0
 20
356.0
 30
0.0
 40
1.1
  0
TEXT
  5
667
330
17
100
AcDbEntity
  8
TEXT
100
AcDbText
 10
1526.4
 20
355.4
 30
0.0
 40
1.15
  1
220В
 11
1526.4
 21
355.4
 31
0.0
100
AcDbText
  0
CIRCLE
  5
668
330
17
100
AcDbEntity
  8
GRAPH
100
AcDbCircle
 10
1533.0
 20
356.0
 30
0.0
 40
1.1
  0
TEXT
  5
669
330
17
100
AcDbEntity
  8
TEXT
100
AcDbText
 10
1534.4
 20
355.4
 30
0.0
 40
1.15
  1
Св.
 11
1534.4
 21
355.4
 31
0.0
100
AcDbText
  0
CIRCLE
  5
66A
330
17
100
AcDbEntity
  8
GRAPH
100
AcDbCircle
 10
1541.0
 20
356.0
 30
0.0
 40
1.1
  0
TEXT
  5
66B
330
17
100
AcDbEntity
  8
TEXT
100
AcDbText
 10
1542.4
 20
355.4
 30
0.0
 40
1.15
  1
ИПР
 11
1542.4
 21
355.4
 31
0.0
100
AcDbText
  0
CIRCLE
  5
66C
330
17
100
AcDbEntity
  8
GRAPH
100
AcDbCircle
 10
1549.0
 20
356.0
 30
0.0
 40
1.1
  0
TEXT
  5
66D
330
17
100
AcDbEntity
  8
TEXT
100
AcDbText
 10
1550.4
 20
355.4
 30
0.0
 40
1.15
  1
Кран
 11
1550.4
 21
355.4
 31
0.0
100
AcDbText
  0
LINE
  5
66E
330
17
100
AcDbEntity
  8
GRAPH
100
AcDbLine
 10
1563.0
 20
336.0
 30
0.0
 11
1601.0
 21
336.0
 31
0.0
  0
LINE
  5
66F
330
17
100
AcDbEntity
  8
GRAPH
100
AcDbLine
 10
1601.0
 20
336.0
 30
0.0
 11
1601.0
 21
464.0
 31
0.0
  0
LINE
  5
670
330
17
100
AcDbEntity
  8
GRAPH
100
AcDbLine
 10
1601.0
 20
464.0
 30
0.0
 11
1563.0
 21
464.0
 31
0.0
  0
LINE
  5
671
330
17
100
AcDbEntity
  8
GRAPH
100
AcDbLine
 10
1563.0
 20
464.0
 30
0.0
 11
1563.0
 21
336.0
 31
0.0
  0
TEXT
  5
672
330
17
100
AcDbEntity
  8
TEXT
100
AcDbText
 10
1564.5
 20
458.0
 30
0.0
 40
2.0
  1
3123
 11
1564.5
 21
458.0
 31
0.0
100
AcDbText
  0
TEXT
  5
673
330
17
100
AcDbEntity
  8
TEXT
100
AcDbText
 10
1564.5
 20
452.0
 30
0.0
 40
1.7
  1
1-комн.
 11
1564.5
 21
452.0
 31
0.0
100
AcDbText
  0
TEXT
  5
674
330
17
100
AcDbEntity
  8
TEXT
100
AcDbText
 10
1564.5
 20
446.0
 30
0.0
 40
1.6
  1
S=45.5
 11
1564.5
 21
446.0
 31
0.0
100
AcDbText
  0
CIRCLE
  5
675
330
17
100
AcDbEntity
  8
GRAPH
100
AcDbCircle
 10
1567.0
 20
346.0
 30
0.0
 40
1.1
  0
TEXT
  5
676
330
17
100
AcDbEntity
  8
TEXT
100
AcDbText
 10
1568.4
 20
345.4
 30
0.0
 40
1.15
  1
ПСВ
 11
1568.4
 21
345.4
 31
0.0
100
AcDbText
  0
CIRCLE
  5
677
330
17
100
AcDbEntity
  8
GRAPH
100
AcDbCircle
 10
1575.0
 20
346.0
 30
0.0
 40
1.1
  0
TEXT
  5
678
330
17
100
AcDbEntity
  8
TEXT
100
AcDbText
 10
1576.4
 20
345.4
 30
0.0
 40
1.15
  1
ОП-5
 11
1576.4
 21
345.4
 31
0.0
100
AcDbText
  0
CIRCLE
  5
679
330
17
100
AcDbEntity
  8
GRAPH
100
AcDbCircle
 10
1583.0
 20
346.0
 30
0.0
 40
1.1
  0
TEXT
  5
67A
330
17
100
AcDbEntity
  8
TEXT
100
AcDbText
 10
1584.4
 20
345.4
 30
0.0
 40
1.15
  1
АПС
 11
1584.4
 21
345.4
 31
0.0
100
AcDbText
  0
CIRCLE
  5
67B
330
17
100
AcDbEntity
  8
GRAPH
100
AcDbCircle
 10
1591.0
 20
346.0
 30
0.0
 40
1.1
  0
TEXT
  5
67C
330
17
100
AcDbEntity
  8
TEXT
100
AcDbText
 10
1592.4
 20
345.4
 30
0.0
 40
1.15
  1
Ду15
 11
1592.4
 21
345.4
 31
0.0
100
AcDbText
  0
CIRCLE
  5
67D
330
17
100
AcDbEntity
  8
GRAPH
100
AcDbCircle
 10
1567.0
 20
356.0
 30
0.0
 40
1.1
  0
TEXT
  5
67E
330
17
100
AcDbEntity
  8
TEXT
100
AcDbText
 10
1568.4
 20
355.4
 30
0.0
 40
1.15
  1
220В
 11
1568.4
 21
355.4
 31
0.0
100
AcDbText
  0
CIRCLE
  5
67F
330
17
100
AcDbEntity
  8
GRAPH
100
AcDbCircle
 10
1575.0
 20
356.0
 30
0.0
 40
1.1
  0
TEXT
  5
680
330
17
100
AcDbEntity
  8
TEXT
100
AcDbText
 10
1576.4
 20
355.4
 30
0.0
 40
1.15
  1
Св.
 11
1576.4
 21
355.4
 31
0.0
100
AcDbText
  0
CIRCLE
  5
681
330
17
100
AcDbEntity
  8
GRAPH
100
AcDbCircle
 10
1583.0
 20
356.0
 30
0.0
 40
1.1
  0
TEXT
  5
682
330
17
100
AcDbEntity
  8
TEXT
100
AcDbText
 10
1584.4
 20
355.4
 30
0.0
 40
1.15
  1
ИПР
 11
1584.4
 21
355.4
 31
0.0
100
AcDbText
  0
CIRCLE
  5
683
330
17
100
AcDbEntity
  8
GRAPH
100
AcDbCircle
 10
1591.0
 20
356.0
 30
0.0
 40
1.1
  0
TEXT
  5
684
330
17
100
AcDbEntity
  8
TEXT
100
AcDbText
 10
1592.4
 20
355.4
 30
0.0
 40
1.15
  1
Кран
 11
1592.4
 21
355.4
 31
0.0
100
AcDbText
  0
LINE
  5
685
330
17
100
AcDbEntity
  8
GRAPH
100
AcDbLine
 10
1605.0
 20
336.0
 30
0.0
 11
1643.0
 21
336.0
 31
0.0
  0
LINE
  5
686
330
17
100
AcDbEntity
  8
GRAPH
100
AcDbLine
 10
1643.0
 20
336.0
 30
0.0
 11
1643.0
 21
464.0
 31
0.0
  0
LINE
  5
687
330
17
100
AcDbEntity
  8
GRAPH
100
AcDbLine
 10
1643.0
 20
464.0
 30
0.0
 11
1605.0
 21
464.0
 31
0.0
  0
LINE
  5
688
330
17
100
AcDbEntity
  8
GRAPH
100
AcDbLine
 10
1605.0
 20
464.0
 30
0.0
 11
1605.0
 21
336.0
 31
0.0
  0
TEXT
  5
689
330
17
100
AcDbEntity
  8
TEXT
100
AcDbText
 10
1606.5
 20
458.0
 30
0.0
 40
2.0
  1
3124
 11
1606.5
 21
458.0
 31
0.0
100
AcDbText
  0
TEXT
  5
68A
330
17
100
AcDbEntity
  8
TEXT
100
AcDbText
 10
1606.5
 20
452.0
 30
0.0
 40
1.7
  1
2-комн.
 11
1606.5
 21
452.0
 31
0.0
100
AcDbText
  0
TEXT
  5
68B
330
17
100
AcDbEntity
  8
TEXT
100
AcDbText
 10
1606.5
 20
446.0
 30
0.0
 40
1.6
  1
S=52.6
 11
1606.5
 21
446.0
 31
0.0
100
AcDbText
  0
CIRCLE
  5
68C
330
17
100
AcDbEntity
  8
GRAPH
100
AcDbCircle
 10
1609.0
 20
346.0
 30
0.0
 40
1.1
  0
TEXT
  5
68D
330
17
100
AcDbEntity
  8
TEXT
100
AcDbText
 10
1610.4
 20
345.4
 30
0.0
 40
1.15
  1
ПСВ
 11
1610.4
 21
345.4
 31
0.0
100
AcDbText
  0
CIRCLE
  5
68E
330
17
100
AcDbEntity
  8
GRAPH
100
AcDbCircle
 10
1617.0
 20
346.0
 30
0.0
 40
1.1
  0
TEXT
  5
68F
330
17
100
AcDbEntity
  8
TEXT
100
AcDbText
 10
1618.4
 20
345.4
 30
0.0
 40
1.15
  1
ОП-5
 11
1618.4
 21
345.4
 31
0.0
100
AcDbText
  0
CIRCLE
  5
690
330
17
100
AcDbEntity
  8
GRAPH
100
AcDbCircle
 10
1625.0
 20
346.0
 30
0.0
 40
1.1
  0
TEXT
  5
691
330
17
100
AcDbEntity
  8
TEXT
100
AcDbText
 10
1626.4
 20
345.4
 30
0.0
 40
1.15
  1
АПС
 11
1626.4
 21
345.4
 31
0.0
100
AcDbText
  0
CIRCLE
  5
692
330
17
100
AcDbEntity
  8
GRAPH
100
AcDbCircle
 10
1633.0
 20
346.0
 30
0.0
 40
1.1
  0
TEXT
  5
693
330
17
100
AcDbEntity
  8
TEXT
100
AcDbText
 10
1634.4
 20
345.4
 30
0.0
 40
1.15
  1
Ду15
 11
1634.4
 21
345.4
 31
0.0
100
AcDbText
  0
CIRCLE
  5
694
330
17
100
AcDbEntity
  8
GRAPH
100
AcDbCircle
 10
1609.0
 20
356.0
 30
0.0
 40
1.1
  0
TEXT
  5
695
330
17
100
AcDbEntity
  8
TEXT
100
AcDbText
 10
1610.4
 20
355.4
 30
0.0
 40
1.15
  1
220В
 11
1610.4
 21
355.4
 31
0.0
100
AcDbText
  0
CIRCLE
  5
696
330
17
100
AcDbEntity
  8
GRAPH
100
AcDbCircle
 10
1617.0
 20
356.0
 30
0.0
 40
1.1
  0
TEXT
  5
697
330
17
100
AcDbEntity
  8
TEXT
100
AcDbText
 10
1618.4
 20
355.4
 30
0.0
 40
1.15
  1
Св.
 11
1618.4
 21
355.4
 31
0.0
100
AcDbText
  0
CIRCLE
  5
698
330
17
100
AcDbEntity
  8
GRAPH
100
AcDbCircle
 10
1625.0
 20
356.0
 30
0.0
 40
1.1
  0
TEXT
  5
699
330
17
100
AcDbEntity
  8
TEXT
100
AcDbText
 10
1626.4
 20
355.4
 30
0.0
 40
1.15
  1
ИПР
 11
1626.4
 21
355.4
 31
0.0
100
AcDbText
  0
CIRCLE
  5
69A
330
17
100
AcDbEntity
  8
GRAPH
100
AcDbCircle
 10
1633.0
 20
356.0
 30
0.0
 40
1.1
  0
TEXT
  5
69B
330
17
100
AcDbEntity
  8
TEXT
100
AcDbText
 10
1634.4
 20
355.4
 30
0.0
 40
1.15
  1
Кран
 11
1634.4
 21
355.4
 31
0.0
100
AcDbText
  0
LINE
  5
69C
330
17
100
AcDbEntity
  8
GRAPH
100
AcDbLine
 10
1437.0
 20
118.0
 30
0.0
 11
1475.0
 21
118.0
 31
0.0
  0
LINE
  5
69D
330
17
100
AcDbEntity
  8
GRAPH
100
AcDbLine
 10
1475.0
 20
118.0
 30
0.0
 11
1475.0
 21
254.0
 31
0.0
  0
LINE
  5
69E
330
17
100
AcDbEntity
  8
GRAPH
100
AcDbLine
 10
1475.0
 20
254.0
 30
0.0
 11
1437.0
 21
254.0
 31
0.0
  0
LINE
  5
69F
330
17
100
AcDbEntity
  8
GRAPH
100
AcDbLine
 10
1437.0
 20
254.0
 30
0.0
 11
1437.0
 21
118.0
 31
0.0
  0
TEXT
  5
6A0
330
17
100
AcDbEntity
  8
TEXT
100
AcDbText
 10
1438.5
 20
248.0
 30
0.0
 40
2.0
  1
3125
 11
1438.5
 21
248.0
 31
0.0
100
AcDbText
  0
TEXT
  5
6A1
330
17
100
AcDbEntity
  8
TEXT
100
AcDbText
 10
1438.5
 20
242.0
 30
0.0
 40
1.7
  1
3-комн.
 11
1438.5
 21
242.0
 31
0.0
100
AcDbText
  0
TEXT
  5
6A2
330
17
100
AcDbEntity
  8
TEXT
100
AcDbText
 10
1438.5
 20
236.0
 30
0.0
 40
1.6
  1
S=59.7
 11
1438.5
 21
236.0
 31
0.0
100
AcDbText
  0
CIRCLE
  5
6A3
330
17
100
AcDbEntity
  8
GRAPH
100
AcDbCircle
 10
1441.0
 20
128.0
 30
0.0
 40
1.1
  0
TEXT
  5
6A4
330
17
100
AcDbEntity
  8
TEXT
100
AcDbText
 10
1442.4
 20
127.4
 30
0.0
 40
1.15
  1
ПСВ
 11
1442.4
 21
127.4
 31
0.0
100
AcDbText
  0
CIRCLE
  5
6A5
330
17
100
AcDbEntity
  8
GRAPH
100
AcDbCircle
 10
1449.0
 20
128.0
 30
0.0
 40
1.1
  0
TEXT
  5
6A6
330
17
100
AcDbEntity
  8
TEXT
100
AcDbText
 10
1450.4
 20
127.4
 30
0.0
 40
1.15
  1
ОП-5
 11
1450.4
 21
127.4
 31
0.0
100
AcDbText
  0
CIRCLE
  5
6A7
330
17
100
AcDbEntity
  8
GRAPH
100
AcDbCircle
 10
1457.0
 20
128.0
 30
0.0
 40
1.1
  0
TEXT
  5
6A8
330
17
100
AcDbEntity
  8
TEXT
100
AcDbText
 10
1458.4
 20
127.4
 30
0.0
 40
1.15
  1
АПС
 11
1458.4
 21
127.4
 31
0.0
100
AcDbText
  0
CIRCLE
  5
6A9
330
17
100
AcDbEntity
  8
GRAPH
100
AcDbCircle
 10
1465.0
 20
128.0
 30
0.0
 40
1.1
  0
TEXT
  5
6AA
330
17
100
AcDbEntity
  8
TEXT
100
AcDbText
 10
1466.4
 20
127.4
 30
0.0
 40
1.15
  1
Ду15
 11
1466.4
 21
127.4
 31
0.0
100
AcDbText
  0
CIRCLE
  5
6AB
330
17
100
AcDbEntity
  8
GRAPH
100
AcDbCircle
 10
1441.0
 20
138.0
 30
0.0
 40
1.1
  0
TEXT
  5
6AC
330
17
100
AcDbEntity
  8
TEXT
100
AcDbText
 10
1442.4
 20
137.4
 30
0.0
 40
1.15
  1
220В
 11
1442.4
 21
137.4
 31
0.0
100
AcDbText
  0
CIRCLE
  5
6AD
330
17
100
AcDbEntity
  8
GRAPH
100
AcDbCircle
 10
1449.0
 20
138.0
 30
0.0
 40
1.1
  0
TEXT
  5
6AE
330
17
100
AcDbEntity
  8
TEXT
100
AcDbText
 10
1450.4
 20
137.4
 30
0.0
 40
1.15
  1
Св.
 11
1450.4
 21
137.4
 31
0.0
100
AcDbText
  0
CIRCLE
  5
6AF
330
17
100
AcDbEntity
  8
GRAPH
100
AcDbCircle
 10
1457.0
 20
138.0
 30
0.0
 40
1.1
  0
TEXT
  5
6B0
330
17
100
AcDbEntity
  8
TEXT
100
AcDbText
 10
1458.4
 20
137.4
 30
0.0
 40
1.15
  1
ИПР
 11
1458.4
 21
137.4
 31
0.0
100
AcDbText
  0
CIRCLE
  5
6B1
330
17
100
AcDbEntity
  8
GRAPH
100
AcDbCircle
 10
1465.0
 20
138.0
 30
0.0
 40
1.1
  0
TEXT
  5
6B2
330
17
100
AcDbEntity
  8
TEXT
100
AcDbText
 10
1466.4
 20
137.4
 30
0.0
 40
1.15
  1
Кран
 11
1466.4
 21
137.4
 31
0.0
100
AcDbText
  0
HATCH
  5
6B3
330
17
100
AcDbEntity
  8
TABLE_FILL
 62
7
100
AcDbHatch
 10
0.0
 20
0.0
 30
0.0
210
0.0
220
0.0
230
1.0
  2
SOLID
 70
1
 71
0
 91
1
 92
3
 72
0
 73
1
 93
4
 10
1479.0
 20
118.0
 10
1517.0
 20
118.0
 10
1517.0
 20
254.0
 10
1479.0
 20
254.0
 97
0
 75
0
 76
1
 98
0
  0
LINE
  5
6B4
330
17
100
AcDbEntity
  8
GRAPH
100
AcDbLine
 10
1479.0
 20
118.0
 30
0.0
 11
1517.0
 21
118.0
 31
0.0
  0
LINE
  5
6B5
330
17
100
AcDbEntity
  8
GRAPH
100
AcDbLine
 10
1517.0
 20
118.0
 30
0.0
 11
1517.0
 21
254.0
 31
0.0
  0
LINE
  5
6B6
330
17
100
AcDbEntity
  8
GRAPH
100
AcDbLine
 10
1517.0
 20
254.0
 30
0.0
 11
1479.0
 21
254.0
 31
0.0
  0
LINE
  5
6B7
330
17
100
AcDbEntity
  8
GRAPH
100
AcDbLine
 10
1479.0
 20
254.0
 30
0.0
 11
1479.0
 21
118.0
 31
0.0
  0
TEXT
  5
6B8
330
17
100
AcDbEntity
  8
TEXT
100
AcDbText
 10
1480.5
 20
248.0
 30
0.0
 40
2.0
  1
3126
 11
1480.5
 21
248.0
 31
0.0
100
AcDbText
  0
TEXT
  5
6B9
330
17
100
AcDbEntity
  8
TEXT
100
AcDbText
 10
1480.5
 20
242.0
 30
0.0
 40
1.7
  1
Евродвушка
 11
1480.5
 21
242.0
 31
0.0
100
AcDbText
  0
TEXT
  5
6BA
330
17
100
AcDbEntity
  8
TEXT
100
AcDbText
 10
1480.5
 20
236.0
 30
0.0
 40
1.6
  1
S=26.8
 11
1480.5
 21
236.0
 31
0.0
100
AcDbText
  0
CIRCLE
  5
6BB
330
17
100
AcDbEntity
  8
GRAPH
100
AcDbCircle
 10
1483.0
 20
128.0
 30
0.0
 40
1.1
  0
TEXT
  5
6BC
330
17
100
AcDbEntity
  8
TEXT
100
AcDbText
 10
1484.4
 20
127.4
 30
0.0
 40
1.15
  1
ПСВ
 11
1484.4
 21
127.4
 31
0.0
100
AcDbText
  0
CIRCLE
  5
6BD
330
17
100
AcDbEntity
  8
GRAPH
100
AcDbCircle
 10
1491.0
 20
128.0
 30
0.0
 40
1.1
  0
TEXT
  5
6BE
330
17
100
AcDbEntity
  8
TEXT
100
AcDbText
 10
1492.4
 20
127.4
 30
0.0
 40
1.15
  1
ОП-5
 11
1492.4
 21
127.4
 31
0.0
100
AcDbText
  0
CIRCLE
  5
6BF
330
17
100
AcDbEntity
  8
GRAPH
100
AcDbCircle
 10
1499.0
 20
128.0
 30
0.0
 40
1.1
  0
TEXT
  5
6C0
330
17
100
AcDbEntity
  8
TEXT
100
AcDbText
 10
1500.4
 20
127.4
 30
0.0
 40
1.15
  1
АПС
 11
1500.4
 21
127.4
 31
0.0
100
AcDbText
  0
CIRCLE
  5
6C1
330
17
100
AcDbEntity
  8
GRAPH
100
AcDbCircle
 10
1507.0
 20
128.0
 30
0.0
 40
1.1
  0
TEXT
  5
6C2
330
17
100
AcDbEntity
  8
TEXT
100
AcDbText
 10
1508.4
 20
127.4
 30
0.0
 40
1.15
  1
Ду15
 11
1508.4
 21
127.4
 31
0.0
100
AcDbText
  0
CIRCLE
  5
6C3
330
17
100
AcDbEntity
  8
GRAPH
100
AcDbCircle
 10
1483.0
 20
138.0
 30
0.0
 40
1.1
  0
TEXT
  5
6C4
330
17
100
AcDbEntity
  8
TEXT
100
AcDbText
 10
1484.4
 20
137.4
 30
0.0
 40
1.15
  1
220В
 11
1484.4
 21
137.4
 31
0.0
100
AcDbText
  0
CIRCLE
  5
6C5
330
17
100
AcDbEntity
  8
GRAPH
100
AcDbCircle
 10
1491.0
 20
138.0
 30
0.0
 40
1.1
  0
TEXT
  5
6C6
330
17
100
AcDbEntity
  8
TEXT
100
AcDbText
 10
1492.4
 20
137.4
 30
0.0
 40
1.15
  1
Св.
 11
1492.4
 21
137.4
 31
0.0
100
AcDbText
  0
CIRCLE
  5
6C7
330
17
100
AcDbEntity
  8
GRAPH
100
AcDbCircle
 10
1499.0
 20
138.0
 30
0.0
 40
1.1
  0
TEXT
  5
6C8
330
17
100
AcDbEntity
  8
TEXT
100
AcDbText
 10
1500.4
 20
137.4
 30
0.0
 40
1.15
  1
ИПР
 11
1500.4
 21
137.4
 31
0.0
100
AcDbText
  0
CIRCLE
  5
6C9
330
17
100
AcDbEntity
  8
GRAPH
100
AcDbCircle
 10
1507.0
 20
138.0
 30
0.0
 40
1.1
  0
TEXT
  5
6CA
330
17
100
AcDbEntity
  8
TEXT
100
AcDbText
 10
1508.4
 20
137.4
 30
0.0
 40
1.15
  1
Кран
 11
1508.4
 21
137.4
 31
0.0
100
AcDbText
  0
LINE
  5
6CB
330
17
100
AcDbEntity
  8
GRAPH
100
AcDbLine
 10
1521.0
 20
118.0
 30
0.0
 11
1559.0
 21
118.0
 31
0.0
  0
LINE
  5
6CC
330
17
100
AcDbEntity
  8
GRAPH
100
AcDbLine
 10
1559.0
 20
118.0
 30
0.0
 11
1559.0
 21
254.0
 31
0.0
  0
LINE
  5
6CD
330
17
100
AcDbEntity
  8
GRAPH
100
AcDbLine
 10
1559.0
 20
254.0
 30
0.0
 11
1521.0
 21
254.0
 31
0.0
  0
LINE
  5
6CE
330
17
100
AcDbEntity
  8
GRAPH
100
AcDbLine
 10
1521.0
 20
254.0
 30
0.0
 11
1521.0
 21
118.0
 31
0.0
  0
TEXT
  5
6CF
330
17
100
AcDbEntity
  8
TEXT
100
AcDbText
 10
1522.5
 20
248.0
 30
0.0
 40
2.0
  1
3127
 11
1522.5
 21
248.0
 31
0.0
100
AcDbText
  0
TEXT
  5
6D0
330
17
100
AcDbEntity
  8
TEXT
100
AcDbText
 10
1522.5
 20
242.0
 30
0.0
 40
1.7
  1
Студия
 11
1522.5
 21
242.0
 31
0.0
100
AcDbText
  0
TEXT
  5
6D1
330
17
100
AcDbEntity
  8
TEXT
100
AcDbText
 10
1522.5
 20
236.0
 30
0.0
 40
1.6
  1
S=33.9
 11
1522.5
 21
236.0
 31
0.0
100
AcDbText
  0
CIRCLE
  5
6D2
330
17
100
AcDbEntity
  8
GRAPH
100
AcDbCircle
 10
1525.0
 20
128.0
 30
0.0
 40
1.1
  0
TEXT
  5
6D3
330
17
100
AcDbEntity
  8
TEXT
100
AcDbText
 10
1526.4
 20
127.4
 30
0.0
 40
1.15
  1
ПСВ
 11
1526.4
 21
127.4
 31
0.0
100
AcDbText
  0
CIRCLE
  5
6D4
330
17
100
AcDbEntity
  8
GRAPH
100
AcDbCircle
 10
1533.0
 20
128.0
 30
0.0
 40
1.1
  0
TEXT
  5
6D5
330
17
100
AcDbEntity
  8
TEXT
100
AcDbText
 10
1534.4
 20
127.4
 30
0.0
 40
1.15
  1
ОП-5
 11
1534.4
 21
127.4
 31
0.0
100
AcDbText
  0
CIRCLE
  5
6D6
330
17
100
AcDbEntity
  8
GRAPH
100
AcDbCircle
 10
1541.0
 20
128.0
 30
0.0
 40
1.1
  0
TEXT
  5
6D7
330
17
100
AcDbEntity
  8
TEXT
100
AcDbText
 10
1542.4
 20
127.4
 30
0.0
 40
1.15
  1
АПС
 11
1542.4
 21
127.4
 31
0.0
100
AcDbText
  0
CIRCLE
  5
6D8
330
17
100
AcDbEntity
  8
GRAPH
100
AcDbCircle
 10
1549.0
 20
128.0
 30
0.0
 40
1.1
  0
TEXT
  5
6D9
330
17
100
AcDbEntity
  8
TEXT
100
AcDbText
 10
1550.4
 20
127.4
 30
0.0
 40
1.15
  1
Ду15
 11
1550.4
 21
127.4
 31
0.0
100
AcDbText
  0
CIRCLE
  5
6DA
330
17
100
AcDbEntity
  8
GRAPH
100
AcDbCircle
 10
1525.0
 20
138.0
 30
0.0
 40
1.1
  0
TEXT
  5
6DB
330
17
100
AcDbEntity
  8
TEXT
100
AcDbText
 10
1526.4
 20
137.4
 30
0.0
 40
1.15
  1
220В
 11
1526.4
 21
137.4
 31
0.0
100
AcDbText
  0
CIRCLE
  5
6DC
330
17
100
AcDbEntity
  8
GRAPH
100
AcDbCircle
 10
1533.0
 20
138.0
 30
0.0
 40
1.1
  0
TEXT
  5
6DD
330
17
100
AcDbEntity
  8
TEXT
100
AcDbText
 10
1534.4
 20
137.4
 30
0.0
 40
1.15
  1
Св.
 11
1534.4
 21
137.4
 31
0.0
100
AcDbText
  0
CIRCLE
  5
6DE
330
17
100
AcDbEntity
  8
GRAPH
100
AcDbCircle
 10
1541.0
 20
138.0
 30
0.0
 40
1.1
  0
TEXT
  5
6DF
330
17
100
AcDbEntity
  8
TEXT
100
AcDbText
 10
1542.4
 20
137.4
 30
0.0
 40
1.15
  1
ИПР
 11
1542.4
 21
137.4
 31
0.0
100
AcDbText
  0
CIRCLE
  5
6E0
330
17
100
AcDbEntity
  8
GRAPH
100
AcDbCircle
 10
1549.0
 20
138.0
 30
0.0
 40
1.1
  0
TEXT
  5
6E1
330
17
100
AcDbEntity
  8
TEXT
100
AcDbText
 10
1550.4
 20
137.4
 30
0.0
 40
1.15
  1
Кран
 11
1550.4
 21
137.4
 31
0.0
100
AcDbText
  0
LINE
  5
6E2
330
17
100
AcDbEntity
  8
GRAPH
100
AcDbLine
 10
1563.0
 20
118.0
 30
0.0
 11
1601.0
 21
118.0
 31
0.0
  0
LINE
  5
6E3
330
17
100
AcDbEntity
  8
GRAPH
100
AcDbLine
 10
1601.0
 20
118.0
 30
0.0
 11
1601.0
 21
254.0
 31
0.0
  0
LINE
  5
6E4
330
17
100
AcDbEntity
  8
GRAPH
100
AcDbLine
 10
1601.0
 20
254.0
 30
0.0
 11
1563.0
 21
254.0
 31
0.0
  0
LINE
  5
6E5
330
17
100
AcDbEntity
  8
GRAPH
100
AcDbLine
 10
1563.0
 20
254.0
 30
0.0
 11
1563.0
 21
118.0
 31
0.0
  0
TEXT
  5
6E6
330
17
100
AcDbEntity
  8
TEXT
100
AcDbText
 10
1564.5
 20
248.0
 30
0.0
 40
2.0
  1
3128
 11
1564.5
 21
248.0
 31
0.0
100
AcDbText
  0
TEXT
  5
6E7
330
17
100
AcDbEntity
  8
TEXT
100
AcDbText
 10
1564.5
 20
242.0
 30
0.0
 40
1.7
  1
1-комн.
 11
1564.5
 21
242.0
 31
0.0
100
AcDbText
  0
TEXT
  5
6E8
330
17
100
AcDbEntity
  8
TEXT
100
AcDbText
 10
1564.5
 20
236.0
 30
0.0
 40
1.6
  1
S=40.0
 11
1564.5
 21
236.0
 31
0.0
100
AcDbText
  0
CIRCLE
  5
6E9
330
17
100
AcDbEntity
  8
GRAPH
100
AcDbCircle
 10
1567.0
 20
128.0
 30
0.0
 40
1.1
  0
TEXT
  5
6EA
330
17
100
AcDbEntity
  8
TEXT
100
AcDbText
 10
1568.4
 20
127.4
 30
0.0
 40
1.15
  1
ПСВ
 11
1568.4
 21
127.4
 31
0.0
100
AcDbText
  0
CIRCLE
  5
6EB
330
17
100
AcDbEntity
  8
GRAPH
100
AcDbCircle
 10
1575.0
 20
128.0
 30
0.0
 40
1.1
  0
TEXT
  5
6EC
330
17
100
AcDbEntity
  8
TEXT
100
AcDbText
 10
1576.4
 20
127.4
 30
0.0
 40
1.15
  1
ОП-5
 11
1576.4
 21
127.4
 31
0.0
100
AcDbText
  0
CIRCLE
  5
6ED
330
17
100
AcDbEntity
  8
GRAPH
100
AcDbCircle
 10
1583.0
 20
128.0
 30
0.0
 40
1.1
  0
TEXT
  5
6EE
330
17
100
AcDbEntity
  8
TEXT
100
AcDbText
 10
1584.4
 20
127.4
 30
0.0
 40
1.15
  1
АПС
 11
1584.4
 21
127.4
 31
0.0
100
AcDbText
  0
CIRCLE
  5
6EF
330
17
100
AcDbEntity
  8
GRAPH
100
AcDbCircle
 10
1591.0
 20
128.0
 30
0.0
 40
1.1
  0
TEXT
  5
6F0
330
17
100
AcDbEntity
  8
TEXT
100
AcDbText
 10
1592.4
 20
127.4
 30
0.0
 40
1.15
  1
Ду15
 11
1592.4
 21
127.4
 31
0.0
100
AcDbText
  0
CIRCLE
  5
6F1
330
17
100
AcDbEntity
  8
GRAPH
100
AcDbCircle
 10
1567.0
 20
138.0
 30
0.0
 40
1.1
  0
TEXT
  5
6F2
330
17
100
AcDbEntity
  8
TEXT
100
AcDbText
 10
1568.4
 20
137.4
 30
0.0
 40
1.15
  1
220В
 11
1568.4
 21
137.4
 31
0.0
100
AcDbText
  0
CIRCLE
  5
6F3
330
17
100
AcDbEntity
  8
GRAPH
100
AcDbCircle
 10
1575.0
 20
138.0
 30
0.0
 40
1.1
  0
TEXT
  5
6F4
330
17
100
AcDbEntity
  8
TEXT
100
AcDbText
 10
1576.4
 20
137.4
 30
0.0
 40
1.15
  1
Св.
 11
1576.4
 21
137.4
 31
0.0
100
AcDbText
  0
CIRCLE
  5
6F5
330
17
100
AcDbEntity
  8
GRAPH
100
AcDbCircle
 10
1583.0
 20
138.0
 30
0.0
 40
1.1
  0
TEXT
  5
6F6
330
17
100
AcDbEntity
  8
TEXT
100
AcDbText
 10
1584.4
 20
137.4
 30
0.0
 40
1.15
  1
ИПР
 11
1584.4
 21
137.4
 31
0.0
100
AcDbText
  0
CIRCLE
  5
6F7
330
17
100
AcDbEntity
  8
GRAPH
100
AcDbCircle
 10
1591.0
 20
138.0
 30
0.0
 40
1.1
  0
TEXT
  5
6F8
330
17
100
AcDbEntity
  8
TEXT
100
AcDbText
 10
1592.4
 20
137.4
 30
0.0
 40
1.15
  1
Кран
 11
1592.4
 21
137.4
 31
0.0
100
AcDbText
  0
LINE
  5
6F9
330
17
100
AcDbEntity
  8
GRAPH
100
AcDbLine
 10
1605.0
 20
118.0
 30
0.0
 11
1643.0
 21
118.0
 31
0.0
  0
LINE
  5
6FA
330
17
100
AcDbEntity
  8
GRAPH
100
AcDbLine
 10
1643.0
 20
118.0
 30
0.0
 11
1643.0
 21
254.0
 31
0.0
  0
LINE
  5
6FB
330
17
100
AcDbEntity
  8
GRAPH
100
AcDbLine
 10
1643.0
 20
254.0
 30
0.0
 11
1605.0
 21
254.0
 31
0.0
  0
LINE
  5
6FC
330
17
100
AcDbEntity
  8
GRAPH
100
AcDbLine
 10
1605.0
 20
254.0
 30
0.0
 11
1605.0
 21
118.0
 31
0.0
  0
TEXT
  5
6FD
330
17
100
AcDbEntity
  8
TEXT
100
AcDbText
 10
1606.5
 20
248.0
 30
0.0
 40
2.0
  1
3129
 11
1606.5
 21
248.0
 31
0.0
100
AcDbText
  0
TEXT
  5
6FE
330
17
100
AcDbEntity
  8
TEXT
100
AcDbText
 10
1606.5
 20
242.0
 30
0.0
 40
1.7
  1
2-комн.
 11
1606.5
 21
242.0
 31
0.0
100
AcDbText
  0
TEXT
  5
6FF
330
17
100
AcDbEntity
  8
TEXT
100
AcDbText
 10
1606.5
 20
236.0
 30
0.0
 40
1.6
  1
S=47.1
 11
1606.5
 21
236.0
 31
0.0
100
AcDbText
  0
CIRCLE
  5
700
330
17
100
AcDbEntity
  8
GRAPH
100
AcDbCircle
 10
1609.0
 20
128.0
 30
0.0
 40
1.1
  0
TEXT
  5
701
330
17
100
AcDbEntity
  8
TEXT
100
AcDbText
 10
1610.4
 20
127.4
 30
0.0
 40
1.15
  1
ПСВ
 11
1610.4
 21
127.4
 31
0.0
100
AcDbText
  0
CIRCLE
  5
702
330
17
100
AcDbEntity
  8
GRAPH
100
AcDbCircle
 10
1617.0
 20
128.0
 30
0.0
 40
1.1
  0
TEXT
  5
703
330
17
100
AcDbEntity
  8
TEXT
100
AcDbText
 10
1618.4
 20
127.4
 30
0.0
 40
1.15
  1
ОП-5
 11
1618.4
 21
127.4
 31
0.0
100
AcDbText
  0
CIRCLE
  5
704
330
17
100
AcDbEntity
  8
GRAPH
100
AcDbCircle
 10
1625.0
 20
128.0
 30
0.0
 40
1.1
  0
TEXT
  5
705
330
17
100
AcDbEntity
  8
TEXT
100
AcDbText
 10
1626.4
 20
127.4
 30
0.0
 40
1.15
  1
АПС
 11
1626.4
 21
127.4
 31
0.0
100
AcDbText
  0
CIRCLE
  5
706
330
17
100
AcDbEntity
  8
GRAPH
100
AcDbCircle
 10
1633.0
 20
128.0
 30
0.0
 40
1.1
  0
TEXT
  5
707
330
17
100
AcDbEntity
  8
TEXT
100
AcDbText
 10
1634.4
 20
127.4
 30
0.0
 40
1.15
  1
Ду15
 11
1634.4
 21
127.4
 31
0.0
100
AcDbText
  0
CIRCLE
  5
708
330
17
100
AcDbEntity
  8
GRAPH
100
AcDbCircle
 10
1609.0
 20
138.0
 30
0.0
 40
1.1
  0
TEXT
  5
709
330
17
100
AcDbEntity
  8
TEXT
100
AcDbText
 10
1610.4
 20
137.4
 30
0.0
 40
1.15
  1
220В
 11
1610.4
 21
137.4
 31
0.0
100
AcDbText
  0
CIRCLE
  5
70A
330
17
100
AcDbEntity
  8
GRAPH
100
AcDbCircle
 10
1617.0
 20
138.0
 30
0.0
 40
1.1
  0
TEXT
  5
70B
330
17
100
AcDbEntity
  8
TEXT
100
AcDbText
 10
1618.4
 20
137.4
 30
0.0
 40
1.15
  1
Св.
 11
1618.4
 21
137.4
 31
0.0
100
AcDbText
  0
CIRCLE
  5
70C
330
17
100
AcDbEntity
  8
GRAPH
100
AcDbCircle
 10
1625.0
 20
138.0
 30
0.0
 40
1.1
  0
TEXT
  5
70D
330
17
100
AcDbEntity
  8
TEXT
100
AcDbText
 10
1626.4
 20
137.4
 30
0.0
 40
1.15
  1
ИПР
 11
1626.4
 21
137.4
 31
0.0
100
AcDbText
  0
CIRCLE
  5
70E
330
17
100
AcDbEntity
  8
GRAPH
100
AcDbCircle
 10
1633.0
 20
138.0
 30
0.0
 40
1.1
  0
TEXT
  5
70F
330
17
100
AcDbEntity
  8
TEXT
100
AcDbText
 10
1634.4
 20
137.4
 30
0.0
 40
1.15
  1
Кран
 11
1634.4
 21
137.4
 31
0.0
100
AcDbText
  0
TEXT
  5
710
330
17
100
AcDbEntity
  8
DIM
100
AcDbText
 10
1435.0
 20
102.0
 30
0.0
 40
2.0
  1
48.200
 11
1435.0
 21
102.0
 31
0.0
100
AcDbText
  0
TEXT
  5
711
330
17
100
AcDbEntity
  8
DIM
100
AcDbText
 10
911.0
 20
90.0
 30
0.0
 40
2.4
  1
длина участка L=12.50 м
 11
911.0
 21
90.0
 31
0.0
100
AcDbText
  0
TEXT
  5
712
330
17
100
AcDbEntity
  8
DIM
100
AcDbText
 10
1131.0
 20
90.0
 30
0.0
 40
2.2
  1
по обмеру длина участка L=11.80 м
 11
1131.0
 21
90.0
 31
0.0
100
AcDbText
  0
TEXT
  5
713
330
17
100
AcDbEntity
  8
TEXT
100
AcDbText
 10
895.0
 20
88.0
 30
0.0
 40
2.8
  1
ПРИМЕЧАНИЯ. Намеренные расхождения:
 11
895.0
 21
88.0
 31
0.0
100
AcDbText
  0
TEXT
  5
714
330
17
100
AcDbEntity
  8
TEXT
100
AcDbText
 10
895.0
 20
80.0
 30
0.0
 40
2.05
  1
1. площадь застройки принята 2450 м2. по расчёту ПЗУ площадь равна 2180 м2.
 11
895.0
 21
80.0
 31
0.0
100
AcDbText
  0
TEXT
  5
715
330
17
100
AcDbEntity
  8
TEXT
100
AcDbText
 10
895.0
 20
75.6
 30
0.0
 40
2.05
  1
2. масштаб чертежа 1:100. в задании указан масштаб 1:200.
 11
895.0
 21
75.6
 31
0.0
100
AcDbText
  0
TEXT
  5
716
330
17
100
AcDbEntity
  8
TEXT
100
AcDbText
 10
895.0
 20
71.2
 30
0.0
 40
2.05
  1
3. длина участка L=12.50 м. по обмеру длина участка L=11.80 м.
 11
895.0
 21
71.2
 31
0.0
100
AcDbText
  0
TEXT
  5
717
330
17
100
AcDbEntity
  8
TEXT
100
AcDbText
 10
895.0
 20
66.8
 30
0.0
 40
2.05
  1
4. счетчик ВСХН-20 количество 7 шт. по заданию требуется 4 шт ВСХН-20.
 11
895.0
 21
66.8
 31
0.0
100
AcDbText
  0
TEXT
  5
718
330
17
100
AcDbEntity
  8
TEXT
100
AcDbText
 10
895.0
 20
62.4
 30
0.0
 40
2.05
  1
5. отметка чистого пола +0.150. в разрезе отметка чистого пола +0.250.
 11
895.0
 21
62.4
 31
0.0
100
AcDbText
  0
TEXT
  5
719
330
17
100
AcDbEntity
  8
TEXT
100
AcDbText
 10
895.0
 20
58.0
 30
0.0
 40
2.05
  1
6. высота здания 54.00 м. по разрезу высота здания 51.60 м.
 11
895.0
 21
58.0
 31
0.0
100
AcDbText
  0
TEXT
  5
71A
330
17
100
AcDbEntity
  8
TEXT
100
AcDbText
 10
895.0
 20
53.599999999999994
 30
0.0
 40
2.05
  1
7. машиномест в стилобате 86. по расчёту требуется 72 машиноместа.
 11
895.0
 21
53.599999999999994
 31
0.0
100
AcDbText
  0
TEXT
  5
71B
330
17
100
AcDbEntity
  8
TEXT
100
AcDbText
 10
895.0
 20
49.199999999999996
 30
0.0
 40
2.05
  1
8. степень огнестойкости II. в задании степень огнестойкости III.
 11
895.0
 21
49.199999999999996
 31
0.0
100
AcDbText
  0
TEXT
  5
71C
330
17
100
AcDbEntity
  8
TEXT
100
AcDbText
 10
895.0
 20
44.8
 30
0.0
 40
2.05
  1
9. грузоподъёмность лифта 1000 кг. по заданию лифт 630 кг.
 11
895.0
 21
44.8
 31
0.0
100
AcDbText
  0
TEXT
  5
71D
330
17
100
AcDbEntity
  8
TEXT
100
AcDbText
 10
895.0
 20
40.4
 30
0.0
 40
2.05
  1
10. ввод водопровода Ду100. по ТУ ввод водопровода Ду80.
 11
895.0
 21
40.4
 31
0.0
100
AcDbText
  0
TEXT
  5
71E
330
17
100
AcDbEntity
  8
TEXT
100
AcDbText
 10
895.0
 20
36.0
 30
0.0
 40
2.05
  1
11. надземных этажей 17. в задании надземных этажей 16.
 11
895.0
 21
36.0
 31
0.0
100
AcDbText
  0
TEXT
  5
71F
330
17
100
AcDbEntity
  8
TEXT
100
AcDbText
 10
895.0
 20
31.599999999999994
 30
0.0
 40
2.05
  1
12. озеленение участка 28 %. по ПЗЗ озеленение не менее 35 %.
 11
895.0
 21
31.599999999999994
 31
0.0
100
AcDbText
  0
TEXT
  5
720
330
17
100
AcDbEntity
  8
TEXT
100
AcDbText
 10
895.0
 20
27.199999999999996
 30
0.0
 40
2.05
  1
13. площадь квартиры 105 равна 38.4 м2. по обмеру квартира 105 равна 42.1 м2.
 11
895.0
 21
27.199999999999996
 31
0.0
100
AcDbText
  0
TEXT
  5
721
330
17
100
AcDbEntity
  8
TEXT
100
AcDbText
 10
895.0
 20
22.799999999999997
 30
0.0
 40
2.05
  1
14. ширина лестничного марша 1.20 м. по нормам ширина марша 1.35 м.
 11
895.0
 21
22.799999999999997
 31
0.0
100
AcDbText
  0
TEXT
  5
722
330
17
100
AcDbEntity
  8
TEXT
100
AcDbText
 10
895.0
 20
18.39999999999999
 30
0.0
 40
2.05
  1
15. расчётная мощность 250 кВт. по ТУ электроснабжения 180 кВт.
 11
895.0
 21
18.39999999999999
 31
0.0
100
AcDbText
  0
LINE
  5
723
330
17
100
AcDbEntity
  8
GRAPH
100
AcDbLine
 10
1502.0
 20
14.0
 30
0.0
 11
1702.0
 21
14.0
 31
0.0
  0
LINE
  5
724
330
17
100
AcDbEntity
  8
GRAPH
100
AcDbLine
 10
1702.0
 20
14.0
 30
0.0
 11
1702.0
 21
84.0
 31
0.0
  0
LINE
  5
725
330
17
100
AcDbEntity
  8
GRAPH
100
AcDbLine
 10
1702.0
 20
84.0
 30
0.0
 11
1502.0
 21
84.0
 31
0.0
  0
LINE
  5
726
330
17
100
AcDbEntity
  8
GRAPH
100
AcDbLine
 10
1502.0
 20
84.0
 30
0.0
 11
1502.0
 21
14.0
 31
0.0
  0
LINE
  5
727
330
17
100
AcDbEntity
  8
GRAPH
100
AcDbLine
 10
1502.0
 20
36.0
 30
0.0
 11
1702.0
 21
36.0
 31
0.0
  0
LINE
  5
728
330
17
100
AcDbEntity
  8
GRAPH
100
AcDbLine
 10
1502.0
 20
58.0
 30
0.0
 11
1702.0
 21
58.0
 31
0.0
  0
LINE
  5
729
330
17
100
AcDbEntity
  8
GRAPH
100
AcDbLine
 10
1592.0
 20
14.0
 30
0.0
 11
1592.0
 21
84.0
 31
0.0
  0
TEXT
  5
72A
330
17
100
AcDbEntity
  8
TEXT
100
AcDbText
 10
1506.0
 20
66.0
 30
0.0
 40
2.4
  1
Северный квартал
 11
1506.0
 21
66.0
 31
0.0
100
AcDbText
  0
TEXT
  5
72B
330
17
100
AcDbEntity
  8
TEXT
100
AcDbText
 10
1596.0
 20
66.0
 30
0.0
 40
2.6
  1
Лист 2/8
 11
1596.0
 21
66.0
 31
0.0
100
AcDbText
  0
TEXT
  5
72C
330
17
100
AcDbEntity
  8
TEXT
100
AcDbText
 10
1506.0
 20
44.0
 30
0.0
 40
2.2
  1
ПЛАН ТИПОВОГО ЭТАЖА (2–16)
 11
1506.0
 21
44.0
 31
0.0
100
AcDbText
  0
TEXT
  5
72D
330
17
100
AcDbEntity
  8
TEXT
100
AcDbText
 10
1596.0
 20
44.0
 30
0.0
 40
2.1
  1
масштаб чертежа 1:100
 11
1596.0
 21
44.0
 31
0.0
100
AcDbText
  0
TEXT
  5
72E
330
17
100
AcDbEntity
  8
TEXT
100
AcDbText
 10
1506.0
 20
24.0
 30
0.0
 40
2.0
  1
в задании указан масштаб 1:200
 11
1506.0
 21
24.0
 31
0.0
100
AcDbText
  0
LWPOLYLINE
  5
72F
330
17
100
AcDbEntity
  8
GRAPH
100
AcDbPolyline
 90
4
 70
1
 10
1762.0
 20
0.0
 10
2603.0
 20
0.0
 10
2603.0
 20
594.0
 10
1762.0
 20
594.0
  0
LINE
  5
730
330
17
100
AcDbEntity
  8
GRAPH
100
AcDbLine
 10
1768.0
 20
6.0
 30
0.0
 11
2597.0
 21
6.0
 31
0.0
  0
LINE
  5
731
330
17
100
AcDbEntity
  8
GRAPH
100
AcDbLine
 10
2597.0
 20
6.0
 30
0.0
 11
2597.0
 21
588.0
 31
0.0
  0
LINE
  5
732
330
17
100
AcDbEntity
  8
GRAPH
100
AcDbLine
 10
2597.0
 20
588.0
 30
0.0
 11
1768.0
 21
588.0
 31
0.0
  0
LINE
  5
733
330
17
100
AcDbEntity
  8
GRAPH
100
AcDbLine
 10
1768.0
 20
588.0
 30
0.0
 11
1768.0
 21
6.0
 31
0.0
  0
TEXT
  5
734
330
17
100
AcDbEntity
  8
TEXT
100
AcDbText
 10
1778.0
 20
572.0
 30
0.0
 40
5.5
  1
ПЛАН ПОДВАЛА. ИТП / ВК / ЭОМ
 11
1778.0
 21
572.0
 31
0.0
100
AcDbText
  0
TEXT
  5
735
330
17
100
AcDbEntity
  8
TEXT
100
AcDbText
 10
1778.0
 20
562.0
 30
0.0
 40
2.3
  1
отметка чистого пола +0.150. в разрезе отметка чистого пола +0.250. надземных этажей 17. в задании надземных этажей 16.
 11
1778.0
 21
562.0
 31
0.0
100
AcDbText
  0
LINE
  5
736
330
17
100
AcDbEntity
  8
GRAPH
100
AcDbLine
 10
1792.0
 20
110.0
 30
0.0
 11
1792.0
 21
470.0
 31
0.0
  0
LINE
  5
737
330
17
100
AcDbEntity
  8
GRAPH
100
AcDbLine
 10
1792.0
 20
110.0
 30
0.0
 11
2008.0
 21
110.0
 31
0.0
  0
LINE
  5
738
330
17
100
AcDbEntity
  8
GRAPH
100
AcDbLine
 10
1828.0
 20
110.0
 30
0.0
 11
1828.0
 21
470.0
 31
0.0
  0
LINE
  5
739
330
17
100
AcDbEntity
  8
GRAPH
100
AcDbLine
 10
1792.0
 20
170.0
 30
0.0
 11
2008.0
 21
170.0
 31
0.0
  0
LINE
  5
73A
330
17
100
AcDbEntity
  8
GRAPH
100
AcDbLine
 10
1864.0
 20
110.0
 30
0.0
 11
1864.0
 21
470.0
 31
0.0
  0
LINE
  5
73B
330
17
100
AcDbEntity
  8
GRAPH
100
AcDbLine
 10
1792.0
 20
230.0
 30
0.0
 11
2008.0
 21
230.0
 31
0.0
  0
LINE
  5
73C
330
17
100
AcDbEntity
  8
GRAPH
100
AcDbLine
 10
1900.0
 20
110.0
 30
0.0
 11
1900.0
 21
470.0
 31
0.0
  0
LINE
  5
73D
330
17
100
AcDbEntity
  8
GRAPH
100
AcDbLine
 10
1792.0
 20
290.0
 30
0.0
 11
2008.0
 21
290.0
 31
0.0
  0
LINE
  5
73E
330
17
100
AcDbEntity
  8
GRAPH
100
AcDbLine
 10
1936.0
 20
110.0
 30
0.0
 11
1936.0
 21
470.0
 31
0.0
  0
LINE
  5
73F
330
17
100
AcDbEntity
  8
GRAPH
100
AcDbLine
 10
1792.0
 20
350.0
 30
0.0
 11
2008.0
 21
350.0
 31
0.0
  0
LINE
  5
740
330
17
100
AcDbEntity
  8
GRAPH
100
AcDbLine
 10
1972.0
 20
110.0
 30
0.0
 11
1972.0
 21
470.0
 31
0.0
  0
LINE
  5
741
330
17
100
AcDbEntity
  8
GRAPH
100
AcDbLine
 10
1792.0
 20
410.0
 30
0.0
 11
2008.0
 21
410.0
 31
0.0
  0
LINE
  5
742
330
17
100
AcDbEntity
  8
GRAPH
100
AcDbLine
 10
2008.0
 20
110.0
 30
0.0
 11
2008.0
 21
470.0
 31
0.0
  0
LINE
  5
743
330
17
100
AcDbEntity
  8
GRAPH
100
AcDbLine
 10
1792.0
 20
470.0
 30
0.0
 11
2008.0
 21
470.0
 31
0.0
  0
LINE
  5
744
330
17
100
AcDbEntity
  8
GRAPH
100
AcDbLine
 10
1792.0
 20
110.0
 30
0.0
 11
2008.0
 21
110.0
 31
0.0
  0
LINE
  5
745
330
17
100
AcDbEntity
  8
GRAPH
100
AcDbLine
 10
2008.0
 20
110.0
 30
0.0
 11
2008.0
 21
470.0
 31
0.0
  0
LINE
  5
746
330
17
100
AcDbEntity
  8
GRAPH
100
AcDbLine
 10
2008.0
 20
470.0
 30
0.0
 11
1792.0
 21
470.0
 31
0.0
  0
LINE
  5
747
330
17
100
AcDbEntity
  8
GRAPH
100
AcDbLine
 10
1792.0
 20
470.0
 30
0.0
 11
1792.0
 21
110.0
 31
0.0
  0
TEXT
  5
748
330
17
100
AcDbEntity
  8
TEXT
100
AcDbText
 10
1872.0
 20
298.0
 30
0.0
 40
3.2
  1
КОРИДОР К1
 11
1872.0
 21
298.0
 31
0.0
100
AcDbText
  0
LINE
  5
749
330
17
100
AcDbEntity
  8
GRAPH
100
AcDbLine
 10
1882.0
 20
260.0
 30
0.0
 11
1910.0
 21
260.0
 31
0.0
  0
LINE
  5
74A
330
17
100
AcDbEntity
  8
GRAPH
100
AcDbLine
 10
1910.0
 20
260.0
 30
0.0
 11
1910.0
 21
330.0
 31
0.0
  0
LINE
  5
74B
330
17
100
AcDbEntity
  8
GRAPH
100
AcDbLine
 10
1910.0
 20
330.0
 30
0.0
 11
1882.0
 21
330.0
 31
0.0
  0
LINE
  5
74C
330
17
100
AcDbEntity
  8
GRAPH
100
AcDbLine
 10
1882.0
 20
330.0
 30
0.0
 11
1882.0
 21
260.0
 31
0.0
  0
LINE
  5
74D
330
17
100
AcDbEntity
  8
GRAPH
100
AcDbLine
 10
1886.0
 20
266.0
 30
0.0
 11
1906.0
 21
266.0
 31
0.0
  0
LINE
  5
74E
330
17
100
AcDbEntity
  8
GRAPH
100
AcDbLine
 10
1886.0
 20
274.0
 30
0.0
 11
1906.0
 21
274.0
 31
0.0
  0
LINE
  5
74F
330
17
100
AcDbEntity
  8
GRAPH
100
AcDbLine
 10
1886.0
 20
282.0
 30
0.0
 11
1906.0
 21
282.0
 31
0.0
  0
LINE
  5
750
330
17
100
AcDbEntity
  8
GRAPH
100
AcDbLine
 10
1886.0
 20
290.0
 30
0.0
 11
1906.0
 21
290.0
 31
0.0
  0
LINE
  5
751
330
17
100
AcDbEntity
  8
GRAPH
100
AcDbLine
 10
1886.0
 20
298.0
 30
0.0
 11
1906.0
 21
298.0
 31
0.0
  0
LINE
  5
752
330
17
100
AcDbEntity
  8
GRAPH
100
AcDbLine
 10
1886.0
 20
306.0
 30
0.0
 11
1906.0
 21
306.0
 31
0.0
  0
LINE
  5
753
330
17
100
AcDbEntity
  8
GRAPH
100
AcDbLine
 10
1886.0
 20
314.0
 30
0.0
 11
1906.0
 21
314.0
 31
0.0
  0
LINE
  5
754
330
17
100
AcDbEntity
  8
GRAPH
100
AcDbLine
 10
1886.0
 20
322.0
 30
0.0
 11
1906.0
 21
322.0
 31
0.0
  0
TEXT
  5
755
330
17
100
AcDbEntity
  8
DIM
100
AcDbText
 10
1884.0
 20
258.0
 30
0.0
 40
1.8
  1
ширина лестничного марша 1.20 м
 11
1884.0
 21
258.0
 31
0.0
100
AcDbText
  0
LINE
  5
756
330
17
100
AcDbEntity
  8
GRAPH
100
AcDbLine
 10
1914.0
 20
278.0
 30
0.0
 11
1932.0
 21
278.0
 31
0.0
  0
LINE
  5
757
330
17
100
AcDbEntity
  8
GRAPH
100
AcDbLine
 10
1932.0
 20
278.0
 30
0.0
 11
1932.0
 21
306.0
 31
0.0
  0
LINE
  5
758
330
17
100
AcDbEntity
  8
GRAPH
100
AcDbLine
 10
1932.0
 20
306.0
 30
0.0
 11
1914.0
 21
306.0
 31
0.0
  0
LINE
  5
759
330
17
100
AcDbEntity
  8
GRAPH
100
AcDbLine
 10
1914.0
 20
306.0
 30
0.0
 11
1914.0
 21
278.0
 31
0.0
  0
TEXT
  5
75A
330
17
100
AcDbEntity
  8
TEXT
100
AcDbText
 10
1915.0
 20
288.0
 30
0.0
 40
1.7
  1
630кг
 11
1915.0
 21
288.0
 31
0.0
100
AcDbText
  0
LINE
  5
75B
330
17
100
AcDbEntity
  8
GRAPH
100
AcDbLine
 10
1798.0
 20
336.0
 30
0.0
 11
1836.0
 21
336.0
 31
0.0
  0
LINE
  5
75C
330
17
100
AcDbEntity
  8
GRAPH
100
AcDbLine
 10
1836.0
 20
336.0
 30
0.0
 11
1836.0
 21
464.0
 31
0.0
  0
LINE
  5
75D
330
17
100
AcDbEntity
  8
GRAPH
100
AcDbLine
 10
1836.0
 20
464.0
 30
0.0
 11
1798.0
 21
464.0
 31
0.0
  0
LINE
  5
75E
330
17
100
AcDbEntity
  8
GRAPH
100
AcDbLine
 10
1798.0
 20
464.0
 30
0.0
 11
1798.0
 21
336.0
 31
0.0
  0
TEXT
  5
75F
330
17
100
AcDbEntity
  8
TEXT
100
AcDbText
 10
1799.5
 20
458.0
 30
0.0
 40
2.0
  1
1140
 11
1799.5
 21
458.0
 31
0.0
100
AcDbText
  0
TEXT
  5
760
330
17
100
AcDbEntity
  8
TEXT
100
AcDbText
 10
1799.5
 20
452.0
 30
0.0
 40
1.7
  1
Тамбур
 11
1799.5
 21
452.0
 31
0.0
100
AcDbText
  0
TEXT
  5
761
330
17
100
AcDbEntity
  8
TEXT
100
AcDbText
 10
1799.5
 20
446.0
 30
0.0
 40
1.6
  1
S=22.0
 11
1799.5
 21
446.0
 31
0.0
100
AcDbText
  0
CIRCLE
  5
762
330
17
100
AcDbEntity
  8
GRAPH
100
AcDbCircle
 10
1802.0
 20
346.0
 30
0.0
 40
1.1
  0
TEXT
  5
763
330
17
100
AcDbEntity
  8
TEXT
100
AcDbText
 10
1803.4
 20
345.4
 30
0.0
 40
1.15
  1
ПСВ
 11
1803.4
 21
345.4
 31
0.0
100
AcDbText
  0
CIRCLE
  5
764
330
17
100
AcDbEntity
  8
GRAPH
100
AcDbCircle
 10
1810.0
 20
346.0
 30
0.0
 40
1.1
  0
TEXT
  5
765
330
17
100
AcDbEntity
  8
TEXT
100
AcDbText
 10
1811.4
 20
345.4
 30
0.0
 40
1.15
  1
ОП-5
 11
1811.4
 21
345.4
 31
0.0
100
AcDbText
  0
CIRCLE
  5
766
330
17
100
AcDbEntity
  8
GRAPH
100
AcDbCircle
 10
1818.0
 20
346.0
 30
0.0
 40
1.1
  0
TEXT
  5
767
330
17
100
AcDbEntity
  8
TEXT
100
AcDbText
 10
1819.4
 20
345.4
 30
0.0
 40
1.15
  1
АПС
 11
1819.4
 21
345.4
 31
0.0
100
AcDbText
  0
CIRCLE
  5
768
330
17
100
AcDbEntity
  8
GRAPH
100
AcDbCircle
 10
1826.0
 20
346.0
 30
0.0
 40
1.1
  0
TEXT
  5
769
330
17
100
AcDbEntity
  8
TEXT
100
AcDbText
 10
1827.4
 20
345.4
 30
0.0
 40
1.15
  1
Ду15
 11
1827.4
 21
345.4
 31
0.0
100
AcDbText
  0
CIRCLE
  5
76A
330
17
100
AcDbEntity
  8
GRAPH
100
AcDbCircle
 10
1802.0
 20
356.0
 30
0.0
 40
1.1
  0
TEXT
  5
76B
330
17
100
AcDbEntity
  8
TEXT
100
AcDbText
 10
1803.4
 20
355.4
 30
0.0
 40
1.15
  1
220В
 11
1803.4
 21
355.4
 31
0.0
100
AcDbText
  0
CIRCLE
  5
76C
330
17
100
AcDbEntity
  8
GRAPH
100
AcDbCircle
 10
1810.0
 20
356.0
 30
0.0
 40
1.1
  0
TEXT
  5
76D
330
17
100
AcDbEntity
  8
TEXT
100
AcDbText
 10
1811.4
 20
355.4
 30
0.0
 40
1.15
  1
Св.
 11
1811.4
 21
355.4
 31
0.0
100
AcDbText
  0
CIRCLE
  5
76E
330
17
100
AcDbEntity
  8
GRAPH
100
AcDbCircle
 10
1818.0
 20
356.0
 30
0.0
 40
1.1
  0
TEXT
  5
76F
330
17
100
AcDbEntity
  8
TEXT
100
AcDbText
 10
1819.4
 20
355.4
 30
0.0
 40
1.15
  1
ИПР
 11
1819.4
 21
355.4
 31
0.0
100
AcDbText
  0
CIRCLE
  5
770
330
17
100
AcDbEntity
  8
GRAPH
100
AcDbCircle
 10
1826.0
 20
356.0
 30
0.0
 40
1.1
  0
TEXT
  5
771
330
17
100
AcDbEntity
  8
TEXT
100
AcDbText
 10
1827.4
 20
355.4
 30
0.0
 40
1.15
  1
Кран
 11
1827.4
 21
355.4
 31
0.0
100
AcDbText
  0
LINE
  5
772
330
17
100
AcDbEntity
  8
GRAPH
100
AcDbLine
 10
1840.0
 20
336.0
 30
0.0
 11
1878.0
 21
336.0
 31
0.0
  0
LINE
  5
773
330
17
100
AcDbEntity
  8
GRAPH
100
AcDbLine
 10
1878.0
 20
336.0
 30
0.0
 11
1878.0
 21
464.0
 31
0.0
  0
LINE
  5
774
330
17
100
AcDbEntity
  8
GRAPH
100
AcDbLine
 10
1878.0
 20
464.0
 30
0.0
 11
1840.0
 21
464.0
 31
0.0
  0
LINE
  5
775
330
17
100
AcDbEntity
  8
GRAPH
100
AcDbLine
 10
1840.0
 20
464.0
 30
0.0
 11
1840.0
 21
336.0
 31
0.0
  0
TEXT
  5
776
330
17
100
AcDbEntity
  8
TEXT
100
AcDbText
 10
1841.5
 20
458.0
 30
0.0
 40
2.0
  1
1141
 11
1841.5
 21
458.0
 31
0.0
100
AcDbText
  0
TEXT
  5
777
330
17
100
AcDbEntity
  8
TEXT
100
AcDbText
 10
1841.5
 20
452.0
 30
0.0
 40
1.7
  1
Вестибюль
 11
1841.5
 21
452.0
 31
0.0
100
AcDbText
  0
TEXT
  5
778
330
17
100
AcDbEntity
  8
TEXT
100
AcDbText
 10
1841.5
 20
446.0
 30
0.0
 40
1.6
  1
S=29.1
 11
1841.5
 21
446.0
 31
0.0
100
AcDbText
  0
CIRCLE
  5
779
330
17
100
AcDbEntity
  8
GRAPH
100
AcDbCircle
 10
1844.0
 20
346.0
 30
0.0
 40
1.1
  0
TEXT
  5
77A
330
17
100
AcDbEntity
  8
TEXT
100
AcDbText
 10
1845.4
 20
345.4
 30
0.0
 40
1.15
  1
ПСВ
 11
1845.4
 21
345.4
 31
0.0
100
AcDbText
  0
CIRCLE
  5
77B
330
17
100
AcDbEntity
  8
GRAPH
100
AcDbCircle
 10
1852.0
 20
346.0
 30
0.0
 40
1.1
  0
TEXT
  5
77C
330
17
100
AcDbEntity
  8
TEXT
100
AcDbText
 10
1853.4
 20
345.4
 30
0.0
 40
1.15
  1
ОП-5
 11
1853.4
 21
345.4
 31
0.0
100
AcDbText
  0
CIRCLE
  5
77D
330
17
100
AcDbEntity
  8
GRAPH
100
AcDbCircle
 10
1860.0
 20
346.0
 30
0.0
 40
1.1
  0
TEXT
  5
77E
330
17
100
AcDbEntity
  8
TEXT
100
AcDbText
 10
1861.4
 20
345.4
 30
0.0
 40
1.15
  1
АПС
 11
1861.4
 21
345.4
 31
0.0
100
AcDbText
  0
CIRCLE
  5
77F
330
17
100
AcDbEntity
  8
GRAPH
100
AcDbCircle
 10
1868.0
 20
346.0
 30
0.0
 40
1.1
  0
TEXT
  5
780
330
17
100
AcDbEntity
  8
TEXT
100
AcDbText
 10
1869.4
 20
345.4
 30
0.0
 40
1.15
  1
Ду15
 11
1869.4
 21
345.4
 31
0.0
100
AcDbText
  0
CIRCLE
  5
781
330
17
100
AcDbEntity
  8
GRAPH
100
AcDbCircle
 10
1844.0
 20
356.0
 30
0.0
 40
1.1
  0
TEXT
  5
782
330
17
100
AcDbEntity
  8
TEXT
100
AcDbText
 10
1845.4
 20
355.4
 30
0.0
 40
1.15
  1
220В
 11
1845.4
 21
355.4
 31
0.0
100
AcDbText
  0
CIRCLE
  5
783
330
17
100
AcDbEntity
  8
GRAPH
100
AcDbCircle
 10
1852.0
 20
356.0
 30
0.0
 40
1.1
  0
TEXT
  5
784
330
17
100
AcDbEntity
  8
TEXT
100
AcDbText
 10
1853.4
 20
355.4
 30
0.0
 40
1.15
  1
Св.
 11
1853.4
 21
355.4
 31
0.0
100
AcDbText
  0
CIRCLE
  5
785
330
17
100
AcDbEntity
  8
GRAPH
100
AcDbCircle
 10
1860.0
 20
356.0
 30
0.0
 40
1.1
  0
TEXT
  5
786
330
17
100
AcDbEntity
  8
TEXT
100
AcDbText
 10
1861.4
 20
355.4
 30
0.0
 40
1.15
  1
ИПР
 11
1861.4
 21
355.4
 31
0.0
100
AcDbText
  0
CIRCLE
  5
787
330
17
100
AcDbEntity
  8
GRAPH
100
AcDbCircle
 10
1868.0
 20
356.0
 30
0.0
 40
1.1
  0
TEXT
  5
788
330
17
100
AcDbEntity
  8
TEXT
100
AcDbText
 10
1869.4
 20
355.4
 30
0.0
 40
1.15
  1
Кран
 11
1869.4
 21
355.4
 31
0.0
100
AcDbText
  0
HATCH
  5
789
330
17
100
AcDbEntity
  8
TABLE_FILL
 62
7
100
AcDbHatch
 10
0.0
 20
0.0
 30
0.0
210
0.0
220
0.0
230
1.0
  2
SOLID
 70
1
 71
0
 91
1
 92
3
 72
0
 73
1
 93
4
 10
1882.0
 20
336.0
 10
1920.0
 20
336.0
 10
1920.0
 20
464.0
 10
1882.0
 20
464.0
 97
0
 75
0
 76
1
 98
0
  0
LINE
  5
78A
330
17
100
AcDbEntity
  8
GRAPH
100
AcDbLine
 10
1882.0
 20
336.0
 30
0.0
 11
1920.0
 21
336.0
 31
0.0
  0
LINE
  5
78B
330
17
100
AcDbEntity
  8
GRAPH
100
AcDbLine
 10
1920.0
 20
336.0
 30
0.0
 11
1920.0
 21
464.0
 31
0.0
  0
LINE
  5
78C
330
17
100
AcDbEntity
  8
GRAPH
100
AcDbLine
 10
1920.0
 20
464.0
 30
0.0
 11
1882.0
 21
464.0
 31
0.0
  0
LINE
  5
78D
330
17
100
AcDbEntity
  8
GRAPH
100
AcDbLine
 10
1882.0
 20
464.0
 30
0.0
 11
1882.0
 21
336.0
 31
0.0
  0
TEXT
  5
78E
330
17
100
AcDbEntity
  8
TEXT
100
AcDbText
 10
1883.5
 20
458.0
 30
0.0
 40
2.0
  1
1142
 11
1883.5
 21
458.0
 31
0.0
100
AcDbText
  0
TEXT
  5
78F
330
17
100
AcDbEntity
  8
TEXT
100
AcDbText
 10
1883.5
 20
452.0
 30
0.0
 40
1.7
  1
Охрана
 11
1883.5
 21
452.0
 31
0.0
100
AcDbText
  0
TEXT
  5
790
330
17
100
AcDbEntity
  8
TEXT
100
AcDbText
 10
1883.5
 20
446.0
 30
0.0
 40
1.6
  1
S=36.2
 11
1883.5
 21
446.0
 31
0.0
100
AcDbText
  0
CIRCLE
  5
791
330
17
100
AcDbEntity
  8
GRAPH
100
AcDbCircle
 10
1886.0
 20
346.0
 30
0.0
 40
1.1
  0
TEXT
  5
792
330
17
100
AcDbEntity
  8
TEXT
100
AcDbText
 10
1887.4
 20
345.4
 30
0.0
 40
1.15
  1
ПСВ
 11
1887.4
 21
345.4
 31
0.0
100
AcDbText
  0
CIRCLE
  5
793
330
17
100
AcDbEntity
  8
GRAPH
100
AcDbCircle
 10
1894.0
 20
346.0
 30
0.0
 40
1.1
  0
TEXT
  5
794
330
17
100
AcDbEntity
  8
TEXT
100
AcDbText
 10
1895.4
 20
345.4
 30
0.0
 40
1.15
  1
ОП-5
 11
1895.4
 21
345.4
 31
0.0
100
AcDbText
  0
CIRCLE
  5
795
330
17
100
AcDbEntity
  8
GRAPH
100
AcDbCircle
 10
1902.0
 20
346.0
 30
0.0
 40
1.1
  0
TEXT
  5
796
330
17
100
AcDbEntity
  8
TEXT
100
AcDbText
 10
1903.4
 20
345.4
 30
0.0
 40
1.15
  1
АПС
 11
1903.4
 21
345.4
 31
0.0
100
AcDbText
  0
CIRCLE
  5
797
330
17
100
AcDbEntity
  8
GRAPH
100
AcDbCircle
 10
1910.0
 20
346.0
 30
0.0
 40
1.1
  0
TEXT
  5
798
330
17
100
AcDbEntity
  8
TEXT
100
AcDbText
 10
1911.4
 20
345.4
 30
0.0
 40
1.15
  1
Ду15
 11
1911.4
 21
345.4
 31
0.0
100
AcDbText
  0
CIRCLE
  5
799
330
17
100
AcDbEntity
  8
GRAPH
100
AcDbCircle
 10
1886.0
 20
356.0
 30
0.0
 40
1.1
  0
TEXT
  5
79A
330
17
100
AcDbEntity
  8
TEXT
100
AcDbText
 10
1887.4
 20
355.4
 30
0.0
 40
1.15
  1
220В
 11
1887.4
 21
355.4
 31
0.0
100
AcDbText
  0
CIRCLE
  5
79B
330
17
100
AcDbEntity
  8
GRAPH
100
AcDbCircle
 10
1894.0
 20
356.0
 30
0.0
 40
1.1
  0
TEXT
  5
79C
330
17
100
AcDbEntity
  8
TEXT
100
AcDbText
 10
1895.4
 20
355.4
 30
0.0
 40
1.15
  1
Св.
 11
1895.4
 21
355.4
 31
0.0
100
AcDbText
  0
CIRCLE
  5
79D
330
17
100
AcDbEntity
  8
GRAPH
100
AcDbCircle
 10
1902.0
 20
356.0
 30
0.0
 40
1.1
  0
TEXT
  5
79E
330
17
100
AcDbEntity
  8
TEXT
100
AcDbText
 10
1903.4
 20
355.4
 30
0.0
 40
1.15
  1
ИПР
 11
1903.4
 21
355.4
 31
0.0
100
AcDbText
  0
CIRCLE
  5
79F
330
17
100
AcDbEntity
  8
GRAPH
100
AcDbCircle
 10
1910.0
 20
356.0
 30
0.0
 40
1.1
  0
TEXT
  5
7A0
330
17
100
AcDbEntity
  8
TEXT
100
AcDbText
 10
1911.4
 20
355.4
 30
0.0
 40
1.15
  1
Кран
 11
1911.4
 21
355.4
 31
0.0
100
AcDbText
  0
LINE
  5
7A1
330
17
100
AcDbEntity
  8
GRAPH
100
AcDbLine
 10
1924.0
 20
336.0
 30
0.0
 11
1962.0
 21
336.0
 31
0.0
  0
LINE
  5
7A2
330
17
100
AcDbEntity
  8
GRAPH
100
AcDbLine
 10
1962.0
 20
336.0
 30
0.0
 11
1962.0
 21
464.0
 31
0.0
  0
LINE
  5
7A3
330
17
100
AcDbEntity
  8
GRAPH
100
AcDbLine
 10
1962.0
 20
464.0
 30
0.0
 11
1924.0
 21
464.0
 31
0.0
  0
LINE
  5
7A4
330
17
100
AcDbEntity
  8
GRAPH
100
AcDbLine
 10
1924.0
 20
464.0
 30
0.0
 11
1924.0
 21
336.0
 31
0.0
  0
TEXT
  5
7A5
330
17
100
AcDbEntity
  8
TEXT
100
AcDbText
 10
1925.5
 20
458.0
 30
0.0
 40
2.0
  1
1143
 11
1925.5
 21
458.0
 31
0.0
100
AcDbText
  0
TEXT
  5
7A6
330
17
100
AcDbEntity
  8
TEXT
100
AcDbText
 10
1925.5
 20
452.0
 30
0.0
 40
1.7
  1
Колясочная
 11
1925.5
 21
452.0
 31
0.0
100
AcDbText
  0
TEXT
  5
7A7
330
17
100
AcDbEntity
  8
TEXT
100
AcDbText
 10
1925.5
 20
446.0
 30
0.0
 40
1.6
  1
S=43.3
 11
1925.5
 21
446.0
 31
0.0
100
AcDbText
  0
CIRCLE
  5
7A8
330
17
100
AcDbEntity
  8
GRAPH
100
AcDbCircle
 10
1928.0
 20
346.0
 30
0.0
 40
1.1
  0
TEXT
  5
7A9
330
17
100
AcDbEntity
  8
TEXT
100
AcDbText
 10
1929.4
 20
345.4
 30
0.0
 40
1.15
  1
ПСВ
 11
1929.4
 21
345.4
 31
0.0
100
AcDbText
  0
CIRCLE
  5
7AA
330
17
100
AcDbEntity
  8
GRAPH
100
AcDbCircle
 10
1936.0
 20
346.0
 30
0.0
 40
1.1
  0
TEXT
  5
7AB
330
17
100
AcDbEntity
  8
TEXT
100
AcDbText
 10
1937.4
 20
345.4
 30
0.0
 40
1.15
  1
ОП-5
 11
1937.4
 21
345.4
 31
0.0
100
AcDbText
  0
CIRCLE
  5
7AC
330
17
100
AcDbEntity
  8
GRAPH
100
AcDbCircle
 10
1944.0
 20
346.0
 30
0.0
 40
1.1
  0
TEXT
  5
7AD
330
17
100
AcDbEntity
  8
TEXT
100
AcDbText
 10
1945.4
 20
345.4
 30
0.0
 40
1.15
  1
АПС
 11
1945.4
 21
345.4
 31
0.0
100
AcDbText
  0
CIRCLE
  5
7AE
330
17
100
AcDbEntity
  8
GRAPH
100
AcDbCircle
 10
1952.0
 20
346.0
 30
0.0
 40
1.1
  0
TEXT
  5
7AF
330
17
100
AcDbEntity
  8
TEXT
100
AcDbText
 10
1953.4
 20
345.4
 30
0.0
 40
1.15
  1
Ду15
 11
1953.4
 21
345.4
 31
0.0
100
AcDbText
  0
CIRCLE
  5
7B0
330
17
100
AcDbEntity
  8
GRAPH
100
AcDbCircle
 10
1928.0
 20
356.0
 30
0.0
 40
1.1
  0
TEXT
  5
7B1
330
17
100
AcDbEntity
  8
TEXT
100
AcDbText
 10
1929.4
 20
355.4
 30
0.0
 40
1.15
  1
220В
 11
1929.4
 21
355.4
 31
0.0
100
AcDbText
  0
CIRCLE
  5
7B2
330
17
100
AcDbEntity
  8
GRAPH
100
AcDbCircle
 10
1936.0
 20
356.0
 30
0.0
 40
1.1
  0
TEXT
  5
7B3
330
17
100
AcDbEntity
  8
TEXT
100
AcDbText
 10
1937.4
 20
355.4
 30
0.0
 40
1.15
  1
Св.
 11
1937.4
 21
355.4
 31
0.0
100
AcDbText
  0
CIRCLE
  5
7B4
330
17
100
AcDbEntity
  8
GRAPH
100
AcDbCircle
 10
1944.0
 20
356.0
 30
0.0
 40
1.1
  0
TEXT
  5
7B5
330
17
100
AcDbEntity
  8
TEXT
100
AcDbText
 10
1945.4
 20
355.4
 30
0.0
 40
1.15
  1
ИПР
 11
1945.4
 21
355.4
 31
0.0
100
AcDbText
  0
CIRCLE
  5
7B6
330
17
100
AcDbEntity
  8
GRAPH
100
AcDbCircle
 10
1952.0
 20
356.0
 30
0.0
 40
1.1
  0
TEXT
  5
7B7
330
17
100
AcDbEntity
  8
TEXT
100
AcDbText
 10
1953.4
 20
355.4
 30
0.0
 40
1.15
  1
Кран
 11
1953.4
 21
355.4
 31
0.0
100
AcDbText
  0
LINE
  5
7B8
330
17
100
AcDbEntity
  8
GRAPH
100
AcDbLine
 10
1966.0
 20
336.0
 30
0.0
 11
2004.0
 21
336.0
 31
0.0
  0
LINE
  5
7B9
330
17
100
AcDbEntity
  8
GRAPH
100
AcDbLine
 10
2004.0
 20
336.0
 30
0.0
 11
2004.0
 21
464.0
 31
0.0
  0
LINE
  5
7BA
330
17
100
AcDbEntity
  8
GRAPH
100
AcDbLine
 10
2004.0
 20
464.0
 30
0.0
 11
1966.0
 21
464.0
 31
0.0
  0
LINE
  5
7BB
330
17
100
AcDbEntity
  8
GRAPH
100
AcDbLine
 10
1966.0
 20
464.0
 30
0.0
 11
1966.0
 21
336.0
 31
0.0
  0
TEXT
  5
7BC
330
17
100
AcDbEntity
  8
TEXT
100
AcDbText
 10
1967.5
 20
458.0
 30
0.0
 40
2.0
  1
1144
 11
1967.5
 21
458.0
 31
0.0
100
AcDbText
  0
TEXT
  5
7BD
330
17
100
AcDbEntity
  8
TEXT
100
AcDbText
 10
1967.5
 20
452.0
 30
0.0
 40
1.7
  1
Кухня-ниша
 11
1967.5
 21
452.0
 31
0.0
100
AcDbText
  0
TEXT
  5
7BE
330
17
100
AcDbEntity
  8
TEXT
100
AcDbText
 10
1967.5
 20
446.0
 30
0.0
 40
1.6
  1
S=50.4
 11
1967.5
 21
446.0
 31
0.0
100
AcDbText
  0
CIRCLE
  5
7BF
330
17
100
AcDbEntity
  8
GRAPH
100
AcDbCircle
 10
1970.0
 20
346.0
 30
0.0
 40
1.1
  0
TEXT
  5
7C0
330
17
100
AcDbEntity
  8
TEXT
100
AcDbText
 10
1971.4
 20
345.4
 30
0.0
 40
1.15
  1
ПСВ
 11
1971.4
 21
345.4
 31
0.0
100
AcDbText
  0
CIRCLE
  5
7C1
330
17
100
AcDbEntity
  8
GRAPH
100
AcDbCircle
 10
1978.0
 20
346.0
 30
0.0
 40
1.1
  0
TEXT
  5
7C2
330
17
100
AcDbEntity
  8
TEXT
100
AcDbText
 10
1979.4
 20
345.4
 30
0.0
 40
1.15
  1
ОП-5
 11
1979.4
 21
345.4
 31
0.0
100
AcDbText
  0
CIRCLE
  5
7C3
330
17
100
AcDbEntity
  8
GRAPH
100
AcDbCircle
 10
1986.0
 20
346.0
 30
0.0
 40
1.1
  0
TEXT
  5
7C4
330
17
100
AcDbEntity
  8
TEXT
100
AcDbText
 10
1987.4
 20
345.4
 30
0.0
 40
1.15
  1
АПС
 11
1987.4
 21
345.4
 31
0.0
100
AcDbText
  0
CIRCLE
  5
7C5
330
17
100
AcDbEntity
  8
GRAPH
100
AcDbCircle
 10
1994.0
 20
346.0
 30
0.0
 40
1.1
  0
TEXT
  5
7C6
330
17
100
AcDbEntity
  8
TEXT
100
AcDbText
 10
1995.4
 20
345.4
 30
0.0
 40
1.15
  1
Ду15
 11
1995.4
 21
345.4
 31
0.0
100
AcDbText
  0
CIRCLE
  5
7C7
330
17
100
AcDbEntity
  8
GRAPH
100
AcDbCircle
 10
1970.0
 20
356.0
 30
0.0
 40
1.1
  0
TEXT
  5
7C8
330
17
100
AcDbEntity
  8
TEXT
100
AcDbText
 10
1971.4
 20
355.4
 30
0.0
 40
1.15
  1
220В
 11
1971.4
 21
355.4
 31
0.0
100
AcDbText
  0
CIRCLE
  5
7C9
330
17
100
AcDbEntity
  8
GRAPH
100
AcDbCircle
 10
1978.0
 20
356.0
 30
0.0
 40
1.1
  0
TEXT
  5
7CA
330
17
100
AcDbEntity
  8
TEXT
100
AcDbText
 10
1979.4
 20
355.4
 30
0.0
 40
1.15
  1
Св.
 11
1979.4
 21
355.4
 31
0.0
100
AcDbText
  0
CIRCLE
  5
7CB
330
17
100
AcDbEntity
  8
GRAPH
100
AcDbCircle
 10
1986.0
 20
356.0
 30
0.0
 40
1.1
  0
TEXT
  5
7CC
330
17
100
AcDbEntity
  8
TEXT
100
AcDbText
 10
1987.4
 20
355.4
 30
0.0
 40
1.15
  1
ИПР
 11
1987.4
 21
355.4
 31
0.0
100
AcDbText
  0
CIRCLE
  5
7CD
330
17
100
AcDbEntity
  8
GRAPH
100
AcDbCircle
 10
1994.0
 20
356.0
 30
0.0
 40
1.1
  0
TEXT
  5
7CE
330
17
100
AcDbEntity
  8
TEXT
100
AcDbText
 10
1995.4
 20
355.4
 30
0.0
 40
1.15
  1
Кран
 11
1995.4
 21
355.4
 31
0.0
100
AcDbText
  0
HATCH
  5
7CF
330
17
100
AcDbEntity
  8
TABLE_FILL
 62
7
100
AcDbHatch
 10
0.0
 20
0.0
 30
0.0
210
0.0
220
0.0
230
1.0
  2
SOLID
 70
1
 71
0
 91
1
 92
3
 72
0
 73
1
 93
4
 10
1798.0
 20
118.0
 10
1836.0
 20
118.0
 10
1836.0
 20
254.0
 10
1798.0
 20
254.0
 97
0
 75
0
 76
1
 98
0
  0
LINE
  5
7D0
330
17
100
AcDbEntity
  8
GRAPH
100
AcDbLine
 10
1798.0
 20
118.0
 30
0.0
 11
1836.0
 21
118.0
 31
0.0
  0
LINE
  5
7D1
330
17
100
AcDbEntity
  8
GRAPH
100
AcDbLine
 10
1836.0
 20
118.0
 30
0.0
 11
1836.0
 21
254.0
 31
0.0
  0
LINE
  5
7D2
330
17
100
AcDbEntity
  8
GRAPH
100
AcDbLine
 10
1836.0
 20
254.0
 30
0.0
 11
1798.0
 21
254.0
 31
0.0
  0
LINE
  5
7D3
330
17
100
AcDbEntity
  8
GRAPH
100
AcDbLine
 10
1798.0
 20
254.0
 30
0.0
 11
1798.0
 21
118.0
 31
0.0
  0
TEXT
  5
7D4
330
17
100
AcDbEntity
  8
TEXT
100
AcDbText
 10
1799.5
 20
248.0
 30
0.0
 40
2.0
  1
1145
 11
1799.5
 21
248.0
 31
0.0
100
AcDbText
  0
TEXT
  5
7D5
330
17
100
AcDbEntity
  8
TEXT
100
AcDbText
 10
1799.5
 20
242.0
 30
0.0
 40
1.7
  1
С/у
 11
1799.5
 21
242.0
 31
0.0
100
AcDbText
  0
TEXT
  5
7D6
330
17
100
AcDbEntity
  8
TEXT
100
AcDbText
 10
1799.5
 20
236.0
 30
0.0
 40
1.6
  1
S=57.5
 11
1799.5
 21
236.0
 31
0.0
100
AcDbText
  0
CIRCLE
  5
7D7
330
17
100
AcDbEntity
  8
GRAPH
100
AcDbCircle
 10
1802.0
 20
128.0
 30
0.0
 40
1.1
  0
TEXT
  5
7D8
330
17
100
AcDbEntity
  8
TEXT
100
AcDbText
 10
1803.4
 20
127.4
 30
0.0
 40
1.15
  1
ПСВ
 11
1803.4
 21
127.4
 31
0.0
100
AcDbText
  0
CIRCLE
  5
7D9
330
17
100
AcDbEntity
  8
GRAPH
100
AcDbCircle
 10
1810.0
 20
128.0
 30
0.0
 40
1.1
  0
TEXT
  5
7DA
330
17
100
AcDbEntity
  8
TEXT
100
AcDbText
 10
1811.4
 20
127.4
 30
0.0
 40
1.15
  1
ОП-5
 11
1811.4
 21
127.4
 31
0.0
100
AcDbText
  0
CIRCLE
  5
7DB
330
17
100
AcDbEntity
  8
GRAPH
100
AcDbCircle
 10
1818.0
 20
128.0
 30
0.0
 40
1.1
  0
TEXT
  5
7DC
330
17
100
AcDbEntity
  8
TEXT
100
AcDbText
 10
1819.4
 20
127.4
 30
0.0
 40
1.15
  1
АПС
 11
1819.4
 21
127.4
 31
0.0
100
AcDbText
  0
CIRCLE
  5
7DD
330
17
100
AcDbEntity
  8
GRAPH
100
AcDbCircle
 10
1826.0
 20
128.0
 30
0.0
 40
1.1
  0
TEXT
  5
7DE
330
17
100
AcDbEntity
  8
TEXT
100
AcDbText
 10
1827.4
 20
127.4
 30
0.0
 40
1.15
  1
Ду15
 11
1827.4
 21
127.4
 31
0.0
100
AcDbText
  0
CIRCLE
  5
7DF
330
17
100
AcDbEntity
  8
GRAPH
100
AcDbCircle
 10
1802.0
 20
138.0
 30
0.0
 40
1.1
  0
TEXT
  5
7E0
330
17
100
AcDbEntity
  8
TEXT
100
AcDbText
 10
1803.4
 20
137.4
 30
0.0
 40
1.15
  1
220В
 11
1803.4
 21
137.4
 31
0.0
100
AcDbText
  0
CIRCLE
  5
7E1
330
17
100
AcDbEntity
  8
GRAPH
100
AcDbCircle
 10
1810.0
 20
138.0
 30
0.0
 40
1.1
  0
TEXT
  5
7E2
330
17
100
AcDbEntity
  8
TEXT
100
AcDbText
 10
1811.4
 20
137.4
 30
0.0
 40
1.15
  1
Св.
 11
1811.4
 21
137.4
 31
0.0
100
AcDbText
  0
CIRCLE
  5
7E3
330
17
100
AcDbEntity
  8
GRAPH
100
AcDbCircle
 10
1818.0
 20
138.0
 30
0.0
 40
1.1
  0
TEXT
  5
7E4
330
17
100
AcDbEntity
  8
TEXT
100
AcDbText
 10
1819.4
 20
137.4
 30
0.0
 40
1.15
  1
ИПР
 11
1819.4
 21
137.4
 31
0.0
100
AcDbText
  0
CIRCLE
  5
7E5
330
17
100
AcDbEntity
  8
GRAPH
100
AcDbCircle
 10
1826.0
 20
138.0
 30
0.0
 40
1.1
  0
TEXT
  5
7E6
330
17
100
AcDbEntity
  8
TEXT
100
AcDbText
 10
1827.4
 20
137.4
 30
0.0
 40
1.15
  1
Кран
 11
1827.4
 21
137.4
 31
0.0
100
AcDbText
  0
HATCH
  5
7E7
330
17
100
AcDbEntity
  8
TABLE_FILL
 62
7
100
AcDbHatch
 10
0.0
 20
0.0
 30
0.0
210
0.0
220
0.0
230
1.0
  2
SOLID
 70
1
 71
0
 91
1
 92
3
 72
0
 73
1
 93
4
 10
1840.0
 20
118.0
 10
1878.0
 20
118.0
 10
1878.0
 20
254.0
 10
1840.0
 20
254.0
 97
0
 75
0
 76
1
 98
0
  0
LINE
  5
7E8
330
17
100
AcDbEntity
  8
GRAPH
100
AcDbLine
 10
1840.0
 20
118.0
 30
0.0
 11
1878.0
 21
118.0
 31
0.0
  0
LINE
  5
7E9
330
17
100
AcDbEntity
  8
GRAPH
100
AcDbLine
 10
1878.0
 20
118.0
 30
0.0
 11
1878.0
 21
254.0
 31
0.0
  0
LINE
  5
7EA
330
17
100
AcDbEntity
  8
GRAPH
100
AcDbLine
 10
1878.0
 20
254.0
 30
0.0
 11
1840.0
 21
254.0
 31
0.0
  0
LINE
  5
7EB
330
17
100
AcDbEntity
  8
GRAPH
100
AcDbLine
 10
1840.0
 20
254.0
 30
0.0
 11
1840.0
 21
118.0
 31
0.0
  0
TEXT
  5
7EC
330
17
100
AcDbEntity
  8
TEXT
100
AcDbText
 10
1841.5
 20
248.0
 30
0.0
 40
2.0
  1
1146
 11
1841.5
 21
248.0
 31
0.0
100
AcDbText
  0
TEXT
  5
7ED
330
17
100
AcDbEntity
  8
TEXT
100
AcDbText
 10
1841.5
 20
242.0
 30
0.0
 40
1.7
  1
Кладовая
 11
1841.5
 21
242.0
 31
0.0
100
AcDbText
  0
TEXT
  5
7EE
330
17
100
AcDbEntity
  8
TEXT
100
AcDbText
 10
1841.5
 20
236.0
 30
0.0
 40
1.6
  1
S=24.6
 11
1841.5
 21
236.0
 31
0.0
100
AcDbText
  0
CIRCLE
  5
7EF
330
17
100
AcDbEntity
  8
GRAPH
100
AcDbCircle
 10
1844.0
 20
128.0
 30
0.0
 40
1.1
  0
TEXT
  5
7F0
330
17
100
AcDbEntity
  8
TEXT
100
AcDbText
 10
1845.4
 20
127.4
 30
0.0
 40
1.15
  1
ПСВ
 11
1845.4
 21
127.4
 31
0.0
100
AcDbText
  0
CIRCLE
  5
7F1
330
17
100
AcDbEntity
  8
GRAPH
100
AcDbCircle
 10
1852.0
 20
128.0
 30
0.0
 40
1.1
  0
TEXT
  5
7F2
330
17
100
AcDbEntity
  8
TEXT
100
AcDbText
 10
1853.4
 20
127.4
 30
0.0
 40
1.15
  1
ОП-5
 11
1853.4
 21
127.4
 31
0.0
100
AcDbText
  0
CIRCLE
  5
7F3
330
17
100
AcDbEntity
  8
GRAPH
100
AcDbCircle
 10
1860.0
 20
128.0
 30
0.0
 40
1.1
  0
TEXT
  5
7F4
330
17
100
AcDbEntity
  8
TEXT
100
AcDbText
 10
1861.4
 20
127.4
 30
0.0
 40
1.15
  1
АПС
 11
1861.4
 21
127.4
 31
0.0
100
AcDbText
  0
CIRCLE
  5
7F5
330
17
100
AcDbEntity
  8
GRAPH
100
AcDbCircle
 10
1868.0
 20
128.0
 30
0.0
 40
1.1
  0
TEXT
  5
7F6
330
17
100
AcDbEntity
  8
TEXT
100
AcDbText
 10
1869.4
 20
127.4
 30
0.0
 40
1.15
  1
Ду15
 11
1869.4
 21
127.4
 31
0.0
100
AcDbText
  0
CIRCLE
  5
7F7
330
17
100
AcDbEntity
  8
GRAPH
100
AcDbCircle
 10
1844.0
 20
138.0
 30
0.0
 40
1.1
  0
TEXT
  5
7F8
330
17
100
AcDbEntity
  8
TEXT
100
AcDbText
 10
1845.4
 20
137.4
 30
0.0
 40
1.15
  1
220В
 11
1845.4
 21
137.4
 31
0.0
100
AcDbText
  0
CIRCLE
  5
7F9
330
17
100
AcDbEntity
  8
GRAPH
100
AcDbCircle
 10
1852.0
 20
138.0
 30
0.0
 40
1.1
  0
TEXT
  5
7FA
330
17
100
AcDbEntity
  8
TEXT
100
AcDbText
 10
1853.4
 20
137.4
 30
0.0
 40
1.15
  1
Св.
 11
1853.4
 21
137.4
 31
0.0
100
AcDbText
  0
CIRCLE
  5
7FB
330
17
100
AcDbEntity
  8
GRAPH
100
AcDbCircle
 10
1860.0
 20
138.0
 30
0.0
 40
1.1
  0
TEXT
  5
7FC
330
17
100
AcDbEntity
  8
TEXT
100
AcDbText
 10
1861.4
 20
137.4
 30
0.0
 40
1.15
  1
ИПР
 11
1861.4
 21
137.4
 31
0.0
100
AcDbText
  0
CIRCLE
  5
7FD
330
17
100
AcDbEntity
  8
GRAPH
100
AcDbCircle
 10
1868.0
 20
138.0
 30
0.0
 40
1.1
  0
TEXT
  5
7FE
330
17
100
AcDbEntity
  8
TEXT
100
AcDbText
 10
1869.4
 20
137.4
 30
0.0
 40
1.15
  1
Кран
 11
1869.4
 21
137.4
 31
0.0
100
AcDbText
  0
HATCH
  5
7FF
330
17
100
AcDbEntity
  8
TABLE_FILL
 62
7
100
AcDbHatch
 10
0.0
 20
0.0
 30
0.0
210
0.0
220
0.0
230
1.0
  2
SOLID
 70
1
 71
0
 91
1
 92
3
 72
0
 73
1
 93
4
 10
1882.0
 20
118.0
 10
1920.0
 20
118.0
 10
1920.0
 20
254.0
 10
1882.0
 20
254.0
 97
0
 75
0
 76
1
 98
0
  0
LINE
  5
800
330
17
100
AcDbEntity
  8
GRAPH
100
AcDbLine
 10
1882.0
 20
118.0
 30
0.0
 11
1920.0
 21
118.0
 31
0.0
  0
LINE
  5
801
330
17
100
AcDbEntity
  8
GRAPH
100
AcDbLine
 10
1920.0
 20
118.0
 30
0.0
 11
1920.0
 21
254.0
 31
0.0
  0
LINE
  5
802
330
17
100
AcDbEntity
  8
GRAPH
100
AcDbLine
 10
1920.0
 20
254.0
 30
0.0
 11
1882.0
 21
254.0
 31
0.0
  0
LINE
  5
803
330
17
100
AcDbEntity
  8
GRAPH
100
AcDbLine
 10
1882.0
 20
254.0
 30
0.0
 11
1882.0
 21
118.0
 31
0.0
  0
TEXT
  5
804
330
17
100
AcDbEntity
  8
TEXT
100
AcDbText
 10
1883.5
 20
248.0
 30
0.0
 40
2.0
  1
1147
 11
1883.5
 21
248.0
 31
0.0
100
AcDbText
  0
TEXT
  5
805
330
17
100
AcDbEntity
  8
TEXT
100
AcDbText
 10
1883.5
 20
242.0
 30
0.0
 40
1.7
  1
ИТП
 11
1883.5
 21
242.0
 31
0.0
100
AcDbText
  0
TEXT
  5
806
330
17
100
AcDbEntity
  8
TEXT
100
AcDbText
 10
1883.5
 20
236.0
 30
0.0
 40
1.6
  1
S=31.7
 11
1883.5
 21
236.0
 31
0.0
100
AcDbText
  0
CIRCLE
  5
807
330
17
100
AcDbEntity
  8
GRAPH
100
AcDbCircle
 10
1886.0
 20
128.0
 30
0.0
 40
1.1
  0
TEXT
  5
808
330
17
100
AcDbEntity
  8
TEXT
100
AcDbText
 10
1887.4
 20
127.4
 30
0.0
 40
1.15
  1
ПСВ
 11
1887.4
 21
127.4
 31
0.0
100
AcDbText
  0
CIRCLE
  5
809
330
17
100
AcDbEntity
  8
GRAPH
100
AcDbCircle
 10
1894.0
 20
128.0
 30
0.0
 40
1.1
  0
TEXT
  5
80A
330
17
100
AcDbEntity
  8
TEXT
100
AcDbText
 10
1895.4
 20
127.4
 30
0.0
 40
1.15
  1
ОП-5
 11
1895.4
 21
127.4
 31
0.0
100
AcDbText
  0
CIRCLE
  5
80B
330
17
100
AcDbEntity
  8
GRAPH
100
AcDbCircle
 10
1902.0
 20
128.0
 30
0.0
 40
1.1
  0
TEXT
  5
80C
330
17
100
AcDbEntity
  8
TEXT
100
AcDbText
 10
1903.4
 20
127.4
 30
0.0
 40
1.15
  1
АПС
 11
1903.4
 21
127.4
 31
0.0
100
AcDbText
  0
CIRCLE
  5
80D
330
17
100
AcDbEntity
  8
GRAPH
100
AcDbCircle
 10
1910.0
 20
128.0
 30
0.0
 40
1.1
  0
TEXT
  5
80E
330
17
100
AcDbEntity
  8
TEXT
100
AcDbText
 10
1911.4
 20
127.4
 30
0.0
 40
1.15
  1
Ду15
 11
1911.4
 21
127.4
 31
0.0
100
AcDbText
  0
CIRCLE
  5
80F
330
17
100
AcDbEntity
  8
GRAPH
100
AcDbCircle
 10
1886.0
 20
138.0
 30
0.0
 40
1.1
  0
TEXT
  5
810
330
17
100
AcDbEntity
  8
TEXT
100
AcDbText
 10
1887.4
 20
137.4
 30
0.0
 40
1.15
  1
220В
 11
1887.4
 21
137.4
 31
0.0
100
AcDbText
  0
CIRCLE
  5
811
330
17
100
AcDbEntity
  8
GRAPH
100
AcDbCircle
 10
1894.0
 20
138.0
 30
0.0
 40
1.1
  0
TEXT
  5
812
330
17
100
AcDbEntity
  8
TEXT
100
AcDbText
 10
1895.4
 20
137.4
 30
0.0
 40
1.15
  1
Св.
 11
1895.4
 21
137.4
 31
0.0
100
AcDbText
  0
CIRCLE
  5
813
330
17
100
AcDbEntity
  8
GRAPH
100
AcDbCircle
 10
1902.0
 20
138.0
 30
0.0
 40
1.1
  0
TEXT
  5
814
330
17
100
AcDbEntity
  8
TEXT
100
AcDbText
 10
1903.4
 20
137.4
 30
0.0
 40
1.15
  1
ИПР
 11
1903.4
 21
137.4
 31
0.0
100
AcDbText
  0
CIRCLE
  5
815
330
17
100
AcDbEntity
  8
GRAPH
100
AcDbCircle
 10
1910.0
 20
138.0
 30
0.0
 40
1.1
  0
TEXT
  5
816
330
17
100
AcDbEntity
  8
TEXT
100
AcDbText
 10
1911.4
 20
137.4
 30
0.0
 40
1.15
  1
Кран
 11
1911.4
 21
137.4
 31
0.0
100
AcDbText
  0
LINE
  5
817
330
17
100
AcDbEntity
  8
GRAPH
100
AcDbLine
 10
1924.0
 20
118.0
 30
0.0
 11
1962.0
 21
118.0
 31
0.0
  0
LINE
  5
818
330
17
100
AcDbEntity
  8
GRAPH
100
AcDbLine
 10
1962.0
 20
118.0
 30
0.0
 11
1962.0
 21
254.0
 31
0.0
  0
LINE
  5
819
330
17
100
AcDbEntity
  8
GRAPH
100
AcDbLine
 10
1962.0
 20
254.0
 30
0.0
 11
1924.0
 21
254.0
 31
0.0
  0
LINE
  5
81A
330
17
100
AcDbEntity
  8
GRAPH
100
AcDbLine
 10
1924.0
 20
254.0
 30
0.0
 11
1924.0
 21
118.0
 31
0.0
  0
TEXT
  5
81B
330
17
100
AcDbEntity
  8
TEXT
100
AcDbText
 10
1925.5
 20
248.0
 30
0.0
 40
2.0
  1
1148
 11
1925.5
 21
248.0
 31
0.0
100
AcDbText
  0
TEXT
  5
81C
330
17
100
AcDbEntity
  8
TEXT
100
AcDbText
 10
1925.5
 20
242.0
 30
0.0
 40
1.7
  1
Эл.щит.
 11
1925.5
 21
242.0
 31
0.0
100
AcDbText
  0
TEXT
  5
81D
330
17
100
AcDbEntity
  8
TEXT
100
AcDbText
 10
1925.5
 20
236.0
 30
0.0
 40
1.6
  1
S=38.8
 11
1925.5
 21
236.0
 31
0.0
100
AcDbText
  0
CIRCLE
  5
81E
330
17
100
AcDbEntity
  8
GRAPH
100
AcDbCircle
 10
1928.0
 20
128.0
 30
0.0
 40
1.1
  0
TEXT
  5
81F
330
17
100
AcDbEntity
  8
TEXT
100
AcDbText
 10
1929.4
 20
127.4
 30
0.0
 40
1.15
  1
ПСВ
 11
1929.4
 21
127.4
 31
0.0
100
AcDbText
  0
CIRCLE
  5
820
330
17
100
AcDbEntity
  8
GRAPH
100
AcDbCircle
 10
1936.0
 20
128.0
 30
0.0
 40
1.1
  0
TEXT
  5
821
330
17
100
AcDbEntity
  8
TEXT
100
AcDbText
 10
1937.4
 20
127.4
 30
0.0
 40
1.15
  1
ОП-5
 11
1937.4
 21
127.4
 31
0.0
100
AcDbText
  0
CIRCLE
  5
822
330
17
100
AcDbEntity
  8
GRAPH
100
AcDbCircle
 10
1944.0
 20
128.0
 30
0.0
 40
1.1
  0
TEXT
  5
823
330
17
100
AcDbEntity
  8
TEXT
100
AcDbText
 10
1945.4
 20
127.4
 30
0.0
 40
1.15
  1
АПС
 11
1945.4
 21
127.4
 31
0.0
100
AcDbText
  0
CIRCLE
  5
824
330
17
100
AcDbEntity
  8
GRAPH
100
AcDbCircle
 10
1952.0
 20
128.0
 30
0.0
 40
1.1
  0
TEXT
  5
825
330
17
100
AcDbEntity
  8
TEXT
100
AcDbText
 10
1953.4
 20
127.4
 30
0.0
 40
1.15
  1
Ду15
 11
1953.4
 21
127.4
 31
0.0
100
AcDbText
  0
CIRCLE
  5
826
330
17
100
AcDbEntity
  8
GRAPH
100
AcDbCircle
 10
1928.0
 20
138.0
 30
0.0
 40
1.1
  0
TEXT
  5
827
330
17
100
AcDbEntity
  8
TEXT
100
AcDbText
 10
1929.4
 20
137.4
 30
0.0
 40
1.15
  1
220В
 11
1929.4
 21
137.4
 31
0.0
100
AcDbText
  0
CIRCLE
  5
828
330
17
100
AcDbEntity
  8
GRAPH
100
AcDbCircle
 10
1936.0
 20
138.0
 30
0.0
 40
1.1
  0
TEXT
  5
829
330
17
100
AcDbEntity
  8
TEXT
100
AcDbText
 10
1937.4
 20
137.4
 30
0.0
 40
1.15
  1
Св.
 11
1937.4
 21
137.4
 31
0.0
100
AcDbText
  0
CIRCLE
  5
82A
330
17
100
AcDbEntity
  8
GRAPH
100
AcDbCircle
 10
1944.0
 20
138.0
 30
0.0
 40
1.1
  0
TEXT
  5
82B
330
17
100
AcDbEntity
  8
TEXT
100
AcDbText
 10
1945.4
 20
137.4
 30
0.0
 40
1.15
  1
ИПР
 11
1945.4
 21
137.4
 31
0.0
100
AcDbText
  0
CIRCLE
  5
82C
330
17
100
AcDbEntity
  8
GRAPH
100
AcDbCircle
 10
1952.0
 20
138.0
 30
0.0
 40
1.1
  0
TEXT
  5
82D
330
17
100
AcDbEntity
  8
TEXT
100
AcDbText
 10
1953.4
 20
137.4
 30
0.0
 40
1.15
  1
Кран
 11
1953.4
 21
137.4
 31
0.0
100
AcDbText
  0
LINE
  5
82E
330
17
100
AcDbEntity
  8
GRAPH
100
AcDbLine
 10
1966.0
 20
118.0
 30
0.0
 11
2004.0
 21
118.0
 31
0.0
  0
LINE
  5
82F
330
17
100
AcDbEntity
  8
GRAPH
100
AcDbLine
 10
2004.0
 20
118.0
 30
0.0
 11
2004.0
 21
254.0
 31
0.0
  0
LINE
  5
830
330
17
100
AcDbEntity
  8
GRAPH
100
AcDbLine
 10
2004.0
 20
254.0
 30
0.0
 11
1966.0
 21
254.0
 31
0.0
  0
LINE
  5
831
330
17
100
AcDbEntity
  8
GRAPH
100
AcDbLine
 10
1966.0
 20
254.0
 30
0.0
 11
1966.0
 21
118.0
 31
0.0
  0
TEXT
  5
832
330
17
100
AcDbEntity
  8
TEXT
100
AcDbText
 10
1967.5
 20
248.0
 30
0.0
 40
2.0
  1
1149
 11
1967.5
 21
248.0
 31
0.0
100
AcDbText
  0
TEXT
  5
833
330
17
100
AcDbEntity
  8
TEXT
100
AcDbText
 10
1967.5
 20
242.0
 30
0.0
 40
1.7
  1
Венткамера
 11
1967.5
 21
242.0
 31
0.0
100
AcDbText
  0
TEXT
  5
834
330
17
100
AcDbEntity
  8
TEXT
100
AcDbText
 10
1967.5
 20
236.0
 30
0.0
 40
1.6
  1
S=45.9
 11
1967.5
 21
236.0
 31
0.0
100
AcDbText
  0
CIRCLE
  5
835
330
17
100
AcDbEntity
  8
GRAPH
100
AcDbCircle
 10
1970.0
 20
128.0
 30
0.0
 40
1.1
  0
TEXT
  5
836
330
17
100
AcDbEntity
  8
TEXT
100
AcDbText
 10
1971.4
 20
127.4
 30
0.0
 40
1.15
  1
ПСВ
 11
1971.4
 21
127.4
 31
0.0
100
AcDbText
  0
CIRCLE
  5
837
330
17
100
AcDbEntity
  8
GRAPH
100
AcDbCircle
 10
1978.0
 20
128.0
 30
0.0
 40
1.1
  0
TEXT
  5
838
330
17
100
AcDbEntity
  8
TEXT
100
AcDbText
 10
1979.4
 20
127.4
 30
0.0
 40
1.15
  1
ОП-5
 11
1979.4
 21
127.4
 31
0.0
100
AcDbText
  0
CIRCLE
  5
839
330
17
100
AcDbEntity
  8
GRAPH
100
AcDbCircle
 10
1986.0
 20
128.0
 30
0.0
 40
1.1
  0
TEXT
  5
83A
330
17
100
AcDbEntity
  8
TEXT
100
AcDbText
 10
1987.4
 20
127.4
 30
0.0
 40
1.15
  1
АПС
 11
1987.4
 21
127.4
 31
0.0
100
AcDbText
  0
CIRCLE
  5
83B
330
17
100
AcDbEntity
  8
GRAPH
100
AcDbCircle
 10
1994.0
 20
128.0
 30
0.0
 40
1.1
  0
TEXT
  5
83C
330
17
100
AcDbEntity
  8
TEXT
100
AcDbText
 10
1995.4
 20
127.4
 30
0.0
 40
1.15
  1
Ду15
 11
1995.4
 21
127.4
 31
0.0
100
AcDbText
  0
CIRCLE
  5
83D
330
17
100
AcDbEntity
  8
GRAPH
100
AcDbCircle
 10
1970.0
 20
138.0
 30
0.0
 40
1.1
  0
TEXT
  5
83E
330
17
100
AcDbEntity
  8
TEXT
100
AcDbText
 10
1971.4
 20
137.4
 30
0.0
 40
1.15
  1
220В
 11
1971.4
 21
137.4
 31
0.0
100
AcDbText
  0
CIRCLE
  5
83F
330
17
100
AcDbEntity
  8
GRAPH
100
AcDbCircle
 10
1978.0
 20
138.0
 30
0.0
 40
1.1
  0
TEXT
  5
840
330
17
100
AcDbEntity
  8
TEXT
100
AcDbText
 10
1979.4
 20
137.4
 30
0.0
 40
1.15
  1
Св.
 11
1979.4
 21
137.4
 31
0.0
100
AcDbText
  0
CIRCLE
  5
841
330
17
100
AcDbEntity
  8
GRAPH
100
AcDbCircle
 10
1986.0
 20
138.0
 30
0.0
 40
1.1
  0
TEXT
  5
842
330
17
100
AcDbEntity
  8
TEXT
100
AcDbText
 10
1987.4
 20
137.4
 30
0.0
 40
1.15
  1
ИПР
 11
1987.4
 21
137.4
 31
0.0
100
AcDbText
  0
CIRCLE
  5
843
330
17
100
AcDbEntity
  8
GRAPH
100
AcDbCircle
 10
1994.0
 20
138.0
 30
0.0
 40
1.1
  0
TEXT
  5
844
330
17
100
AcDbEntity
  8
TEXT
100
AcDbText
 10
1995.4
 20
137.4
 30
0.0
 40
1.15
  1
Кран
 11
1995.4
 21
137.4
 31
0.0
100
AcDbText
  0
TEXT
  5
845
330
17
100
AcDbEntity
  8
DIM
100
AcDbText
 10
1796.0
 20
102.0
 30
0.0
 40
2.0
  1
46.000
 11
1796.0
 21
102.0
 31
0.0
100
AcDbText
  0
LINE
  5
846
330
17
100
AcDbEntity
  8
GRAPH
100
AcDbLine
 10
2052.0
 20
110.0
 30
0.0
 11
2052.0
 21
470.0
 31
0.0
  0
LINE
  5
847
330
17
100
AcDbEntity
  8
GRAPH
100
AcDbLine
 10
2052.0
 20
110.0
 30
0.0
 11
2268.0
 21
110.0
 31
0.0
  0
LINE
  5
848
330
17
100
AcDbEntity
  8
GRAPH
100
AcDbLine
 10
2088.0
 20
110.0
 30
0.0
 11
2088.0
 21
470.0
 31
0.0
  0
LINE
  5
849
330
17
100
AcDbEntity
  8
GRAPH
100
AcDbLine
 10
2052.0
 20
170.0
 30
0.0
 11
2268.0
 21
170.0
 31
0.0
  0
LINE
  5
84A
330
17
100
AcDbEntity
  8
GRAPH
100
AcDbLine
 10
2124.0
 20
110.0
 30
0.0
 11
2124.0
 21
470.0
 31
0.0
  0
LINE
  5
84B
330
17
100
AcDbEntity
  8
GRAPH
100
AcDbLine
 10
2052.0
 20
230.0
 30
0.0
 11
2268.0
 21
230.0
 31
0.0
  0
LINE
  5
84C
330
17
100
AcDbEntity
  8
GRAPH
100
AcDbLine
 10
2160.0
 20
110.0
 30
0.0
 11
2160.0
 21
470.0
 31
0.0
  0
LINE
  5
84D
330
17
100
AcDbEntity
  8
GRAPH
100
AcDbLine
 10
2052.0
 20
290.0
 30
0.0
 11
2268.0
 21
290.0
 31
0.0
  0
LINE
  5
84E
330
17
100
AcDbEntity
  8
GRAPH
100
AcDbLine
 10
2196.0
 20
110.0
 30
0.0
 11
2196.0
 21
470.0
 31
0.0
  0
LINE
  5
84F
330
17
100
AcDbEntity
  8
GRAPH
100
AcDbLine
 10
2052.0
 20
350.0
 30
0.0
 11
2268.0
 21
350.0
 31
0.0
  0
LINE
  5
850
330
17
100
AcDbEntity
  8
GRAPH
100
AcDbLine
 10
2232.0
 20
110.0
 30
0.0
 11
2232.0
 21
470.0
 31
0.0
  0
LINE
  5
851
330
17
100
AcDbEntity
  8
GRAPH
100
AcDbLine
 10
2052.0
 20
410.0
 30
0.0
 11
2268.0
 21
410.0
 31
0.0
  0
LINE
  5
852
330
17
100
AcDbEntity
  8
GRAPH
100
AcDbLine
 10
2268.0
 20
110.0
 30
0.0
 11
2268.0
 21
470.0
 31
0.0
  0
LINE
  5
853
330
17
100
AcDbEntity
  8
GRAPH
100
AcDbLine
 10
2052.0
 20
470.0
 30
0.0
 11
2268.0
 21
470.0
 31
0.0
  0
LINE
  5
854
330
17
100
AcDbEntity
  8
GRAPH
100
AcDbLine
 10
2052.0
 20
110.0
 30
0.0
 11
2268.0
 21
110.0
 31
0.0
  0
LINE
  5
855
330
17
100
AcDbEntity
  8
GRAPH
100
AcDbLine
 10
2268.0
 20
110.0
 30
0.0
 11
2268.0
 21
470.0
 31
0.0
  0
LINE
  5
856
330
17
100
AcDbEntity
  8
GRAPH
100
AcDbLine
 10
2268.0
 20
470.0
 30
0.0
 11
2052.0
 21
470.0
 31
0.0
  0
LINE
  5
857
330
17
100
AcDbEntity
  8
GRAPH
100
AcDbLine
 10
2052.0
 20
470.0
 30
0.0
 11
2052.0
 21
110.0
 31
0.0
  0
TEXT
  5
858
330
17
100
AcDbEntity
  8
TEXT
100
AcDbText
 10
2132.0
 20
298.0
 30
0.0
 40
3.2
  1
КОРИДОР К2
 11
2132.0
 21
298.0
 31
0.0
100
AcDbText
  0
LINE
  5
859
330
17
100
AcDbEntity
  8
GRAPH
100
AcDbLine
 10
2142.0
 20
260.0
 30
0.0
 11
2170.0
 21
260.0
 31
0.0
  0
LINE
  5
85A
330
17
100
AcDbEntity
  8
GRAPH
100
AcDbLine
 10
2170.0
 20
260.0
 30
0.0
 11
2170.0
 21
330.0
 31
0.0
  0
LINE
  5
85B
330
17
100
AcDbEntity
  8
GRAPH
100
AcDbLine
 10
2170.0
 20
330.0
 30
0.0
 11
2142.0
 21
330.0
 31
0.0
  0
LINE
  5
85C
330
17
100
AcDbEntity
  8
GRAPH
100
AcDbLine
 10
2142.0
 20
330.0
 30
0.0
 11
2142.0
 21
260.0
 31
0.0
  0
LINE
  5
85D
330
17
100
AcDbEntity
  8
GRAPH
100
AcDbLine
 10
2146.0
 20
266.0
 30
0.0
 11
2166.0
 21
266.0
 31
0.0
  0
LINE
  5
85E
330
17
100
AcDbEntity
  8
GRAPH
100
AcDbLine
 10
2146.0
 20
274.0
 30
0.0
 11
2166.0
 21
274.0
 31
0.0
  0
LINE
  5
85F
330
17
100
AcDbEntity
  8
GRAPH
100
AcDbLine
 10
2146.0
 20
282.0
 30
0.0
 11
2166.0
 21
282.0
 31
0.0
  0
LINE
  5
860
330
17
100
AcDbEntity
  8
GRAPH
100
AcDbLine
 10
2146.0
 20
290.0
 30
0.0
 11
2166.0
 21
290.0
 31
0.0
  0
LINE
  5
861
330
17
100
AcDbEntity
  8
GRAPH
100
AcDbLine
 10
2146.0
 20
298.0
 30
0.0
 11
2166.0
 21
298.0
 31
0.0
  0
LINE
  5
862
330
17
100
AcDbEntity
  8
GRAPH
100
AcDbLine
 10
2146.0
 20
306.0
 30
0.0
 11
2166.0
 21
306.0
 31
0.0
  0
LINE
  5
863
330
17
100
AcDbEntity
  8
GRAPH
100
AcDbLine
 10
2146.0
 20
314.0
 30
0.0
 11
2166.0
 21
314.0
 31
0.0
  0
LINE
  5
864
330
17
100
AcDbEntity
  8
GRAPH
100
AcDbLine
 10
2146.0
 20
322.0
 30
0.0
 11
2166.0
 21
322.0
 31
0.0
  0
TEXT
  5
865
330
17
100
AcDbEntity
  8
DIM
100
AcDbText
 10
2144.0
 20
258.0
 30
0.0
 40
1.8
  1
ширина лестничного марша 1.20 м
 11
2144.0
 21
258.0
 31
0.0
100
AcDbText
  0
LINE
  5
866
330
17
100
AcDbEntity
  8
GRAPH
100
AcDbLine
 10
2174.0
 20
278.0
 30
0.0
 11
2192.0
 21
278.0
 31
0.0
  0
LINE
  5
867
330
17
100
AcDbEntity
  8
GRAPH
100
AcDbLine
 10
2192.0
 20
278.0
 30
0.0
 11
2192.0
 21
306.0
 31
0.0
  0
LINE
  5
868
330
17
100
AcDbEntity
  8
GRAPH
100
AcDbLine
 10
2192.0
 20
306.0
 30
0.0
 11
2174.0
 21
306.0
 31
0.0
  0
LINE
  5
869
330
17
100
AcDbEntity
  8
GRAPH
100
AcDbLine
 10
2174.0
 20
306.0
 30
0.0
 11
2174.0
 21
278.0
 31
0.0
  0
TEXT
  5
86A
330
17
100
AcDbEntity
  8
TEXT
100
AcDbText
 10
2175.0
 20
288.0
 30
0.0
 40
1.7
  1
630кг
 11
2175.0
 21
288.0
 31
0.0
100
AcDbText
  0
LINE
  5
86B
330
17
100
AcDbEntity
  8
GRAPH
100
AcDbLine
 10
2058.0
 20
336.0
 30
0.0
 11
2096.0
 21
336.0
 31
0.0
  0
LINE
  5
86C
330
17
100
AcDbEntity
  8
GRAPH
100
AcDbLine
 10
2096.0
 20
336.0
 30
0.0
 11
2096.0
 21
464.0
 31
0.0
  0
LINE
  5
86D
330
17
100
AcDbEntity
  8
GRAPH
100
AcDbLine
 10
2096.0
 20
464.0
 30
0.0
 11
2058.0
 21
464.0
 31
0.0
  0
LINE
  5
86E
330
17
100
AcDbEntity
  8
GRAPH
100
AcDbLine
 10
2058.0
 20
464.0
 30
0.0
 11
2058.0
 21
336.0
 31
0.0
  0
TEXT
  5
86F
330
17
100
AcDbEntity
  8
TEXT
100
AcDbText
 10
2059.5
 20
458.0
 30
0.0
 40
2.0
  1
2140
 11
2059.5
 21
458.0
 31
0.0
100
AcDbText
  0
TEXT
  5
870
330
17
100
AcDbEntity
  8
TEXT
100
AcDbText
 10
2059.5
 20
452.0
 30
0.0
 40
1.7
  1
Вестибюль
 11
2059.5
 21
452.0
 31
0.0
100
AcDbText
  0
TEXT
  5
871
330
17
100
AcDbEntity
  8
TEXT
100
AcDbText
 10
2059.5
 20
446.0
 30
0.0
 40
1.6
  1
S=23.1
 11
2059.5
 21
446.0
 31
0.0
100
AcDbText
  0
CIRCLE
  5
872
330
17
100
AcDbEntity
  8
GRAPH
100
AcDbCircle
 10
2062.0
 20
346.0
 30
0.0
 40
1.1
  0
TEXT
  5
873
330
17
100
AcDbEntity
  8
TEXT
100
AcDbText
 10
2063.4
 20
345.4
 30
0.0
 40
1.15
  1
ПСВ
 11
2063.4
 21
345.4
 31
0.0
100
AcDbText
  0
CIRCLE
  5
874
330
17
100
AcDbEntity
  8
GRAPH
100
AcDbCircle
 10
2070.0
 20
346.0
 30
0.0
 40
1.1
  0
TEXT
  5
875
330
17
100
AcDbEntity
  8
TEXT
100
AcDbText
 10
2071.4
 20
345.4
 30
0.0
 40
1.15
  1
ОП-5
 11
2071.4
 21
345.4
 31
0.0
100
AcDbText
  0
CIRCLE
  5
876
330
17
100
AcDbEntity
  8
GRAPH
100
AcDbCircle
 10
2078.0
 20
346.0
 30
0.0
 40
1.1
  0
TEXT
  5
877
330
17
100
AcDbEntity
  8
TEXT
100
AcDbText
 10
2079.4
 20
345.4
 30
0.0
 40
1.15
  1
АПС
 11
2079.4
 21
345.4
 31
0.0
100
AcDbText
  0
CIRCLE
  5
878
330
17
100
AcDbEntity
  8
GRAPH
100
AcDbCircle
 10
2086.0
 20
346.0
 30
0.0
 40
1.1
  0
TEXT
  5
879
330
17
100
AcDbEntity
  8
TEXT
100
AcDbText
 10
2087.4
 20
345.4
 30
0.0
 40
1.15
  1
Ду15
 11
2087.4
 21
345.4
 31
0.0
100
AcDbText
  0
CIRCLE
  5
87A
330
17
100
AcDbEntity
  8
GRAPH
100
AcDbCircle
 10
2062.0
 20
356.0
 30
0.0
 40
1.1
  0
TEXT
  5
87B
330
17
100
AcDbEntity
  8
TEXT
100
AcDbText
 10
2063.4
 20
355.4
 30
0.0
 40
1.15
  1
220В
 11
2063.4
 21
355.4
 31
0.0
100
AcDbText
  0
CIRCLE
  5
87C
330
17
100
AcDbEntity
  8
GRAPH
100
AcDbCircle
 10
2070.0
 20
356.0
 30
0.0
 40
1.1
  0
TEXT
  5
87D
330
17
100
AcDbEntity
  8
TEXT
100
AcDbText
 10
2071.4
 20
355.4
 30
0.0
 40
1.15
  1
Св.
 11
2071.4
 21
355.4
 31
0.0
100
AcDbText
  0
CIRCLE
  5
87E
330
17
100
AcDbEntity
  8
GRAPH
100
AcDbCircle
 10
2078.0
 20
356.0
 30
0.0
 40
1.1
  0
TEXT
  5
87F
330
17
100
AcDbEntity
  8
TEXT
100
AcDbText
 10
2079.4
 20
355.4
 30
0.0
 40
1.15
  1
ИПР
 11
2079.4
 21
355.4
 31
0.0
100
AcDbText
  0
CIRCLE
  5
880
330
17
100
AcDbEntity
  8
GRAPH
100
AcDbCircle
 10
2086.0
 20
356.0
 30
0.0
 40
1.1
  0
TEXT
  5
881
330
17
100
AcDbEntity
  8
TEXT
100
AcDbText
 10
2087.4
 20
355.4
 30
0.0
 40
1.15
  1
Кран
 11
2087.4
 21
355.4
 31
0.0
100
AcDbText
  0
LINE
  5
882
330
17
100
AcDbEntity
  8
GRAPH
100
AcDbLine
 10
2100.0
 20
336.0
 30
0.0
 11
2138.0
 21
336.0
 31
0.0
  0
LINE
  5
883
330
17
100
AcDbEntity
  8
GRAPH
100
AcDbLine
 10
2138.0
 20
336.0
 30
0.0
 11
2138.0
 21
464.0
 31
0.0
  0
LINE
  5
884
330
17
100
AcDbEntity
  8
GRAPH
100
AcDbLine
 10
2138.0
 20
464.0
 30
0.0
 11
2100.0
 21
464.0
 31
0.0
  0
LINE
  5
885
330
17
100
AcDbEntity
  8
GRAPH
100
AcDbLine
 10
2100.0
 20
464.0
 30
0.0
 11
2100.0
 21
336.0
 31
0.0
  0
TEXT
  5
886
330
17
100
AcDbEntity
  8
TEXT
100
AcDbText
 10
2101.5
 20
458.0
 30
0.0
 40
2.0
  1
2141
 11
2101.5
 21
458.0
 31
0.0
100
AcDbText
  0
TEXT
  5
887
330
17
100
AcDbEntity
  8
TEXT
100
AcDbText
 10
2101.5
 20
452.0
 30
0.0
 40
1.7
  1
Охрана
 11
2101.5
 21
452.0
 31
0.0
100
AcDbText
  0
TEXT
  5
888
330
17
100
AcDbEntity
  8
TEXT
100
AcDbText
 10
2101.5
 20
446.0
 30
0.0
 40
1.6
  1
S=30.2
 11
2101.5
 21
446.0
 31
0.0
100
AcDbText
  0
CIRCLE
  5
889
330
17
100
AcDbEntity
  8
GRAPH
100
AcDbCircle
 10
2104.0
 20
346.0
 30
0.0
 40
1.1
  0
TEXT
  5
88A
330
17
100
AcDbEntity
  8
TEXT
100
AcDbText
 10
2105.4
 20
345.4
 30
0.0
 40
1.15
  1
ПСВ
 11
2105.4
 21
345.4
 31
0.0
100
AcDbText
  0
CIRCLE
  5
88B
330
17
100
AcDbEntity
  8
GRAPH
100
AcDbCircle
 10
2112.0
 20
346.0
 30
0.0
 40
1.1
  0
TEXT
  5
88C
330
17
100
AcDbEntity
  8
TEXT
100
AcDbText
 10
2113.4
 20
345.4
 30
0.0
 40
1.15
  1
ОП-5
 11
2113.4
 21
345.4
 31
0.0
100
AcDbText
  0
CIRCLE
  5
88D
330
17
100
AcDbEntity
  8
GRAPH
100
AcDbCircle
 10
2120.0
 20
346.0
 30
0.0
 40
1.1
  0
TEXT
  5
88E
330
17
100
AcDbEntity
  8
TEXT
100
AcDbText
 10
2121.4
 20
345.4
 30
0.0
 40
1.15
  1
АПС
 11
2121.4
 21
345.4
 31
0.0
100
AcDbText
  0
CIRCLE
  5
88F
330
17
100
AcDbEntity
  8
GRAPH
100
AcDbCircle
 10
2128.0
 20
346.0
 30
0.0
 40
1.1
  0
TEXT
  5
890
330
17
100
AcDbEntity
  8
TEXT
100
AcDbText
 10
2129.4
 20
345.4
 30
0.0
 40
1.15
  1
Ду15
 11
2129.4
 21
345.4
 31
0.0
100
AcDbText
  0
CIRCLE
  5
891
330
17
100
AcDbEntity
  8
GRAPH
100
AcDbCircle
 10
2104.0
 20
356.0
 30
0.0
 40
1.1
  0
TEXT
  5
892
330
17
100
AcDbEntity
  8
TEXT
100
AcDbText
 10
2105.4
 20
355.4
 30
0.0
 40
1.15
  1
220В
 11
2105.4
 21
355.4
 31
0.0
100
AcDbText
  0
CIRCLE
  5
893
330
17
100
AcDbEntity
  8
GRAPH
100
AcDbCircle
 10
2112.0
 20
356.0
 30
0.0
 40
1.1
  0
TEXT
  5
894
330
17
100
AcDbEntity
  8
TEXT
100
AcDbText
 10
2113.4
 20
355.4
 30
0.0
 40
1.15
  1
Св.
 11
2113.4
 21
355.4
 31
0.0
100
AcDbText
  0
CIRCLE
  5
895
330
17
100
AcDbEntity
  8
GRAPH
100
AcDbCircle
 10
2120.0
 20
356.0
 30
0.0
 40
1.1
  0
TEXT
  5
896
330
17
100
AcDbEntity
  8
TEXT
100
AcDbText
 10
2121.4
 20
355.4
 30
0.0
 40
1.15
  1
ИПР
 11
2121.4
 21
355.4
 31
0.0
100
AcDbText
  0
CIRCLE
  5
897
330
17
100
AcDbEntity
  8
GRAPH
100
AcDbCircle
 10
2128.0
 20
356.0
 30
0.0
 40
1.1
  0
TEXT
  5
898
330
17
100
AcDbEntity
  8
TEXT
100
AcDbText
 10
2129.4
 20
355.4
 30
0.0
 40
1.15
  1
Кран
 11
2129.4
 21
355.4
 31
0.0
100
AcDbText
  0
HATCH
  5
899
330
17
100
AcDbEntity
  8
TABLE_FILL
 62
7
100
AcDbHatch
 10
0.0
 20
0.0
 30
0.0
210
0.0
220
0.0
230
1.0
  2
SOLID
 70
1
 71
0
 91
1
 92
3
 72
0
 73
1
 93
4
 10
2142.0
 20
336.0
 10
2180.0
 20
336.0
 10
2180.0
 20
464.0
 10
2142.0
 20
464.0
 97
0
 75
0
 76
1
 98
0
  0
LINE
  5
89A
330
17
100
AcDbEntity
  8
GRAPH
100
AcDbLine
 10
2142.0
 20
336.0
 30
0.0
 11
2180.0
 21
336.0
 31
0.0
  0
LINE
  5
89B
330
17
100
AcDbEntity
  8
GRAPH
100
AcDbLine
 10
2180.0
 20
336.0
 30
0.0
 11
2180.0
 21
464.0
 31
0.0
  0
LINE
  5
89C
330
17
100
AcDbEntity
  8
GRAPH
100
AcDbLine
 10
2180.0
 20
464.0
 30
0.0
 11
2142.0
 21
464.0
 31
0.0
  0
LINE
  5
89D
330
17
100
AcDbEntity
  8
GRAPH
100
AcDbLine
 10
2142.0
 20
464.0
 30
0.0
 11
2142.0
 21
336.0
 31
0.0
  0
TEXT
  5
89E
330
17
100
AcDbEntity
  8
TEXT
100
AcDbText
 10
2143.5
 20
458.0
 30
0.0
 40
2.0
  1
2142
 11
2143.5
 21
458.0
 31
0.0
100
AcDbText
  0
TEXT
  5
89F
330
17
100
AcDbEntity
  8
TEXT
100
AcDbText
 10
2143.5
 20
452.0
 30
0.0
 40
1.7
  1
Колясочная
 11
2143.5
 21
452.0
 31
0.0
100
AcDbText
  0
TEXT
  5
8A0
330
17
100
AcDbEntity
  8
TEXT
100
AcDbText
 10
2143.5
 20
446.0
 30
0.0
 40
1.6
  1
S=37.3
 11
2143.5
 21
446.0
 31
0.0
100
AcDbText
  0
CIRCLE
  5
8A1
330
17
100
AcDbEntity
  8
GRAPH
100
AcDbCircle
 10
2146.0
 20
346.0
 30
0.0
 40
1.1
  0
TEXT
  5
8A2
330
17
100
AcDbEntity
  8
TEXT
100
AcDbText
 10
2147.4
 20
345.4
 30
0.0
 40
1.15
  1
ПСВ
 11
2147.4
 21
345.4
 31
0.0
100
AcDbText
  0
CIRCLE
  5
8A3
330
17
100
AcDbEntity
  8
GRAPH
100
AcDbCircle
 10
2154.0
 20
346.0
 30
0.0
 40
1.1
  0
TEXT
  5
8A4
330
17
100
AcDbEntity
  8
TEXT
100
AcDbText
 10
2155.4
 20
345.4
 30
0.0
 40
1.15
  1
ОП-5
 11
2155.4
 21
345.4
 31
0.0
100
AcDbText
  0
CIRCLE
  5
8A5
330
17
100
AcDbEntity
  8
GRAPH
100
AcDbCircle
 10
2162.0
 20
346.0
 30
0.0
 40
1.1
  0
TEXT
  5
8A6
330
17
100
AcDbEntity
  8
TEXT
100
AcDbText
 10
2163.4
 20
345.4
 30
0.0
 40
1.15
  1
АПС
 11
2163.4
 21
345.4
 31
0.0
100
AcDbText
  0
CIRCLE
  5
8A7
330
17
100
AcDbEntity
  8
GRAPH
100
AcDbCircle
 10
2170.0
 20
346.0
 30
0.0
 40
1.1
  0
TEXT
  5
8A8
330
17
100
AcDbEntity
  8
TEXT
100
AcDbText
 10
2171.4
 20
345.4
 30
0.0
 40
1.15
  1
Ду15
 11
2171.4
 21
345.4
 31
0.0
100
AcDbText
  0
CIRCLE
  5
8A9
330
17
100
AcDbEntity
  8
GRAPH
100
AcDbCircle
 10
2146.0
 20
356.0
 30
0.0
 40
1.1
  0
TEXT
  5
8AA
330
17
100
AcDbEntity
  8
TEXT
100
AcDbText
 10
2147.4
 20
355.4
 30
0.0
 40
1.15
  1
220В
 11
2147.4
 21
355.4
 31
0.0
100
AcDbText
  0
CIRCLE
  5
8AB
330
17
100
AcDbEntity
  8
GRAPH
100
AcDbCircle
 10
2154.0
 20
356.0
 30
0.0
 40
1.1
  0
TEXT
  5
8AC
330
17
100
AcDbEntity
  8
TEXT
100
AcDbText
 10
2155.4
 20
355.4
 30
0.0
 40
1.15
  1
Св.
 11
2155.4
 21
355.4
 31
0.0
100
AcDbText
  0
CIRCLE
  5
8AD
330
17
100
AcDbEntity
  8
GRAPH
100
AcDbCircle
 10
2162.0
 20
356.0
 30
0.0
 40
1.1
  0
TEXT
  5
8AE
330
17
100
AcDbEntity
  8
TEXT
100
AcDbText
 10
2163.4
 20
355.4
 30
0.0
 40
1.15
  1
ИПР
 11
2163.4
 21
355.4
 31
0.0
100
AcDbText
  0
CIRCLE
  5
8AF
330
17
100
AcDbEntity
  8
GRAPH
100
AcDbCircle
 10
2170.0
 20
356.0
 30
0.0
 40
1.1
  0
TEXT
  5
8B0
330
17
100
AcDbEntity
  8
TEXT
100
AcDbText
 10
2171.4
 20
355.4
 30
0.0
 40
1.15
  1
Кран
 11
2171.4
 21
355.4
 31
0.0
100
AcDbText
  0
LINE
  5
8B1
330
17
100
AcDbEntity
  8
GRAPH
100
AcDbLine
 10
2184.0
 20
336.0
 30
0.0
 11
2222.0
 21
336.0
 31
0.0
  0
LINE
  5
8B2
330
17
100
AcDbEntity
  8
GRAPH
100
AcDbLine
 10
2222.0
 20
336.0
 30
0.0
 11
2222.0
 21
464.0
 31
0.0
  0
LINE
  5
8B3
330
17
100
AcDbEntity
  8
GRAPH
100
AcDbLine
 10
2222.0
 20
464.0
 30
0.0
 11
2184.0
 21
464.0
 31
0.0
  0
LINE
  5
8B4
330
17
100
AcDbEntity
  8
GRAPH
100
AcDbLine
 10
2184.0
 20
464.0
 30
0.0
 11
2184.0
 21
336.0
 31
0.0
  0
TEXT
  5
8B5
330
17
100
AcDbEntity
  8
TEXT
100
AcDbText
 10
2185.5
 20
458.0
 30
0.0
 40
2.0
  1
2143
 11
2185.5
 21
458.0
 31
0.0
100
AcDbText
  0
TEXT
  5
8B6
330
17
100
AcDbEntity
  8
TEXT
100
AcDbText
 10
2185.5
 20
452.0
 30
0.0
 40
1.7
  1
Кухня-ниша
 11
2185.5
 21
452.0
 31
0.0
100
AcDbText
  0
TEXT
  5
8B7
330
17
100
AcDbEntity
  8
TEXT
100
AcDbText
 10
2185.5
 20
446.0
 30
0.0
 40
1.6
  1
S=44.4
 11
2185.5
 21
446.0
 31
0.0
100
AcDbText
  0
CIRCLE
  5
8B8
330
17
100
AcDbEntity
  8
GRAPH
100
AcDbCircle
 10
2188.0
 20
346.0
 30
0.0
 40
1.1
  0
TEXT
  5
8B9
330
17
100
AcDbEntity
  8
TEXT
100
AcDbText
 10
2189.4
 20
345.4
 30
0.0
 40
1.15
  1
ПСВ
 11
2189.4
 21
345.4
 31
0.0
100
AcDbText
  0
CIRCLE
  5
8BA
330
17
100
AcDbEntity
  8
GRAPH
100
AcDbCircle
 10
2196.0
 20
346.0
 30
0.0
 40
1.1
  0
TEXT
  5
8BB
330
17
100
AcDbEntity
  8
TEXT
100
AcDbText
 10
2197.4
 20
345.4
 30
0.0
 40
1.15
  1
ОП-5
 11
2197.4
 21
345.4
 31
0.0
100
AcDbText
  0
CIRCLE
  5
8BC
330
17
100
AcDbEntity
  8
GRAPH
100
AcDbCircle
 10
2204.0
 20
346.0
 30
0.0
 40
1.1
  0
TEXT
  5
8BD
330
17
100
AcDbEntity
  8
TEXT
100
AcDbText
 10
2205.4
 20
345.4
 30
0.0
 40
1.15
  1
АПС
 11
2205.4
 21
345.4
 31
0.0
100
AcDbText
  0
CIRCLE
  5
8BE
330
17
100
AcDbEntity
  8
GRAPH
100
AcDbCircle
 10
2212.0
 20
346.0
 30
0.0
 40
1.1
  0
TEXT
  5
8BF
330
17
100
AcDbEntity
  8
TEXT
100
AcDbText
 10
2213.4
 20
345.4
 30
0.0
 40
1.15
  1
Ду15
 11
2213.4
 21
345.4
 31
0.0
100
AcDbText
  0
CIRCLE
  5
8C0
330
17
100
AcDbEntity
  8
GRAPH
100
AcDbCircle
 10
2188.0
 20
356.0
 30
0.0
 40
1.1
  0
TEXT
  5
8C1
330
17
100
AcDbEntity
  8
TEXT
100
AcDbText
 10
2189.4
 20
355.4
 30
0.0
 40
1.15
  1
220В
 11
2189.4
 21
355.4
 31
0.0
100
AcDbText
  0
CIRCLE
  5
8C2
330
17
100
AcDbEntity
  8
GRAPH
100
AcDbCircle
 10
2196.0
 20
356.0
 30
0.0
 40
1.1
  0
TEXT
  5
8C3
330
17
100
AcDbEntity
  8
TEXT
100
AcDbText
 10
2197.4
 20
355.4
 30
0.0
 40
1.15
  1
Св.
 11
2197.4
 21
355.4
 31
0.0
100
AcDbText
  0
CIRCLE
  5
8C4
330
17
100
AcDbEntity
  8
GRAPH
100
AcDbCircle
 10
2204.0
 20
356.0
 30
0.0
 40
1.1
  0
TEXT
  5
8C5
330
17
100
AcDbEntity
  8
TEXT
100
AcDbText
 10
2205.4
 20
355.4
 30
0.0
 40
1.15
  1
ИПР
 11
2205.4
 21
355.4
 31
0.0
100
AcDbText
  0
CIRCLE
  5
8C6
330
17
100
AcDbEntity
  8
GRAPH
100
AcDbCircle
 10
2212.0
 20
356.0
 30
0.0
 40
1.1
  0
TEXT
  5
8C7
330
17
100
AcDbEntity
  8
TEXT
100
AcDbText
 10
2213.4
 20
355.4
 30
0.0
 40
1.15
  1
Кран
 11
2213.4
 21
355.4
 31
0.0
100
AcDbText
  0
HATCH
  5
8C8
330
17
100
AcDbEntity
  8
TABLE_FILL
 62
7
100
AcDbHatch
 10
0.0
 20
0.0
 30
0.0
210
0.0
220
0.0
230
1.0
  2
SOLID
 70
1
 71
0
 91
1
 92
3
 72
0
 73
1
 93
4
 10
2226.0
 20
336.0
 10
2264.0
 20
336.0
 10
2264.0
 20
464.0
 10
2226.0
 20
464.0
 97
0
 75
0
 76
1
 98
0
  0
LINE
  5
8C9
330
17
100
AcDbEntity
  8
GRAPH
100
AcDbLine
 10
2226.0
 20
336.0
 30
0.0
 11
2264.0
 21
336.0
 31
0.0
  0
LINE
  5
8CA
330
17
100
AcDbEntity
  8
GRAPH
100
AcDbLine
 10
2264.0
 20
336.0
 30
0.0
 11
2264.0
 21
464.0
 31
0.0
  0
LINE
  5
8CB
330
17
100
AcDbEntity
  8
GRAPH
100
AcDbLine
 10
2264.0
 20
464.0
 30
0.0
 11
2226.0
 21
464.0
 31
0.0
  0
LINE
  5
8CC
330
17
100
AcDbEntity
  8
GRAPH
100
AcDbLine
 10
2226.0
 20
464.0
 30
0.0
 11
2226.0
 21
336.0
 31
0.0
  0
TEXT
  5
8CD
330
17
100
AcDbEntity
  8
TEXT
100
AcDbText
 10
2227.5
 20
458.0
 30
0.0
 40
2.0
  1
2144
 11
2227.5
 21
458.0
 31
0.0
100
AcDbText
  0
TEXT
  5
8CE
330
17
100
AcDbEntity
  8
TEXT
100
AcDbText
 10
2227.5
 20
452.0
 30
0.0
 40
1.7
  1
С/у
 11
2227.5
 21
452.0
 31
0.0
100
AcDbText
  0
TEXT
  5
8CF
330
17
100
AcDbEntity
  8
TEXT
100
AcDbText
 10
2227.5
 20
446.0
 30
0.0
 40
1.6
  1
S=51.5
 11
2227.5
 21
446.0
 31
0.0
100
AcDbText
  0
CIRCLE
  5
8D0
330
17
100
AcDbEntity
  8
GRAPH
100
AcDbCircle
 10
2230.0
 20
346.0
 30
0.0
 40
1.1
  0
TEXT
  5
8D1
330
17
100
AcDbEntity
  8
TEXT
100
AcDbText
 10
2231.4
 20
345.4
 30
0.0
 40
1.15
  1
ПСВ
 11
2231.4
 21
345.4
 31
0.0
100
AcDbText
  0
CIRCLE
  5
8D2
330
17
100
AcDbEntity
  8
GRAPH
100
AcDbCircle
 10
2238.0
 20
346.0
 30
0.0
 40
1.1
  0
TEXT
  5
8D3
330
17
100
AcDbEntity
  8
TEXT
100
AcDbText
 10
2239.4
 20
345.4
 30
0.0
 40
1.15
  1
ОП-5
 11
2239.4
 21
345.4
 31
0.0
100
AcDbText
  0
CIRCLE
  5
8D4
330
17
100
AcDbEntity
  8
GRAPH
100
AcDbCircle
 10
2246.0
 20
346.0
 30
0.0
 40
1.1
  0
TEXT
  5
8D5
330
17
100
AcDbEntity
  8
TEXT
100
AcDbText
 10
2247.4
 20
345.4
 30
0.0
 40
1.15
  1
АПС
 11
2247.4
 21
345.4
 31
0.0
100
AcDbText
  0
CIRCLE
  5
8D6
330
17
100
AcDbEntity
  8
GRAPH
100
AcDbCircle
 10
2254.0
 20
346.0
 30
0.0
 40
1.1
  0
TEXT
  5
8D7
330
17
100
AcDbEntity
  8
TEXT
100
AcDbText
 10
2255.4
 20
345.4
 30
0.0
 40
1.15
  1
Ду15
 11
2255.4
 21
345.4
 31
0.0
100
AcDbText
  0
CIRCLE
  5
8D8
330
17
100
AcDbEntity
  8
GRAPH
100
AcDbCircle
 10
2230.0
 20
356.0
 30
0.0
 40
1.1
  0
TEXT
  5
8D9
330
17
100
AcDbEntity
  8
TEXT
100
AcDbText
 10
2231.4
 20
355.4
 30
0.0
 40
1.15
  1
220В
 11
2231.4
 21
355.4
 31
0.0
100
AcDbText
  0
CIRCLE
  5
8DA
330
17
100
AcDbEntity
  8
GRAPH
100
AcDbCircle
 10
2238.0
 20
356.0
 30
0.0
 40
1.1
  0
TEXT
  5
8DB
330
17
100
AcDbEntity
  8
TEXT
100
AcDbText
 10
2239.4
 20
355.4
 30
0.0
 40
1.15
  1
Св.
 11
2239.4
 21
355.4
 31
0.0
100
AcDbText
  0
CIRCLE
  5
8DC
330
17
100
AcDbEntity
  8
GRAPH
100
AcDbCircle
 10
2246.0
 20
356.0
 30
0.0
 40
1.1
  0
TEXT
  5
8DD
330
17
100
AcDbEntity
  8
TEXT
100
AcDbText
 10
2247.4
 20
355.4
 30
0.0
 40
1.15
  1
ИПР
 11
2247.4
 21
355.4
 31
0.0
100
AcDbText
  0
CIRCLE
  5
8DE
330
17
100
AcDbEntity
  8
GRAPH
100
AcDbCircle
 10
2254.0
 20
356.0
 30
0.0
 40
1.1
  0
TEXT
  5
8DF
330
17
100
AcDbEntity
  8
TEXT
100
AcDbText
 10
2255.4
 20
355.4
 30
0.0
 40
1.15
  1
Кран
 11
2255.4
 21
355.4
 31
0.0
100
AcDbText
  0
LINE
  5
8E0
330
17
100
AcDbEntity
  8
GRAPH
100
AcDbLine
 10
2058.0
 20
118.0
 30
0.0
 11
2096.0
 21
118.0
 31
0.0
  0
LINE
  5
8E1
330
17
100
AcDbEntity
  8
GRAPH
100
AcDbLine
 10
2096.0
 20
118.0
 30
0.0
 11
2096.0
 21
254.0
 31
0.0
  0
LINE
  5
8E2
330
17
100
AcDbEntity
  8
GRAPH
100
AcDbLine
 10
2096.0
 20
254.0
 30
0.0
 11
2058.0
 21
254.0
 31
0.0
  0
LINE
  5
8E3
330
17
100
AcDbEntity
  8
GRAPH
100
AcDbLine
 10
2058.0
 20
254.0
 30
0.0
 11
2058.0
 21
118.0
 31
0.0
  0
TEXT
  5
8E4
330
17
100
AcDbEntity
  8
TEXT
100
AcDbText
 10
2059.5
 20
248.0
 30
0.0
 40
2.0
  1
2145
 11
2059.5
 21
248.0
 31
0.0
100
AcDbText
  0
TEXT
  5
8E5
330
17
100
AcDbEntity
  8
TEXT
100
AcDbText
 10
2059.5
 20
242.0
 30
0.0
 40
1.7
  1
Кладовая
 11
2059.5
 21
242.0
 31
0.0
100
AcDbText
  0
TEXT
  5
8E6
330
17
100
AcDbEntity
  8
TEXT
100
AcDbText
 10
2059.5
 20
236.0
 30
0.0
 40
1.6
  1
S=58.6
 11
2059.5
 21
236.0
 31
0.0
100
AcDbText
  0
CIRCLE
  5
8E7
330
17
100
AcDbEntity
  8
GRAPH
100
AcDbCircle
 10
2062.0
 20
128.0
 30
0.0
 40
1.1
  0
TEXT
  5
8E8
330
17
100
AcDbEntity
  8
TEXT
100
AcDbText
 10
2063.4
 20
127.4
 30
0.0
 40
1.15
  1
ПСВ
 11
2063.4
 21
127.4
 31
0.0
100
AcDbText
  0
CIRCLE
  5
8E9
330
17
100
AcDbEntity
  8
GRAPH
100
AcDbCircle
 10
2070.0
 20
128.0
 30
0.0
 40
1.1
  0
TEXT
  5
8EA
330
17
100
AcDbEntity
  8
TEXT
100
AcDbText
 10
2071.4
 20
127.4
 30
0.0
 40
1.15
  1
ОП-5
 11
2071.4
 21
127.4
 31
0.0
100
AcDbText
  0
CIRCLE
  5
8EB
330
17
100
AcDbEntity
  8
GRAPH
100
AcDbCircle
 10
2078.0
 20
128.0
 30
0.0
 40
1.1
  0
TEXT
  5
8EC
330
17
100
AcDbEntity
  8
TEXT
100
AcDbText
 10
2079.4
 20
127.4
 30
0.0
 40
1.15
  1
АПС
 11
2079.4
 21
127.4
 31
0.0
100
AcDbText
  0
CIRCLE
  5
8ED
330
17
100
AcDbEntity
  8
GRAPH
100
AcDbCircle
 10
2086.0
 20
128.0
 30
0.0
 40
1.1
  0
TEXT
  5
8EE
330
17
100
AcDbEntity
  8
TEXT
100
AcDbText
 10
2087.4
 20
127.4
 30
0.0
 40
1.15
  1
Ду15
 11
2087.4
 21
127.4
 31
0.0
100
AcDbText
  0
CIRCLE
  5
8EF
330
17
100
AcDbEntity
  8
GRAPH
100
AcDbCircle
 10
2062.0
 20
138.0
 30
0.0
 40
1.1
  0
TEXT
  5
8F0
330
17
100
AcDbEntity
  8
TEXT
100
AcDbText
 10
2063.4
 20
137.4
 30
0.0
 40
1.15
  1
220В
 11
2063.4
 21
137.4
 31
0.0
100
AcDbText
  0
CIRCLE
  5
8F1
330
17
100
AcDbEntity
  8
GRAPH
100
AcDbCircle
 10
2070.0
 20
138.0
 30
0.0
 40
1.1
  0
TEXT
  5
8F2
330
17
100
AcDbEntity
  8
TEXT
100
AcDbText
 10
2071.4
 20
137.4
 30
0.0
 40
1.15
  1
Св.
 11
2071.4
 21
137.4
 31
0.0
100
AcDbText
  0
CIRCLE
  5
8F3
330
17
100
AcDbEntity
  8
GRAPH
100
AcDbCircle
 10
2078.0
 20
138.0
 30
0.0
 40
1.1
  0
TEXT
  5
8F4
330
17
100
AcDbEntity
  8
TEXT
100
AcDbText
 10
2079.4
 20
137.4
 30
0.0
 40
1.15
  1
ИПР
 11
2079.4
 21
137.4
 31
0.0
100
AcDbText
  0
CIRCLE
  5
8F5
330
17
100
AcDbEntity
  8
GRAPH
100
AcDbCircle
 10
2086.0
 20
138.0
 30
0.0
 40
1.1
  0
TEXT
  5
8F6
330
17
100
AcDbEntity
  8
TEXT
100
AcDbText
 10
2087.4
 20
137.4
 30
0.0
 40
1.15
  1
Кран
 11
2087.4
 21
137.4
 31
0.0
100
AcDbText
  0
HATCH
  5
8F7
330
17
100
AcDbEntity
  8
TABLE_FILL
 62
7
100
AcDbHatch
 10
0.0
 20
0.0
 30
0.0
210
0.0
220
0.0
230
1.0
  2
SOLID
 70
1
 71
0
 91
1
 92
3
 72
0
 73
1
 93
4
 10
2100.0
 20
118.0
 10
2138.0
 20
118.0
 10
2138.0
 20
254.0
 10
2100.0
 20
254.0
 97
0
 75
0
 76
1
 98
0
  0
LINE
  5
8F8
330
17
100
AcDbEntity
  8
GRAPH
100
AcDbLine
 10
2100.0
 20
118.0
 30
0.0
 11
2138.0
 21
118.0
 31
0.0
  0
LINE
  5
8F9
330
17
100
AcDbEntity
  8
GRAPH
100
AcDbLine
 10
2138.0
 20
118.0
 30
0.0
 11
2138.0
 21
254.0
 31
0.0
  0
LINE
  5
8FA
330
17
100
AcDbEntity
  8
GRAPH
100
AcDbLine
 10
2138.0
 20
254.0
 30
0.0
 11
2100.0
 21
254.0
 31
0.0
  0
LINE
  5
8FB
330
17
100
AcDbEntity
  8
GRAPH
100
AcDbLine
 10
2100.0
 20
254.0
 30
0.0
 11
2100.0
 21
118.0
 31
0.0
  0
TEXT
  5
8FC
330
17
100
AcDbEntity
  8
TEXT
100
AcDbText
 10
2101.5
 20
248.0
 30
0.0
 40
2.0
  1
2146
 11
2101.5
 21
248.0
 31
0.0
100
AcDbText
  0
TEXT
  5
8FD
330
17
100
AcDbEntity
  8
TEXT
100
AcDbText
 10
2101.5
 20
242.0
 30
0.0
 40
1.7
  1
ИТП
 11
2101.5
 21
242.0
 31
0.0
100
AcDbText
  0
TEXT
  5
8FE
330
17
100
AcDbEntity
  8
TEXT
100
AcDbText
 10
2101.5
 20
236.0
 30
0.0
 40
1.6
  1
S=25.7
 11
2101.5
 21
236.0
 31
0.0
100
AcDbText
  0
CIRCLE
  5
8FF
330
17
100
AcDbEntity
  8
GRAPH
100
AcDbCircle
 10
2104.0
 20
128.0
 30
0.0
 40
1.1
  0
TEXT
  5
900
330
17
100
AcDbEntity
  8
TEXT
100
AcDbText
 10
2105.4
 20
127.4
 30
0.0
 40
1.15
  1
ПСВ
 11
2105.4
 21
127.4
 31
0.0
100
AcDbText
  0
CIRCLE
  5
901
330
17
100
AcDbEntity
  8
GRAPH
100
AcDbCircle
 10
2112.0
 20
128.0
 30
0.0
 40
1.1
  0
TEXT
  5
902
330
17
100
AcDbEntity
  8
TEXT
100
AcDbText
 10
2113.4
 20
127.4
 30
0.0
 40
1.15
  1
ОП-5
 11
2113.4
 21
127.4
 31
0.0
100
AcDbText
  0
CIRCLE
  5
903
330
17
100
AcDbEntity
  8
GRAPH
100
AcDbCircle
 10
2120.0
 20
128.0
 30
0.0
 40
1.1
  0
TEXT
  5
904
330
17
100
AcDbEntity
  8
TEXT
100
AcDbText
 10
2121.4
 20
127.4
 30
0.0
 40
1.15
  1
АПС
 11
2121.4
 21
127.4
 31
0.0
100
AcDbText
  0
CIRCLE
  5
905
330
17
100
AcDbEntity
  8
GRAPH
100
AcDbCircle
 10
2128.0
 20
128.0
 30
0.0
 40
1.1
  0
TEXT
  5
906
330
17
100
AcDbEntity
  8
TEXT
100
AcDbText
 10
2129.4
 20
127.4
 30
0.0
 40
1.15
  1
Ду15
 11
2129.4
 21
127.4
 31
0.0
100
AcDbText
  0
CIRCLE
  5
907
330
17
100
AcDbEntity
  8
GRAPH
100
AcDbCircle
 10
2104.0
 20
138.0
 30
0.0
 40
1.1
  0
TEXT
  5
908
330
17
100
AcDbEntity
  8
TEXT
100
AcDbText
 10
2105.4
 20
137.4
 30
0.0
 40
1.15
  1
220В
 11
2105.4
 21
137.4
 31
0.0
100
AcDbText
  0
CIRCLE
  5
909
330
17
100
AcDbEntity
  8
GRAPH
100
AcDbCircle
 10
2112.0
 20
138.0
 30
0.0
 40
1.1
  0
TEXT
  5
90A
330
17
100
AcDbEntity
  8
TEXT
100
AcDbText
 10
2113.4
 20
137.4
 30
0.0
 40
1.15
  1
Св.
 11
2113.4
 21
137.4
 31
0.0
100
AcDbText
  0
CIRCLE
  5
90B
330
17
100
AcDbEntity
  8
GRAPH
100
AcDbCircle
 10
2120.0
 20
138.0
 30
0.0
 40
1.1
  0
TEXT
  5
90C
330
17
100
AcDbEntity
  8
TEXT
100
AcDbText
 10
2121.4
 20
137.4
 30
0.0
 40
1.15
  1
ИПР
 11
2121.4
 21
137.4
 31
0.0
100
AcDbText
  0
CIRCLE
  5
90D
330
17
100
AcDbEntity
  8
GRAPH
100
AcDbCircle
 10
2128.0
 20
138.0
 30
0.0
 40
1.1
  0
TEXT
  5
90E
330
17
100
AcDbEntity
  8
TEXT
100
AcDbText
 10
2129.4
 20
137.4
 30
0.0
 40
1.15
  1
Кран
 11
2129.4
 21
137.4
 31
0.0
100
AcDbText
  0
LINE
  5
90F
330
17
100
AcDbEntity
  8
GRAPH
100
AcDbLine
 10
2142.0
 20
118.0
 30
0.0
 11
2180.0
 21
118.0
 31
0.0
  0
LINE
  5
910
330
17
100
AcDbEntity
  8
GRAPH
100
AcDbLine
 10
2180.0
 20
118.0
 30
0.0
 11
2180.0
 21
254.0
 31
0.0
  0
LINE
  5
911
330
17
100
AcDbEntity
  8
GRAPH
100
AcDbLine
 10
2180.0
 20
254.0
 30
0.0
 11
2142.0
 21
254.0
 31
0.0
  0
LINE
  5
912
330
17
100
AcDbEntity
  8
GRAPH
100
AcDbLine
 10
2142.0
 20
254.0
 30
0.0
 11
2142.0
 21
118.0
 31
0.0
  0
TEXT
  5
913
330
17
100
AcDbEntity
  8
TEXT
100
AcDbText
 10
2143.5
 20
248.0
 30
0.0
 40
2.0
  1
2147
 11
2143.5
 21
248.0
 31
0.0
100
AcDbText
  0
TEXT
  5
914
330
17
100
AcDbEntity
  8
TEXT
100
AcDbText
 10
2143.5
 20
242.0
 30
0.0
 40
1.7
  1
Эл.щит.
 11
2143.5
 21
242.0
 31
0.0
100
AcDbText
  0
TEXT
  5
915
330
17
100
AcDbEntity
  8
TEXT
100
AcDbText
 10
2143.5
 20
236.0
 30
0.0
 40
1.6
  1
S=32.8
 11
2143.5
 21
236.0
 31
0.0
100
AcDbText
  0
CIRCLE
  5
916
330
17
100
AcDbEntity
  8
GRAPH
100
AcDbCircle
 10
2146.0
 20
128.0
 30
0.0
 40
1.1
  0
TEXT
  5
917
330
17
100
AcDbEntity
  8
TEXT
100
AcDbText
 10
2147.4
 20
127.4
 30
0.0
 40
1.15
  1
ПСВ
 11
2147.4
 21
127.4
 31
0.0
100
AcDbText
  0
CIRCLE
  5
918
330
17
100
AcDbEntity
  8
GRAPH
100
AcDbCircle
 10
2154.0
 20
128.0
 30
0.0
 40
1.1
  0
TEXT
  5
919
330
17
100
AcDbEntity
  8
TEXT
100
AcDbText
 10
2155.4
 20
127.4
 30
0.0
 40
1.15
  1
ОП-5
 11
2155.4
 21
127.4
 31
0.0
100
AcDbText
  0
CIRCLE
  5
91A
330
17
100
AcDbEntity
  8
GRAPH
100
AcDbCircle
 10
2162.0
 20
128.0
 30
0.0
 40
1.1
  0
TEXT
  5
91B
330
17
100
AcDbEntity
  8
TEXT
100
AcDbText
 10
2163.4
 20
127.4
 30
0.0
 40
1.15
  1
АПС
 11
2163.4
 21
127.4
 31
0.0
100
AcDbText
  0
CIRCLE
  5
91C
330
17
100
AcDbEntity
  8
GRAPH
100
AcDbCircle
 10
2170.0
 20
128.0
 30
0.0
 40
1.1
  0
TEXT
  5
91D
330
17
100
AcDbEntity
  8
TEXT
100
AcDbText
 10
2171.4
 20
127.4
 30
0.0
 40
1.15
  1
Ду15
 11
2171.4
 21
127.4
 31
0.0
100
AcDbText
  0
CIRCLE
  5
91E
330
17
100
AcDbEntity
  8
GRAPH
100
AcDbCircle
 10
2146.0
 20
138.0
 30
0.0
 40
1.1
  0
TEXT
  5
91F
330
17
100
AcDbEntity
  8
TEXT
100
AcDbText
 10
2147.4
 20
137.4
 30
0.0
 40
1.15
  1
220В
 11
2147.4
 21
137.4
 31
0.0
100
AcDbText
  0
CIRCLE
  5
920
330
17
100
AcDbEntity
  8
GRAPH
100
AcDbCircle
 10
2154.0
 20
138.0
 30
0.0
 40
1.1
  0
TEXT
  5
921
330
17
100
AcDbEntity
  8
TEXT
100
AcDbText
 10
2155.4
 20
137.4
 30
0.0
 40
1.15
  1
Св.
 11
2155.4
 21
137.4
 31
0.0
100
AcDbText
  0
CIRCLE
  5
922
330
17
100
AcDbEntity
  8
GRAPH
100
AcDbCircle
 10
2162.0
 20
138.0
 30
0.0
 40
1.1
  0
TEXT
  5
923
330
17
100
AcDbEntity
  8
TEXT
100
AcDbText
 10
2163.4
 20
137.4
 30
0.0
 40
1.15
  1
ИПР
 11
2163.4
 21
137.4
 31
0.0
100
AcDbText
  0
CIRCLE
  5
924
330
17
100
AcDbEntity
  8
GRAPH
100
AcDbCircle
 10
2170.0
 20
138.0
 30
0.0
 40
1.1
  0
TEXT
  5
925
330
17
100
AcDbEntity
  8
TEXT
100
AcDbText
 10
2171.4
 20
137.4
 30
0.0
 40
1.15
  1
Кран
 11
2171.4
 21
137.4
 31
0.0
100
AcDbText
  0
LINE
  5
926
330
17
100
AcDbEntity
  8
GRAPH
100
AcDbLine
 10
2184.0
 20
118.0
 30
0.0
 11
2222.0
 21
118.0
 31
0.0
  0
LINE
  5
927
330
17
100
AcDbEntity
  8
GRAPH
100
AcDbLine
 10
2222.0
 20
118.0
 30
0.0
 11
2222.0
 21
254.0
 31
0.0
  0
LINE
  5
928
330
17
100
AcDbEntity
  8
GRAPH
100
AcDbLine
 10
2222.0
 20
254.0
 30
0.0
 11
2184.0
 21
254.0
 31
0.0
  0
LINE
  5
929
330
17
100
AcDbEntity
  8
GRAPH
100
AcDbLine
 10
2184.0
 20
254.0
 30
0.0
 11
2184.0
 21
118.0
 31
0.0
  0
TEXT
  5
92A
330
17
100
AcDbEntity
  8
TEXT
100
AcDbText
 10
2185.5
 20
248.0
 30
0.0
 40
2.0
  1
2148
 11
2185.5
 21
248.0
 31
0.0
100
AcDbText
  0
TEXT
  5
92B
330
17
100
AcDbEntity
  8
TEXT
100
AcDbText
 10
2185.5
 20
242.0
 30
0.0
 40
1.7
  1
Венткамера
 11
2185.5
 21
242.0
 31
0.0
100
AcDbText
  0
TEXT
  5
92C
330
17
100
AcDbEntity
  8
TEXT
100
AcDbText
 10
2185.5
 20
236.0
 30
0.0
 40
1.6
  1
S=39.9
 11
2185.5
 21
236.0
 31
0.0
100
AcDbText
  0
CIRCLE
  5
92D
330
17
100
AcDbEntity
  8
GRAPH
100
AcDbCircle
 10
2188.0
 20
128.0
 30
0.0
 40
1.1
  0
TEXT
  5
92E
330
17
100
AcDbEntity
  8
TEXT
100
AcDbText
 10
2189.4
 20
127.4
 30
0.0
 40
1.15
  1
ПСВ
 11
2189.4
 21
127.4
 31
0.0
100
AcDbText
  0
CIRCLE
  5
92F
330
17
100
AcDbEntity
  8
GRAPH
100
AcDbCircle
 10
2196.0
 20
128.0
 30
0.0
 40
1.1
  0
TEXT
  5
930
330
17
100
AcDbEntity
  8
TEXT
100
AcDbText
 10
2197.4
 20
127.4
 30
0.0
 40
1.15
  1
ОП-5
 11
2197.4
 21
127.4
 31
0.0
100
AcDbText
  0
CIRCLE
  5
931
330
17
100
AcDbEntity
  8
GRAPH
100
AcDbCircle
 10
2204.0
 20
128.0
 30
0.0
 40
1.1
  0
TEXT
  5
932
330
17
100
AcDbEntity
  8
TEXT
100
AcDbText
 10
2205.4
 20
127.4
 30
0.0
 40
1.15
  1
АПС
 11
2205.4
 21
127.4
 31
0.0
100
AcDbText
  0
CIRCLE
  5
933
330
17
100
AcDbEntity
  8
GRAPH
100
AcDbCircle
 10
2212.0
 20
128.0
 30
0.0
 40
1.1
  0
TEXT
  5
934
330
17
100
AcDbEntity
  8
TEXT
100
AcDbText
 10
2213.4
 20
127.4
 30
0.0
 40
1.15
  1
Ду15
 11
2213.4
 21
127.4
 31
0.0
100
AcDbText
  0
CIRCLE
  5
935
330
17
100
AcDbEntity
  8
GRAPH
100
AcDbCircle
 10
2188.0
 20
138.0
 30
0.0
 40
1.1
  0
TEXT
  5
936
330
17
100
AcDbEntity
  8
TEXT
100
AcDbText
 10
2189.4
 20
137.4
 30
0.0
 40
1.15
  1
220В
 11
2189.4
 21
137.4
 31
0.0
100
AcDbText
  0
CIRCLE
  5
937
330
17
100
AcDbEntity
  8
GRAPH
100
AcDbCircle
 10
2196.0
 20
138.0
 30
0.0
 40
1.1
  0
TEXT
  5
938
330
17
100
AcDbEntity
  8
TEXT
100
AcDbText
 10
2197.4
 20
137.4
 30
0.0
 40
1.15
  1
Св.
 11
2197.4
 21
137.4
 31
0.0
100
AcDbText
  0
CIRCLE
  5
939
330
17
100
AcDbEntity
  8
GRAPH
100
AcDbCircle
 10
2204.0
 20
138.0
 30
0.0
 40
1.1
  0
TEXT
  5
93A
330
17
100
AcDbEntity
  8
TEXT
100
AcDbText
 10
2205.4
 20
137.4
 30
0.0
 40
1.15
  1
ИПР
 11
2205.4
 21
137.4
 31
0.0
100
AcDbText
  0
CIRCLE
  5
93B
330
17
100
AcDbEntity
  8
GRAPH
100
AcDbCircle
 10
2212.0
 20
138.0
 30
0.0
 40
1.1
  0
TEXT
  5
93C
330
17
100
AcDbEntity
  8
TEXT
100
AcDbText
 10
2213.4
 20
137.4
 30
0.0
 40
1.15
  1
Кран
 11
2213.4
 21
137.4
 31
0.0
100
AcDbText
  0
LINE
  5
93D
330
17
100
AcDbEntity
  8
GRAPH
100
AcDbLine
 10
2226.0
 20
118.0
 30
0.0
 11
2264.0
 21
118.0
 31
0.0
  0
LINE
  5
93E
330
17
100
AcDbEntity
  8
GRAPH
100
AcDbLine
 10
2264.0
 20
118.0
 30
0.0
 11
2264.0
 21
254.0
 31
0.0
  0
LINE
  5
93F
330
17
100
AcDbEntity
  8
GRAPH
100
AcDbLine
 10
2264.0
 20
254.0
 30
0.0
 11
2226.0
 21
254.0
 31
0.0
  0
LINE
  5
940
330
17
100
AcDbEntity
  8
GRAPH
100
AcDbLine
 10
2226.0
 20
254.0
 30
0.0
 11
2226.0
 21
118.0
 31
0.0
  0
TEXT
  5
941
330
17
100
AcDbEntity
  8
TEXT
100
AcDbText
 10
2227.5
 20
248.0
 30
0.0
 40
2.0
  1
2149
 11
2227.5
 21
248.0
 31
0.0
100
AcDbText
  0
TEXT
  5
942
330
17
100
AcDbEntity
  8
TEXT
100
AcDbText
 10
2227.5
 20
242.0
 30
0.0
 40
1.7
  1
Насосная
 11
2227.5
 21
242.0
 31
0.0
100
AcDbText
  0
TEXT
  5
943
330
17
100
AcDbEntity
  8
TEXT
100
AcDbText
 10
2227.5
 20
236.0
 30
0.0
 40
1.6
  1
S=46.0
 11
2227.5
 21
236.0
 31
0.0
100
AcDbText
  0
CIRCLE
  5
944
330
17
100
AcDbEntity
  8
GRAPH
100
AcDbCircle
 10
2230.0
 20
128.0
 30
0.0
 40
1.1
  0
TEXT
  5
945
330
17
100
AcDbEntity
  8
TEXT
100
AcDbText
 10
2231.4
 20
127.4
 30
0.0
 40
1.15
  1
ПСВ
 11
2231.4
 21
127.4
 31
0.0
100
AcDbText
  0
CIRCLE
  5
946
330
17
100
AcDbEntity
  8
GRAPH
100
AcDbCircle
 10
2238.0
 20
128.0
 30
0.0
 40
1.1
  0
TEXT
  5
947
330
17
100
AcDbEntity
  8
TEXT
100
AcDbText
 10
2239.4
 20
127.4
 30
0.0
 40
1.15
  1
ОП-5
 11
2239.4
 21
127.4
 31
0.0
100
AcDbText
  0
CIRCLE
  5
948
330
17
100
AcDbEntity
  8
GRAPH
100
AcDbCircle
 10
2246.0
 20
128.0
 30
0.0
 40
1.1
  0
TEXT
  5
949
330
17
100
AcDbEntity
  8
TEXT
100
AcDbText
 10
2247.4
 20
127.4
 30
0.0
 40
1.15
  1
АПС
 11
2247.4
 21
127.4
 31
0.0
100
AcDbText
  0
CIRCLE
  5
94A
330
17
100
AcDbEntity
  8
GRAPH
100
AcDbCircle
 10
2254.0
 20
128.0
 30
0.0
 40
1.1
  0
TEXT
  5
94B
330
17
100
AcDbEntity
  8
TEXT
100
AcDbText
 10
2255.4
 20
127.4
 30
0.0
 40
1.15
  1
Ду15
 11
2255.4
 21
127.4
 31
0.0
100
AcDbText
  0
CIRCLE
  5
94C
330
17
100
AcDbEntity
  8
GRAPH
100
AcDbCircle
 10
2230.0
 20
138.0
 30
0.0
 40
1.1
  0
TEXT
  5
94D
330
17
100
AcDbEntity
  8
TEXT
100
AcDbText
 10
2231.4
 20
137.4
 30
0.0
 40
1.15
  1
220В
 11
2231.4
 21
137.4
 31
0.0
100
AcDbText
  0
CIRCLE
  5
94E
330
17
100
AcDbEntity
  8
GRAPH
100
AcDbCircle
 10
2238.0
 20
138.0
 30
0.0
 40
1.1
  0
TEXT
  5
94F
330
17
100
AcDbEntity
  8
TEXT
100
AcDbText
 10
2239.4
 20
137.4
 30
0.0
 40
1.15
  1
Св.
 11
2239.4
 21
137.4
 31
0.0
100
AcDbText
  0
CIRCLE
  5
950
330
17
100
AcDbEntity
  8
GRAPH
100
AcDbCircle
 10
2246.0
 20
138.0
 30
0.0
 40
1.1
  0
TEXT
  5
951
330
17
100
AcDbEntity
  8
TEXT
100
AcDbText
 10
2247.4
 20
137.4
 30
0.0
 40
1.15
  1
ИПР
 11
2247.4
 21
137.4
 31
0.0
100
AcDbText
  0
CIRCLE
  5
952
330
17
100
AcDbEntity
  8
GRAPH
100
AcDbCircle
 10
2254.0
 20
138.0
 30
0.0
 40
1.1
  0
TEXT
  5
953
330
17
100
AcDbEntity
  8
TEXT
100
AcDbText
 10
2255.4
 20
137.4
 30
0.0
 40
1.15
  1
Кран
 11
2255.4
 21
137.4
 31
0.0
100
AcDbText
  0
TEXT
  5
954
330
17
100
AcDbEntity
  8
DIM
100
AcDbText
 10
2056.0
 20
102.0
 30
0.0
 40
2.0
  1
47.100
 11
2056.0
 21
102.0
 31
0.0
100
AcDbText
  0
LINE
  5
955
330
17
100
AcDbEntity
  8
GRAPH
100
AcDbLine
 10
2312.0
 20
110.0
 30
0.0
 11
2312.0
 21
470.0
 31
0.0
  0
LINE
  5
956
330
17
100
AcDbEntity
  8
GRAPH
100
AcDbLine
 10
2312.0
 20
110.0
 30
0.0
 11
2528.0
 21
110.0
 31
0.0
  0
LINE
  5
957
330
17
100
AcDbEntity
  8
GRAPH
100
AcDbLine
 10
2348.0
 20
110.0
 30
0.0
 11
2348.0
 21
470.0
 31
0.0
  0
LINE
  5
958
330
17
100
AcDbEntity
  8
GRAPH
100
AcDbLine
 10
2312.0
 20
170.0
 30
0.0
 11
2528.0
 21
170.0
 31
0.0
  0
LINE
  5
959
330
17
100
AcDbEntity
  8
GRAPH
100
AcDbLine
 10
2384.0
 20
110.0
 30
0.0
 11
2384.0
 21
470.0
 31
0.0
  0
LINE
  5
95A
330
17
100
AcDbEntity
  8
GRAPH
100
AcDbLine
 10
2312.0
 20
230.0
 30
0.0
 11
2528.0
 21
230.0
 31
0.0
  0
LINE
  5
95B
330
17
100
AcDbEntity
  8
GRAPH
100
AcDbLine
 10
2420.0
 20
110.0
 30
0.0
 11
2420.0
 21
470.0
 31
0.0
  0
LINE
  5
95C
330
17
100
AcDbEntity
  8
GRAPH
100
AcDbLine
 10
2312.0
 20
290.0
 30
0.0
 11
2528.0
 21
290.0
 31
0.0
  0
LINE
  5
95D
330
17
100
AcDbEntity
  8
GRAPH
100
AcDbLine
 10
2456.0
 20
110.0
 30
0.0
 11
2456.0
 21
470.0
 31
0.0
  0
LINE
  5
95E
330
17
100
AcDbEntity
  8
GRAPH
100
AcDbLine
 10
2312.0
 20
350.0
 30
0.0
 11
2528.0
 21
350.0
 31
0.0
  0
LINE
  5
95F
330
17
100
AcDbEntity
  8
GRAPH
100
AcDbLine
 10
2492.0
 20
110.0
 30
0.0
 11
2492.0
 21
470.0
 31
0.0
  0
LINE
  5
960
330
17
100
AcDbEntity
  8
GRAPH
100
AcDbLine
 10
2312.0
 20
410.0
 30
0.0
 11
2528.0
 21
410.0
 31
0.0
  0
LINE
  5
961
330
17
100
AcDbEntity
  8
GRAPH
100
AcDbLine
 10
2528.0
 20
110.0
 30
0.0
 11
2528.0
 21
470.0
 31
0.0
  0
LINE
  5
962
330
17
100
AcDbEntity
  8
GRAPH
100
AcDbLine
 10
2312.0
 20
470.0
 30
0.0
 11
2528.0
 21
470.0
 31
0.0
  0
LINE
  5
963
330
17
100
AcDbEntity
  8
GRAPH
100
AcDbLine
 10
2312.0
 20
110.0
 30
0.0
 11
2528.0
 21
110.0
 31
0.0
  0
LINE
  5
964
330
17
100
AcDbEntity
  8
GRAPH
100
AcDbLine
 10
2528.0
 20
110.0
 30
0.0
 11
2528.0
 21
470.0
 31
0.0
  0
LINE
  5
965
330
17
100
AcDbEntity
  8
GRAPH
100
AcDbLine
 10
2528.0
 20
470.0
 30
0.0
 11
2312.0
 21
470.0
 31
0.0
  0
LINE
  5
966
330
17
100
AcDbEntity
  8
GRAPH
100
AcDbLine
 10
2312.0
 20
470.0
 30
0.0
 11
2312.0
 21
110.0
 31
0.0
  0
TEXT
  5
967
330
17
100
AcDbEntity
  8
TEXT
100
AcDbText
 10
2392.0
 20
298.0
 30
0.0
 40
3.2
  1
КОРИДОР К3
 11
2392.0
 21
298.0
 31
0.0
100
AcDbText
  0
LINE
  5
968
330
17
100
AcDbEntity
  8
GRAPH
100
AcDbLine
 10
2402.0
 20
260.0
 30
0.0
 11
2430.0
 21
260.0
 31
0.0
  0
LINE
  5
969
330
17
100
AcDbEntity
  8
GRAPH
100
AcDbLine
 10
2430.0
 20
260.0
 30
0.0
 11
2430.0
 21
330.0
 31
0.0
  0
LINE
  5
96A
330
17
100
AcDbEntity
  8
GRAPH
100
AcDbLine
 10
2430.0
 20
330.0
 30
0.0
 11
2402.0
 21
330.0
 31
0.0
  0
LINE
  5
96B
330
17
100
AcDbEntity
  8
GRAPH
100
AcDbLine
 10
2402.0
 20
330.0
 30
0.0
 11
2402.0
 21
260.0
 31
0.0
  0
LINE
  5
96C
330
17
100
AcDbEntity
  8
GRAPH
100
AcDbLine
 10
2406.0
 20
266.0
 30
0.0
 11
2426.0
 21
266.0
 31
0.0
  0
LINE
  5
96D
330
17
100
AcDbEntity
  8
GRAPH
100
AcDbLine
 10
2406.0
 20
274.0
 30
0.0
 11
2426.0
 21
274.0
 31
0.0
  0
LINE
  5
96E
330
17
100
AcDbEntity
  8
GRAPH
100
AcDbLine
 10
2406.0
 20
282.0
 30
0.0
 11
2426.0
 21
282.0
 31
0.0
  0
LINE
  5
96F
330
17
100
AcDbEntity
  8
GRAPH
100
AcDbLine
 10
2406.0
 20
290.0
 30
0.0
 11
2426.0
 21
290.0
 31
0.0
  0
LINE
  5
970
330
17
100
AcDbEntity
  8
GRAPH
100
AcDbLine
 10
2406.0
 20
298.0
 30
0.0
 11
2426.0
 21
298.0
 31
0.0
  0
LINE
  5
971
330
17
100
AcDbEntity
  8
GRAPH
100
AcDbLine
 10
2406.0
 20
306.0
 30
0.0
 11
2426.0
 21
306.0
 31
0.0
  0
LINE
  5
972
330
17
100
AcDbEntity
  8
GRAPH
100
AcDbLine
 10
2406.0
 20
314.0
 30
0.0
 11
2426.0
 21
314.0
 31
0.0
  0
LINE
  5
973
330
17
100
AcDbEntity
  8
GRAPH
100
AcDbLine
 10
2406.0
 20
322.0
 30
0.0
 11
2426.0
 21
322.0
 31
0.0
  0
TEXT
  5
974
330
17
100
AcDbEntity
  8
DIM
100
AcDbText
 10
2404.0
 20
258.0
 30
0.0
 40
1.8
  1
ширина лестничного марша 1.20 м
 11
2404.0
 21
258.0
 31
0.0
100
AcDbText
  0
LINE
  5
975
330
17
100
AcDbEntity
  8
GRAPH
100
AcDbLine
 10
2434.0
 20
278.0
 30
0.0
 11
2452.0
 21
278.0
 31
0.0
  0
LINE
  5
976
330
17
100
AcDbEntity
  8
GRAPH
100
AcDbLine
 10
2452.0
 20
278.0
 30
0.0
 11
2452.0
 21
306.0
 31
0.0
  0
LINE
  5
977
330
17
100
AcDbEntity
  8
GRAPH
100
AcDbLine
 10
2452.0
 20
306.0
 30
0.0
 11
2434.0
 21
306.0
 31
0.0
  0
LINE
  5
978
330
17
100
AcDbEntity
  8
GRAPH
100
AcDbLine
 10
2434.0
 20
306.0
 30
0.0
 11
2434.0
 21
278.0
 31
0.0
  0
TEXT
  5
979
330
17
100
AcDbEntity
  8
TEXT
100
AcDbText
 10
2435.0
 20
288.0
 30
0.0
 40
1.7
  1
630кг
 11
2435.0
 21
288.0
 31
0.0
100
AcDbText
  0
LINE
  5
97A
330
17
100
AcDbEntity
  8
GRAPH
100
AcDbLine
 10
2318.0
 20
336.0
 30
0.0
 11
2356.0
 21
336.0
 31
0.0
  0
LINE
  5
97B
330
17
100
AcDbEntity
  8
GRAPH
100
AcDbLine
 10
2356.0
 20
336.0
 30
0.0
 11
2356.0
 21
464.0
 31
0.0
  0
LINE
  5
97C
330
17
100
AcDbEntity
  8
GRAPH
100
AcDbLine
 10
2356.0
 20
464.0
 30
0.0
 11
2318.0
 21
464.0
 31
0.0
  0
LINE
  5
97D
330
17
100
AcDbEntity
  8
GRAPH
100
AcDbLine
 10
2318.0
 20
464.0
 30
0.0
 11
2318.0
 21
336.0
 31
0.0
  0
TEXT
  5
97E
330
17
100
AcDbEntity
  8
TEXT
100
AcDbText
 10
2319.5
 20
458.0
 30
0.0
 40
2.0
  1
3140
 11
2319.5
 21
458.0
 31
0.0
100
AcDbText
  0
TEXT
  5
97F
330
17
100
AcDbEntity
  8
TEXT
100
AcDbText
 10
2319.5
 20
452.0
 30
0.0
 40
1.7
  1
Охрана
 11
2319.5
 21
452.0
 31
0.0
100
AcDbText
  0
TEXT
  5
980
330
17
100
AcDbEntity
  8
TEXT
100
AcDbText
 10
2319.5
 20
446.0
 30
0.0
 40
1.6
  1
S=24.2
 11
2319.5
 21
446.0
 31
0.0
100
AcDbText
  0
CIRCLE
  5
981
330
17
100
AcDbEntity
  8
GRAPH
100
AcDbCircle
 10
2322.0
 20
346.0
 30
0.0
 40
1.1
  0
TEXT
  5
982
330
17
100
AcDbEntity
  8
TEXT
100
AcDbText
 10
2323.4
 20
345.4
 30
0.0
 40
1.15
  1
ПСВ
 11
2323.4
 21
345.4
 31
0.0
100
AcDbText
  0
CIRCLE
  5
983
330
17
100
AcDbEntity
  8
GRAPH
100
AcDbCircle
 10
2330.0
 20
346.0
 30
0.0
 40
1.1
  0
TEXT
  5
984
330
17
100
AcDbEntity
  8
TEXT
100
AcDbText
 10
2331.4
 20
345.4
 30
0.0
 40
1.15
  1
ОП-5
 11
2331.4
 21
345.4
 31
0.0
100
AcDbText
  0
CIRCLE
  5
985
330
17
100
AcDbEntity
  8
GRAPH
100
AcDbCircle
 10
2338.0
 20
346.0
 30
0.0
 40
1.1
  0
TEXT
  5
986
330
17
100
AcDbEntity
  8
TEXT
100
AcDbText
 10
2339.4
 20
345.4
 30
0.0
 40
1.15
  1
АПС
 11
2339.4
 21
345.4
 31
0.0
100
AcDbText
  0
CIRCLE
  5
987
330
17
100
AcDbEntity
  8
GRAPH
100
AcDbCircle
 10
2346.0
 20
346.0
 30
0.0
 40
1.1
  0
TEXT
  5
988
330
17
100
AcDbEntity
  8
TEXT
100
AcDbText
 10
2347.4
 20
345.4
 30
0.0
 40
1.15
  1
Ду15
 11
2347.4
 21
345.4
 31
0.0
100
AcDbText
  0
CIRCLE
  5
989
330
17
100
AcDbEntity
  8
GRAPH
100
AcDbCircle
 10
2322.0
 20
356.0
 30
0.0
 40
1.1
  0
TEXT
  5
98A
330
17
100
AcDbEntity
  8
TEXT
100
AcDbText
 10
2323.4
 20
355.4
 30
0.0
 40
1.15
  1
220В
 11
2323.4
 21
355.4
 31
0.0
100
AcDbText
  0
CIRCLE
  5
98B
330
17
100
AcDbEntity
  8
GRAPH
100
AcDbCircle
 10
2330.0
 20
356.0
 30
0.0
 40
1.1
  0
TEXT
  5
98C
330
17
100
AcDbEntity
  8
TEXT
100
AcDbText
 10
2331.4
 20
355.4
 30
0.0
 40
1.15
  1
Св.
 11
2331.4
 21
355.4
 31
0.0
100
AcDbText
  0
CIRCLE
  5
98D
330
17
100
AcDbEntity
  8
GRAPH
100
AcDbCircle
 10
2338.0
 20
356.0
 30
0.0
 40
1.1
  0
TEXT
  5
98E
330
17
100
AcDbEntity
  8
TEXT
100
AcDbText
 10
2339.4
 20
355.4
 30
0.0
 40
1.15
  1
ИПР
 11
2339.4
 21
355.4
 31
0.0
100
AcDbText
  0
CIRCLE
  5
98F
330
17
100
AcDbEntity
  8
GRAPH
100
AcDbCircle
 10
2346.0
 20
356.0
 30
0.0
 40
1.1
  0
TEXT
  5
990
330
17
100
AcDbEntity
  8
TEXT
100
AcDbText
 10
2347.4
 20
355.4
 30
0.0
 40
1.15
  1
Кран
 11
2347.4
 21
355.4
 31
0.0
100
AcDbText
  0
LINE
  5
991
330
17
100
AcDbEntity
  8
GRAPH
100
AcDbLine
 10
2360.0
 20
336.0
 30
0.0
 11
2398.0
 21
336.0
 31
0.0
  0
LINE
  5
992
330
17
100
AcDbEntity
  8
GRAPH
100
AcDbLine
 10
2398.0
 20
336.0
 30
0.0
 11
2398.0
 21
464.0
 31
0.0
  0
LINE
  5
993
330
17
100
AcDbEntity
  8
GRAPH
100
AcDbLine
 10
2398.0
 20
464.0
 30
0.0
 11
2360.0
 21
464.0
 31
0.0
  0
LINE
  5
994
330
17
100
AcDbEntity
  8
GRAPH
100
AcDbLine
 10
2360.0
 20
464.0
 30
0.0
 11
2360.0
 21
336.0
 31
0.0
  0
TEXT
  5
995
330
17
100
AcDbEntity
  8
TEXT
100
AcDbText
 10
2361.5
 20
458.0
 30
0.0
 40
2.0
  1
3141
 11
2361.5
 21
458.0
 31
0.0
100
AcDbText
  0
TEXT
  5
996
330
17
100
AcDbEntity
  8
TEXT
100
AcDbText
 10
2361.5
 20
452.0
 30
0.0
 40
1.7
  1
Колясочная
 11
2361.5
 21
452.0
 31
0.0
100
AcDbText
  0
TEXT
  5
997
330
17
100
AcDbEntity
  8
TEXT
100
AcDbText
 10
2361.5
 20
446.0
 30
0.0
 40
1.6
  1
S=31.3
 11
2361.5
 21
446.0
 31
0.0
100
AcDbText
  0
CIRCLE
  5
998
330
17
100
AcDbEntity
  8
GRAPH
100
AcDbCircle
 10
2364.0
 20
346.0
 30
0.0
 40
1.1
  0
TEXT
  5
999
330
17
100
AcDbEntity
  8
TEXT
100
AcDbText
 10
2365.4
 20
345.4
 30
0.0
 40
1.15
  1
ПСВ
 11
2365.4
 21
345.4
 31
0.0
100
AcDbText
  0
CIRCLE
  5
99A
330
17
100
AcDbEntity
  8
GRAPH
100
AcDbCircle
 10
2372.0
 20
346.0
 30
0.0
 40
1.1
  0
TEXT
  5
99B
330
17
100
AcDbEntity
  8
TEXT
100
AcDbText
 10
2373.4
 20
345.4
 30
0.0
 40
1.15
  1
ОП-5
 11
2373.4
 21
345.4
 31
0.0
100
AcDbText
  0
CIRCLE
  5
99C
330
17
100
AcDbEntity
  8
GRAPH
100
AcDbCircle
 10
2380.0
 20
346.0
 30
0.0
 40
1.1
  0
TEXT
  5
99D
330
17
100
AcDbEntity
  8
TEXT
100
AcDbText
 10
2381.4
 20
345.4
 30
0.0
 40
1.15
  1
АПС
 11
2381.4
 21
345.4
 31
0.0
100
AcDbText
  0
CIRCLE
  5
99E
330
17
100
AcDbEntity
  8
GRAPH
100
AcDbCircle
 10
2388.0
 20
346.0
 30
0.0
 40
1.1
  0
TEXT
  5
99F
330
17
100
AcDbEntity
  8
TEXT
100
AcDbText
 10
2389.4
 20
345.4
 30
0.0
 40
1.15
  1
Ду15
 11
2389.4
 21
345.4
 31
0.0
100
AcDbText
  0
CIRCLE
  5
9A0
330
17
100
AcDbEntity
  8
GRAPH
100
AcDbCircle
 10
2364.0
 20
356.0
 30
0.0
 40
1.1
  0
TEXT
  5
9A1
330
17
100
AcDbEntity
  8
TEXT
100
AcDbText
 10
2365.4
 20
355.4
 30
0.0
 40
1.15
  1
220В
 11
2365.4
 21
355.4
 31
0.0
100
AcDbText
  0
CIRCLE
  5
9A2
330
17
100
AcDbEntity
  8
GRAPH
100
AcDbCircle
 10
2372.0
 20
356.0
 30
0.0
 40
1.1
  0
TEXT
  5
9A3
330
17
100
AcDbEntity
  8
TEXT
100
AcDbText
 10
2373.4
 20
355.4
 30
0.0
 40
1.15
  1
Св.
 11
2373.4
 21
355.4
 31
0.0
100
AcDbText
  0
CIRCLE
  5
9A4
330
17
100
AcDbEntity
  8
GRAPH
100
AcDbCircle
 10
2380.0
 20
356.0
 30
0.0
 40
1.1
  0
TEXT
  5
9A5
330
17
100
AcDbEntity
  8
TEXT
100
AcDbText
 10
2381.4
 20
355.4
 30
0.0
 40
1.15
  1
ИПР
 11
2381.4
 21
355.4
 31
0.0
100
AcDbText
  0
CIRCLE
  5
9A6
330
17
100
AcDbEntity
  8
GRAPH
100
AcDbCircle
 10
2388.0
 20
356.0
 30
0.0
 40
1.1
  0
TEXT
  5
9A7
330
17
100
AcDbEntity
  8
TEXT
100
AcDbText
 10
2389.4
 20
355.4
 30
0.0
 40
1.15
  1
Кран
 11
2389.4
 21
355.4
 31
0.0
100
AcDbText
  0
HATCH
  5
9A8
330
17
100
AcDbEntity
  8
TABLE_FILL
 62
7
100
AcDbHatch
 10
0.0
 20
0.0
 30
0.0
210
0.0
220
0.0
230
1.0
  2
SOLID
 70
1
 71
0
 91
1
 92
3
 72
0
 73
1
 93
4
 10
2402.0
 20
336.0
 10
2440.0
 20
336.0
 10
2440.0
 20
464.0
 10
2402.0
 20
464.0
 97
0
 75
0
 76
1
 98
0
  0
LINE
  5
9A9
330
17
100
AcDbEntity
  8
GRAPH
100
AcDbLine
 10
2402.0
 20
336.0
 30
0.0
 11
2440.0
 21
336.0
 31
0.0
  0
LINE
  5
9AA
330
17
100
AcDbEntity
  8
GRAPH
100
AcDbLine
 10
2440.0
 20
336.0
 30
0.0
 11
2440.0
 21
464.0
 31
0.0
  0
LINE
  5
9AB
330
17
100
AcDbEntity
  8
GRAPH
100
AcDbLine
 10
2440.0
 20
464.0
 30
0.0
 11
2402.0
 21
464.0
 31
0.0
  0
LINE
  5
9AC
330
17
100
AcDbEntity
  8
GRAPH
100
AcDbLine
 10
2402.0
 20
464.0
 30
0.0
 11
2402.0
 21
336.0
 31
0.0
  0
TEXT
  5
9AD
330
17
100
AcDbEntity
  8
TEXT
100
AcDbText
 10
2403.5
 20
458.0
 30
0.0
 40
2.0
  1
3142
 11
2403.5
 21
458.0
 31
0.0
100
AcDbText
  0
TEXT
  5
9AE
330
17
100
AcDbEntity
  8
TEXT
100
AcDbText
 10
2403.5
 20
452.0
 30
0.0
 40
1.7
  1
Кухня-ниша
 11
2403.5
 21
452.0
 31
0.0
100
AcDbText
  0
TEXT
  5
9AF
330
17
100
AcDbEntity
  8
TEXT
100
AcDbText
 10
2403.5
 20
446.0
 30
0.0
 40
1.6
  1
S=38.4
 11
2403.5
 21
446.0
 31
0.0
100
AcDbText
  0
CIRCLE
  5
9B0
330
17
100
AcDbEntity
  8
GRAPH
100
AcDbCircle
 10
2406.0
 20
346.0
 30
0.0
 40
1.1
  0
TEXT
  5
9B1
330
17
100
AcDbEntity
  8
TEXT
100
AcDbText
 10
2407.4
 20
345.4
 30
0.0
 40
1.15
  1
ПСВ
 11
2407.4
 21
345.4
 31
0.0
100
AcDbText
  0
CIRCLE
  5
9B2
330
17
100
AcDbEntity
  8
GRAPH
100
AcDbCircle
 10
2414.0
 20
346.0
 30
0.0
 40
1.1
  0
TEXT
  5
9B3
330
17
100
AcDbEntity
  8
TEXT
100
AcDbText
 10
2415.4
 20
345.4
 30
0.0
 40
1.15
  1
ОП-5
 11
2415.4
 21
345.4
 31
0.0
100
AcDbText
  0
CIRCLE
  5
9B4
330
17
100
AcDbEntity
  8
GRAPH
100
AcDbCircle
 10
2422.0
 20
346.0
 30
0.0
 40
1.1
  0
TEXT
  5
9B5
330
17
100
AcDbEntity
  8
TEXT
100
AcDbText
 10
2423.4
 20
345.4
 30
0.0
 40
1.15
  1
АПС
 11
2423.4
 21
345.4
 31
0.0
100
AcDbText
  0
CIRCLE
  5
9B6
330
17
100
AcDbEntity
  8
GRAPH
100
AcDbCircle
 10
2430.0
 20
346.0
 30
0.0
 40
1.1
  0
TEXT
  5
9B7
330
17
100
AcDbEntity
  8
TEXT
100
AcDbText
 10
2431.4
 20
345.4
 30
0.0
 40
1.15
  1
Ду15
 11
2431.4
 21
345.4
 31
0.0
100
AcDbText
  0
CIRCLE
  5
9B8
330
17
100
AcDbEntity
  8
GRAPH
100
AcDbCircle
 10
2406.0
 20
356.0
 30
0.0
 40
1.1
  0
TEXT
  5
9B9
330
17
100
AcDbEntity
  8
TEXT
100
AcDbText
 10
2407.4
 20
355.4
 30
0.0
 40
1.15
  1
220В
 11
2407.4
 21
355.4
 31
0.0
100
AcDbText
  0
CIRCLE
  5
9BA
330
17
100
AcDbEntity
  8
GRAPH
100
AcDbCircle
 10
2414.0
 20
356.0
 30
0.0
 40
1.1
  0
TEXT
  5
9BB
330
17
100
AcDbEntity
  8
TEXT
100
AcDbText
 10
2415.4
 20
355.4
 30
0.0
 40
1.15
  1
Св.
 11
2415.4
 21
355.4
 31
0.0
100
AcDbText
  0
CIRCLE
  5
9BC
330
17
100
AcDbEntity
  8
GRAPH
100
AcDbCircle
 10
2422.0
 20
356.0
 30
0.0
 40
1.1
  0
TEXT
  5
9BD
330
17
100
AcDbEntity
  8
TEXT
100
AcDbText
 10
2423.4
 20
355.4
 30
0.0
 40
1.15
  1
ИПР
 11
2423.4
 21
355.4
 31
0.0
100
AcDbText
  0
CIRCLE
  5
9BE
330
17
100
AcDbEntity
  8
GRAPH
100
AcDbCircle
 10
2430.0
 20
356.0
 30
0.0
 40
1.1
  0
TEXT
  5
9BF
330
17
100
AcDbEntity
  8
TEXT
100
AcDbText
 10
2431.4
 20
355.4
 30
0.0
 40
1.15
  1
Кран
 11
2431.4
 21
355.4
 31
0.0
100
AcDbText
  0
HATCH
  5
9C0
330
17
100
AcDbEntity
  8
TABLE_FILL
 62
7
100
AcDbHatch
 10
0.0
 20
0.0
 30
0.0
210
0.0
220
0.0
230
1.0
  2
SOLID
 70
1
 71
0
 91
1
 92
3
 72
0
 73
1
 93
4
 10
2444.0
 20
336.0
 10
2482.0
 20
336.0
 10
2482.0
 20
464.0
 10
2444.0
 20
464.0
 97
0
 75
0
 76
1
 98
0
  0
LINE
  5
9C1
330
17
100
AcDbEntity
  8
GRAPH
100
AcDbLine
 10
2444.0
 20
336.0
 30
0.0
 11
2482.0
 21
336.0
 31
0.0
  0
LINE
  5
9C2
330
17
100
AcDbEntity
  8
GRAPH
100
AcDbLine
 10
2482.0
 20
336.0
 30
0.0
 11
2482.0
 21
464.0
 31
0.0
  0
LINE
  5
9C3
330
17
100
AcDbEntity
  8
GRAPH
100
AcDbLine
 10
2482.0
 20
464.0
 30
0.0
 11
2444.0
 21
464.0
 31
0.0
  0
LINE
  5
9C4
330
17
100
AcDbEntity
  8
GRAPH
100
AcDbLine
 10
2444.0
 20
464.0
 30
0.0
 11
2444.0
 21
336.0
 31
0.0
  0
TEXT
  5
9C5
330
17
100
AcDbEntity
  8
TEXT
100
AcDbText
 10
2445.5
 20
458.0
 30
0.0
 40
2.0
  1
3143
 11
2445.5
 21
458.0
 31
0.0
100
AcDbText
  0
TEXT
  5
9C6
330
17
100
AcDbEntity
  8
TEXT
100
AcDbText
 10
2445.5
 20
452.0
 30
0.0
 40
1.7
  1
С/у
 11
2445.5
 21
452.0
 31
0.0
100
AcDbText
  0
TEXT
  5
9C7
330
17
100
AcDbEntity
  8
TEXT
100
AcDbText
 10
2445.5
 20
446.0
 30
0.0
 40
1.6
  1
S=45.5
 11
2445.5
 21
446.0
 31
0.0
100
AcDbText
  0
CIRCLE
  5
9C8
330
17
100
AcDbEntity
  8
GRAPH
100
AcDbCircle
 10
2448.0
 20
346.0
 30
0.0
 40
1.1
  0
TEXT
  5
9C9
330
17
100
AcDbEntity
  8
TEXT
100
AcDbText
 10
2449.4
 20
345.4
 30
0.0
 40
1.15
  1
ПСВ
 11
2449.4
 21
345.4
 31
0.0
100
AcDbText
  0
CIRCLE
  5
9CA
330
17
100
AcDbEntity
  8
GRAPH
100
AcDbCircle
 10
2456.0
 20
346.0
 30
0.0
 40
1.1
  0
TEXT
  5
9CB
330
17
100
AcDbEntity
  8
TEXT
100
AcDbText
 10
2457.4
 20
345.4
 30
0.0
 40
1.15
  1
ОП-5
 11
2457.4
 21
345.4
 31
0.0
100
AcDbText
  0
CIRCLE
  5
9CC
330
17
100
AcDbEntity
  8
GRAPH
100
AcDbCircle
 10
2464.0
 20
346.0
 30
0.0
 40
1.1
  0
TEXT
  5
9CD
330
17
100
AcDbEntity
  8
TEXT
100
AcDbText
 10
2465.4
 20
345.4
 30
0.0
 40
1.15
  1
АПС
 11
2465.4
 21
345.4
 31
0.0
100
AcDbText
  0
CIRCLE
  5
9CE
330
17
100
AcDbEntity
  8
GRAPH
100
AcDbCircle
 10
2472.0
 20
346.0
 30
0.0
 40
1.1
  0
TEXT
  5
9CF
330
17
100
AcDbEntity
  8
TEXT
100
AcDbText
 10
2473.4
 20
345.4
 30
0.0
 40
1.15
  1
Ду15
 11
2473.4
 21
345.4
 31
0.0
100
AcDbText
  0
CIRCLE
  5
9D0
330
17
100
AcDbEntity
  8
GRAPH
100
AcDbCircle
 10
2448.0
 20
356.0
 30
0.0
 40
1.1
  0
TEXT
  5
9D1
330
17
100
AcDbEntity
  8
TEXT
100
AcDbText
 10
2449.4
 20
355.4
 30
0.0
 40
1.15
  1
220В
 11
2449.4
 21
355.4
 31
0.0
100
AcDbText
  0
CIRCLE
  5
9D2
330
17
100
AcDbEntity
  8
GRAPH
100
AcDbCircle
 10
2456.0
 20
356.0
 30
0.0
 40
1.1
  0
TEXT
  5
9D3
330
17
100
AcDbEntity
  8
TEXT
100
AcDbText
 10
2457.4
 20
355.4
 30
0.0
 40
1.15
  1
Св.
 11
2457.4
 21
355.4
 31
0.0
100
AcDbText
  0
CIRCLE
  5
9D4
330
17
100
AcDbEntity
  8
GRAPH
100
AcDbCircle
 10
2464.0
 20
356.0
 30
0.0
 40
1.1
  0
TEXT
  5
9D5
330
17
100
AcDbEntity
  8
TEXT
100
AcDbText
 10
2465.4
 20
355.4
 30
0.0
 40
1.15
  1
ИПР
 11
2465.4
 21
355.4
 31
0.0
100
AcDbText
  0
CIRCLE
  5
9D6
330
17
100
AcDbEntity
  8
GRAPH
100
AcDbCircle
 10
2472.0
 20
356.0
 30
0.0
 40
1.1
  0
TEXT
  5
9D7
330
17
100
AcDbEntity
  8
TEXT
100
AcDbText
 10
2473.4
 20
355.4
 30
0.0
 40
1.15
  1
Кран
 11
2473.4
 21
355.4
 31
0.0
100
AcDbText
  0
LINE
  5
9D8
330
17
100
AcDbEntity
  8
GRAPH
100
AcDbLine
 10
2486.0
 20
336.0
 30
0.0
 11
2524.0
 21
336.0
 31
0.0
  0
LINE
  5
9D9
330
17
100
AcDbEntity
  8
GRAPH
100
AcDbLine
 10
2524.0
 20
336.0
 30
0.0
 11
2524.0
 21
464.0
 31
0.0
  0
LINE
  5
9DA
330
17
100
AcDbEntity
  8
GRAPH
100
AcDbLine
 10
2524.0
 20
464.0
 30
0.0
 11
2486.0
 21
464.0
 31
0.0
  0
LINE
  5
9DB
330
17
100
AcDbEntity
  8
GRAPH
100
AcDbLine
 10
2486.0
 20
464.0
 30
0.0
 11
2486.0
 21
336.0
 31
0.0
  0
TEXT
  5
9DC
330
17
100
AcDbEntity
  8
TEXT
100
AcDbText
 10
2487.5
 20
458.0
 30
0.0
 40
2.0
  1
3144
 11
2487.5
 21
458.0
 31
0.0
100
AcDbText
  0
TEXT
  5
9DD
330
17
100
AcDbEntity
  8
TEXT
100
AcDbText
 10
2487.5
 20
452.0
 30
0.0
 40
1.7
  1
Кладовая
 11
2487.5
 21
452.0
 31
0.0
100
AcDbText
  0
TEXT
  5
9DE
330
17
100
AcDbEntity
  8
TEXT
100
AcDbText
 10
2487.5
 20
446.0
 30
0.0
 40
1.6
  1
S=52.6
 11
2487.5
 21
446.0
 31
0.0
100
AcDbText
  0
CIRCLE
  5
9DF
330
17
100
AcDbEntity
  8
GRAPH
100
AcDbCircle
 10
2490.0
 20
346.0
 30
0.0
 40
1.1
  0
TEXT
  5
9E0
330
17
100
AcDbEntity
  8
TEXT
100
AcDbText
 10
2491.4
 20
345.4
 30
0.0
 40
1.15
  1
ПСВ
 11
2491.4
 21
345.4
 31
0.0
100
AcDbText
  0
CIRCLE
  5
9E1
330
17
100
AcDbEntity
  8
GRAPH
100
AcDbCircle
 10
2498.0
 20
346.0
 30
0.0
 40
1.1
  0
TEXT
  5
9E2
330
17
100
AcDbEntity
  8
TEXT
100
AcDbText
 10
2499.4
 20
345.4
 30
0.0
 40
1.15
  1
ОП-5
 11
2499.4
 21
345.4
 31
0.0
100
AcDbText
  0
CIRCLE
  5
9E3
330
17
100
AcDbEntity
  8
GRAPH
100
AcDbCircle
 10
2506.0
 20
346.0
 30
0.0
 40
1.1
  0
TEXT
  5
9E4
330
17
100
AcDbEntity
  8
TEXT
100
AcDbText
 10
2507.4
 20
345.4
 30
0.0
 40
1.15
  1
АПС
 11
2507.4
 21
345.4
 31
0.0
100
AcDbText
  0
CIRCLE
  5
9E5
330
17
100
AcDbEntity
  8
GRAPH
100
AcDbCircle
 10
2514.0
 20
346.0
 30
0.0
 40
1.1
  0
TEXT
  5
9E6
330
17
100
AcDbEntity
  8
TEXT
100
AcDbText
 10
2515.4
 20
345.4
 30
0.0
 40
1.15
  1
Ду15
 11
2515.4
 21
345.4
 31
0.0
100
AcDbText
  0
CIRCLE
  5
9E7
330
17
100
AcDbEntity
  8
GRAPH
100
AcDbCircle
 10
2490.0
 20
356.0
 30
0.0
 40
1.1
  0
TEXT
  5
9E8
330
17
100
AcDbEntity
  8
TEXT
100
AcDbText
 10
2491.4
 20
355.4
 30
0.0
 40
1.15
  1
220В
 11
2491.4
 21
355.4
 31
0.0
100
AcDbText
  0
CIRCLE
  5
9E9
330
17
100
AcDbEntity
  8
GRAPH
100
AcDbCircle
 10
2498.0
 20
356.0
 30
0.0
 40
1.1
  0
TEXT
  5
9EA
330
17
100
AcDbEntity
  8
TEXT
100
AcDbText
 10
2499.4
 20
355.4
 30
0.0
 40
1.15
  1
Св.
 11
2499.4
 21
355.4
 31
0.0
100
AcDbText
  0
CIRCLE
  5
9EB
330
17
100
AcDbEntity
  8
GRAPH
100
AcDbCircle
 10
2506.0
 20
356.0
 30
0.0
 40
1.1
  0
TEXT
  5
9EC
330
17
100
AcDbEntity
  8
TEXT
100
AcDbText
 10
2507.4
 20
355.4
 30
0.0
 40
1.15
  1
ИПР
 11
2507.4
 21
355.4
 31
0.0
100
AcDbText
  0
CIRCLE
  5
9ED
330
17
100
AcDbEntity
  8
GRAPH
100
AcDbCircle
 10
2514.0
 20
356.0
 30
0.0
 40
1.1
  0
TEXT
  5
9EE
330
17
100
AcDbEntity
  8
TEXT
100
AcDbText
 10
2515.4
 20
355.4
 30
0.0
 40
1.15
  1
Кран
 11
2515.4
 21
355.4
 31
0.0
100
AcDbText
  0
HATCH
  5
9EF
330
17
100
AcDbEntity
  8
TABLE_FILL
 62
7
100
AcDbHatch
 10
0.0
 20
0.0
 30
0.0
210
0.0
220
0.0
230
1.0
  2
SOLID
 70
1
 71
0
 91
1
 92
3
 72
0
 73
1
 93
4
 10
2318.0
 20
118.0
 10
2356.0
 20
118.0
 10
2356.0
 20
254.0
 10
2318.0
 20
254.0
 97
0
 75
0
 76
1
 98
0
  0
LINE
  5
9F0
330
17
100
AcDbEntity
  8
GRAPH
100
AcDbLine
 10
2318.0
 20
118.0
 30
0.0
 11
2356.0
 21
118.0
 31
0.0
  0
LINE
  5
9F1
330
17
100
AcDbEntity
  8
GRAPH
100
AcDbLine
 10
2356.0
 20
118.0
 30
0.0
 11
2356.0
 21
254.0
 31
0.0
  0
LINE
  5
9F2
330
17
100
AcDbEntity
  8
GRAPH
100
AcDbLine
 10
2356.0
 20
254.0
 30
0.0
 11
2318.0
 21
254.0
 31
0.0
  0
LINE
  5
9F3
330
17
100
AcDbEntity
  8
GRAPH
100
AcDbLine
 10
2318.0
 20
254.0
 30
0.0
 11
2318.0
 21
118.0
 31
0.0
  0
TEXT
  5
9F4
330
17
100
AcDbEntity
  8
TEXT
100
AcDbText
 10
2319.5
 20
248.0
 30
0.0
 40
2.0
  1
3145
 11
2319.5
 21
248.0
 31
0.0
100
AcDbText
  0
TEXT
  5
9F5
330
17
100
AcDbEntity
  8
TEXT
100
AcDbText
 10
2319.5
 20
242.0
 30
0.0
 40
1.7
  1
ИТП
 11
2319.5
 21
242.0
 31
0.0
100
AcDbText
  0
TEXT
  5
9F6
330
17
100
AcDbEntity
  8
TEXT
100
AcDbText
 10
2319.5
 20
236.0
 30
0.0
 40
1.6
  1
S=59.7
 11
2319.5
 21
236.0
 31
0.0
100
AcDbText
  0
CIRCLE
  5
9F7
330
17
100
AcDbEntity
  8
GRAPH
100
AcDbCircle
 10
2322.0
 20
128.0
 30
0.0
 40
1.1
  0
TEXT
  5
9F8
330
17
100
AcDbEntity
  8
TEXT
100
AcDbText
 10
2323.4
 20
127.4
 30
0.0
 40
1.15
  1
ПСВ
 11
2323.4
 21
127.4
 31
0.0
100
AcDbText
  0
CIRCLE
  5
9F9
330
17
100
AcDbEntity
  8
GRAPH
100
AcDbCircle
 10
2330.0
 20
128.0
 30
0.0
 40
1.1
  0
TEXT
  5
9FA
330
17
100
AcDbEntity
  8
TEXT
100
AcDbText
 10
2331.4
 20
127.4
 30
0.0
 40
1.15
  1
ОП-5
 11
2331.4
 21
127.4
 31
0.0
100
AcDbText
  0
CIRCLE
  5
9FB
330
17
100
AcDbEntity
  8
GRAPH
100
AcDbCircle
 10
2338.0
 20
128.0
 30
0.0
 40
1.1
  0
TEXT
  5
9FC
330
17
100
AcDbEntity
  8
TEXT
100
AcDbText
 10
2339.4
 20
127.4
 30
0.0
 40
1.15
  1
АПС
 11
2339.4
 21
127.4
 31
0.0
100
AcDbText
  0
CIRCLE
  5
9FD
330
17
100
AcDbEntity
  8
GRAPH
100
AcDbCircle
 10
2346.0
 20
128.0
 30
0.0
 40
1.1
  0
TEXT
  5
9FE
330
17
100
AcDbEntity
  8
TEXT
100
AcDbText
 10
2347.4
 20
127.4
 30
0.0
 40
1.15
  1
Ду15
 11
2347.4
 21
127.4
 31
0.0
100
AcDbText
  0
CIRCLE
  5
9FF
330
17
100
AcDbEntity
  8
GRAPH
100
AcDbCircle
 10
2322.0
 20
138.0
 30
0.0
 40
1.1
  0
TEXT
  5
A00
330
17
100
AcDbEntity
  8
TEXT
100
AcDbText
 10
2323.4
 20
137.4
 30
0.0
 40
1.15
  1
220В
 11
2323.4
 21
137.4
 31
0.0
100
AcDbText
  0
CIRCLE
  5
A01
330
17
100
AcDbEntity
  8
GRAPH
100
AcDbCircle
 10
2330.0
 20
138.0
 30
0.0
 40
1.1
  0
TEXT
  5
A02
330
17
100
AcDbEntity
  8
TEXT
100
AcDbText
 10
2331.4
 20
137.4
 30
0.0
 40
1.15
  1
Св.
 11
2331.4
 21
137.4
 31
0.0
100
AcDbText
  0
CIRCLE
  5
A03
330
17
100
AcDbEntity
  8
GRAPH
100
AcDbCircle
 10
2338.0
 20
138.0
 30
0.0
 40
1.1
  0
TEXT
  5
A04
330
17
100
AcDbEntity
  8
TEXT
100
AcDbText
 10
2339.4
 20
137.4
 30
0.0
 40
1.15
  1
ИПР
 11
2339.4
 21
137.4
 31
0.0
100
AcDbText
  0
CIRCLE
  5
A05
330
17
100
AcDbEntity
  8
GRAPH
100
AcDbCircle
 10
2346.0
 20
138.0
 30
0.0
 40
1.1
  0
TEXT
  5
A06
330
17
100
AcDbEntity
  8
TEXT
100
AcDbText
 10
2347.4
 20
137.4
 30
0.0
 40
1.15
  1
Кран
 11
2347.4
 21
137.4
 31
0.0
100
AcDbText
  0
HATCH
  5
A07
330
17
100
AcDbEntity
  8
TABLE_FILL
 62
7
100
AcDbHatch
 10
0.0
 20
0.0
 30
0.0
210
0.0
220
0.0
230
1.0
  2
SOLID
 70
1
 71
0
 91
1
 92
3
 72
0
 73
1
 93
4
 10
2360.0
 20
118.0
 10
2398.0
 20
118.0
 10
2398.0
 20
254.0
 10
2360.0
 20
254.0
 97
0
 75
0
 76
1
 98
0
  0
LINE
  5
A08
330
17
100
AcDbEntity
  8
GRAPH
100
AcDbLine
 10
2360.0
 20
118.0
 30
0.0
 11
2398.0
 21
118.0
 31
0.0
  0
LINE
  5
A09
330
17
100
AcDbEntity
  8
GRAPH
100
AcDbLine
 10
2398.0
 20
118.0
 30
0.0
 11
2398.0
 21
254.0
 31
0.0
  0
LINE
  5
A0A
330
17
100
AcDbEntity
  8
GRAPH
100
AcDbLine
 10
2398.0
 20
254.0
 30
0.0
 11
2360.0
 21
254.0
 31
0.0
  0
LINE
  5
A0B
330
17
100
AcDbEntity
  8
GRAPH
100
AcDbLine
 10
2360.0
 20
254.0
 30
0.0
 11
2360.0
 21
118.0
 31
0.0
  0
TEXT
  5
A0C
330
17
100
AcDbEntity
  8
TEXT
100
AcDbText
 10
2361.5
 20
248.0
 30
0.0
 40
2.0
  1
3146
 11
2361.5
 21
248.0
 31
0.0
100
AcDbText
  0
TEXT
  5
A0D
330
17
100
AcDbEntity
  8
TEXT
100
AcDbText
 10
2361.5
 20
242.0
 30
0.0
 40
1.7
  1
Эл.щит.
 11
2361.5
 21
242.0
 31
0.0
100
AcDbText
  0
TEXT
  5
A0E
330
17
100
AcDbEntity
  8
TEXT
100
AcDbText
 10
2361.5
 20
236.0
 30
0.0
 40
1.6
  1
S=26.8
 11
2361.5
 21
236.0
 31
0.0
100
AcDbText
  0
CIRCLE
  5
A0F
330
17
100
AcDbEntity
  8
GRAPH
100
AcDbCircle
 10
2364.0
 20
128.0
 30
0.0
 40
1.1
  0
TEXT
  5
A10
330
17
100
AcDbEntity
  8
TEXT
100
AcDbText
 10
2365.4
 20
127.4
 30
0.0
 40
1.15
  1
ПСВ
 11
2365.4
 21
127.4
 31
0.0
100
AcDbText
  0
CIRCLE
  5
A11
330
17
100
AcDbEntity
  8
GRAPH
100
AcDbCircle
 10
2372.0
 20
128.0
 30
0.0
 40
1.1
  0
TEXT
  5
A12
330
17
100
AcDbEntity
  8
TEXT
100
AcDbText
 10
2373.4
 20
127.4
 30
0.0
 40
1.15
  1
ОП-5
 11
2373.4
 21
127.4
 31
0.0
100
AcDbText
  0
CIRCLE
  5
A13
330
17
100
AcDbEntity
  8
GRAPH
100
AcDbCircle
 10
2380.0
 20
128.0
 30
0.0
 40
1.1
  0
TEXT
  5
A14
330
17
100
AcDbEntity
  8
TEXT
100
AcDbText
 10
2381.4
 20
127.4
 30
0.0
 40
1.15
  1
АПС
 11
2381.4
 21
127.4
 31
0.0
100
AcDbText
  0
CIRCLE
  5
A15
330
17
100
AcDbEntity
  8
GRAPH
100
AcDbCircle
 10
2388.0
 20
128.0
 30
0.0
 40
1.1
  0
TEXT
  5
A16
330
17
100
AcDbEntity
  8
TEXT
100
AcDbText
 10
2389.4
 20
127.4
 30
0.0
 40
1.15
  1
Ду15
 11
2389.4
 21
127.4
 31
0.0
100
AcDbText
  0
CIRCLE
  5
A17
330
17
100
AcDbEntity
  8
GRAPH
100
AcDbCircle
 10
2364.0
 20
138.0
 30
0.0
 40
1.1
  0
TEXT
  5
A18
330
17
100
AcDbEntity
  8
TEXT
100
AcDbText
 10
2365.4
 20
137.4
 30
0.0
 40
1.15
  1
220В
 11
2365.4
 21
137.4
 31
0.0
100
AcDbText
  0
CIRCLE
  5
A19
330
17
100
AcDbEntity
  8
GRAPH
100
AcDbCircle
 10
2372.0
 20
138.0
 30
0.0
 40
1.1
  0
TEXT
  5
A1A
330
17
100
AcDbEntity
  8
TEXT
100
AcDbText
 10
2373.4
 20
137.4
 30
0.0
 40
1.15
  1
Св.
 11
2373.4
 21
137.4
 31
0.0
100
AcDbText
  0
CIRCLE
  5
A1B
330
17
100
AcDbEntity
  8
GRAPH
100
AcDbCircle
 10
2380.0
 20
138.0
 30
0.0
 40
1.1
  0
TEXT
  5
A1C
330
17
100
AcDbEntity
  8
TEXT
100
AcDbText
 10
2381.4
 20
137.4
 30
0.0
 40
1.15
  1
ИПР
 11
2381.4
 21
137.4
 31
0.0
100
AcDbText
  0
CIRCLE
  5
A1D
330
17
100
AcDbEntity
  8
GRAPH
100
AcDbCircle
 10
2388.0
 20
138.0
 30
0.0
 40
1.1
  0
TEXT
  5
A1E
330
17
100
AcDbEntity
  8
TEXT
100
AcDbText
 10
2389.4
 20
137.4
 30
0.0
 40
1.15
  1
Кран
 11
2389.4
 21
137.4
 31
0.0
100
AcDbText
  0
LINE
  5
A1F
330
17
100
AcDbEntity
  8
GRAPH
100
AcDbLine
 10
2402.0
 20
118.0
 30
0.0
 11
2440.0
 21
118.0
 31
0.0
  0
LINE
  5
A20
330
17
100
AcDbEntity
  8
GRAPH
100
AcDbLine
 10
2440.0
 20
118.0
 30
0.0
 11
2440.0
 21
254.0
 31
0.0
  0
LINE
  5
A21
330
17
100
AcDbEntity
  8
GRAPH
100
AcDbLine
 10
2440.0
 20
254.0
 30
0.0
 11
2402.0
 21
254.0
 31
0.0
  0
LINE
  5
A22
330
17
100
AcDbEntity
  8
GRAPH
100
AcDbLine
 10
2402.0
 20
254.0
 30
0.0
 11
2402.0
 21
118.0
 31
0.0
  0
TEXT
  5
A23
330
17
100
AcDbEntity
  8
TEXT
100
AcDbText
 10
2403.5
 20
248.0
 30
0.0
 40
2.0
  1
3147
 11
2403.5
 21
248.0
 31
0.0
100
AcDbText
  0
TEXT
  5
A24
330
17
100
AcDbEntity
  8
TEXT
100
AcDbText
 10
2403.5
 20
242.0
 30
0.0
 40
1.7
  1
Венткамера
 11
2403.5
 21
242.0
 31
0.0
100
AcDbText
  0
TEXT
  5
A25
330
17
100
AcDbEntity
  8
TEXT
100
AcDbText
 10
2403.5
 20
236.0
 30
0.0
 40
1.6
  1
S=33.9
 11
2403.5
 21
236.0
 31
0.0
100
AcDbText
  0
CIRCLE
  5
A26
330
17
100
AcDbEntity
  8
GRAPH
100
AcDbCircle
 10
2406.0
 20
128.0
 30
0.0
 40
1.1
  0
TEXT
  5
A27
330
17
100
AcDbEntity
  8
TEXT
100
AcDbText
 10
2407.4
 20
127.4
 30
0.0
 40
1.15
  1
ПСВ
 11
2407.4
 21
127.4
 31
0.0
100
AcDbText
  0
CIRCLE
  5
A28
330
17
100
AcDbEntity
  8
GRAPH
100
AcDbCircle
 10
2414.0
 20
128.0
 30
0.0
 40
1.1
  0
TEXT
  5
A29
330
17
100
AcDbEntity
  8
TEXT
100
AcDbText
 10
2415.4
 20
127.4
 30
0.0
 40
1.15
  1
ОП-5
 11
2415.4
 21
127.4
 31
0.0
100
AcDbText
  0
CIRCLE
  5
A2A
330
17
100
AcDbEntity
  8
GRAPH
100
AcDbCircle
 10
2422.0
 20
128.0
 30
0.0
 40
1.1
  0
TEXT
  5
A2B
330
17
100
AcDbEntity
  8
TEXT
100
AcDbText
 10
2423.4
 20
127.4
 30
0.0
 40
1.15
  1
АПС
 11
2423.4
 21
127.4
 31
0.0
100
AcDbText
  0
CIRCLE
  5
A2C
330
17
100
AcDbEntity
  8
GRAPH
100
AcDbCircle
 10
2430.0
 20
128.0
 30
0.0
 40
1.1
  0
TEXT
  5
A2D
330
17
100
AcDbEntity
  8
TEXT
100
AcDbText
 10
2431.4
 20
127.4
 30
0.0
 40
1.15
  1
Ду15
 11
2431.4
 21
127.4
 31
0.0
100
AcDbText
  0
CIRCLE
  5
A2E
330
17
100
AcDbEntity
  8
GRAPH
100
AcDbCircle
 10
2406.0
 20
138.0
 30
0.0
 40
1.1
  0
TEXT
  5
A2F
330
17
100
AcDbEntity
  8
TEXT
100
AcDbText
 10
2407.4
 20
137.4
 30
0.0
 40
1.15
  1
220В
 11
2407.4
 21
137.4
 31
0.0
100
AcDbText
  0
CIRCLE
  5
A30
330
17
100
AcDbEntity
  8
GRAPH
100
AcDbCircle
 10
2414.0
 20
138.0
 30
0.0
 40
1.1
  0
TEXT
  5
A31
330
17
100
AcDbEntity
  8
TEXT
100
AcDbText
 10
2415.4
 20
137.4
 30
0.0
 40
1.15
  1
Св.
 11
2415.4
 21
137.4
 31
0.0
100
AcDbText
  0
CIRCLE
  5
A32
330
17
100
AcDbEntity
  8
GRAPH
100
AcDbCircle
 10
2422.0
 20
138.0
 30
0.0
 40
1.1
  0
TEXT
  5
A33
330
17
100
AcDbEntity
  8
TEXT
100
AcDbText
 10
2423.4
 20
137.4
 30
0.0
 40
1.15
  1
ИПР
 11
2423.4
 21
137.4
 31
0.0
100
AcDbText
  0
CIRCLE
  5
A34
330
17
100
AcDbEntity
  8
GRAPH
100
AcDbCircle
 10
2430.0
 20
138.0
 30
0.0
 40
1.1
  0
TEXT
  5
A35
330
17
100
AcDbEntity
  8
TEXT
100
AcDbText
 10
2431.4
 20
137.4
 30
0.0
 40
1.15
  1
Кран
 11
2431.4
 21
137.4
 31
0.0
100
AcDbText
  0
LINE
  5
A36
330
17
100
AcDbEntity
  8
GRAPH
100
AcDbLine
 10
2444.0
 20
118.0
 30
0.0
 11
2482.0
 21
118.0
 31
0.0
  0
LINE
  5
A37
330
17
100
AcDbEntity
  8
GRAPH
100
AcDbLine
 10
2482.0
 20
118.0
 30
0.0
 11
2482.0
 21
254.0
 31
0.0
  0
LINE
  5
A38
330
17
100
AcDbEntity
  8
GRAPH
100
AcDbLine
 10
2482.0
 20
254.0
 30
0.0
 11
2444.0
 21
254.0
 31
0.0
  0
LINE
  5
A39
330
17
100
AcDbEntity
  8
GRAPH
100
AcDbLine
 10
2444.0
 20
254.0
 30
0.0
 11
2444.0
 21
118.0
 31
0.0
  0
TEXT
  5
A3A
330
17
100
AcDbEntity
  8
TEXT
100
AcDbText
 10
2445.5
 20
248.0
 30
0.0
 40
2.0
  1
3148
 11
2445.5
 21
248.0
 31
0.0
100
AcDbText
  0
TEXT
  5
A3B
330
17
100
AcDbEntity
  8
TEXT
100
AcDbText
 10
2445.5
 20
242.0
 30
0.0
 40
1.7
  1
Насосная
 11
2445.5
 21
242.0
 31
0.0
100
AcDbText
  0
TEXT
  5
A3C
330
17
100
AcDbEntity
  8
TEXT
100
AcDbText
 10
2445.5
 20
236.0
 30
0.0
 40
1.6
  1
S=40.0
 11
2445.5
 21
236.0
 31
0.0
100
AcDbText
  0
CIRCLE
  5
A3D
330
17
100
AcDbEntity
  8
GRAPH
100
AcDbCircle
 10
2448.0
 20
128.0
 30
0.0
 40
1.1
  0
TEXT
  5
A3E
330
17
100
AcDbEntity
  8
TEXT
100
AcDbText
 10
2449.4
 20
127.4
 30
0.0
 40
1.15
  1
ПСВ
 11
2449.4
 21
127.4
 31
0.0
100
AcDbText
  0
CIRCLE
  5
A3F
330
17
100
AcDbEntity
  8
GRAPH
100
AcDbCircle
 10
2456.0
 20
128.0
 30
0.0
 40
1.1
  0
TEXT
  5
A40
330
17
100
AcDbEntity
  8
TEXT
100
AcDbText
 10
2457.4
 20
127.4
 30
0.0
 40
1.15
  1
ОП-5
 11
2457.4
 21
127.4
 31
0.0
100
AcDbText
  0
CIRCLE
  5
A41
330
17
100
AcDbEntity
  8
GRAPH
100
AcDbCircle
 10
2464.0
 20
128.0
 30
0.0
 40
1.1
  0
TEXT
  5
A42
330
17
100
AcDbEntity
  8
TEXT
100
AcDbText
 10
2465.4
 20
127.4
 30
0.0
 40
1.15
  1
АПС
 11
2465.4
 21
127.4
 31
0.0
100
AcDbText
  0
CIRCLE
  5
A43
330
17
100
AcDbEntity
  8
GRAPH
100
AcDbCircle
 10
2472.0
 20
128.0
 30
0.0
 40
1.1
  0
TEXT
  5
A44
330
17
100
AcDbEntity
  8
TEXT
100
AcDbText
 10
2473.4
 20
127.4
 30
0.0
 40
1.15
  1
Ду15
 11
2473.4
 21
127.4
 31
0.0
100
AcDbText
  0
CIRCLE
  5
A45
330
17
100
AcDbEntity
  8
GRAPH
100
AcDbCircle
 10
2448.0
 20
138.0
 30
0.0
 40
1.1
  0
TEXT
  5
A46
330
17
100
AcDbEntity
  8
TEXT
100
AcDbText
 10
2449.4
 20
137.4
 30
0.0
 40
1.15
  1
220В
 11
2449.4
 21
137.4
 31
0.0
100
AcDbText
  0
CIRCLE
  5
A47
330
17
100
AcDbEntity
  8
GRAPH
100
AcDbCircle
 10
2456.0
 20
138.0
 30
0.0
 40
1.1
  0
TEXT
  5
A48
330
17
100
AcDbEntity
  8
TEXT
100
AcDbText
 10
2457.4
 20
137.4
 30
0.0
 40
1.15
  1
Св.
 11
2457.4
 21
137.4
 31
0.0
100
AcDbText
  0
CIRCLE
  5
A49
330
17
100
AcDbEntity
  8
GRAPH
100
AcDbCircle
 10
2464.0
 20
138.0
 30
0.0
 40
1.1
  0
TEXT
  5
A4A
330
17
100
AcDbEntity
  8
TEXT
100
AcDbText
 10
2465.4
 20
137.4
 30
0.0
 40
1.15
  1
ИПР
 11
2465.4
 21
137.4
 31
0.0
100
AcDbText
  0
CIRCLE
  5
A4B
330
17
100
AcDbEntity
  8
GRAPH
100
AcDbCircle
 10
2472.0
 20
138.0
 30
0.0
 40
1.1
  0
TEXT
  5
A4C
330
17
100
AcDbEntity
  8
TEXT
100
AcDbText
 10
2473.4
 20
137.4
 30
0.0
 40
1.15
  1
Кран
 11
2473.4
 21
137.4
 31
0.0
100
AcDbText
  0
LINE
  5
A4D
330
17
100
AcDbEntity
  8
GRAPH
100
AcDbLine
 10
2486.0
 20
118.0
 30
0.0
 11
2524.0
 21
118.0
 31
0.0
  0
LINE
  5
A4E
330
17
100
AcDbEntity
  8
GRAPH
100
AcDbLine
 10
2524.0
 20
118.0
 30
0.0
 11
2524.0
 21
254.0
 31
0.0
  0
LINE
  5
A4F
330
17
100
AcDbEntity
  8
GRAPH
100
AcDbLine
 10
2524.0
 20
254.0
 30
0.0
 11
2486.0
 21
254.0
 31
0.0
  0
LINE
  5
A50
330
17
100
AcDbEntity
  8
GRAPH
100
AcDbLine
 10
2486.0
 20
254.0
 30
0.0
 11
2486.0
 21
118.0
 31
0.0
  0
TEXT
  5
A51
330
17
100
AcDbEntity
  8
TEXT
100
AcDbText
 10
2487.5
 20
248.0
 30
0.0
 40
2.0
  1
3149
 11
2487.5
 21
248.0
 31
0.0
100
AcDbText
  0
TEXT
  5
A52
330
17
100
AcDbEntity
  8
TEXT
100
AcDbText
 10
2487.5
 20
242.0
 30
0.0
 40
1.7
  1
Узел учёта
 11
2487.5
 21
242.0
 31
0.0
100
AcDbText
  0
TEXT
  5
A53
330
17
100
AcDbEntity
  8
TEXT
100
AcDbText
 10
2487.5
 20
236.0
 30
0.0
 40
1.6
  1
S=47.1
 11
2487.5
 21
236.0
 31
0.0
100
AcDbText
  0
CIRCLE
  5
A54
330
17
100
AcDbEntity
  8
GRAPH
100
AcDbCircle
 10
2490.0
 20
128.0
 30
0.0
 40
1.1
  0
TEXT
  5
A55
330
17
100
AcDbEntity
  8
TEXT
100
AcDbText
 10
2491.4
 20
127.4
 30
0.0
 40
1.15
  1
ПСВ
 11
2491.4
 21
127.4
 31
0.0
100
AcDbText
  0
CIRCLE
  5
A56
330
17
100
AcDbEntity
  8
GRAPH
100
AcDbCircle
 10
2498.0
 20
128.0
 30
0.0
 40
1.1
  0
TEXT
  5
A57
330
17
100
AcDbEntity
  8
TEXT
100
AcDbText
 10
2499.4
 20
127.4
 30
0.0
 40
1.15
  1
ОП-5
 11
2499.4
 21
127.4
 31
0.0
100
AcDbText
  0
CIRCLE
  5
A58
330
17
100
AcDbEntity
  8
GRAPH
100
AcDbCircle
 10
2506.0
 20
128.0
 30
0.0
 40
1.1
  0
TEXT
  5
A59
330
17
100
AcDbEntity
  8
TEXT
100
AcDbText
 10
2507.4
 20
127.4
 30
0.0
 40
1.15
  1
АПС
 11
2507.4
 21
127.4
 31
0.0
100
AcDbText
  0
CIRCLE
  5
A5A
330
17
100
AcDbEntity
  8
GRAPH
100
AcDbCircle
 10
2514.0
 20
128.0
 30
0.0
 40
1.1
  0
TEXT
  5
A5B
330
17
100
AcDbEntity
  8
TEXT
100
AcDbText
 10
2515.4
 20
127.4
 30
0.0
 40
1.15
  1
Ду15
 11
2515.4
 21
127.4
 31
0.0
100
AcDbText
  0
CIRCLE
  5
A5C
330
17
100
AcDbEntity
  8
GRAPH
100
AcDbCircle
 10
2490.0
 20
138.0
 30
0.0
 40
1.1
  0
TEXT
  5
A5D
330
17
100
AcDbEntity
  8
TEXT
100
AcDbText
 10
2491.4
 20
137.4
 30
0.0
 40
1.15
  1
220В
 11
2491.4
 21
137.4
 31
0.0
100
AcDbText
  0
CIRCLE
  5
A5E
330
17
100
AcDbEntity
  8
GRAPH
100
AcDbCircle
 10
2498.0
 20
138.0
 30
0.0
 40
1.1
  0
TEXT
  5
A5F
330
17
100
AcDbEntity
  8
TEXT
100
AcDbText
 10
2499.4
 20
137.4
 30
0.0
 40
1.15
  1
Св.
 11
2499.4
 21
137.4
 31
0.0
100
AcDbText
  0
CIRCLE
  5
A60
330
17
100
AcDbEntity
  8
GRAPH
100
AcDbCircle
 10
2506.0
 20
138.0
 30
0.0
 40
1.1
  0
TEXT
  5
A61
330
17
100
AcDbEntity
  8
TEXT
100
AcDbText
 10
2507.4
 20
137.4
 30
0.0
 40
1.15
  1
ИПР
 11
2507.4
 21
137.4
 31
0.0
100
AcDbText
  0
CIRCLE
  5
A62
330
17
100
AcDbEntity
  8
GRAPH
100
AcDbCircle
 10
2514.0
 20
138.0
 30
0.0
 40
1.1
  0
TEXT
  5
A63
330
17
100
AcDbEntity
  8
TEXT
100
AcDbText
 10
2515.4
 20
137.4
 30
0.0
 40
1.15
  1
Кран
 11
2515.4
 21
137.4
 31
0.0
100
AcDbText
  0
TEXT
  5
A64
330
17
100
AcDbEntity
  8
DIM
100
AcDbText
 10
2316.0
 20
102.0
 30
0.0
 40
2.0
  1
48.200
 11
2316.0
 21
102.0
 31
0.0
100
AcDbText
  0
TEXT
  5
A65
330
17
100
AcDbEntity
  8
DIM
100
AcDbText
 10
1792.0
 20
90.0
 30
0.0
 40
2.4
  1
длина участка L=12.50 м
 11
1792.0
 21
90.0
 31
0.0
100
AcDbText
  0
TEXT
  5
A66
330
17
100
AcDbEntity
  8
DIM
100
AcDbText
 10
2012.0
 20
90.0
 30
0.0
 40
2.2
  1
по обмеру длина участка L=11.80 м
 11
2012.0
 21
90.0
 31
0.0
100
AcDbText
  0
TEXT
  5
A67
330
17
100
AcDbEntity
  8
TEXT
100
AcDbText
 10
1776.0
 20
88.0
 30
0.0
 40
2.8
  1
ПРИМЕЧАНИЯ. Намеренные расхождения:
 11
1776.0
 21
88.0
 31
0.0
100
AcDbText
  0
TEXT
  5
A68
330
17
100
AcDbEntity
  8
TEXT
100
AcDbText
 10
1776.0
 20
80.0
 30
0.0
 40
2.05
  1
1. площадь застройки принята 2450 м2. по расчёту ПЗУ площадь равна 2180 м2.
 11
1776.0
 21
80.0
 31
0.0
100
AcDbText
  0
TEXT
  5
A69
330
17
100
AcDbEntity
  8
TEXT
100
AcDbText
 10
1776.0
 20
75.6
 30
0.0
 40
2.05
  1
2. масштаб чертежа 1:100. в задании указан масштаб 1:200.
 11
1776.0
 21
75.6
 31
0.0
100
AcDbText
  0
TEXT
  5
A6A
330
17
100
AcDbEntity
  8
TEXT
100
AcDbText
 10
1776.0
 20
71.2
 30
0.0
 40
2.05
  1
3. длина участка L=12.50 м. по обмеру длина участка L=11.80 м.
 11
1776.0
 21
71.2
 31
0.0
100
AcDbText
  0
TEXT
  5
A6B
330
17
100
AcDbEntity
  8
TEXT
100
AcDbText
 10
1776.0
 20
66.8
 30
0.0
 40
2.05
  1
4. счетчик ВСХН-20 количество 7 шт. по заданию требуется 4 шт ВСХН-20.
 11
1776.0
 21
66.8
 31
0.0
100
AcDbText
  0
TEXT
  5
A6C
330
17
100
AcDbEntity
  8
TEXT
100
AcDbText
 10
1776.0
 20
62.4
 30
0.0
 40
2.05
  1
5. отметка чистого пола +0.150. в разрезе отметка чистого пола +0.250.
 11
1776.0
 21
62.4
 31
0.0
100
AcDbText
  0
TEXT
  5
A6D
330
17
100
AcDbEntity
  8
TEXT
100
AcDbText
 10
1776.0
 20
58.0
 30
0.0
 40
2.05
  1
6. высота здания 54.00 м. по разрезу высота здания 51.60 м.
 11
1776.0
 21
58.0
 31
0.0
100
AcDbText
  0
TEXT
  5
A6E
330
17
100
AcDbEntity
  8
TEXT
100
AcDbText
 10
1776.0
 20
53.599999999999994
 30
0.0
 40
2.05
  1
7. машиномест в стилобате 86. по расчёту требуется 72 машиноместа.
 11
1776.0
 21
53.599999999999994
 31
0.0
100
AcDbText
  0
TEXT
  5
A6F
330
17
100
AcDbEntity
  8
TEXT
100
AcDbText
 10
1776.0
 20
49.199999999999996
 30
0.0
 40
2.05
  1
8. степень огнестойкости II. в задании степень огнестойкости III.
 11
1776.0
 21
49.199999999999996
 31
0.0
100
AcDbText
  0
TEXT
  5
A70
330
17
100
AcDbEntity
  8
TEXT
100
AcDbText
 10
1776.0
 20
44.8
 30
0.0
 40
2.05
  1
9. грузоподъёмность лифта 1000 кг. по заданию лифт 630 кг.
 11
1776.0
 21
44.8
 31
0.0
100
AcDbText
  0
TEXT
  5
A71
330
17
100
AcDbEntity
  8
TEXT
100
AcDbText
 10
1776.0
 20
40.4
 30
0.0
 40
2.05
  1
10. ввод водопровода Ду100. по ТУ ввод водопровода Ду80.
 11
1776.0
 21
40.4
 31
0.0
100
AcDbText
  0
TEXT
  5
A72
330
17
100
AcDbEntity
  8
TEXT
100
AcDbText
 10
1776.0
 20
36.0
 30
0.0
 40
2.05
  1
11. надземных этажей 17. в задании надземных этажей 16.
 11
1776.0
 21
36.0
 31
0.0
100
AcDbText
  0
TEXT
  5
A73
330
17
100
AcDbEntity
  8
TEXT
100
AcDbText
 10
1776.0
 20
31.599999999999994
 30
0.0
 40
2.05
  1
12. озеленение участка 28 %. по ПЗЗ озеленение не менее 35 %.
 11
1776.0
 21
31.599999999999994
 31
0.0
100
AcDbText
  0
TEXT
  5
A74
330
17
100
AcDbEntity
  8
TEXT
100
AcDbText
 10
1776.0
 20
27.199999999999996
 30
0.0
 40
2.05
  1
13. площадь квартиры 105 равна 38.4 м2. по обмеру квартира 105 равна 42.1 м2.
 11
1776.0
 21
27.199999999999996
 31
0.0
100
AcDbText
  0
TEXT
  5
A75
330
17
100
AcDbEntity
  8
TEXT
100
AcDbText
 10
1776.0
 20
22.799999999999997
 30
0.0
 40
2.05
  1
14. ширина лестничного марша 1.20 м. по нормам ширина марша 1.35 м.
 11
1776.0
 21
22.799999999999997
 31
0.0
100
AcDbText
  0
TEXT
  5
A76
330
17
100
AcDbEntity
  8
TEXT
100
AcDbText
 10
1776.0
 20
18.39999999999999
 30
0.0
 40
2.05
  1
15. расчётная мощность 250 кВт. по ТУ электроснабжения 180 кВт.
 11
1776.0
 21
18.39999999999999
 31
0.0
100
AcDbText
  0
LINE
  5
A77
330
17
100
AcDbEntity
  8
GRAPH
100
AcDbLine
 10
2383.0
 20
14.0
 30
0.0
 11
2583.0
 21
14.0
 31
0.0
  0
LINE
  5
A78
330
17
100
AcDbEntity
  8
GRAPH
100
AcDbLine
 10
2583.0
 20
14.0
 30
0.0
 11
2583.0
 21
84.0
 31
0.0
  0
LINE
  5
A79
330
17
100
AcDbEntity
  8
GRAPH
100
AcDbLine
 10
2583.0
 20
84.0
 30
0.0
 11
2383.0
 21
84.0
 31
0.0
  0
LINE
  5
A7A
330
17
100
AcDbEntity
  8
GRAPH
100
AcDbLine
 10
2383.0
 20
84.0
 30
0.0
 11
2383.0
 21
14.0
 31
0.0
  0
LINE
  5
A7B
330
17
100
AcDbEntity
  8
GRAPH
100
AcDbLine
 10
2383.0
 20
36.0
 30
0.0
 11
2583.0
 21
36.0
 31
0.0
  0
LINE
  5
A7C
330
17
100
AcDbEntity
  8
GRAPH
100
AcDbLine
 10
2383.0
 20
58.0
 30
0.0
 11
2583.0
 21
58.0
 31
0.0
  0
LINE
  5
A7D
330
17
100
AcDbEntity
  8
GRAPH
100
AcDbLine
 10
2473.0
 20
14.0
 30
0.0
 11
2473.0
 21
84.0
 31
0.0
  0
TEXT
  5
A7E
330
17
100
AcDbEntity
  8
TEXT
100
AcDbText
 10
2387.0
 20
66.0
 30
0.0
 40
2.4
  1
Северный квартал
 11
2387.0
 21
66.0
 31
0.0
100
AcDbText
  0
TEXT
  5
A7F
330
17
100
AcDbEntity
  8
TEXT
100
AcDbText
 10
2477.0
 20
66.0
 30
0.0
 40
2.6
  1
Лист 3/8
 11
2477.0
 21
66.0
 31
0.0
100
AcDbText
  0
TEXT
  5
A80
330
17
100
AcDbEntity
  8
TEXT
100
AcDbText
 10
2387.0
 20
44.0
 30
0.0
 40
2.2
  1
ПЛАН ПОДВАЛА. ИТП / ВК / ЭОМ
 11
2387.0
 21
44.0
 31
0.0
100
AcDbText
  0
TEXT
  5
A81
330
17
100
AcDbEntity
  8
TEXT
100
AcDbText
 10
2477.0
 20
44.0
 30
0.0
 40
2.1
  1
масштаб чертежа 1:100
 11
2477.0
 21
44.0
 31
0.0
100
AcDbText
  0
TEXT
  5
A82
330
17
100
AcDbEntity
  8
TEXT
100
AcDbText
 10
2387.0
 20
24.0
 30
0.0
 40
2.0
  1
в задании указан масштаб 1:200
 11
2387.0
 21
24.0
 31
0.0
100
AcDbText
  0
LWPOLYLINE
  5
A83
330
17
100
AcDbEntity
  8
GRAPH
100
AcDbPolyline
 90
4
 70
1
 10
2643.0
 20
0.0
 10
3484.0
 20
0.0
 10
3484.0
 20
594.0
 10
2643.0
 20
594.0
  0
LINE
  5
A84
330
17
100
AcDbEntity
  8
GRAPH
100
AcDbLine
 10
2649.0
 20
6.0
 30
0.0
 11
3478.0
 21
6.0
 31
0.0
  0
LINE
  5
A85
330
17
100
AcDbEntity
  8
GRAPH
100
AcDbLine
 10
3478.0
 20
6.0
 30
0.0
 11
3478.0
 21
588.0
 31
0.0
  0
LINE
  5
A86
330
17
100
AcDbEntity
  8
GRAPH
100
AcDbLine
 10
3478.0
 20
588.0
 30
0.0
 11
2649.0
 21
588.0
 31
0.0
  0
LINE
  5
A87
330
17
100
AcDbEntity
  8
GRAPH
100
AcDbLine
 10
2649.0
 20
588.0
 30
0.0
 11
2649.0
 21
6.0
 31
0.0
  0
TEXT
  5
A88
330
17
100
AcDbEntity
  8
TEXT
100
AcDbText
 10
2659.0
 20
572.0
 30
0.0
 40
5.5
  1
ГЕНПЛАН. Схема планировочной организации
 11
2659.0
 21
572.0
 31
0.0
100
AcDbText
  0
TEXT
  5
A89
330
17
100
AcDbEntity
  8
TEXT
100
AcDbText
 10
2659.0
 20
562.0
 30
0.0
 40
2.3
  1
площадь застройки принята 2450 м2. озеленение участка 28 %. машиномест в стилобате 86.
 11
2659.0
 21
562.0
 31
0.0
100
AcDbText
  0
LINE
  5
A8A
330
17
100
AcDbEntity
  8
GRAPH
100
AcDbLine
 10
2683.0
 20
120.0
 30
0.0
 11
3443.0
 21
120.0
 31
0.0
  0
LINE
  5
A8B
330
17
100
AcDbEntity
  8
GRAPH
100
AcDbLine
 10
3443.0
 20
120.0
 30
0.0
 11
3443.0
 21
520.0
 31
0.0
  0
LINE
  5
A8C
330
17
100
AcDbEntity
  8
GRAPH
100
AcDbLine
 10
3443.0
 20
520.0
 30
0.0
 11
2683.0
 21
520.0
 31
0.0
  0
LINE
  5
A8D
330
17
100
AcDbEntity
  8
GRAPH
100
AcDbLine
 10
2683.0
 20
520.0
 30
0.0
 11
2683.0
 21
120.0
 31
0.0
  0
LINE
  5
A8E
330
17
100
AcDbEntity
  8
GRAPH
100
AcDbLine
 10
2683.0
 20
120.0
 30
0.0
 11
2683.0
 21
520.0
 31
0.0
  0
LINE
  5
A8F
330
17
100
AcDbEntity
  8
GRAPH
100
AcDbLine
 10
2730.5
 20
120.0
 30
0.0
 11
2730.5
 21
520.0
 31
0.0
  0
LINE
  5
A90
330
17
100
AcDbEntity
  8
GRAPH
100
AcDbLine
 10
2778.0
 20
120.0
 30
0.0
 11
2778.0
 21
520.0
 31
0.0
  0
LINE
  5
A91
330
17
100
AcDbEntity
  8
GRAPH
100
AcDbLine
 10
2825.5
 20
120.0
 30
0.0
 11
2825.5
 21
520.0
 31
0.0
  0
LINE
  5
A92
330
17
100
AcDbEntity
  8
GRAPH
100
AcDbLine
 10
2873.0
 20
120.0
 30
0.0
 11
2873.0
 21
520.0
 31
0.0
  0
LINE
  5
A93
330
17
100
AcDbEntity
  8
GRAPH
100
AcDbLine
 10
2920.5
 20
120.0
 30
0.0
 11
2920.5
 21
520.0
 31
0.0
  0
LINE
  5
A94
330
17
100
AcDbEntity
  8
GRAPH
100
AcDbLine
 10
2968.0
 20
120.0
 30
0.0
 11
2968.0
 21
520.0
 31
0.0
  0
LINE
  5
A95
330
17
100
AcDbEntity
  8
GRAPH
100
AcDbLine
 10
3015.5
 20
120.0
 30
0.0
 11
3015.5
 21
520.0
 31
0.0
  0
LINE
  5
A96
330
17
100
AcDbEntity
  8
GRAPH
100
AcDbLine
 10
3063.0
 20
120.0
 30
0.0
 11
3063.0
 21
520.0
 31
0.0
  0
LINE
  5
A97
330
17
100
AcDbEntity
  8
GRAPH
100
AcDbLine
 10
3110.5
 20
120.0
 30
0.0
 11
3110.5
 21
520.0
 31
0.0
  0
LINE
  5
A98
330
17
100
AcDbEntity
  8
GRAPH
100
AcDbLine
 10
3158.0
 20
120.0
 30
0.0
 11
3158.0
 21
520.0
 31
0.0
  0
LINE
  5
A99
330
17
100
AcDbEntity
  8
GRAPH
100
AcDbLine
 10
3205.5
 20
120.0
 30
0.0
 11
3205.5
 21
520.0
 31
0.0
  0
LINE
  5
A9A
330
17
100
AcDbEntity
  8
GRAPH
100
AcDbLine
 10
3253.0
 20
120.0
 30
0.0
 11
3253.0
 21
520.0
 31
0.0
  0
LINE
  5
A9B
330
17
100
AcDbEntity
  8
GRAPH
100
AcDbLine
 10
3300.5
 20
120.0
 30
0.0
 11
3300.5
 21
520.0
 31
0.0
  0
LINE
  5
A9C
330
17
100
AcDbEntity
  8
GRAPH
100
AcDbLine
 10
3348.0
 20
120.0
 30
0.0
 11
3348.0
 21
520.0
 31
0.0
  0
LINE
  5
A9D
330
17
100
AcDbEntity
  8
GRAPH
100
AcDbLine
 10
3395.5
 20
120.0
 30
0.0
 11
3395.5
 21
520.0
 31
0.0
  0
LINE
  5
A9E
330
17
100
AcDbEntity
  8
GRAPH
100
AcDbLine
 10
2683.0
 20
120.0
 30
0.0
 11
3443.0
 21
120.0
 31
0.0
  0
LINE
  5
A9F
330
17
100
AcDbEntity
  8
GRAPH
100
AcDbLine
 10
2683.0
 20
164.0
 30
0.0
 11
3443.0
 21
164.0
 31
0.0
  0
LINE
  5
AA0
330
17
100
AcDbEntity
  8
GRAPH
100
AcDbLine
 10
2683.0
 20
208.0
 30
0.0
 11
3443.0
 21
208.0
 31
0.0
  0
LINE
  5
AA1
330
17
100
AcDbEntity
  8
GRAPH
100
AcDbLine
 10
2683.0
 20
252.0
 30
0.0
 11
3443.0
 21
252.0
 31
0.0
  0
LINE
  5
AA2
330
17
100
AcDbEntity
  8
GRAPH
100
AcDbLine
 10
2683.0
 20
296.0
 30
0.0
 11
3443.0
 21
296.0
 31
0.0
  0
LINE
  5
AA3
330
17
100
AcDbEntity
  8
GRAPH
100
AcDbLine
 10
2683.0
 20
340.0
 30
0.0
 11
3443.0
 21
340.0
 31
0.0
  0
LINE
  5
AA4
330
17
100
AcDbEntity
  8
GRAPH
100
AcDbLine
 10
2683.0
 20
384.0
 30
0.0
 11
3443.0
 21
384.0
 31
0.0
  0
LINE
  5
AA5
330
17
100
AcDbEntity
  8
GRAPH
100
AcDbLine
 10
2683.0
 20
428.0
 30
0.0
 11
3443.0
 21
428.0
 31
0.0
  0
LINE
  5
AA6
330
17
100
AcDbEntity
  8
GRAPH
100
AcDbLine
 10
2683.0
 20
472.0
 30
0.0
 11
3443.0
 21
472.0
 31
0.0
  0
LINE
  5
AA7
330
17
100
AcDbEntity
  8
GRAPH
100
AcDbLine
 10
2683.0
 20
516.0
 30
0.0
 11
3443.0
 21
516.0
 31
0.0
  0
HATCH
  5
AA8
330
17
100
AcDbEntity
  8
TABLE_FILL
 62
7
100
AcDbHatch
 10
0.0
 20
0.0
 30
0.0
210
0.0
220
0.0
230
1.0
  2
SOLID
 70
1
 71
0
 91
1
 92
3
 72
0
 73
1
 93
4
 10
2843.0
 20
240.0
 10
3263.0
 20
240.0
 10
3263.0
 20
420.0
 10
2843.0
 20
420.0
 97
0
 75
0
 76
1
 98
0
  0
LINE
  5
AA9
330
17
100
AcDbEntity
  8
GRAPH
100
AcDbLine
 10
2843.0
 20
240.0
 30
0.0
 11
3263.0
 21
240.0
 31
0.0
  0
LINE
  5
AAA
330
17
100
AcDbEntity
  8
GRAPH
100
AcDbLine
 10
3263.0
 20
240.0
 30
0.0
 11
3263.0
 21
420.0
 31
0.0
  0
LINE
  5
AAB
330
17
100
AcDbEntity
  8
GRAPH
100
AcDbLine
 10
3263.0
 20
420.0
 30
0.0
 11
2843.0
 21
420.0
 31
0.0
  0
LINE
  5
AAC
330
17
100
AcDbEntity
  8
GRAPH
100
AcDbLine
 10
2843.0
 20
420.0
 30
0.0
 11
2843.0
 21
240.0
 31
0.0
  0
TEXT
  5
AAD
330
17
100
AcDbEntity
  8
TEXT
100
AcDbText
 10
2983.0
 20
330.0
 30
0.0
 40
6.0
  1
ЗДАНИЕ А
 72
1
 11
2983.0
 21
330.0
 31
0.0
100
AcDbText
  0
TEXT
  5
AAE
330
17
100
AcDbEntity
  8
TEXT
100
AcDbText
 10
2863.0
 20
310.0
 30
0.0
 40
2.4
  1
площадь застройки принята 2450 м2
 11
2863.0
 21
310.0
 31
0.0
100
AcDbText
  0
TEXT
  5
AAF
330
17
100
AcDbEntity
  8
TEXT
100
AcDbText
 10
2863.0
 20
302.0
 30
0.0
 40
2.2
  1
по расчёту ПЗУ площадь равна 2180 м2
 11
2863.0
 21
302.0
 31
0.0
100
AcDbText
  0
HATCH
  5
AB0
330
17
100
AcDbEntity
  8
TABLE_FILL
 62
7
100
AcDbHatch
 10
0.0
 20
0.0
 30
0.0
210
0.0
220
0.0
230
1.0
  2
SOLID
 70
1
 71
0
 91
1
 92
3
 72
0
 73
1
 93
4
 10
2699.0
 20
136.0
 10
2819.0
 20
136.0
 10
2819.0
 20
216.0
 10
2699.0
 20
216.0
 97
0
 75
0
 76
1
 98
0
  0
TEXT
  5
AB1
330
17
100
AcDbEntity
  8
TEXT
100
AcDbText
 10
2703.0
 20
200.0
 30
0.0
 40
2.2
  1
озеленение участка 28 %
 11
2703.0
 21
200.0
 31
0.0
100
AcDbText
  0
TEXT
  5
AB2
330
17
100
AcDbEntity
  8
TEXT
100
AcDbText
 10
2703.0
 20
192.0
 30
0.0
 40
2.0
  1
по ПЗЗ озеленение не менее 35 %
 11
2703.0
 21
192.0
 31
0.0
100
AcDbText
  0
LINE
  5
AB3
330
17
100
AcDbEntity
  8
GRAPH
100
AcDbLine
 10
3283.0
 20
136.0
 30
0.0
 11
3295.0
 21
136.0
 31
0.0
  0
LINE
  5
AB4
330
17
100
AcDbEntity
  8
GRAPH
100
AcDbLine
 10
3295.0
 20
136.0
 30
0.0
 11
3295.0
 21
144.0
 31
0.0
  0
LINE
  5
AB5
330
17
100
AcDbEntity
  8
GRAPH
100
AcDbLine
 10
3295.0
 20
144.0
 30
0.0
 11
3283.0
 21
144.0
 31
0.0
  0
LINE
  5
AB6
330
17
100
AcDbEntity
  8
GRAPH
100
AcDbLine
 10
3283.0
 20
144.0
 30
0.0
 11
3283.0
 21
136.0
 31
0.0
  0
LINE
  5
AB7
330
17
100
AcDbEntity
  8
GRAPH
100
AcDbLine
 10
3297.0
 20
136.0
 30
0.0
 11
3309.0
 21
136.0
 31
0.0
  0
LINE
  5
AB8
330
17
100
AcDbEntity
  8
GRAPH
100
AcDbLine
 10
3309.0
 20
136.0
 30
0.0
 11
3309.0
 21
144.0
 31
0.0
  0
LINE
  5
AB9
330
17
100
AcDbEntity
  8
GRAPH
100
AcDbLine
 10
3309.0
 20
144.0
 30
0.0
 11
3297.0
 21
144.0
 31
0.0
  0
LINE
  5
ABA
330
17
100
AcDbEntity
  8
GRAPH
100
AcDbLine
 10
3297.0
 20
144.0
 30
0.0
 11
3297.0
 21
136.0
 31
0.0
  0
LINE
  5
ABB
330
17
100
AcDbEntity
  8
GRAPH
100
AcDbLine
 10
3311.0
 20
136.0
 30
0.0
 11
3323.0
 21
136.0
 31
0.0
  0
LINE
  5
ABC
330
17
100
AcDbEntity
  8
GRAPH
100
AcDbLine
 10
3323.0
 20
136.0
 30
0.0
 11
3323.0
 21
144.0
 31
0.0
  0
LINE
  5
ABD
330
17
100
AcDbEntity
  8
GRAPH
100
AcDbLine
 10
3323.0
 20
144.0
 30
0.0
 11
3311.0
 21
144.0
 31
0.0
  0
LINE
  5
ABE
330
17
100
AcDbEntity
  8
GRAPH
100
AcDbLine
 10
3311.0
 20
144.0
 30
0.0
 11
3311.0
 21
136.0
 31
0.0
  0
LINE
  5
ABF
330
17
100
AcDbEntity
  8
GRAPH
100
AcDbLine
 10
3325.0
 20
136.0
 30
0.0
 11
3337.0
 21
136.0
 31
0.0
  0
LINE
  5
AC0
330
17
100
AcDbEntity
  8
GRAPH
100
AcDbLine
 10
3337.0
 20
136.0
 30
0.0
 11
3337.0
 21
144.0
 31
0.0
  0
LINE
  5
AC1
330
17
100
AcDbEntity
  8
GRAPH
100
AcDbLine
 10
3337.0
 20
144.0
 30
0.0
 11
3325.0
 21
144.0
 31
0.0
  0
LINE
  5
AC2
330
17
100
AcDbEntity
  8
GRAPH
100
AcDbLine
 10
3325.0
 20
144.0
 30
0.0
 11
3325.0
 21
136.0
 31
0.0
  0
LINE
  5
AC3
330
17
100
AcDbEntity
  8
GRAPH
100
AcDbLine
 10
3339.0
 20
136.0
 30
0.0
 11
3351.0
 21
136.0
 31
0.0
  0
LINE
  5
AC4
330
17
100
AcDbEntity
  8
GRAPH
100
AcDbLine
 10
3351.0
 20
136.0
 30
0.0
 11
3351.0
 21
144.0
 31
0.0
  0
LINE
  5
AC5
330
17
100
AcDbEntity
  8
GRAPH
100
AcDbLine
 10
3351.0
 20
144.0
 30
0.0
 11
3339.0
 21
144.0
 31
0.0
  0
LINE
  5
AC6
330
17
100
AcDbEntity
  8
GRAPH
100
AcDbLine
 10
3339.0
 20
144.0
 30
0.0
 11
3339.0
 21
136.0
 31
0.0
  0
LINE
  5
AC7
330
17
100
AcDbEntity
  8
GRAPH
100
AcDbLine
 10
3283.0
 20
136.0
 30
0.0
 11
3295.0
 21
136.0
 31
0.0
  0
LINE
  5
AC8
330
17
100
AcDbEntity
  8
GRAPH
100
AcDbLine
 10
3295.0
 20
136.0
 30
0.0
 11
3295.0
 21
144.0
 31
0.0
  0
LINE
  5
AC9
330
17
100
AcDbEntity
  8
GRAPH
100
AcDbLine
 10
3295.0
 20
144.0
 30
0.0
 11
3283.0
 21
144.0
 31
0.0
  0
LINE
  5
ACA
330
17
100
AcDbEntity
  8
GRAPH
100
AcDbLine
 10
3283.0
 20
144.0
 30
0.0
 11
3283.0
 21
136.0
 31
0.0
  0
LINE
  5
ACB
330
17
100
AcDbEntity
  8
GRAPH
100
AcDbLine
 10
3297.0
 20
136.0
 30
0.0
 11
3309.0
 21
136.0
 31
0.0
  0
LINE
  5
ACC
330
17
100
AcDbEntity
  8
GRAPH
100
AcDbLine
 10
3309.0
 20
136.0
 30
0.0
 11
3309.0
 21
144.0
 31
0.0
  0
LINE
  5
ACD
330
17
100
AcDbEntity
  8
GRAPH
100
AcDbLine
 10
3309.0
 20
144.0
 30
0.0
 11
3297.0
 21
144.0
 31
0.0
  0
LINE
  5
ACE
330
17
100
AcDbEntity
  8
GRAPH
100
AcDbLine
 10
3297.0
 20
144.0
 30
0.0
 11
3297.0
 21
136.0
 31
0.0
  0
LINE
  5
ACF
330
17
100
AcDbEntity
  8
GRAPH
100
AcDbLine
 10
3311.0
 20
136.0
 30
0.0
 11
3323.0
 21
136.0
 31
0.0
  0
LINE
  5
AD0
330
17
100
AcDbEntity
  8
GRAPH
100
AcDbLine
 10
3323.0
 20
136.0
 30
0.0
 11
3323.0
 21
144.0
 31
0.0
  0
LINE
  5
AD1
330
17
100
AcDbEntity
  8
GRAPH
100
AcDbLine
 10
3323.0
 20
144.0
 30
0.0
 11
3311.0
 21
144.0
 31
0.0
  0
LINE
  5
AD2
330
17
100
AcDbEntity
  8
GRAPH
100
AcDbLine
 10
3311.0
 20
144.0
 30
0.0
 11
3311.0
 21
136.0
 31
0.0
  0
LINE
  5
AD3
330
17
100
AcDbEntity
  8
GRAPH
100
AcDbLine
 10
3325.0
 20
136.0
 30
0.0
 11
3337.0
 21
136.0
 31
0.0
  0
LINE
  5
AD4
330
17
100
AcDbEntity
  8
GRAPH
100
AcDbLine
 10
3337.0
 20
136.0
 30
0.0
 11
3337.0
 21
144.0
 31
0.0
  0
LINE
  5
AD5
330
17
100
AcDbEntity
  8
GRAPH
100
AcDbLine
 10
3337.0
 20
144.0
 30
0.0
 11
3325.0
 21
144.0
 31
0.0
  0
LINE
  5
AD6
330
17
100
AcDbEntity
  8
GRAPH
100
AcDbLine
 10
3325.0
 20
144.0
 30
0.0
 11
3325.0
 21
136.0
 31
0.0
  0
LINE
  5
AD7
330
17
100
AcDbEntity
  8
GRAPH
100
AcDbLine
 10
3339.0
 20
136.0
 30
0.0
 11
3351.0
 21
136.0
 31
0.0
  0
LINE
  5
AD8
330
17
100
AcDbEntity
  8
GRAPH
100
AcDbLine
 10
3351.0
 20
136.0
 30
0.0
 11
3351.0
 21
144.0
 31
0.0
  0
LINE
  5
AD9
330
17
100
AcDbEntity
  8
GRAPH
100
AcDbLine
 10
3351.0
 20
144.0
 30
0.0
 11
3339.0
 21
144.0
 31
0.0
  0
LINE
  5
ADA
330
17
100
AcDbEntity
  8
GRAPH
100
AcDbLine
 10
3339.0
 20
144.0
 30
0.0
 11
3339.0
 21
136.0
 31
0.0
  0
LINE
  5
ADB
330
17
100
AcDbEntity
  8
GRAPH
100
AcDbLine
 10
3283.0
 20
148.0
 30
0.0
 11
3295.0
 21
148.0
 31
0.0
  0
LINE
  5
ADC
330
17
100
AcDbEntity
  8
GRAPH
100
AcDbLine
 10
3295.0
 20
148.0
 30
0.0
 11
3295.0
 21
156.0
 31
0.0
  0
LINE
  5
ADD
330
17
100
AcDbEntity
  8
GRAPH
100
AcDbLine
 10
3295.0
 20
156.0
 30
0.0
 11
3283.0
 21
156.0
 31
0.0
  0
LINE
  5
ADE
330
17
100
AcDbEntity
  8
GRAPH
100
AcDbLine
 10
3283.0
 20
156.0
 30
0.0
 11
3283.0
 21
148.0
 31
0.0
  0
LINE
  5
ADF
330
17
100
AcDbEntity
  8
GRAPH
100
AcDbLine
 10
3297.0
 20
148.0
 30
0.0
 11
3309.0
 21
148.0
 31
0.0
  0
LINE
  5
AE0
330
17
100
AcDbEntity
  8
GRAPH
100
AcDbLine
 10
3309.0
 20
148.0
 30
0.0
 11
3309.0
 21
156.0
 31
0.0
  0
LINE
  5
AE1
330
17
100
AcDbEntity
  8
GRAPH
100
AcDbLine
 10
3309.0
 20
156.0
 30
0.0
 11
3297.0
 21
156.0
 31
0.0
  0
LINE
  5
AE2
330
17
100
AcDbEntity
  8
GRAPH
100
AcDbLine
 10
3297.0
 20
156.0
 30
0.0
 11
3297.0
 21
148.0
 31
0.0
  0
LINE
  5
AE3
330
17
100
AcDbEntity
  8
GRAPH
100
AcDbLine
 10
3311.0
 20
148.0
 30
0.0
 11
3323.0
 21
148.0
 31
0.0
  0
LINE
  5
AE4
330
17
100
AcDbEntity
  8
GRAPH
100
AcDbLine
 10
3323.0
 20
148.0
 30
0.0
 11
3323.0
 21
156.0
 31
0.0
  0
LINE
  5
AE5
330
17
100
AcDbEntity
  8
GRAPH
100
AcDbLine
 10
3323.0
 20
156.0
 30
0.0
 11
3311.0
 21
156.0
 31
0.0
  0
LINE
  5
AE6
330
17
100
AcDbEntity
  8
GRAPH
100
AcDbLine
 10
3311.0
 20
156.0
 30
0.0
 11
3311.0
 21
148.0
 31
0.0
  0
LINE
  5
AE7
330
17
100
AcDbEntity
  8
GRAPH
100
AcDbLine
 10
3325.0
 20
148.0
 30
0.0
 11
3337.0
 21
148.0
 31
0.0
  0
LINE
  5
AE8
330
17
100
AcDbEntity
  8
GRAPH
100
AcDbLine
 10
3337.0
 20
148.0
 30
0.0
 11
3337.0
 21
156.0
 31
0.0
  0
LINE
  5
AE9
330
17
100
AcDbEntity
  8
GRAPH
100
AcDbLine
 10
3337.0
 20
156.0
 30
0.0
 11
3325.0
 21
156.0
 31
0.0
  0
LINE
  5
AEA
330
17
100
AcDbEntity
  8
GRAPH
100
AcDbLine
 10
3325.0
 20
156.0
 30
0.0
 11
3325.0
 21
148.0
 31
0.0
  0
LINE
  5
AEB
330
17
100
AcDbEntity
  8
GRAPH
100
AcDbLine
 10
3339.0
 20
148.0
 30
0.0
 11
3351.0
 21
148.0
 31
0.0
  0
LINE
  5
AEC
330
17
100
AcDbEntity
  8
GRAPH
100
AcDbLine
 10
3351.0
 20
148.0
 30
0.0
 11
3351.0
 21
156.0
 31
0.0
  0
LINE
  5
AED
330
17
100
AcDbEntity
  8
GRAPH
100
AcDbLine
 10
3351.0
 20
156.0
 30
0.0
 11
3339.0
 21
156.0
 31
0.0
  0
LINE
  5
AEE
330
17
100
AcDbEntity
  8
GRAPH
100
AcDbLine
 10
3339.0
 20
156.0
 30
0.0
 11
3339.0
 21
148.0
 31
0.0
  0
LINE
  5
AEF
330
17
100
AcDbEntity
  8
GRAPH
100
AcDbLine
 10
3283.0
 20
148.0
 30
0.0
 11
3295.0
 21
148.0
 31
0.0
  0
LINE
  5
AF0
330
17
100
AcDbEntity
  8
GRAPH
100
AcDbLine
 10
3295.0
 20
148.0
 30
0.0
 11
3295.0
 21
156.0
 31
0.0
  0
LINE
  5
AF1
330
17
100
AcDbEntity
  8
GRAPH
100
AcDbLine
 10
3295.0
 20
156.0
 30
0.0
 11
3283.0
 21
156.0
 31
0.0
  0
LINE
  5
AF2
330
17
100
AcDbEntity
  8
GRAPH
100
AcDbLine
 10
3283.0
 20
156.0
 30
0.0
 11
3283.0
 21
148.0
 31
0.0
  0
LINE
  5
AF3
330
17
100
AcDbEntity
  8
GRAPH
100
AcDbLine
 10
3297.0
 20
148.0
 30
0.0
 11
3309.0
 21
148.0
 31
0.0
  0
LINE
  5
AF4
330
17
100
AcDbEntity
  8
GRAPH
100
AcDbLine
 10
3309.0
 20
148.0
 30
0.0
 11
3309.0
 21
156.0
 31
0.0
  0
LINE
  5
AF5
330
17
100
AcDbEntity
  8
GRAPH
100
AcDbLine
 10
3309.0
 20
156.0
 30
0.0
 11
3297.0
 21
156.0
 31
0.0
  0
LINE
  5
AF6
330
17
100
AcDbEntity
  8
GRAPH
100
AcDbLine
 10
3297.0
 20
156.0
 30
0.0
 11
3297.0
 21
148.0
 31
0.0
  0
LINE
  5
AF7
330
17
100
AcDbEntity
  8
GRAPH
100
AcDbLine
 10
3311.0
 20
148.0
 30
0.0
 11
3323.0
 21
148.0
 31
0.0
  0
LINE
  5
AF8
330
17
100
AcDbEntity
  8
GRAPH
100
AcDbLine
 10
3323.0
 20
148.0
 30
0.0
 11
3323.0
 21
156.0
 31
0.0
  0
LINE
  5
AF9
330
17
100
AcDbEntity
  8
GRAPH
100
AcDbLine
 10
3323.0
 20
156.0
 30
0.0
 11
3311.0
 21
156.0
 31
0.0
  0
LINE
  5
AFA
330
17
100
AcDbEntity
  8
GRAPH
100
AcDbLine
 10
3311.0
 20
156.0
 30
0.0
 11
3311.0
 21
148.0
 31
0.0
  0
LINE
  5
AFB
330
17
100
AcDbEntity
  8
GRAPH
100
AcDbLine
 10
3325.0
 20
148.0
 30
0.0
 11
3337.0
 21
148.0
 31
0.0
  0
LINE
  5
AFC
330
17
100
AcDbEntity
  8
GRAPH
100
AcDbLine
 10
3337.0
 20
148.0
 30
0.0
 11
3337.0
 21
156.0
 31
0.0
  0
LINE
  5
AFD
330
17
100
AcDbEntity
  8
GRAPH
100
AcDbLine
 10
3337.0
 20
156.0
 30
0.0
 11
3325.0
 21
156.0
 31
0.0
  0
LINE
  5
AFE
330
17
100
AcDbEntity
  8
GRAPH
100
AcDbLine
 10
3325.0
 20
156.0
 30
0.0
 11
3325.0
 21
148.0
 31
0.0
  0
LINE
  5
AFF
330
17
100
AcDbEntity
  8
GRAPH
100
AcDbLine
 10
3339.0
 20
148.0
 30
0.0
 11
3351.0
 21
148.0
 31
0.0
  0
LINE
  5
B00
330
17
100
AcDbEntity
  8
GRAPH
100
AcDbLine
 10
3351.0
 20
148.0
 30
0.0
 11
3351.0
 21
156.0
 31
0.0
  0
LINE
  5
B01
330
17
100
AcDbEntity
  8
GRAPH
100
AcDbLine
 10
3351.0
 20
156.0
 30
0.0
 11
3339.0
 21
156.0
 31
0.0
  0
LINE
  5
B02
330
17
100
AcDbEntity
  8
GRAPH
100
AcDbLine
 10
3339.0
 20
156.0
 30
0.0
 11
3339.0
 21
148.0
 31
0.0
  0
LINE
  5
B03
330
17
100
AcDbEntity
  8
GRAPH
100
AcDbLine
 10
3283.0
 20
160.0
 30
0.0
 11
3295.0
 21
160.0
 31
0.0
  0
LINE
  5
B04
330
17
100
AcDbEntity
  8
GRAPH
100
AcDbLine
 10
3295.0
 20
160.0
 30
0.0
 11
3295.0
 21
168.0
 31
0.0
  0
LINE
  5
B05
330
17
100
AcDbEntity
  8
GRAPH
100
AcDbLine
 10
3295.0
 20
168.0
 30
0.0
 11
3283.0
 21
168.0
 31
0.0
  0
LINE
  5
B06
330
17
100
AcDbEntity
  8
GRAPH
100
AcDbLine
 10
3283.0
 20
168.0
 30
0.0
 11
3283.0
 21
160.0
 31
0.0
  0
LINE
  5
B07
330
17
100
AcDbEntity
  8
GRAPH
100
AcDbLine
 10
3297.0
 20
160.0
 30
0.0
 11
3309.0
 21
160.0
 31
0.0
  0
LINE
  5
B08
330
17
100
AcDbEntity
  8
GRAPH
100
AcDbLine
 10
3309.0
 20
160.0
 30
0.0
 11
3309.0
 21
168.0
 31
0.0
  0
LINE
  5
B09
330
17
100
AcDbEntity
  8
GRAPH
100
AcDbLine
 10
3309.0
 20
168.0
 30
0.0
 11
3297.0
 21
168.0
 31
0.0
  0
LINE
  5
B0A
330
17
100
AcDbEntity
  8
GRAPH
100
AcDbLine
 10
3297.0
 20
168.0
 30
0.0
 11
3297.0
 21
160.0
 31
0.0
  0
LINE
  5
B0B
330
17
100
AcDbEntity
  8
GRAPH
100
AcDbLine
 10
3311.0
 20
160.0
 30
0.0
 11
3323.0
 21
160.0
 31
0.0
  0
LINE
  5
B0C
330
17
100
AcDbEntity
  8
GRAPH
100
AcDbLine
 10
3323.0
 20
160.0
 30
0.0
 11
3323.0
 21
168.0
 31
0.0
  0
LINE
  5
B0D
330
17
100
AcDbEntity
  8
GRAPH
100
AcDbLine
 10
3323.0
 20
168.0
 30
0.0
 11
3311.0
 21
168.0
 31
0.0
  0
LINE
  5
B0E
330
17
100
AcDbEntity
  8
GRAPH
100
AcDbLine
 10
3311.0
 20
168.0
 30
0.0
 11
3311.0
 21
160.0
 31
0.0
  0
LINE
  5
B0F
330
17
100
AcDbEntity
  8
GRAPH
100
AcDbLine
 10
3325.0
 20
160.0
 30
0.0
 11
3337.0
 21
160.0
 31
0.0
  0
LINE
  5
B10
330
17
100
AcDbEntity
  8
GRAPH
100
AcDbLine
 10
3337.0
 20
160.0
 30
0.0
 11
3337.0
 21
168.0
 31
0.0
  0
LINE
  5
B11
330
17
100
AcDbEntity
  8
GRAPH
100
AcDbLine
 10
3337.0
 20
168.0
 30
0.0
 11
3325.0
 21
168.0
 31
0.0
  0
LINE
  5
B12
330
17
100
AcDbEntity
  8
GRAPH
100
AcDbLine
 10
3325.0
 20
168.0
 30
0.0
 11
3325.0
 21
160.0
 31
0.0
  0
LINE
  5
B13
330
17
100
AcDbEntity
  8
GRAPH
100
AcDbLine
 10
3339.0
 20
160.0
 30
0.0
 11
3351.0
 21
160.0
 31
0.0
  0
LINE
  5
B14
330
17
100
AcDbEntity
  8
GRAPH
100
AcDbLine
 10
3351.0
 20
160.0
 30
0.0
 11
3351.0
 21
168.0
 31
0.0
  0
LINE
  5
B15
330
17
100
AcDbEntity
  8
GRAPH
100
AcDbLine
 10
3351.0
 20
168.0
 30
0.0
 11
3339.0
 21
168.0
 31
0.0
  0
LINE
  5
B16
330
17
100
AcDbEntity
  8
GRAPH
100
AcDbLine
 10
3339.0
 20
168.0
 30
0.0
 11
3339.0
 21
160.0
 31
0.0
  0
LINE
  5
B17
330
17
100
AcDbEntity
  8
GRAPH
100
AcDbLine
 10
3283.0
 20
160.0
 30
0.0
 11
3295.0
 21
160.0
 31
0.0
  0
LINE
  5
B18
330
17
100
AcDbEntity
  8
GRAPH
100
AcDbLine
 10
3295.0
 20
160.0
 30
0.0
 11
3295.0
 21
168.0
 31
0.0
  0
LINE
  5
B19
330
17
100
AcDbEntity
  8
GRAPH
100
AcDbLine
 10
3295.0
 20
168.0
 30
0.0
 11
3283.0
 21
168.0
 31
0.0
  0
LINE
  5
B1A
330
17
100
AcDbEntity
  8
GRAPH
100
AcDbLine
 10
3283.0
 20
168.0
 30
0.0
 11
3283.0
 21
160.0
 31
0.0
  0
LINE
  5
B1B
330
17
100
AcDbEntity
  8
GRAPH
100
AcDbLine
 10
3297.0
 20
160.0
 30
0.0
 11
3309.0
 21
160.0
 31
0.0
  0
LINE
  5
B1C
330
17
100
AcDbEntity
  8
GRAPH
100
AcDbLine
 10
3309.0
 20
160.0
 30
0.0
 11
3309.0
 21
168.0
 31
0.0
  0
LINE
  5
B1D
330
17
100
AcDbEntity
  8
GRAPH
100
AcDbLine
 10
3309.0
 20
168.0
 30
0.0
 11
3297.0
 21
168.0
 31
0.0
  0
LINE
  5
B1E
330
17
100
AcDbEntity
  8
GRAPH
100
AcDbLine
 10
3297.0
 20
168.0
 30
0.0
 11
3297.0
 21
160.0
 31
0.0
  0
LINE
  5
B1F
330
17
100
AcDbEntity
  8
GRAPH
100
AcDbLine
 10
3311.0
 20
160.0
 30
0.0
 11
3323.0
 21
160.0
 31
0.0
  0
LINE
  5
B20
330
17
100
AcDbEntity
  8
GRAPH
100
AcDbLine
 10
3323.0
 20
160.0
 30
0.0
 11
3323.0
 21
168.0
 31
0.0
  0
LINE
  5
B21
330
17
100
AcDbEntity
  8
GRAPH
100
AcDbLine
 10
3323.0
 20
168.0
 30
0.0
 11
3311.0
 21
168.0
 31
0.0
  0
LINE
  5
B22
330
17
100
AcDbEntity
  8
GRAPH
100
AcDbLine
 10
3311.0
 20
168.0
 30
0.0
 11
3311.0
 21
160.0
 31
0.0
  0
LINE
  5
B23
330
17
100
AcDbEntity
  8
GRAPH
100
AcDbLine
 10
3325.0
 20
160.0
 30
0.0
 11
3337.0
 21
160.0
 31
0.0
  0
LINE
  5
B24
330
17
100
AcDbEntity
  8
GRAPH
100
AcDbLine
 10
3337.0
 20
160.0
 30
0.0
 11
3337.0
 21
168.0
 31
0.0
  0
LINE
  5
B25
330
17
100
AcDbEntity
  8
GRAPH
100
AcDbLine
 10
3337.0
 20
168.0
 30
0.0
 11
3325.0
 21
168.0
 31
0.0
  0
LINE
  5
B26
330
17
100
AcDbEntity
  8
GRAPH
100
AcDbLine
 10
3325.0
 20
168.0
 30
0.0
 11
3325.0
 21
160.0
 31
0.0
  0
LINE
  5
B27
330
17
100
AcDbEntity
  8
GRAPH
100
AcDbLine
 10
3339.0
 20
160.0
 30
0.0
 11
3351.0
 21
160.0
 31
0.0
  0
LINE
  5
B28
330
17
100
AcDbEntity
  8
GRAPH
100
AcDbLine
 10
3351.0
 20
160.0
 30
0.0
 11
3351.0
 21
168.0
 31
0.0
  0
LINE
  5
B29
330
17
100
AcDbEntity
  8
GRAPH
100
AcDbLine
 10
3351.0
 20
168.0
 30
0.0
 11
3339.0
 21
168.0
 31
0.0
  0
LINE
  5
B2A
330
17
100
AcDbEntity
  8
GRAPH
100
AcDbLine
 10
3339.0
 20
168.0
 30
0.0
 11
3339.0
 21
160.0
 31
0.0
  0
LINE
  5
B2B
330
17
100
AcDbEntity
  8
GRAPH
100
AcDbLine
 10
3283.0
 20
172.0
 30
0.0
 11
3295.0
 21
172.0
 31
0.0
  0
LINE
  5
B2C
330
17
100
AcDbEntity
  8
GRAPH
100
AcDbLine
 10
3295.0
 20
172.0
 30
0.0
 11
3295.0
 21
180.0
 31
0.0
  0
LINE
  5
B2D
330
17
100
AcDbEntity
  8
GRAPH
100
AcDbLine
 10
3295.0
 20
180.0
 30
0.0
 11
3283.0
 21
180.0
 31
0.0
  0
LINE
  5
B2E
330
17
100
AcDbEntity
  8
GRAPH
100
AcDbLine
 10
3283.0
 20
180.0
 30
0.0
 11
3283.0
 21
172.0
 31
0.0
  0
LINE
  5
B2F
330
17
100
AcDbEntity
  8
GRAPH
100
AcDbLine
 10
3297.0
 20
172.0
 30
0.0
 11
3309.0
 21
172.0
 31
0.0
  0
LINE
  5
B30
330
17
100
AcDbEntity
  8
GRAPH
100
AcDbLine
 10
3309.0
 20
172.0
 30
0.0
 11
3309.0
 21
180.0
 31
0.0
  0
LINE
  5
B31
330
17
100
AcDbEntity
  8
GRAPH
100
AcDbLine
 10
3309.0
 20
180.0
 30
0.0
 11
3297.0
 21
180.0
 31
0.0
  0
LINE
  5
B32
330
17
100
AcDbEntity
  8
GRAPH
100
AcDbLine
 10
3297.0
 20
180.0
 30
0.0
 11
3297.0
 21
172.0
 31
0.0
  0
LINE
  5
B33
330
17
100
AcDbEntity
  8
GRAPH
100
AcDbLine
 10
3311.0
 20
172.0
 30
0.0
 11
3323.0
 21
172.0
 31
0.0
  0
LINE
  5
B34
330
17
100
AcDbEntity
  8
GRAPH
100
AcDbLine
 10
3323.0
 20
172.0
 30
0.0
 11
3323.0
 21
180.0
 31
0.0
  0
LINE
  5
B35
330
17
100
AcDbEntity
  8
GRAPH
100
AcDbLine
 10
3323.0
 20
180.0
 30
0.0
 11
3311.0
 21
180.0
 31
0.0
  0
LINE
  5
B36
330
17
100
AcDbEntity
  8
GRAPH
100
AcDbLine
 10
3311.0
 20
180.0
 30
0.0
 11
3311.0
 21
172.0
 31
0.0
  0
LINE
  5
B37
330
17
100
AcDbEntity
  8
GRAPH
100
AcDbLine
 10
3325.0
 20
172.0
 30
0.0
 11
3337.0
 21
172.0
 31
0.0
  0
LINE
  5
B38
330
17
100
AcDbEntity
  8
GRAPH
100
AcDbLine
 10
3337.0
 20
172.0
 30
0.0
 11
3337.0
 21
180.0
 31
0.0
  0
LINE
  5
B39
330
17
100
AcDbEntity
  8
GRAPH
100
AcDbLine
 10
3337.0
 20
180.0
 30
0.0
 11
3325.0
 21
180.0
 31
0.0
  0
LINE
  5
B3A
330
17
100
AcDbEntity
  8
GRAPH
100
AcDbLine
 10
3325.0
 20
180.0
 30
0.0
 11
3325.0
 21
172.0
 31
0.0
  0
LINE
  5
B3B
330
17
100
AcDbEntity
  8
GRAPH
100
AcDbLine
 10
3339.0
 20
172.0
 30
0.0
 11
3351.0
 21
172.0
 31
0.0
  0
LINE
  5
B3C
330
17
100
AcDbEntity
  8
GRAPH
100
AcDbLine
 10
3351.0
 20
172.0
 30
0.0
 11
3351.0
 21
180.0
 31
0.0
  0
LINE
  5
B3D
330
17
100
AcDbEntity
  8
GRAPH
100
AcDbLine
 10
3351.0
 20
180.0
 30
0.0
 11
3339.0
 21
180.0
 31
0.0
  0
LINE
  5
B3E
330
17
100
AcDbEntity
  8
GRAPH
100
AcDbLine
 10
3339.0
 20
180.0
 30
0.0
 11
3339.0
 21
172.0
 31
0.0
  0
LINE
  5
B3F
330
17
100
AcDbEntity
  8
GRAPH
100
AcDbLine
 10
3283.0
 20
172.0
 30
0.0
 11
3295.0
 21
172.0
 31
0.0
  0
LINE
  5
B40
330
17
100
AcDbEntity
  8
GRAPH
100
AcDbLine
 10
3295.0
 20
172.0
 30
0.0
 11
3295.0
 21
180.0
 31
0.0
  0
LINE
  5
B41
330
17
100
AcDbEntity
  8
GRAPH
100
AcDbLine
 10
3295.0
 20
180.0
 30
0.0
 11
3283.0
 21
180.0
 31
0.0
  0
LINE
  5
B42
330
17
100
AcDbEntity
  8
GRAPH
100
AcDbLine
 10
3283.0
 20
180.0
 30
0.0
 11
3283.0
 21
172.0
 31
0.0
  0
LINE
  5
B43
330
17
100
AcDbEntity
  8
GRAPH
100
AcDbLine
 10
3297.0
 20
172.0
 30
0.0
 11
3309.0
 21
172.0
 31
0.0
  0
LINE
  5
B44
330
17
100
AcDbEntity
  8
GRAPH
100
AcDbLine
 10
3309.0
 20
172.0
 30
0.0
 11
3309.0
 21
180.0
 31
0.0
  0
LINE
  5
B45
330
17
100
AcDbEntity
  8
GRAPH
100
AcDbLine
 10
3309.0
 20
180.0
 30
0.0
 11
3297.0
 21
180.0
 31
0.0
  0
LINE
  5
B46
330
17
100
AcDbEntity
  8
GRAPH
100
AcDbLine
 10
3297.0
 20
180.0
 30
0.0
 11
3297.0
 21
172.0
 31
0.0
  0
LINE
  5
B47
330
17
100
AcDbEntity
  8
GRAPH
100
AcDbLine
 10
3311.0
 20
172.0
 30
0.0
 11
3323.0
 21
172.0
 31
0.0
  0
LINE
  5
B48
330
17
100
AcDbEntity
  8
GRAPH
100
AcDbLine
 10
3323.0
 20
172.0
 30
0.0
 11
3323.0
 21
180.0
 31
0.0
  0
LINE
  5
B49
330
17
100
AcDbEntity
  8
GRAPH
100
AcDbLine
 10
3323.0
 20
180.0
 30
0.0
 11
3311.0
 21
180.0
 31
0.0
  0
LINE
  5
B4A
330
17
100
AcDbEntity
  8
GRAPH
100
AcDbLine
 10
3311.0
 20
180.0
 30
0.0
 11
3311.0
 21
172.0
 31
0.0
  0
LINE
  5
B4B
330
17
100
AcDbEntity
  8
GRAPH
100
AcDbLine
 10
3325.0
 20
172.0
 30
0.0
 11
3337.0
 21
172.0
 31
0.0
  0
LINE
  5
B4C
330
17
100
AcDbEntity
  8
GRAPH
100
AcDbLine
 10
3337.0
 20
172.0
 30
0.0
 11
3337.0
 21
180.0
 31
0.0
  0
LINE
  5
B4D
330
17
100
AcDbEntity
  8
GRAPH
100
AcDbLine
 10
3337.0
 20
180.0
 30
0.0
 11
3325.0
 21
180.0
 31
0.0
  0
LINE
  5
B4E
330
17
100
AcDbEntity
  8
GRAPH
100
AcDbLine
 10
3325.0
 20
180.0
 30
0.0
 11
3325.0
 21
172.0
 31
0.0
  0
LINE
  5
B4F
330
17
100
AcDbEntity
  8
GRAPH
100
AcDbLine
 10
3339.0
 20
172.0
 30
0.0
 11
3351.0
 21
172.0
 31
0.0
  0
LINE
  5
B50
330
17
100
AcDbEntity
  8
GRAPH
100
AcDbLine
 10
3351.0
 20
172.0
 30
0.0
 11
3351.0
 21
180.0
 31
0.0
  0
LINE
  5
B51
330
17
100
AcDbEntity
  8
GRAPH
100
AcDbLine
 10
3351.0
 20
180.0
 30
0.0
 11
3339.0
 21
180.0
 31
0.0
  0
LINE
  5
B52
330
17
100
AcDbEntity
  8
GRAPH
100
AcDbLine
 10
3339.0
 20
180.0
 30
0.0
 11
3339.0
 21
172.0
 31
0.0
  0
LINE
  5
B53
330
17
100
AcDbEntity
  8
GRAPH
100
AcDbLine
 10
3283.0
 20
184.0
 30
0.0
 11
3295.0
 21
184.0
 31
0.0
  0
LINE
  5
B54
330
17
100
AcDbEntity
  8
GRAPH
100
AcDbLine
 10
3295.0
 20
184.0
 30
0.0
 11
3295.0
 21
192.0
 31
0.0
  0
LINE
  5
B55
330
17
100
AcDbEntity
  8
GRAPH
100
AcDbLine
 10
3295.0
 20
192.0
 30
0.0
 11
3283.0
 21
192.0
 31
0.0
  0
LINE
  5
B56
330
17
100
AcDbEntity
  8
GRAPH
100
AcDbLine
 10
3283.0
 20
192.0
 30
0.0
 11
3283.0
 21
184.0
 31
0.0
  0
LINE
  5
B57
330
17
100
AcDbEntity
  8
GRAPH
100
AcDbLine
 10
3297.0
 20
184.0
 30
0.0
 11
3309.0
 21
184.0
 31
0.0
  0
LINE
  5
B58
330
17
100
AcDbEntity
  8
GRAPH
100
AcDbLine
 10
3309.0
 20
184.0
 30
0.0
 11
3309.0
 21
192.0
 31
0.0
  0
LINE
  5
B59
330
17
100
AcDbEntity
  8
GRAPH
100
AcDbLine
 10
3309.0
 20
192.0
 30
0.0
 11
3297.0
 21
192.0
 31
0.0
  0
LINE
  5
B5A
330
17
100
AcDbEntity
  8
GRAPH
100
AcDbLine
 10
3297.0
 20
192.0
 30
0.0
 11
3297.0
 21
184.0
 31
0.0
  0
LINE
  5
B5B
330
17
100
AcDbEntity
  8
GRAPH
100
AcDbLine
 10
3311.0
 20
184.0
 30
0.0
 11
3323.0
 21
184.0
 31
0.0
  0
LINE
  5
B5C
330
17
100
AcDbEntity
  8
GRAPH
100
AcDbLine
 10
3323.0
 20
184.0
 30
0.0
 11
3323.0
 21
192.0
 31
0.0
  0
LINE
  5
B5D
330
17
100
AcDbEntity
  8
GRAPH
100
AcDbLine
 10
3323.0
 20
192.0
 30
0.0
 11
3311.0
 21
192.0
 31
0.0
  0
LINE
  5
B5E
330
17
100
AcDbEntity
  8
GRAPH
100
AcDbLine
 10
3311.0
 20
192.0
 30
0.0
 11
3311.0
 21
184.0
 31
0.0
  0
LINE
  5
B5F
330
17
100
AcDbEntity
  8
GRAPH
100
AcDbLine
 10
3325.0
 20
184.0
 30
0.0
 11
3337.0
 21
184.0
 31
0.0
  0
LINE
  5
B60
330
17
100
AcDbEntity
  8
GRAPH
100
AcDbLine
 10
3337.0
 20
184.0
 30
0.0
 11
3337.0
 21
192.0
 31
0.0
  0
LINE
  5
B61
330
17
100
AcDbEntity
  8
GRAPH
100
AcDbLine
 10
3337.0
 20
192.0
 30
0.0
 11
3325.0
 21
192.0
 31
0.0
  0
LINE
  5
B62
330
17
100
AcDbEntity
  8
GRAPH
100
AcDbLine
 10
3325.0
 20
192.0
 30
0.0
 11
3325.0
 21
184.0
 31
0.0
  0
LINE
  5
B63
330
17
100
AcDbEntity
  8
GRAPH
100
AcDbLine
 10
3339.0
 20
184.0
 30
0.0
 11
3351.0
 21
184.0
 31
0.0
  0
LINE
  5
B64
330
17
100
AcDbEntity
  8
GRAPH
100
AcDbLine
 10
3351.0
 20
184.0
 30
0.0
 11
3351.0
 21
192.0
 31
0.0
  0
LINE
  5
B65
330
17
100
AcDbEntity
  8
GRAPH
100
AcDbLine
 10
3351.0
 20
192.0
 30
0.0
 11
3339.0
 21
192.0
 31
0.0
  0
LINE
  5
B66
330
17
100
AcDbEntity
  8
GRAPH
100
AcDbLine
 10
3339.0
 20
192.0
 30
0.0
 11
3339.0
 21
184.0
 31
0.0
  0
LINE
  5
B67
330
17
100
AcDbEntity
  8
GRAPH
100
AcDbLine
 10
3283.0
 20
184.0
 30
0.0
 11
3295.0
 21
184.0
 31
0.0
  0
LINE
  5
B68
330
17
100
AcDbEntity
  8
GRAPH
100
AcDbLine
 10
3295.0
 20
184.0
 30
0.0
 11
3295.0
 21
192.0
 31
0.0
  0
LINE
  5
B69
330
17
100
AcDbEntity
  8
GRAPH
100
AcDbLine
 10
3295.0
 20
192.0
 30
0.0
 11
3283.0
 21
192.0
 31
0.0
  0
LINE
  5
B6A
330
17
100
AcDbEntity
  8
GRAPH
100
AcDbLine
 10
3283.0
 20
192.0
 30
0.0
 11
3283.0
 21
184.0
 31
0.0
  0
LINE
  5
B6B
330
17
100
AcDbEntity
  8
GRAPH
100
AcDbLine
 10
3297.0
 20
184.0
 30
0.0
 11
3309.0
 21
184.0
 31
0.0
  0
LINE
  5
B6C
330
17
100
AcDbEntity
  8
GRAPH
100
AcDbLine
 10
3309.0
 20
184.0
 30
0.0
 11
3309.0
 21
192.0
 31
0.0
  0
LINE
  5
B6D
330
17
100
AcDbEntity
  8
GRAPH
100
AcDbLine
 10
3309.0
 20
192.0
 30
0.0
 11
3297.0
 21
192.0
 31
0.0
  0
LINE
  5
B6E
330
17
100
AcDbEntity
  8
GRAPH
100
AcDbLine
 10
3297.0
 20
192.0
 30
0.0
 11
3297.0
 21
184.0
 31
0.0
  0
LINE
  5
B6F
330
17
100
AcDbEntity
  8
GRAPH
100
AcDbLine
 10
3311.0
 20
184.0
 30
0.0
 11
3323.0
 21
184.0
 31
0.0
  0
LINE
  5
B70
330
17
100
AcDbEntity
  8
GRAPH
100
AcDbLine
 10
3323.0
 20
184.0
 30
0.0
 11
3323.0
 21
192.0
 31
0.0
  0
LINE
  5
B71
330
17
100
AcDbEntity
  8
GRAPH
100
AcDbLine
 10
3323.0
 20
192.0
 30
0.0
 11
3311.0
 21
192.0
 31
0.0
  0
LINE
  5
B72
330
17
100
AcDbEntity
  8
GRAPH
100
AcDbLine
 10
3311.0
 20
192.0
 30
0.0
 11
3311.0
 21
184.0
 31
0.0
  0
LINE
  5
B73
330
17
100
AcDbEntity
  8
GRAPH
100
AcDbLine
 10
3325.0
 20
184.0
 30
0.0
 11
3337.0
 21
184.0
 31
0.0
  0
LINE
  5
B74
330
17
100
AcDbEntity
  8
GRAPH
100
AcDbLine
 10
3337.0
 20
184.0
 30
0.0
 11
3337.0
 21
192.0
 31
0.0
  0
LINE
  5
B75
330
17
100
AcDbEntity
  8
GRAPH
100
AcDbLine
 10
3337.0
 20
192.0
 30
0.0
 11
3325.0
 21
192.0
 31
0.0
  0
LINE
  5
B76
330
17
100
AcDbEntity
  8
GRAPH
100
AcDbLine
 10
3325.0
 20
192.0
 30
0.0
 11
3325.0
 21
184.0
 31
0.0
  0
LINE
  5
B77
330
17
100
AcDbEntity
  8
GRAPH
100
AcDbLine
 10
3339.0
 20
184.0
 30
0.0
 11
3351.0
 21
184.0
 31
0.0
  0
LINE
  5
B78
330
17
100
AcDbEntity
  8
GRAPH
100
AcDbLine
 10
3351.0
 20
184.0
 30
0.0
 11
3351.0
 21
192.0
 31
0.0
  0
LINE
  5
B79
330
17
100
AcDbEntity
  8
GRAPH
100
AcDbLine
 10
3351.0
 20
192.0
 30
0.0
 11
3339.0
 21
192.0
 31
0.0
  0
LINE
  5
B7A
330
17
100
AcDbEntity
  8
GRAPH
100
AcDbLine
 10
3339.0
 20
192.0
 30
0.0
 11
3339.0
 21
184.0
 31
0.0
  0
LINE
  5
B7B
330
17
100
AcDbEntity
  8
GRAPH
100
AcDbLine
 10
3283.0
 20
196.0
 30
0.0
 11
3295.0
 21
196.0
 31
0.0
  0
LINE
  5
B7C
330
17
100
AcDbEntity
  8
GRAPH
100
AcDbLine
 10
3295.0
 20
196.0
 30
0.0
 11
3295.0
 21
204.0
 31
0.0
  0
LINE
  5
B7D
330
17
100
AcDbEntity
  8
GRAPH
100
AcDbLine
 10
3295.0
 20
204.0
 30
0.0
 11
3283.0
 21
204.0
 31
0.0
  0
LINE
  5
B7E
330
17
100
AcDbEntity
  8
GRAPH
100
AcDbLine
 10
3283.0
 20
204.0
 30
0.0
 11
3283.0
 21
196.0
 31
0.0
  0
LINE
  5
B7F
330
17
100
AcDbEntity
  8
GRAPH
100
AcDbLine
 10
3297.0
 20
196.0
 30
0.0
 11
3309.0
 21
196.0
 31
0.0
  0
LINE
  5
B80
330
17
100
AcDbEntity
  8
GRAPH
100
AcDbLine
 10
3309.0
 20
196.0
 30
0.0
 11
3309.0
 21
204.0
 31
0.0
  0
LINE
  5
B81
330
17
100
AcDbEntity
  8
GRAPH
100
AcDbLine
 10
3309.0
 20
204.0
 30
0.0
 11
3297.0
 21
204.0
 31
0.0
  0
LINE
  5
B82
330
17
100
AcDbEntity
  8
GRAPH
100
AcDbLine
 10
3297.0
 20
204.0
 30
0.0
 11
3297.0
 21
196.0
 31
0.0
  0
LINE
  5
B83
330
17
100
AcDbEntity
  8
GRAPH
100
AcDbLine
 10
3311.0
 20
196.0
 30
0.0
 11
3323.0
 21
196.0
 31
0.0
  0
LINE
  5
B84
330
17
100
AcDbEntity
  8
GRAPH
100
AcDbLine
 10
3323.0
 20
196.0
 30
0.0
 11
3323.0
 21
204.0
 31
0.0
  0
LINE
  5
B85
330
17
100
AcDbEntity
  8
GRAPH
100
AcDbLine
 10
3323.0
 20
204.0
 30
0.0
 11
3311.0
 21
204.0
 31
0.0
  0
LINE
  5
B86
330
17
100
AcDbEntity
  8
GRAPH
100
AcDbLine
 10
3311.0
 20
204.0
 30
0.0
 11
3311.0
 21
196.0
 31
0.0
  0
LINE
  5
B87
330
17
100
AcDbEntity
  8
GRAPH
100
AcDbLine
 10
3325.0
 20
196.0
 30
0.0
 11
3337.0
 21
196.0
 31
0.0
  0
LINE
  5
B88
330
17
100
AcDbEntity
  8
GRAPH
100
AcDbLine
 10
3337.0
 20
196.0
 30
0.0
 11
3337.0
 21
204.0
 31
0.0
  0
LINE
  5
B89
330
17
100
AcDbEntity
  8
GRAPH
100
AcDbLine
 10
3337.0
 20
204.0
 30
0.0
 11
3325.0
 21
204.0
 31
0.0
  0
LINE
  5
B8A
330
17
100
AcDbEntity
  8
GRAPH
100
AcDbLine
 10
3325.0
 20
204.0
 30
0.0
 11
3325.0
 21
196.0
 31
0.0
  0
LINE
  5
B8B
330
17
100
AcDbEntity
  8
GRAPH
100
AcDbLine
 10
3339.0
 20
196.0
 30
0.0
 11
3351.0
 21
196.0
 31
0.0
  0
LINE
  5
B8C
330
17
100
AcDbEntity
  8
GRAPH
100
AcDbLine
 10
3351.0
 20
196.0
 30
0.0
 11
3351.0
 21
204.0
 31
0.0
  0
LINE
  5
B8D
330
17
100
AcDbEntity
  8
GRAPH
100
AcDbLine
 10
3351.0
 20
204.0
 30
0.0
 11
3339.0
 21
204.0
 31
0.0
  0
LINE
  5
B8E
330
17
100
AcDbEntity
  8
GRAPH
100
AcDbLine
 10
3339.0
 20
204.0
 30
0.0
 11
3339.0
 21
196.0
 31
0.0
  0
LINE
  5
B8F
330
17
100
AcDbEntity
  8
GRAPH
100
AcDbLine
 10
3283.0
 20
196.0
 30
0.0
 11
3295.0
 21
196.0
 31
0.0
  0
LINE
  5
B90
330
17
100
AcDbEntity
  8
GRAPH
100
AcDbLine
 10
3295.0
 20
196.0
 30
0.0
 11
3295.0
 21
204.0
 31
0.0
  0
LINE
  5
B91
330
17
100
AcDbEntity
  8
GRAPH
100
AcDbLine
 10
3295.0
 20
204.0
 30
0.0
 11
3283.0
 21
204.0
 31
0.0
  0
LINE
  5
B92
330
17
100
AcDbEntity
  8
GRAPH
100
AcDbLine
 10
3283.0
 20
204.0
 30
0.0
 11
3283.0
 21
196.0
 31
0.0
  0
LINE
  5
B93
330
17
100
AcDbEntity
  8
GRAPH
100
AcDbLine
 10
3297.0
 20
196.0
 30
0.0
 11
3309.0
 21
196.0
 31
0.0
  0
LINE
  5
B94
330
17
100
AcDbEntity
  8
GRAPH
100
AcDbLine
 10
3309.0
 20
196.0
 30
0.0
 11
3309.0
 21
204.0
 31
0.0
  0
LINE
  5
B95
330
17
100
AcDbEntity
  8
GRAPH
100
AcDbLine
 10
3309.0
 20
204.0
 30
0.0
 11
3297.0
 21
204.0
 31
0.0
  0
LINE
  5
B96
330
17
100
AcDbEntity
  8
GRAPH
100
AcDbLine
 10
3297.0
 20
204.0
 30
0.0
 11
3297.0
 21
196.0
 31
0.0
  0
LINE
  5
B97
330
17
100
AcDbEntity
  8
GRAPH
100
AcDbLine
 10
3311.0
 20
196.0
 30
0.0
 11
3323.0
 21
196.0
 31
0.0
  0
LINE
  5
B98
330
17
100
AcDbEntity
  8
GRAPH
100
AcDbLine
 10
3323.0
 20
196.0
 30
0.0
 11
3323.0
 21
204.0
 31
0.0
  0
LINE
  5
B99
330
17
100
AcDbEntity
  8
GRAPH
100
AcDbLine
 10
3323.0
 20
204.0
 30
0.0
 11
3311.0
 21
204.0
 31
0.0
  0
LINE
  5
B9A
330
17
100
AcDbEntity
  8
GRAPH
100
AcDbLine
 10
3311.0
 20
204.0
 30
0.0
 11
3311.0
 21
196.0
 31
0.0
  0
LINE
  5
B9B
330
17
100
AcDbEntity
  8
GRAPH
100
AcDbLine
 10
3325.0
 20
196.0
 30
0.0
 11
3337.0
 21
196.0
 31
0.0
  0
LINE
  5
B9C
330
17
100
AcDbEntity
  8
GRAPH
100
AcDbLine
 10
3337.0
 20
196.0
 30
0.0
 11
3337.0
 21
204.0
 31
0.0
  0
LINE
  5
B9D
330
17
100
AcDbEntity
  8
GRAPH
100
AcDbLine
 10
3337.0
 20
204.0
 30
0.0
 11
3325.0
 21
204.0
 31
0.0
  0
LINE
  5
B9E
330
17
100
AcDbEntity
  8
GRAPH
100
AcDbLine
 10
3325.0
 20
204.0
 30
0.0
 11
3325.0
 21
196.0
 31
0.0
  0
LINE
  5
B9F
330
17
100
AcDbEntity
  8
GRAPH
100
AcDbLine
 10
3339.0
 20
196.0
 30
0.0
 11
3351.0
 21
196.0
 31
0.0
  0
LINE
  5
BA0
330
17
100
AcDbEntity
  8
GRAPH
100
AcDbLine
 10
3351.0
 20
196.0
 30
0.0
 11
3351.0
 21
204.0
 31
0.0
  0
LINE
  5
BA1
330
17
100
AcDbEntity
  8
GRAPH
100
AcDbLine
 10
3351.0
 20
204.0
 30
0.0
 11
3339.0
 21
204.0
 31
0.0
  0
LINE
  5
BA2
330
17
100
AcDbEntity
  8
GRAPH
100
AcDbLine
 10
3339.0
 20
204.0
 30
0.0
 11
3339.0
 21
196.0
 31
0.0
  0
LINE
  5
BA3
330
17
100
AcDbEntity
  8
GRAPH
100
AcDbLine
 10
3283.0
 20
208.0
 30
0.0
 11
3295.0
 21
208.0
 31
0.0
  0
LINE
  5
BA4
330
17
100
AcDbEntity
  8
GRAPH
100
AcDbLine
 10
3295.0
 20
208.0
 30
0.0
 11
3295.0
 21
216.0
 31
0.0
  0
LINE
  5
BA5
330
17
100
AcDbEntity
  8
GRAPH
100
AcDbLine
 10
3295.0
 20
216.0
 30
0.0
 11
3283.0
 21
216.0
 31
0.0
  0
LINE
  5
BA6
330
17
100
AcDbEntity
  8
GRAPH
100
AcDbLine
 10
3283.0
 20
216.0
 30
0.0
 11
3283.0
 21
208.0
 31
0.0
  0
LINE
  5
BA7
330
17
100
AcDbEntity
  8
GRAPH
100
AcDbLine
 10
3297.0
 20
208.0
 30
0.0
 11
3309.0
 21
208.0
 31
0.0
  0
LINE
  5
BA8
330
17
100
AcDbEntity
  8
GRAPH
100
AcDbLine
 10
3309.0
 20
208.0
 30
0.0
 11
3309.0
 21
216.0
 31
0.0
  0
LINE
  5
BA9
330
17
100
AcDbEntity
  8
GRAPH
100
AcDbLine
 10
3309.0
 20
216.0
 30
0.0
 11
3297.0
 21
216.0
 31
0.0
  0
LINE
  5
BAA
330
17
100
AcDbEntity
  8
GRAPH
100
AcDbLine
 10
3297.0
 20
216.0
 30
0.0
 11
3297.0
 21
208.0
 31
0.0
  0
LINE
  5
BAB
330
17
100
AcDbEntity
  8
GRAPH
100
AcDbLine
 10
3311.0
 20
208.0
 30
0.0
 11
3323.0
 21
208.0
 31
0.0
  0
LINE
  5
BAC
330
17
100
AcDbEntity
  8
GRAPH
100
AcDbLine
 10
3323.0
 20
208.0
 30
0.0
 11
3323.0
 21
216.0
 31
0.0
  0
LINE
  5
BAD
330
17
100
AcDbEntity
  8
GRAPH
100
AcDbLine
 10
3323.0
 20
216.0
 30
0.0
 11
3311.0
 21
216.0
 31
0.0
  0
LINE
  5
BAE
330
17
100
AcDbEntity
  8
GRAPH
100
AcDbLine
 10
3311.0
 20
216.0
 30
0.0
 11
3311.0
 21
208.0
 31
0.0
  0
LINE
  5
BAF
330
17
100
AcDbEntity
  8
GRAPH
100
AcDbLine
 10
3325.0
 20
208.0
 30
0.0
 11
3337.0
 21
208.0
 31
0.0
  0
LINE
  5
BB0
330
17
100
AcDbEntity
  8
GRAPH
100
AcDbLine
 10
3337.0
 20
208.0
 30
0.0
 11
3337.0
 21
216.0
 31
0.0
  0
LINE
  5
BB1
330
17
100
AcDbEntity
  8
GRAPH
100
AcDbLine
 10
3337.0
 20
216.0
 30
0.0
 11
3325.0
 21
216.0
 31
0.0
  0
LINE
  5
BB2
330
17
100
AcDbEntity
  8
GRAPH
100
AcDbLine
 10
3325.0
 20
216.0
 30
0.0
 11
3325.0
 21
208.0
 31
0.0
  0
LINE
  5
BB3
330
17
100
AcDbEntity
  8
GRAPH
100
AcDbLine
 10
3339.0
 20
208.0
 30
0.0
 11
3351.0
 21
208.0
 31
0.0
  0
LINE
  5
BB4
330
17
100
AcDbEntity
  8
GRAPH
100
AcDbLine
 10
3351.0
 20
208.0
 30
0.0
 11
3351.0
 21
216.0
 31
0.0
  0
LINE
  5
BB5
330
17
100
AcDbEntity
  8
GRAPH
100
AcDbLine
 10
3351.0
 20
216.0
 30
0.0
 11
3339.0
 21
216.0
 31
0.0
  0
LINE
  5
BB6
330
17
100
AcDbEntity
  8
GRAPH
100
AcDbLine
 10
3339.0
 20
216.0
 30
0.0
 11
3339.0
 21
208.0
 31
0.0
  0
LINE
  5
BB7
330
17
100
AcDbEntity
  8
GRAPH
100
AcDbLine
 10
3283.0
 20
208.0
 30
0.0
 11
3295.0
 21
208.0
 31
0.0
  0
LINE
  5
BB8
330
17
100
AcDbEntity
  8
GRAPH
100
AcDbLine
 10
3295.0
 20
208.0
 30
0.0
 11
3295.0
 21
216.0
 31
0.0
  0
LINE
  5
BB9
330
17
100
AcDbEntity
  8
GRAPH
100
AcDbLine
 10
3295.0
 20
216.0
 30
0.0
 11
3283.0
 21
216.0
 31
0.0
  0
LINE
  5
BBA
330
17
100
AcDbEntity
  8
GRAPH
100
AcDbLine
 10
3283.0
 20
216.0
 30
0.0
 11
3283.0
 21
208.0
 31
0.0
  0
LINE
  5
BBB
330
17
100
AcDbEntity
  8
GRAPH
100
AcDbLine
 10
3297.0
 20
208.0
 30
0.0
 11
3309.0
 21
208.0
 31
0.0
  0
LINE
  5
BBC
330
17
100
AcDbEntity
  8
GRAPH
100
AcDbLine
 10
3309.0
 20
208.0
 30
0.0
 11
3309.0
 21
216.0
 31
0.0
  0
LINE
  5
BBD
330
17
100
AcDbEntity
  8
GRAPH
100
AcDbLine
 10
3309.0
 20
216.0
 30
0.0
 11
3297.0
 21
216.0
 31
0.0
  0
LINE
  5
BBE
330
17
100
AcDbEntity
  8
GRAPH
100
AcDbLine
 10
3297.0
 20
216.0
 30
0.0
 11
3297.0
 21
208.0
 31
0.0
  0
LINE
  5
BBF
330
17
100
AcDbEntity
  8
GRAPH
100
AcDbLine
 10
3311.0
 20
208.0
 30
0.0
 11
3323.0
 21
208.0
 31
0.0
  0
LINE
  5
BC0
330
17
100
AcDbEntity
  8
GRAPH
100
AcDbLine
 10
3323.0
 20
208.0
 30
0.0
 11
3323.0
 21
216.0
 31
0.0
  0
LINE
  5
BC1
330
17
100
AcDbEntity
  8
GRAPH
100
AcDbLine
 10
3323.0
 20
216.0
 30
0.0
 11
3311.0
 21
216.0
 31
0.0
  0
LINE
  5
BC2
330
17
100
AcDbEntity
  8
GRAPH
100
AcDbLine
 10
3311.0
 20
216.0
 30
0.0
 11
3311.0
 21
208.0
 31
0.0
  0
LINE
  5
BC3
330
17
100
AcDbEntity
  8
GRAPH
100
AcDbLine
 10
3325.0
 20
208.0
 30
0.0
 11
3337.0
 21
208.0
 31
0.0
  0
LINE
  5
BC4
330
17
100
AcDbEntity
  8
GRAPH
100
AcDbLine
 10
3337.0
 20
208.0
 30
0.0
 11
3337.0
 21
216.0
 31
0.0
  0
LINE
  5
BC5
330
17
100
AcDbEntity
  8
GRAPH
100
AcDbLine
 10
3337.0
 20
216.0
 30
0.0
 11
3325.0
 21
216.0
 31
0.0
  0
LINE
  5
BC6
330
17
100
AcDbEntity
  8
GRAPH
100
AcDbLine
 10
3325.0
 20
216.0
 30
0.0
 11
3325.0
 21
208.0
 31
0.0
  0
LINE
  5
BC7
330
17
100
AcDbEntity
  8
GRAPH
100
AcDbLine
 10
3339.0
 20
208.0
 30
0.0
 11
3351.0
 21
208.0
 31
0.0
  0
LINE
  5
BC8
330
17
100
AcDbEntity
  8
GRAPH
100
AcDbLine
 10
3351.0
 20
208.0
 30
0.0
 11
3351.0
 21
216.0
 31
0.0
  0
LINE
  5
BC9
330
17
100
AcDbEntity
  8
GRAPH
100
AcDbLine
 10
3351.0
 20
216.0
 30
0.0
 11
3339.0
 21
216.0
 31
0.0
  0
LINE
  5
BCA
330
17
100
AcDbEntity
  8
GRAPH
100
AcDbLine
 10
3339.0
 20
216.0
 30
0.0
 11
3339.0
 21
208.0
 31
0.0
  0
LINE
  5
BCB
330
17
100
AcDbEntity
  8
GRAPH
100
AcDbLine
 10
3283.0
 20
220.0
 30
0.0
 11
3295.0
 21
220.0
 31
0.0
  0
LINE
  5
BCC
330
17
100
AcDbEntity
  8
GRAPH
100
AcDbLine
 10
3295.0
 20
220.0
 30
0.0
 11
3295.0
 21
228.0
 31
0.0
  0
LINE
  5
BCD
330
17
100
AcDbEntity
  8
GRAPH
100
AcDbLine
 10
3295.0
 20
228.0
 30
0.0
 11
3283.0
 21
228.0
 31
0.0
  0
LINE
  5
BCE
330
17
100
AcDbEntity
  8
GRAPH
100
AcDbLine
 10
3283.0
 20
228.0
 30
0.0
 11
3283.0
 21
220.0
 31
0.0
  0
LINE
  5
BCF
330
17
100
AcDbEntity
  8
GRAPH
100
AcDbLine
 10
3297.0
 20
220.0
 30
0.0
 11
3309.0
 21
220.0
 31
0.0
  0
LINE
  5
BD0
330
17
100
AcDbEntity
  8
GRAPH
100
AcDbLine
 10
3309.0
 20
220.0
 30
0.0
 11
3309.0
 21
228.0
 31
0.0
  0
LINE
  5
BD1
330
17
100
AcDbEntity
  8
GRAPH
100
AcDbLine
 10
3309.0
 20
228.0
 30
0.0
 11
3297.0
 21
228.0
 31
0.0
  0
LINE
  5
BD2
330
17
100
AcDbEntity
  8
GRAPH
100
AcDbLine
 10
3297.0
 20
228.0
 30
0.0
 11
3297.0
 21
220.0
 31
0.0
  0
LINE
  5
BD3
330
17
100
AcDbEntity
  8
GRAPH
100
AcDbLine
 10
3311.0
 20
220.0
 30
0.0
 11
3323.0
 21
220.0
 31
0.0
  0
LINE
  5
BD4
330
17
100
AcDbEntity
  8
GRAPH
100
AcDbLine
 10
3323.0
 20
220.0
 30
0.0
 11
3323.0
 21
228.0
 31
0.0
  0
LINE
  5
BD5
330
17
100
AcDbEntity
  8
GRAPH
100
AcDbLine
 10
3323.0
 20
228.0
 30
0.0
 11
3311.0
 21
228.0
 31
0.0
  0
LINE
  5
BD6
330
17
100
AcDbEntity
  8
GRAPH
100
AcDbLine
 10
3311.0
 20
228.0
 30
0.0
 11
3311.0
 21
220.0
 31
0.0
  0
LINE
  5
BD7
330
17
100
AcDbEntity
  8
GRAPH
100
AcDbLine
 10
3325.0
 20
220.0
 30
0.0
 11
3337.0
 21
220.0
 31
0.0
  0
LINE
  5
BD8
330
17
100
AcDbEntity
  8
GRAPH
100
AcDbLine
 10
3337.0
 20
220.0
 30
0.0
 11
3337.0
 21
228.0
 31
0.0
  0
LINE
  5
BD9
330
17
100
AcDbEntity
  8
GRAPH
100
AcDbLine
 10
3337.0
 20
228.0
 30
0.0
 11
3325.0
 21
228.0
 31
0.0
  0
LINE
  5
BDA
330
17
100
AcDbEntity
  8
GRAPH
100
AcDbLine
 10
3325.0
 20
228.0
 30
0.0
 11
3325.0
 21
220.0
 31
0.0
  0
LINE
  5
BDB
330
17
100
AcDbEntity
  8
GRAPH
100
AcDbLine
 10
3339.0
 20
220.0
 30
0.0
 11
3351.0
 21
220.0
 31
0.0
  0
LINE
  5
BDC
330
17
100
AcDbEntity
  8
GRAPH
100
AcDbLine
 10
3351.0
 20
220.0
 30
0.0
 11
3351.0
 21
228.0
 31
0.0
  0
LINE
  5
BDD
330
17
100
AcDbEntity
  8
GRAPH
100
AcDbLine
 10
3351.0
 20
228.0
 30
0.0
 11
3339.0
 21
228.0
 31
0.0
  0
LINE
  5
BDE
330
17
100
AcDbEntity
  8
GRAPH
100
AcDbLine
 10
3339.0
 20
228.0
 30
0.0
 11
3339.0
 21
220.0
 31
0.0
  0
LINE
  5
BDF
330
17
100
AcDbEntity
  8
GRAPH
100
AcDbLine
 10
3283.0
 20
220.0
 30
0.0
 11
3295.0
 21
220.0
 31
0.0
  0
LINE
  5
BE0
330
17
100
AcDbEntity
  8
GRAPH
100
AcDbLine
 10
3295.0
 20
220.0
 30
0.0
 11
3295.0
 21
228.0
 31
0.0
  0
LINE
  5
BE1
330
17
100
AcDbEntity
  8
GRAPH
100
AcDbLine
 10
3295.0
 20
228.0
 30
0.0
 11
3283.0
 21
228.0
 31
0.0
  0
LINE
  5
BE2
330
17
100
AcDbEntity
  8
GRAPH
100
AcDbLine
 10
3283.0
 20
228.0
 30
0.0
 11
3283.0
 21
220.0
 31
0.0
  0
LINE
  5
BE3
330
17
100
AcDbEntity
  8
GRAPH
100
AcDbLine
 10
3297.0
 20
220.0
 30
0.0
 11
3309.0
 21
220.0
 31
0.0
  0
LINE
  5
BE4
330
17
100
AcDbEntity
  8
GRAPH
100
AcDbLine
 10
3309.0
 20
220.0
 30
0.0
 11
3309.0
 21
228.0
 31
0.0
  0
LINE
  5
BE5
330
17
100
AcDbEntity
  8
GRAPH
100
AcDbLine
 10
3309.0
 20
228.0
 30
0.0
 11
3297.0
 21
228.0
 31
0.0
  0
LINE
  5
BE6
330
17
100
AcDbEntity
  8
GRAPH
100
AcDbLine
 10
3297.0
 20
228.0
 30
0.0
 11
3297.0
 21
220.0
 31
0.0
  0
LINE
  5
BE7
330
17
100
AcDbEntity
  8
GRAPH
100
AcDbLine
 10
3311.0
 20
220.0
 30
0.0
 11
3323.0
 21
220.0
 31
0.0
  0
LINE
  5
BE8
330
17
100
AcDbEntity
  8
GRAPH
100
AcDbLine
 10
3323.0
 20
220.0
 30
0.0
 11
3323.0
 21
228.0
 31
0.0
  0
LINE
  5
BE9
330
17
100
AcDbEntity
  8
GRAPH
100
AcDbLine
 10
3323.0
 20
228.0
 30
0.0
 11
3311.0
 21
228.0
 31
0.0
  0
LINE
  5
BEA
330
17
100
AcDbEntity
  8
GRAPH
100
AcDbLine
 10
3311.0
 20
228.0
 30
0.0
 11
3311.0
 21
220.0
 31
0.0
  0
LINE
  5
BEB
330
17
100
AcDbEntity
  8
GRAPH
100
AcDbLine
 10
3325.0
 20
220.0
 30
0.0
 11
3337.0
 21
220.0
 31
0.0
  0
LINE
  5
BEC
330
17
100
AcDbEntity
  8
GRAPH
100
AcDbLine
 10
3337.0
 20
220.0
 30
0.0
 11
3337.0
 21
228.0
 31
0.0
  0
LINE
  5
BED
330
17
100
AcDbEntity
  8
GRAPH
100
AcDbLine
 10
3337.0
 20
228.0
 30
0.0
 11
3325.0
 21
228.0
 31
0.0
  0
LINE
  5
BEE
330
17
100
AcDbEntity
  8
GRAPH
100
AcDbLine
 10
3325.0
 20
228.0
 30
0.0
 11
3325.0
 21
220.0
 31
0.0
  0
LINE
  5
BEF
330
17
100
AcDbEntity
  8
GRAPH
100
AcDbLine
 10
3339.0
 20
220.0
 30
0.0
 11
3351.0
 21
220.0
 31
0.0
  0
LINE
  5
BF0
330
17
100
AcDbEntity
  8
GRAPH
100
AcDbLine
 10
3351.0
 20
220.0
 30
0.0
 11
3351.0
 21
228.0
 31
0.0
  0
LINE
  5
BF1
330
17
100
AcDbEntity
  8
GRAPH
100
AcDbLine
 10
3351.0
 20
228.0
 30
0.0
 11
3339.0
 21
228.0
 31
0.0
  0
LINE
  5
BF2
330
17
100
AcDbEntity
  8
GRAPH
100
AcDbLine
 10
3339.0
 20
228.0
 30
0.0
 11
3339.0
 21
220.0
 31
0.0
  0
TEXT
  5
BF3
330
17
100
AcDbEntity
  8
TEXT
100
AcDbText
 10
3283.0
 20
240.0
 30
0.0
 40
2.1
  1
машиномест в стилобате 86
 11
3283.0
 21
240.0
 31
0.0
100
AcDbText
  0
TEXT
  5
BF4
330
17
100
AcDbEntity
  8
TEXT
100
AcDbText
 10
3283.0
 20
232.0
 30
0.0
 40
2.0
  1
по расчёту требуется 72 машиноместа
 11
3283.0
 21
232.0
 31
0.0
100
AcDbText
  0
TEXT
  5
BF5
330
17
100
AcDbEntity
  8
DIM
100
AcDbText
 10
2703.0
 20
228.0
 30
0.0
 40
2.2
  1
длина участка L=12.50 м
 11
2703.0
 21
228.0
 31
0.0
100
AcDbText
  0
TEXT
  5
BF6
330
17
100
AcDbEntity
  8
DIM
100
AcDbText
 10
2703.0
 20
220.0
 30
0.0
 40
2.0
  1
по обмеру длина участка L=11.80 м
 11
2703.0
 21
220.0
 31
0.0
100
AcDbText
  0
TEXT
  5
BF7
330
17
100
AcDbEntity
  8
TEXT
100
AcDbText
 10
2657.0
 20
88.0
 30
0.0
 40
2.8
  1
ПРИМЕЧАНИЯ. Намеренные расхождения:
 11
2657.0
 21
88.0
 31
0.0
100
AcDbText
  0
TEXT
  5
BF8
330
17
100
AcDbEntity
  8
TEXT
100
AcDbText
 10
2657.0
 20
80.0
 30
0.0
 40
2.05
  1
1. площадь застройки принята 2450 м2. по расчёту ПЗУ площадь равна 2180 м2.
 11
2657.0
 21
80.0
 31
0.0
100
AcDbText
  0
TEXT
  5
BF9
330
17
100
AcDbEntity
  8
TEXT
100
AcDbText
 10
2657.0
 20
75.6
 30
0.0
 40
2.05
  1
2. масштаб чертежа 1:100. в задании указан масштаб 1:200.
 11
2657.0
 21
75.6
 31
0.0
100
AcDbText
  0
TEXT
  5
BFA
330
17
100
AcDbEntity
  8
TEXT
100
AcDbText
 10
2657.0
 20
71.2
 30
0.0
 40
2.05
  1
3. длина участка L=12.50 м. по обмеру длина участка L=11.80 м.
 11
2657.0
 21
71.2
 31
0.0
100
AcDbText
  0
TEXT
  5
BFB
330
17
100
AcDbEntity
  8
TEXT
100
AcDbText
 10
2657.0
 20
66.8
 30
0.0
 40
2.05
  1
4. счетчик ВСХН-20 количество 7 шт. по заданию требуется 4 шт ВСХН-20.
 11
2657.0
 21
66.8
 31
0.0
100
AcDbText
  0
TEXT
  5
BFC
330
17
100
AcDbEntity
  8
TEXT
100
AcDbText
 10
2657.0
 20
62.4
 30
0.0
 40
2.05
  1
5. отметка чистого пола +0.150. в разрезе отметка чистого пола +0.250.
 11
2657.0
 21
62.4
 31
0.0
100
AcDbText
  0
TEXT
  5
BFD
330
17
100
AcDbEntity
  8
TEXT
100
AcDbText
 10
2657.0
 20
58.0
 30
0.0
 40
2.05
  1
6. высота здания 54.00 м. по разрезу высота здания 51.60 м.
 11
2657.0
 21
58.0
 31
0.0
100
AcDbText
  0
TEXT
  5
BFE
330
17
100
AcDbEntity
  8
TEXT
100
AcDbText
 10
2657.0
 20
53.599999999999994
 30
0.0
 40
2.05
  1
7. машиномест в стилобате 86. по расчёту требуется 72 машиноместа.
 11
2657.0
 21
53.599999999999994
 31
0.0
100
AcDbText
  0
TEXT
  5
BFF
330
17
100
AcDbEntity
  8
TEXT
100
AcDbText
 10
2657.0
 20
49.199999999999996
 30
0.0
 40
2.05
  1
8. степень огнестойкости II. в задании степень огнестойкости III.
 11
2657.0
 21
49.199999999999996
 31
0.0
100
AcDbText
  0
TEXT
  5
C00
330
17
100
AcDbEntity
  8
TEXT
100
AcDbText
 10
2657.0
 20
44.8
 30
0.0
 40
2.05
  1
9. грузоподъёмность лифта 1000 кг. по заданию лифт 630 кг.
 11
2657.0
 21
44.8
 31
0.0
100
AcDbText
  0
TEXT
  5
C01
330
17
100
AcDbEntity
  8
TEXT
100
AcDbText
 10
2657.0
 20
40.4
 30
0.0
 40
2.05
  1
10. ввод водопровода Ду100. по ТУ ввод водопровода Ду80.
 11
2657.0
 21
40.4
 31
0.0
100
AcDbText
  0
TEXT
  5
C02
330
17
100
AcDbEntity
  8
TEXT
100
AcDbText
 10
2657.0
 20
36.0
 30
0.0
 40
2.05
  1
11. надземных этажей 17. в задании надземных этажей 16.
 11
2657.0
 21
36.0
 31
0.0
100
AcDbText
  0
TEXT
  5
C03
330
17
100
AcDbEntity
  8
TEXT
100
AcDbText
 10
2657.0
 20
31.599999999999994
 30
0.0
 40
2.05
  1
12. озеленение участка 28 %. по ПЗЗ озеленение не менее 35 %.
 11
2657.0
 21
31.599999999999994
 31
0.0
100
AcDbText
  0
TEXT
  5
C04
330
17
100
AcDbEntity
  8
TEXT
100
AcDbText
 10
2657.0
 20
27.199999999999996
 30
0.0
 40
2.05
  1
13. площадь квартиры 105 равна 38.4 м2. по обмеру квартира 105 равна 42.1 м2.
 11
2657.0
 21
27.199999999999996
 31
0.0
100
AcDbText
  0
TEXT
  5
C05
330
17
100
AcDbEntity
  8
TEXT
100
AcDbText
 10
2657.0
 20
22.799999999999997
 30
0.0
 40
2.05
  1
14. ширина лестничного марша 1.20 м. по нормам ширина марша 1.35 м.
 11
2657.0
 21
22.799999999999997
 31
0.0
100
AcDbText
  0
TEXT
  5
C06
330
17
100
AcDbEntity
  8
TEXT
100
AcDbText
 10
2657.0
 20
18.39999999999999
 30
0.0
 40
2.05
  1
15. расчётная мощность 250 кВт. по ТУ электроснабжения 180 кВт.
 11
2657.0
 21
18.39999999999999
 31
0.0
100
AcDbText
  0
LINE
  5
C07
330
17
100
AcDbEntity
  8
GRAPH
100
AcDbLine
 10
3264.0
 20
14.0
 30
0.0
 11
3464.0
 21
14.0
 31
0.0
  0
LINE
  5
C08
330
17
100
AcDbEntity
  8
GRAPH
100
AcDbLine
 10
3464.0
 20
14.0
 30
0.0
 11
3464.0
 21
84.0
 31
0.0
  0
LINE
  5
C09
330
17
100
AcDbEntity
  8
GRAPH
100
AcDbLine
 10
3464.0
 20
84.0
 30
0.0
 11
3264.0
 21
84.0
 31
0.0
  0
LINE
  5
C0A
330
17
100
AcDbEntity
  8
GRAPH
100
AcDbLine
 10
3264.0
 20
84.0
 30
0.0
 11
3264.0
 21
14.0
 31
0.0
  0
LINE
  5
C0B
330
17
100
AcDbEntity
  8
GRAPH
100
AcDbLine
 10
3264.0
 20
36.0
 30
0.0
 11
3464.0
 21
36.0
 31
0.0
  0
LINE
  5
C0C
330
17
100
AcDbEntity
  8
GRAPH
100
AcDbLine
 10
3264.0
 20
58.0
 30
0.0
 11
3464.0
 21
58.0
 31
0.0
  0
LINE
  5
C0D
330
17
100
AcDbEntity
  8
GRAPH
100
AcDbLine
 10
3354.0
 20
14.0
 30
0.0
 11
3354.0
 21
84.0
 31
0.0
  0
TEXT
  5
C0E
330
17
100
AcDbEntity
  8
TEXT
100
AcDbText
 10
3268.0
 20
66.0
 30
0.0
 40
2.4
  1
Северный квартал
 11
3268.0
 21
66.0
 31
0.0
100
AcDbText
  0
TEXT
  5
C0F
330
17
100
AcDbEntity
  8
TEXT
100
AcDbText
 10
3358.0
 20
66.0
 30
0.0
 40
2.6
  1
Лист 4/8
 11
3358.0
 21
66.0
 31
0.0
100
AcDbText
  0
TEXT
  5
C10
330
17
100
AcDbEntity
  8
TEXT
100
AcDbText
 10
3268.0
 20
44.0
 30
0.0
 40
2.2
  1
Генплан ПЗУ
 11
3268.0
 21
44.0
 31
0.0
100
AcDbText
  0
TEXT
  5
C11
330
17
100
AcDbEntity
  8
TEXT
100
AcDbText
 10
3358.0
 20
44.0
 30
0.0
 40
2.1
  1
масштаб чертежа 1:100
 11
3358.0
 21
44.0
 31
0.0
100
AcDbText
  0
TEXT
  5
C12
330
17
100
AcDbEntity
  8
TEXT
100
AcDbText
 10
3268.0
 20
24.0
 30
0.0
 40
2.0
  1
в задании указан масштаб 1:200
 11
3268.0
 21
24.0
 31
0.0
100
AcDbText
  0
LWPOLYLINE
  5
C13
330
17
100
AcDbEntity
  8
GRAPH
100
AcDbPolyline
 90
4
 70
1
 10
3524.0
 20
0.0
 10
4365.0
 20
0.0
 10
4365.0
 20
594.0
 10
3524.0
 20
594.0
  0
LINE
  5
C14
330
17
100
AcDbEntity
  8
GRAPH
100
AcDbLine
 10
3530.0
 20
6.0
 30
0.0
 11
4359.0
 21
6.0
 31
0.0
  0
LINE
  5
C15
330
17
100
AcDbEntity
  8
GRAPH
100
AcDbLine
 10
4359.0
 20
6.0
 30
0.0
 11
4359.0
 21
588.0
 31
0.0
  0
LINE
  5
C16
330
17
100
AcDbEntity
  8
GRAPH
100
AcDbLine
 10
4359.0
 20
588.0
 30
0.0
 11
3530.0
 21
588.0
 31
0.0
  0
LINE
  5
C17
330
17
100
AcDbEntity
  8
GRAPH
100
AcDbLine
 10
3530.0
 20
588.0
 30
0.0
 11
3530.0
 21
6.0
 31
0.0
  0
TEXT
  5
C18
330
17
100
AcDbEntity
  8
TEXT
100
AcDbText
 10
3540.0
 20
572.0
 30
0.0
 40
5.5
  1
РАЗРЕЗ 1–1. По лестничной клетке Л1
 11
3540.0
 21
572.0
 31
0.0
100
AcDbText
  0
TEXT
  5
C19
330
17
100
AcDbEntity
  8
TEXT
100
AcDbText
 10
3540.0
 20
562.0
 30
0.0
 40
2.3
  1
высота здания 54.00 м. по разрезу высота здания 51.60 м. надземных этажей 17.
 11
3540.0
 21
562.0
 31
0.0
100
AcDbText
  0
LINE
  5
C1A
330
17
100
AcDbEntity
  8
GRAPH
100
AcDbLine
 10
3604.0
 20
110.0
 30
0.0
 11
3964.0
 21
110.0
 31
0.0
  0
TEXT
  5
C1B
330
17
100
AcDbEntity
  8
DIM
100
AcDbText
 10
3562.0
 20
109.0
 30
0.0
 40
1.8
  1
-3.000
 11
3562.0
 21
109.0
 31
0.0
100
AcDbText
  0
LINE
  5
C1C
330
17
100
AcDbEntity
  8
GRAPH
100
AcDbLine
 10
3604.0
 20
132.0
 30
0.0
 11
3964.0
 21
132.0
 31
0.0
  0
TEXT
  5
C1D
330
17
100
AcDbEntity
  8
DIM
100
AcDbText
 10
3562.0
 20
131.0
 30
0.0
 40
1.8
  1
+0.150
 11
3562.0
 21
131.0
 31
0.0
100
AcDbText
  0
LINE
  5
C1E
330
17
100
AcDbEntity
  8
GRAPH
100
AcDbLine
 10
3724.0
 20
132.0
 30
0.0
 11
3760.0
 21
132.0
 31
0.0
  0
LINE
  5
C1F
330
17
100
AcDbEntity
  8
GRAPH
100
AcDbLine
 10
3760.0
 20
132.0
 30
0.0
 11
3760.0
 21
154.0
 31
0.0
  0
LINE
  5
C20
330
17
100
AcDbEntity
  8
GRAPH
100
AcDbLine
 10
3760.0
 20
154.0
 30
0.0
 11
3724.0
 21
154.0
 31
0.0
  0
LINE
  5
C21
330
17
100
AcDbEntity
  8
GRAPH
100
AcDbLine
 10
3724.0
 20
154.0
 30
0.0
 11
3724.0
 21
132.0
 31
0.0
  0
LINE
  5
C22
330
17
100
AcDbEntity
  8
GRAPH
100
AcDbLine
 10
3728.0
 20
137.0
 30
0.0
 11
3756.0
 21
137.0
 31
0.0
  0
LINE
  5
C23
330
17
100
AcDbEntity
  8
GRAPH
100
AcDbLine
 10
3728.0
 20
142.0
 30
0.0
 11
3756.0
 21
142.0
 31
0.0
  0
LINE
  5
C24
330
17
100
AcDbEntity
  8
GRAPH
100
AcDbLine
 10
3728.0
 20
147.0
 30
0.0
 11
3756.0
 21
147.0
 31
0.0
  0
LINE
  5
C25
330
17
100
AcDbEntity
  8
GRAPH
100
AcDbLine
 10
3768.0
 20
135.0
 30
0.0
 11
3782.0
 21
135.0
 31
0.0
  0
LINE
  5
C26
330
17
100
AcDbEntity
  8
GRAPH
100
AcDbLine
 10
3782.0
 20
135.0
 30
0.0
 11
3782.0
 21
151.0
 31
0.0
  0
LINE
  5
C27
330
17
100
AcDbEntity
  8
GRAPH
100
AcDbLine
 10
3782.0
 20
151.0
 30
0.0
 11
3768.0
 21
151.0
 31
0.0
  0
LINE
  5
C28
330
17
100
AcDbEntity
  8
GRAPH
100
AcDbLine
 10
3768.0
 20
151.0
 30
0.0
 11
3768.0
 21
135.0
 31
0.0
  0
LINE
  5
C29
330
17
100
AcDbEntity
  8
GRAPH
100
AcDbLine
 10
3804.0
 20
138.0
 30
0.0
 11
3818.0
 21
138.0
 31
0.0
  0
LINE
  5
C2A
330
17
100
AcDbEntity
  8
GRAPH
100
AcDbLine
 10
3818.0
 20
138.0
 30
0.0
 11
3818.0
 21
148.0
 31
0.0
  0
LINE
  5
C2B
330
17
100
AcDbEntity
  8
GRAPH
100
AcDbLine
 10
3818.0
 20
148.0
 30
0.0
 11
3804.0
 21
148.0
 31
0.0
  0
LINE
  5
C2C
330
17
100
AcDbEntity
  8
GRAPH
100
AcDbLine
 10
3804.0
 20
148.0
 30
0.0
 11
3804.0
 21
138.0
 31
0.0
  0
LINE
  5
C2D
330
17
100
AcDbEntity
  8
GRAPH
100
AcDbLine
 10
3826.0
 20
138.0
 30
0.0
 11
3840.0
 21
138.0
 31
0.0
  0
LINE
  5
C2E
330
17
100
AcDbEntity
  8
GRAPH
100
AcDbLine
 10
3840.0
 20
138.0
 30
0.0
 11
3840.0
 21
148.0
 31
0.0
  0
LINE
  5
C2F
330
17
100
AcDbEntity
  8
GRAPH
100
AcDbLine
 10
3840.0
 20
148.0
 30
0.0
 11
3826.0
 21
148.0
 31
0.0
  0
LINE
  5
C30
330
17
100
AcDbEntity
  8
GRAPH
100
AcDbLine
 10
3826.0
 20
148.0
 30
0.0
 11
3826.0
 21
138.0
 31
0.0
  0
LINE
  5
C31
330
17
100
AcDbEntity
  8
GRAPH
100
AcDbLine
 10
3848.0
 20
138.0
 30
0.0
 11
3862.0
 21
138.0
 31
0.0
  0
LINE
  5
C32
330
17
100
AcDbEntity
  8
GRAPH
100
AcDbLine
 10
3862.0
 20
138.0
 30
0.0
 11
3862.0
 21
148.0
 31
0.0
  0
LINE
  5
C33
330
17
100
AcDbEntity
  8
GRAPH
100
AcDbLine
 10
3862.0
 20
148.0
 30
0.0
 11
3848.0
 21
148.0
 31
0.0
  0
LINE
  5
C34
330
17
100
AcDbEntity
  8
GRAPH
100
AcDbLine
 10
3848.0
 20
148.0
 30
0.0
 11
3848.0
 21
138.0
 31
0.0
  0
LINE
  5
C35
330
17
100
AcDbEntity
  8
GRAPH
100
AcDbLine
 10
3870.0
 20
138.0
 30
0.0
 11
3884.0
 21
138.0
 31
0.0
  0
LINE
  5
C36
330
17
100
AcDbEntity
  8
GRAPH
100
AcDbLine
 10
3884.0
 20
138.0
 30
0.0
 11
3884.0
 21
148.0
 31
0.0
  0
LINE
  5
C37
330
17
100
AcDbEntity
  8
GRAPH
100
AcDbLine
 10
3884.0
 20
148.0
 30
0.0
 11
3870.0
 21
148.0
 31
0.0
  0
LINE
  5
C38
330
17
100
AcDbEntity
  8
GRAPH
100
AcDbLine
 10
3870.0
 20
148.0
 30
0.0
 11
3870.0
 21
138.0
 31
0.0
  0
LINE
  5
C39
330
17
100
AcDbEntity
  8
GRAPH
100
AcDbLine
 10
3892.0
 20
138.0
 30
0.0
 11
3906.0
 21
138.0
 31
0.0
  0
LINE
  5
C3A
330
17
100
AcDbEntity
  8
GRAPH
100
AcDbLine
 10
3906.0
 20
138.0
 30
0.0
 11
3906.0
 21
148.0
 31
0.0
  0
LINE
  5
C3B
330
17
100
AcDbEntity
  8
GRAPH
100
AcDbLine
 10
3906.0
 20
148.0
 30
0.0
 11
3892.0
 21
148.0
 31
0.0
  0
LINE
  5
C3C
330
17
100
AcDbEntity
  8
GRAPH
100
AcDbLine
 10
3892.0
 20
148.0
 30
0.0
 11
3892.0
 21
138.0
 31
0.0
  0
LINE
  5
C3D
330
17
100
AcDbEntity
  8
GRAPH
100
AcDbLine
 10
3604.0
 20
154.0
 30
0.0
 11
3964.0
 21
154.0
 31
0.0
  0
TEXT
  5
C3E
330
17
100
AcDbEntity
  8
DIM
100
AcDbText
 10
3562.0
 20
153.0
 30
0.0
 40
1.8
  1
+3.000
 11
3562.0
 21
153.0
 31
0.0
100
AcDbText
  0
LINE
  5
C3F
330
17
100
AcDbEntity
  8
GRAPH
100
AcDbLine
 10
3724.0
 20
154.0
 30
0.0
 11
3760.0
 21
154.0
 31
0.0
  0
LINE
  5
C40
330
17
100
AcDbEntity
  8
GRAPH
100
AcDbLine
 10
3760.0
 20
154.0
 30
0.0
 11
3760.0
 21
176.0
 31
0.0
  0
LINE
  5
C41
330
17
100
AcDbEntity
  8
GRAPH
100
AcDbLine
 10
3760.0
 20
176.0
 30
0.0
 11
3724.0
 21
176.0
 31
0.0
  0
LINE
  5
C42
330
17
100
AcDbEntity
  8
GRAPH
100
AcDbLine
 10
3724.0
 20
176.0
 30
0.0
 11
3724.0
 21
154.0
 31
0.0
  0
LINE
  5
C43
330
17
100
AcDbEntity
  8
GRAPH
100
AcDbLine
 10
3728.0
 20
159.0
 30
0.0
 11
3756.0
 21
159.0
 31
0.0
  0
LINE
  5
C44
330
17
100
AcDbEntity
  8
GRAPH
100
AcDbLine
 10
3728.0
 20
164.0
 30
0.0
 11
3756.0
 21
164.0
 31
0.0
  0
LINE
  5
C45
330
17
100
AcDbEntity
  8
GRAPH
100
AcDbLine
 10
3728.0
 20
169.0
 30
0.0
 11
3756.0
 21
169.0
 31
0.0
  0
LINE
  5
C46
330
17
100
AcDbEntity
  8
GRAPH
100
AcDbLine
 10
3768.0
 20
157.0
 30
0.0
 11
3782.0
 21
157.0
 31
0.0
  0
LINE
  5
C47
330
17
100
AcDbEntity
  8
GRAPH
100
AcDbLine
 10
3782.0
 20
157.0
 30
0.0
 11
3782.0
 21
173.0
 31
0.0
  0
LINE
  5
C48
330
17
100
AcDbEntity
  8
GRAPH
100
AcDbLine
 10
3782.0
 20
173.0
 30
0.0
 11
3768.0
 21
173.0
 31
0.0
  0
LINE
  5
C49
330
17
100
AcDbEntity
  8
GRAPH
100
AcDbLine
 10
3768.0
 20
173.0
 30
0.0
 11
3768.0
 21
157.0
 31
0.0
  0
LINE
  5
C4A
330
17
100
AcDbEntity
  8
GRAPH
100
AcDbLine
 10
3804.0
 20
160.0
 30
0.0
 11
3818.0
 21
160.0
 31
0.0
  0
LINE
  5
C4B
330
17
100
AcDbEntity
  8
GRAPH
100
AcDbLine
 10
3818.0
 20
160.0
 30
0.0
 11
3818.0
 21
170.0
 31
0.0
  0
LINE
  5
C4C
330
17
100
AcDbEntity
  8
GRAPH
100
AcDbLine
 10
3818.0
 20
170.0
 30
0.0
 11
3804.0
 21
170.0
 31
0.0
  0
LINE
  5
C4D
330
17
100
AcDbEntity
  8
GRAPH
100
AcDbLine
 10
3804.0
 20
170.0
 30
0.0
 11
3804.0
 21
160.0
 31
0.0
  0
LINE
  5
C4E
330
17
100
AcDbEntity
  8
GRAPH
100
AcDbLine
 10
3826.0
 20
160.0
 30
0.0
 11
3840.0
 21
160.0
 31
0.0
  0
LINE
  5
C4F
330
17
100
AcDbEntity
  8
GRAPH
100
AcDbLine
 10
3840.0
 20
160.0
 30
0.0
 11
3840.0
 21
170.0
 31
0.0
  0
LINE
  5
C50
330
17
100
AcDbEntity
  8
GRAPH
100
AcDbLine
 10
3840.0
 20
170.0
 30
0.0
 11
3826.0
 21
170.0
 31
0.0
  0
LINE
  5
C51
330
17
100
AcDbEntity
  8
GRAPH
100
AcDbLine
 10
3826.0
 20
170.0
 30
0.0
 11
3826.0
 21
160.0
 31
0.0
  0
LINE
  5
C52
330
17
100
AcDbEntity
  8
GRAPH
100
AcDbLine
 10
3848.0
 20
160.0
 30
0.0
 11
3862.0
 21
160.0
 31
0.0
  0
LINE
  5
C53
330
17
100
AcDbEntity
  8
GRAPH
100
AcDbLine
 10
3862.0
 20
160.0
 30
0.0
 11
3862.0
 21
170.0
 31
0.0
  0
LINE
  5
C54
330
17
100
AcDbEntity
  8
GRAPH
100
AcDbLine
 10
3862.0
 20
170.0
 30
0.0
 11
3848.0
 21
170.0
 31
0.0
  0
LINE
  5
C55
330
17
100
AcDbEntity
  8
GRAPH
100
AcDbLine
 10
3848.0
 20
170.0
 30
0.0
 11
3848.0
 21
160.0
 31
0.0
  0
LINE
  5
C56
330
17
100
AcDbEntity
  8
GRAPH
100
AcDbLine
 10
3870.0
 20
160.0
 30
0.0
 11
3884.0
 21
160.0
 31
0.0
  0
LINE
  5
C57
330
17
100
AcDbEntity
  8
GRAPH
100
AcDbLine
 10
3884.0
 20
160.0
 30
0.0
 11
3884.0
 21
170.0
 31
0.0
  0
LINE
  5
C58
330
17
100
AcDbEntity
  8
GRAPH
100
AcDbLine
 10
3884.0
 20
170.0
 30
0.0
 11
3870.0
 21
170.0
 31
0.0
  0
LINE
  5
C59
330
17
100
AcDbEntity
  8
GRAPH
100
AcDbLine
 10
3870.0
 20
170.0
 30
0.0
 11
3870.0
 21
160.0
 31
0.0
  0
LINE
  5
C5A
330
17
100
AcDbEntity
  8
GRAPH
100
AcDbLine
 10
3892.0
 20
160.0
 30
0.0
 11
3906.0
 21
160.0
 31
0.0
  0
LINE
  5
C5B
330
17
100
AcDbEntity
  8
GRAPH
100
AcDbLine
 10
3906.0
 20
160.0
 30
0.0
 11
3906.0
 21
170.0
 31
0.0
  0
LINE
  5
C5C
330
17
100
AcDbEntity
  8
GRAPH
100
AcDbLine
 10
3906.0
 20
170.0
 30
0.0
 11
3892.0
 21
170.0
 31
0.0
  0
LINE
  5
C5D
330
17
100
AcDbEntity
  8
GRAPH
100
AcDbLine
 10
3892.0
 20
170.0
 30
0.0
 11
3892.0
 21
160.0
 31
0.0
  0
LINE
  5
C5E
330
17
100
AcDbEntity
  8
GRAPH
100
AcDbLine
 10
3604.0
 20
176.0
 30
0.0
 11
3964.0
 21
176.0
 31
0.0
  0
TEXT
  5
C5F
330
17
100
AcDbEntity
  8
DIM
100
AcDbText
 10
3562.0
 20
175.0
 30
0.0
 40
1.8
  1
+6.000
 11
3562.0
 21
175.0
 31
0.0
100
AcDbText
  0
LINE
  5
C60
330
17
100
AcDbEntity
  8
GRAPH
100
AcDbLine
 10
3724.0
 20
176.0
 30
0.0
 11
3760.0
 21
176.0
 31
0.0
  0
LINE
  5
C61
330
17
100
AcDbEntity
  8
GRAPH
100
AcDbLine
 10
3760.0
 20
176.0
 30
0.0
 11
3760.0
 21
198.0
 31
0.0
  0
LINE
  5
C62
330
17
100
AcDbEntity
  8
GRAPH
100
AcDbLine
 10
3760.0
 20
198.0
 30
0.0
 11
3724.0
 21
198.0
 31
0.0
  0
LINE
  5
C63
330
17
100
AcDbEntity
  8
GRAPH
100
AcDbLine
 10
3724.0
 20
198.0
 30
0.0
 11
3724.0
 21
176.0
 31
0.0
  0
LINE
  5
C64
330
17
100
AcDbEntity
  8
GRAPH
100
AcDbLine
 10
3728.0
 20
181.0
 30
0.0
 11
3756.0
 21
181.0
 31
0.0
  0
LINE
  5
C65
330
17
100
AcDbEntity
  8
GRAPH
100
AcDbLine
 10
3728.0
 20
186.0
 30
0.0
 11
3756.0
 21
186.0
 31
0.0
  0
LINE
  5
C66
330
17
100
AcDbEntity
  8
GRAPH
100
AcDbLine
 10
3728.0
 20
191.0
 30
0.0
 11
3756.0
 21
191.0
 31
0.0
  0
LINE
  5
C67
330
17
100
AcDbEntity
  8
GRAPH
100
AcDbLine
 10
3768.0
 20
179.0
 30
0.0
 11
3782.0
 21
179.0
 31
0.0
  0
LINE
  5
C68
330
17
100
AcDbEntity
  8
GRAPH
100
AcDbLine
 10
3782.0
 20
179.0
 30
0.0
 11
3782.0
 21
195.0
 31
0.0
  0
LINE
  5
C69
330
17
100
AcDbEntity
  8
GRAPH
100
AcDbLine
 10
3782.0
 20
195.0
 30
0.0
 11
3768.0
 21
195.0
 31
0.0
  0
LINE
  5
C6A
330
17
100
AcDbEntity
  8
GRAPH
100
AcDbLine
 10
3768.0
 20
195.0
 30
0.0
 11
3768.0
 21
179.0
 31
0.0
  0
LINE
  5
C6B
330
17
100
AcDbEntity
  8
GRAPH
100
AcDbLine
 10
3804.0
 20
182.0
 30
0.0
 11
3818.0
 21
182.0
 31
0.0
  0
LINE
  5
C6C
330
17
100
AcDbEntity
  8
GRAPH
100
AcDbLine
 10
3818.0
 20
182.0
 30
0.0
 11
3818.0
 21
192.0
 31
0.0
  0
LINE
  5
C6D
330
17
100
AcDbEntity
  8
GRAPH
100
AcDbLine
 10
3818.0
 20
192.0
 30
0.0
 11
3804.0
 21
192.0
 31
0.0
  0
LINE
  5
C6E
330
17
100
AcDbEntity
  8
GRAPH
100
AcDbLine
 10
3804.0
 20
192.0
 30
0.0
 11
3804.0
 21
182.0
 31
0.0
  0
LINE
  5
C6F
330
17
100
AcDbEntity
  8
GRAPH
100
AcDbLine
 10
3826.0
 20
182.0
 30
0.0
 11
3840.0
 21
182.0
 31
0.0
  0
LINE
  5
C70
330
17
100
AcDbEntity
  8
GRAPH
100
AcDbLine
 10
3840.0
 20
182.0
 30
0.0
 11
3840.0
 21
192.0
 31
0.0
  0
LINE
  5
C71
330
17
100
AcDbEntity
  8
GRAPH
100
AcDbLine
 10
3840.0
 20
192.0
 30
0.0
 11
3826.0
 21
192.0
 31
0.0
  0
LINE
  5
C72
330
17
100
AcDbEntity
  8
GRAPH
100
AcDbLine
 10
3826.0
 20
192.0
 30
0.0
 11
3826.0
 21
182.0
 31
0.0
  0
LINE
  5
C73
330
17
100
AcDbEntity
  8
GRAPH
100
AcDbLine
 10
3848.0
 20
182.0
 30
0.0
 11
3862.0
 21
182.0
 31
0.0
  0
LINE
  5
C74
330
17
100
AcDbEntity
  8
GRAPH
100
AcDbLine
 10
3862.0
 20
182.0
 30
0.0
 11
3862.0
 21
192.0
 31
0.0
  0
LINE
  5
C75
330
17
100
AcDbEntity
  8
GRAPH
100
AcDbLine
 10
3862.0
 20
192.0
 30
0.0
 11
3848.0
 21
192.0
 31
0.0
  0
LINE
  5
C76
330
17
100
AcDbEntity
  8
GRAPH
100
AcDbLine
 10
3848.0
 20
192.0
 30
0.0
 11
3848.0
 21
182.0
 31
0.0
  0
LINE
  5
C77
330
17
100
AcDbEntity
  8
GRAPH
100
AcDbLine
 10
3870.0
 20
182.0
 30
0.0
 11
3884.0
 21
182.0
 31
0.0
  0
LINE
  5
C78
330
17
100
AcDbEntity
  8
GRAPH
100
AcDbLine
 10
3884.0
 20
182.0
 30
0.0
 11
3884.0
 21
192.0
 31
0.0
  0
LINE
  5
C79
330
17
100
AcDbEntity
  8
GRAPH
100
AcDbLine
 10
3884.0
 20
192.0
 30
0.0
 11
3870.0
 21
192.0
 31
0.0
  0
LINE
  5
C7A
330
17
100
AcDbEntity
  8
GRAPH
100
AcDbLine
 10
3870.0
 20
192.0
 30
0.0
 11
3870.0
 21
182.0
 31
0.0
  0
LINE
  5
C7B
330
17
100
AcDbEntity
  8
GRAPH
100
AcDbLine
 10
3892.0
 20
182.0
 30
0.0
 11
3906.0
 21
182.0
 31
0.0
  0
LINE
  5
C7C
330
17
100
AcDbEntity
  8
GRAPH
100
AcDbLine
 10
3906.0
 20
182.0
 30
0.0
 11
3906.0
 21
192.0
 31
0.0
  0
LINE
  5
C7D
330
17
100
AcDbEntity
  8
GRAPH
100
AcDbLine
 10
3906.0
 20
192.0
 30
0.0
 11
3892.0
 21
192.0
 31
0.0
  0
LINE
  5
C7E
330
17
100
AcDbEntity
  8
GRAPH
100
AcDbLine
 10
3892.0
 20
192.0
 30
0.0
 11
3892.0
 21
182.0
 31
0.0
  0
LINE
  5
C7F
330
17
100
AcDbEntity
  8
GRAPH
100
AcDbLine
 10
3604.0
 20
198.0
 30
0.0
 11
3964.0
 21
198.0
 31
0.0
  0
TEXT
  5
C80
330
17
100
AcDbEntity
  8
DIM
100
AcDbText
 10
3562.0
 20
197.0
 30
0.0
 40
1.8
  1
+9.000
 11
3562.0
 21
197.0
 31
0.0
100
AcDbText
  0
LINE
  5
C81
330
17
100
AcDbEntity
  8
GRAPH
100
AcDbLine
 10
3724.0
 20
198.0
 30
0.0
 11
3760.0
 21
198.0
 31
0.0
  0
LINE
  5
C82
330
17
100
AcDbEntity
  8
GRAPH
100
AcDbLine
 10
3760.0
 20
198.0
 30
0.0
 11
3760.0
 21
220.0
 31
0.0
  0
LINE
  5
C83
330
17
100
AcDbEntity
  8
GRAPH
100
AcDbLine
 10
3760.0
 20
220.0
 30
0.0
 11
3724.0
 21
220.0
 31
0.0
  0
LINE
  5
C84
330
17
100
AcDbEntity
  8
GRAPH
100
AcDbLine
 10
3724.0
 20
220.0
 30
0.0
 11
3724.0
 21
198.0
 31
0.0
  0
LINE
  5
C85
330
17
100
AcDbEntity
  8
GRAPH
100
AcDbLine
 10
3728.0
 20
203.0
 30
0.0
 11
3756.0
 21
203.0
 31
0.0
  0
LINE
  5
C86
330
17
100
AcDbEntity
  8
GRAPH
100
AcDbLine
 10
3728.0
 20
208.0
 30
0.0
 11
3756.0
 21
208.0
 31
0.0
  0
LINE
  5
C87
330
17
100
AcDbEntity
  8
GRAPH
100
AcDbLine
 10
3728.0
 20
213.0
 30
0.0
 11
3756.0
 21
213.0
 31
0.0
  0
LINE
  5
C88
330
17
100
AcDbEntity
  8
GRAPH
100
AcDbLine
 10
3768.0
 20
201.0
 30
0.0
 11
3782.0
 21
201.0
 31
0.0
  0
LINE
  5
C89
330
17
100
AcDbEntity
  8
GRAPH
100
AcDbLine
 10
3782.0
 20
201.0
 30
0.0
 11
3782.0
 21
217.0
 31
0.0
  0
LINE
  5
C8A
330
17
100
AcDbEntity
  8
GRAPH
100
AcDbLine
 10
3782.0
 20
217.0
 30
0.0
 11
3768.0
 21
217.0
 31
0.0
  0
LINE
  5
C8B
330
17
100
AcDbEntity
  8
GRAPH
100
AcDbLine
 10
3768.0
 20
217.0
 30
0.0
 11
3768.0
 21
201.0
 31
0.0
  0
LINE
  5
C8C
330
17
100
AcDbEntity
  8
GRAPH
100
AcDbLine
 10
3804.0
 20
204.0
 30
0.0
 11
3818.0
 21
204.0
 31
0.0
  0
LINE
  5
C8D
330
17
100
AcDbEntity
  8
GRAPH
100
AcDbLine
 10
3818.0
 20
204.0
 30
0.0
 11
3818.0
 21
214.0
 31
0.0
  0
LINE
  5
C8E
330
17
100
AcDbEntity
  8
GRAPH
100
AcDbLine
 10
3818.0
 20
214.0
 30
0.0
 11
3804.0
 21
214.0
 31
0.0
  0
LINE
  5
C8F
330
17
100
AcDbEntity
  8
GRAPH
100
AcDbLine
 10
3804.0
 20
214.0
 30
0.0
 11
3804.0
 21
204.0
 31
0.0
  0
LINE
  5
C90
330
17
100
AcDbEntity
  8
GRAPH
100
AcDbLine
 10
3826.0
 20
204.0
 30
0.0
 11
3840.0
 21
204.0
 31
0.0
  0
LINE
  5
C91
330
17
100
AcDbEntity
  8
GRAPH
100
AcDbLine
 10
3840.0
 20
204.0
 30
0.0
 11
3840.0
 21
214.0
 31
0.0
  0
LINE
  5
C92
330
17
100
AcDbEntity
  8
GRAPH
100
AcDbLine
 10
3840.0
 20
214.0
 30
0.0
 11
3826.0
 21
214.0
 31
0.0
  0
LINE
  5
C93
330
17
100
AcDbEntity
  8
GRAPH
100
AcDbLine
 10
3826.0
 20
214.0
 30
0.0
 11
3826.0
 21
204.0
 31
0.0
  0
LINE
  5
C94
330
17
100
AcDbEntity
  8
GRAPH
100
AcDbLine
 10
3848.0
 20
204.0
 30
0.0
 11
3862.0
 21
204.0
 31
0.0
  0
LINE
  5
C95
330
17
100
AcDbEntity
  8
GRAPH
100
AcDbLine
 10
3862.0
 20
204.0
 30
0.0
 11
3862.0
 21
214.0
 31
0.0
  0
LINE
  5
C96
330
17
100
AcDbEntity
  8
GRAPH
100
AcDbLine
 10
3862.0
 20
214.0
 30
0.0
 11
3848.0
 21
214.0
 31
0.0
  0
LINE
  5
C97
330
17
100
AcDbEntity
  8
GRAPH
100
AcDbLine
 10
3848.0
 20
214.0
 30
0.0
 11
3848.0
 21
204.0
 31
0.0
  0
LINE
  5
C98
330
17
100
AcDbEntity
  8
GRAPH
100
AcDbLine
 10
3870.0
 20
204.0
 30
0.0
 11
3884.0
 21
204.0
 31
0.0
  0
LINE
  5
C99
330
17
100
AcDbEntity
  8
GRAPH
100
AcDbLine
 10
3884.0
 20
204.0
 30
0.0
 11
3884.0
 21
214.0
 31
0.0
  0
LINE
  5
C9A
330
17
100
AcDbEntity
  8
GRAPH
100
AcDbLine
 10
3884.0
 20
214.0
 30
0.0
 11
3870.0
 21
214.0
 31
0.0
  0
LINE
  5
C9B
330
17
100
AcDbEntity
  8
GRAPH
100
AcDbLine
 10
3870.0
 20
214.0
 30
0.0
 11
3870.0
 21
204.0
 31
0.0
  0
LINE
  5
C9C
330
17
100
AcDbEntity
  8
GRAPH
100
AcDbLine
 10
3892.0
 20
204.0
 30
0.0
 11
3906.0
 21
204.0
 31
0.0
  0
LINE
  5
C9D
330
17
100
AcDbEntity
  8
GRAPH
100
AcDbLine
 10
3906.0
 20
204.0
 30
0.0
 11
3906.0
 21
214.0
 31
0.0
  0
LINE
  5
C9E
330
17
100
AcDbEntity
  8
GRAPH
100
AcDbLine
 10
3906.0
 20
214.0
 30
0.0
 11
3892.0
 21
214.0
 31
0.0
  0
LINE
  5
C9F
330
17
100
AcDbEntity
  8
GRAPH
100
AcDbLine
 10
3892.0
 20
214.0
 30
0.0
 11
3892.0
 21
204.0
 31
0.0
  0
LINE
  5
CA0
330
17
100
AcDbEntity
  8
GRAPH
100
AcDbLine
 10
3604.0
 20
220.0
 30
0.0
 11
3964.0
 21
220.0
 31
0.0
  0
TEXT
  5
CA1
330
17
100
AcDbEntity
  8
DIM
100
AcDbText
 10
3562.0
 20
219.0
 30
0.0
 40
1.8
  1
+12.000
 11
3562.0
 21
219.0
 31
0.0
100
AcDbText
  0
LINE
  5
CA2
330
17
100
AcDbEntity
  8
GRAPH
100
AcDbLine
 10
3724.0
 20
220.0
 30
0.0
 11
3760.0
 21
220.0
 31
0.0
  0
LINE
  5
CA3
330
17
100
AcDbEntity
  8
GRAPH
100
AcDbLine
 10
3760.0
 20
220.0
 30
0.0
 11
3760.0
 21
242.0
 31
0.0
  0
LINE
  5
CA4
330
17
100
AcDbEntity
  8
GRAPH
100
AcDbLine
 10
3760.0
 20
242.0
 30
0.0
 11
3724.0
 21
242.0
 31
0.0
  0
LINE
  5
CA5
330
17
100
AcDbEntity
  8
GRAPH
100
AcDbLine
 10
3724.0
 20
242.0
 30
0.0
 11
3724.0
 21
220.0
 31
0.0
  0
LINE
  5
CA6
330
17
100
AcDbEntity
  8
GRAPH
100
AcDbLine
 10
3728.0
 20
225.0
 30
0.0
 11
3756.0
 21
225.0
 31
0.0
  0
LINE
  5
CA7
330
17
100
AcDbEntity
  8
GRAPH
100
AcDbLine
 10
3728.0
 20
230.0
 30
0.0
 11
3756.0
 21
230.0
 31
0.0
  0
LINE
  5
CA8
330
17
100
AcDbEntity
  8
GRAPH
100
AcDbLine
 10
3728.0
 20
235.0
 30
0.0
 11
3756.0
 21
235.0
 31
0.0
  0
LINE
  5
CA9
330
17
100
AcDbEntity
  8
GRAPH
100
AcDbLine
 10
3768.0
 20
223.0
 30
0.0
 11
3782.0
 21
223.0
 31
0.0
  0
LINE
  5
CAA
330
17
100
AcDbEntity
  8
GRAPH
100
AcDbLine
 10
3782.0
 20
223.0
 30
0.0
 11
3782.0
 21
239.0
 31
0.0
  0
LINE
  5
CAB
330
17
100
AcDbEntity
  8
GRAPH
100
AcDbLine
 10
3782.0
 20
239.0
 30
0.0
 11
3768.0
 21
239.0
 31
0.0
  0
LINE
  5
CAC
330
17
100
AcDbEntity
  8
GRAPH
100
AcDbLine
 10
3768.0
 20
239.0
 30
0.0
 11
3768.0
 21
223.0
 31
0.0
  0
LINE
  5
CAD
330
17
100
AcDbEntity
  8
GRAPH
100
AcDbLine
 10
3804.0
 20
226.0
 30
0.0
 11
3818.0
 21
226.0
 31
0.0
  0
LINE
  5
CAE
330
17
100
AcDbEntity
  8
GRAPH
100
AcDbLine
 10
3818.0
 20
226.0
 30
0.0
 11
3818.0
 21
236.0
 31
0.0
  0
LINE
  5
CAF
330
17
100
AcDbEntity
  8
GRAPH
100
AcDbLine
 10
3818.0
 20
236.0
 30
0.0
 11
3804.0
 21
236.0
 31
0.0
  0
LINE
  5
CB0
330
17
100
AcDbEntity
  8
GRAPH
100
AcDbLine
 10
3804.0
 20
236.0
 30
0.0
 11
3804.0
 21
226.0
 31
0.0
  0
LINE
  5
CB1
330
17
100
AcDbEntity
  8
GRAPH
100
AcDbLine
 10
3826.0
 20
226.0
 30
0.0
 11
3840.0
 21
226.0
 31
0.0
  0
LINE
  5
CB2
330
17
100
AcDbEntity
  8
GRAPH
100
AcDbLine
 10
3840.0
 20
226.0
 30
0.0
 11
3840.0
 21
236.0
 31
0.0
  0
LINE
  5
CB3
330
17
100
AcDbEntity
  8
GRAPH
100
AcDbLine
 10
3840.0
 20
236.0
 30
0.0
 11
3826.0
 21
236.0
 31
0.0
  0
LINE
  5
CB4
330
17
100
AcDbEntity
  8
GRAPH
100
AcDbLine
 10
3826.0
 20
236.0
 30
0.0
 11
3826.0
 21
226.0
 31
0.0
  0
LINE
  5
CB5
330
17
100
AcDbEntity
  8
GRAPH
100
AcDbLine
 10
3848.0
 20
226.0
 30
0.0
 11
3862.0
 21
226.0
 31
0.0
  0
LINE
  5
CB6
330
17
100
AcDbEntity
  8
GRAPH
100
AcDbLine
 10
3862.0
 20
226.0
 30
0.0
 11
3862.0
 21
236.0
 31
0.0
  0
LINE
  5
CB7
330
17
100
AcDbEntity
  8
GRAPH
100
AcDbLine
 10
3862.0
 20
236.0
 30
0.0
 11
3848.0
 21
236.0
 31
0.0
  0
LINE
  5
CB8
330
17
100
AcDbEntity
  8
GRAPH
100
AcDbLine
 10
3848.0
 20
236.0
 30
0.0
 11
3848.0
 21
226.0
 31
0.0
  0
LINE
  5
CB9
330
17
100
AcDbEntity
  8
GRAPH
100
AcDbLine
 10
3870.0
 20
226.0
 30
0.0
 11
3884.0
 21
226.0
 31
0.0
  0
LINE
  5
CBA
330
17
100
AcDbEntity
  8
GRAPH
100
AcDbLine
 10
3884.0
 20
226.0
 30
0.0
 11
3884.0
 21
236.0
 31
0.0
  0
LINE
  5
CBB
330
17
100
AcDbEntity
  8
GRAPH
100
AcDbLine
 10
3884.0
 20
236.0
 30
0.0
 11
3870.0
 21
236.0
 31
0.0
  0
LINE
  5
CBC
330
17
100
AcDbEntity
  8
GRAPH
100
AcDbLine
 10
3870.0
 20
236.0
 30
0.0
 11
3870.0
 21
226.0
 31
0.0
  0
LINE
  5
CBD
330
17
100
AcDbEntity
  8
GRAPH
100
AcDbLine
 10
3892.0
 20
226.0
 30
0.0
 11
3906.0
 21
226.0
 31
0.0
  0
LINE
  5
CBE
330
17
100
AcDbEntity
  8
GRAPH
100
AcDbLine
 10
3906.0
 20
226.0
 30
0.0
 11
3906.0
 21
236.0
 31
0.0
  0
LINE
  5
CBF
330
17
100
AcDbEntity
  8
GRAPH
100
AcDbLine
 10
3906.0
 20
236.0
 30
0.0
 11
3892.0
 21
236.0
 31
0.0
  0
LINE
  5
CC0
330
17
100
AcDbEntity
  8
GRAPH
100
AcDbLine
 10
3892.0
 20
236.0
 30
0.0
 11
3892.0
 21
226.0
 31
0.0
  0
LINE
  5
CC1
330
17
100
AcDbEntity
  8
GRAPH
100
AcDbLine
 10
3604.0
 20
242.0
 30
0.0
 11
3964.0
 21
242.0
 31
0.0
  0
TEXT
  5
CC2
330
17
100
AcDbEntity
  8
DIM
100
AcDbText
 10
3562.0
 20
241.0
 30
0.0
 40
1.8
  1
+15.000
 11
3562.0
 21
241.0
 31
0.0
100
AcDbText
  0
LINE
  5
CC3
330
17
100
AcDbEntity
  8
GRAPH
100
AcDbLine
 10
3724.0
 20
242.0
 30
0.0
 11
3760.0
 21
242.0
 31
0.0
  0
LINE
  5
CC4
330
17
100
AcDbEntity
  8
GRAPH
100
AcDbLine
 10
3760.0
 20
242.0
 30
0.0
 11
3760.0
 21
264.0
 31
0.0
  0
LINE
  5
CC5
330
17
100
AcDbEntity
  8
GRAPH
100
AcDbLine
 10
3760.0
 20
264.0
 30
0.0
 11
3724.0
 21
264.0
 31
0.0
  0
LINE
  5
CC6
330
17
100
AcDbEntity
  8
GRAPH
100
AcDbLine
 10
3724.0
 20
264.0
 30
0.0
 11
3724.0
 21
242.0
 31
0.0
  0
LINE
  5
CC7
330
17
100
AcDbEntity
  8
GRAPH
100
AcDbLine
 10
3728.0
 20
247.0
 30
0.0
 11
3756.0
 21
247.0
 31
0.0
  0
LINE
  5
CC8
330
17
100
AcDbEntity
  8
GRAPH
100
AcDbLine
 10
3728.0
 20
252.0
 30
0.0
 11
3756.0
 21
252.0
 31
0.0
  0
LINE
  5
CC9
330
17
100
AcDbEntity
  8
GRAPH
100
AcDbLine
 10
3728.0
 20
257.0
 30
0.0
 11
3756.0
 21
257.0
 31
0.0
  0
LINE
  5
CCA
330
17
100
AcDbEntity
  8
GRAPH
100
AcDbLine
 10
3768.0
 20
245.0
 30
0.0
 11
3782.0
 21
245.0
 31
0.0
  0
LINE
  5
CCB
330
17
100
AcDbEntity
  8
GRAPH
100
AcDbLine
 10
3782.0
 20
245.0
 30
0.0
 11
3782.0
 21
261.0
 31
0.0
  0
LINE
  5
CCC
330
17
100
AcDbEntity
  8
GRAPH
100
AcDbLine
 10
3782.0
 20
261.0
 30
0.0
 11
3768.0
 21
261.0
 31
0.0
  0
LINE
  5
CCD
330
17
100
AcDbEntity
  8
GRAPH
100
AcDbLine
 10
3768.0
 20
261.0
 30
0.0
 11
3768.0
 21
245.0
 31
0.0
  0
LINE
  5
CCE
330
17
100
AcDbEntity
  8
GRAPH
100
AcDbLine
 10
3804.0
 20
248.0
 30
0.0
 11
3818.0
 21
248.0
 31
0.0
  0
LINE
  5
CCF
330
17
100
AcDbEntity
  8
GRAPH
100
AcDbLine
 10
3818.0
 20
248.0
 30
0.0
 11
3818.0
 21
258.0
 31
0.0
  0
LINE
  5
CD0
330
17
100
AcDbEntity
  8
GRAPH
100
AcDbLine
 10
3818.0
 20
258.0
 30
0.0
 11
3804.0
 21
258.0
 31
0.0
  0
LINE
  5
CD1
330
17
100
AcDbEntity
  8
GRAPH
100
AcDbLine
 10
3804.0
 20
258.0
 30
0.0
 11
3804.0
 21
248.0
 31
0.0
  0
LINE
  5
CD2
330
17
100
AcDbEntity
  8
GRAPH
100
AcDbLine
 10
3826.0
 20
248.0
 30
0.0
 11
3840.0
 21
248.0
 31
0.0
  0
LINE
  5
CD3
330
17
100
AcDbEntity
  8
GRAPH
100
AcDbLine
 10
3840.0
 20
248.0
 30
0.0
 11
3840.0
 21
258.0
 31
0.0
  0
LINE
  5
CD4
330
17
100
AcDbEntity
  8
GRAPH
100
AcDbLine
 10
3840.0
 20
258.0
 30
0.0
 11
3826.0
 21
258.0
 31
0.0
  0
LINE
  5
CD5
330
17
100
AcDbEntity
  8
GRAPH
100
AcDbLine
 10
3826.0
 20
258.0
 30
0.0
 11
3826.0
 21
248.0
 31
0.0
  0
LINE
  5
CD6
330
17
100
AcDbEntity
  8
GRAPH
100
AcDbLine
 10
3848.0
 20
248.0
 30
0.0
 11
3862.0
 21
248.0
 31
0.0
  0
LINE
  5
CD7
330
17
100
AcDbEntity
  8
GRAPH
100
AcDbLine
 10
3862.0
 20
248.0
 30
0.0
 11
3862.0
 21
258.0
 31
0.0
  0
LINE
  5
CD8
330
17
100
AcDbEntity
  8
GRAPH
100
AcDbLine
 10
3862.0
 20
258.0
 30
0.0
 11
3848.0
 21
258.0
 31
0.0
  0
LINE
  5
CD9
330
17
100
AcDbEntity
  8
GRAPH
100
AcDbLine
 10
3848.0
 20
258.0
 30
0.0
 11
3848.0
 21
248.0
 31
0.0
  0
LINE
  5
CDA
330
17
100
AcDbEntity
  8
GRAPH
100
AcDbLine
 10
3870.0
 20
248.0
 30
0.0
 11
3884.0
 21
248.0
 31
0.0
  0
LINE
  5
CDB
330
17
100
AcDbEntity
  8
GRAPH
100
AcDbLine
 10
3884.0
 20
248.0
 30
0.0
 11
3884.0
 21
258.0
 31
0.0
  0
LINE
  5
CDC
330
17
100
AcDbEntity
  8
GRAPH
100
AcDbLine
 10
3884.0
 20
258.0
 30
0.0
 11
3870.0
 21
258.0
 31
0.0
  0
LINE
  5
CDD
330
17
100
AcDbEntity
  8
GRAPH
100
AcDbLine
 10
3870.0
 20
258.0
 30
0.0
 11
3870.0
 21
248.0
 31
0.0
  0
LINE
  5
CDE
330
17
100
AcDbEntity
  8
GRAPH
100
AcDbLine
 10
3892.0
 20
248.0
 30
0.0
 11
3906.0
 21
248.0
 31
0.0
  0
LINE
  5
CDF
330
17
100
AcDbEntity
  8
GRAPH
100
AcDbLine
 10
3906.0
 20
248.0
 30
0.0
 11
3906.0
 21
258.0
 31
0.0
  0
LINE
  5
CE0
330
17
100
AcDbEntity
  8
GRAPH
100
AcDbLine
 10
3906.0
 20
258.0
 30
0.0
 11
3892.0
 21
258.0
 31
0.0
  0
LINE
  5
CE1
330
17
100
AcDbEntity
  8
GRAPH
100
AcDbLine
 10
3892.0
 20
258.0
 30
0.0
 11
3892.0
 21
248.0
 31
0.0
  0
LINE
  5
CE2
330
17
100
AcDbEntity
  8
GRAPH
100
AcDbLine
 10
3604.0
 20
264.0
 30
0.0
 11
3964.0
 21
264.0
 31
0.0
  0
TEXT
  5
CE3
330
17
100
AcDbEntity
  8
DIM
100
AcDbText
 10
3562.0
 20
263.0
 30
0.0
 40
1.8
  1
+18.000
 11
3562.0
 21
263.0
 31
0.0
100
AcDbText
  0
LINE
  5
CE4
330
17
100
AcDbEntity
  8
GRAPH
100
AcDbLine
 10
3724.0
 20
264.0
 30
0.0
 11
3760.0
 21
264.0
 31
0.0
  0
LINE
  5
CE5
330
17
100
AcDbEntity
  8
GRAPH
100
AcDbLine
 10
3760.0
 20
264.0
 30
0.0
 11
3760.0
 21
286.0
 31
0.0
  0
LINE
  5
CE6
330
17
100
AcDbEntity
  8
GRAPH
100
AcDbLine
 10
3760.0
 20
286.0
 30
0.0
 11
3724.0
 21
286.0
 31
0.0
  0
LINE
  5
CE7
330
17
100
AcDbEntity
  8
GRAPH
100
AcDbLine
 10
3724.0
 20
286.0
 30
0.0
 11
3724.0
 21
264.0
 31
0.0
  0
LINE
  5
CE8
330
17
100
AcDbEntity
  8
GRAPH
100
AcDbLine
 10
3728.0
 20
269.0
 30
0.0
 11
3756.0
 21
269.0
 31
0.0
  0
LINE
  5
CE9
330
17
100
AcDbEntity
  8
GRAPH
100
AcDbLine
 10
3728.0
 20
274.0
 30
0.0
 11
3756.0
 21
274.0
 31
0.0
  0
LINE
  5
CEA
330
17
100
AcDbEntity
  8
GRAPH
100
AcDbLine
 10
3728.0
 20
279.0
 30
0.0
 11
3756.0
 21
279.0
 31
0.0
  0
LINE
  5
CEB
330
17
100
AcDbEntity
  8
GRAPH
100
AcDbLine
 10
3768.0
 20
267.0
 30
0.0
 11
3782.0
 21
267.0
 31
0.0
  0
LINE
  5
CEC
330
17
100
AcDbEntity
  8
GRAPH
100
AcDbLine
 10
3782.0
 20
267.0
 30
0.0
 11
3782.0
 21
283.0
 31
0.0
  0
LINE
  5
CED
330
17
100
AcDbEntity
  8
GRAPH
100
AcDbLine
 10
3782.0
 20
283.0
 30
0.0
 11
3768.0
 21
283.0
 31
0.0
  0
LINE
  5
CEE
330
17
100
AcDbEntity
  8
GRAPH
100
AcDbLine
 10
3768.0
 20
283.0
 30
0.0
 11
3768.0
 21
267.0
 31
0.0
  0
LINE
  5
CEF
330
17
100
AcDbEntity
  8
GRAPH
100
AcDbLine
 10
3804.0
 20
270.0
 30
0.0
 11
3818.0
 21
270.0
 31
0.0
  0
LINE
  5
CF0
330
17
100
AcDbEntity
  8
GRAPH
100
AcDbLine
 10
3818.0
 20
270.0
 30
0.0
 11
3818.0
 21
280.0
 31
0.0
  0
LINE
  5
CF1
330
17
100
AcDbEntity
  8
GRAPH
100
AcDbLine
 10
3818.0
 20
280.0
 30
0.0
 11
3804.0
 21
280.0
 31
0.0
  0
LINE
  5
CF2
330
17
100
AcDbEntity
  8
GRAPH
100
AcDbLine
 10
3804.0
 20
280.0
 30
0.0
 11
3804.0
 21
270.0
 31
0.0
  0
LINE
  5
CF3
330
17
100
AcDbEntity
  8
GRAPH
100
AcDbLine
 10
3826.0
 20
270.0
 30
0.0
 11
3840.0
 21
270.0
 31
0.0
  0
LINE
  5
CF4
330
17
100
AcDbEntity
  8
GRAPH
100
AcDbLine
 10
3840.0
 20
270.0
 30
0.0
 11
3840.0
 21
280.0
 31
0.0
  0
LINE
  5
CF5
330
17
100
AcDbEntity
  8
GRAPH
100
AcDbLine
 10
3840.0
 20
280.0
 30
0.0
 11
3826.0
 21
280.0
 31
0.0
  0
LINE
  5
CF6
330
17
100
AcDbEntity
  8
GRAPH
100
AcDbLine
 10
3826.0
 20
280.0
 30
0.0
 11
3826.0
 21
270.0
 31
0.0
  0
LINE
  5
CF7
330
17
100
AcDbEntity
  8
GRAPH
100
AcDbLine
 10
3848.0
 20
270.0
 30
0.0
 11
3862.0
 21
270.0
 31
0.0
  0
LINE
  5
CF8
330
17
100
AcDbEntity
  8
GRAPH
100
AcDbLine
 10
3862.0
 20
270.0
 30
0.0
 11
3862.0
 21
280.0
 31
0.0
  0
LINE
  5
CF9
330
17
100
AcDbEntity
  8
GRAPH
100
AcDbLine
 10
3862.0
 20
280.0
 30
0.0
 11
3848.0
 21
280.0
 31
0.0
  0
LINE
  5
CFA
330
17
100
AcDbEntity
  8
GRAPH
100
AcDbLine
 10
3848.0
 20
280.0
 30
0.0
 11
3848.0
 21
270.0
 31
0.0
  0
LINE
  5
CFB
330
17
100
AcDbEntity
  8
GRAPH
100
AcDbLine
 10
3870.0
 20
270.0
 30
0.0
 11
3884.0
 21
270.0
 31
0.0
  0
LINE
  5
CFC
330
17
100
AcDbEntity
  8
GRAPH
100
AcDbLine
 10
3884.0
 20
270.0
 30
0.0
 11
3884.0
 21
280.0
 31
0.0
  0
LINE
  5
CFD
330
17
100
AcDbEntity
  8
GRAPH
100
AcDbLine
 10
3884.0
 20
280.0
 30
0.0
 11
3870.0
 21
280.0
 31
0.0
  0
LINE
  5
CFE
330
17
100
AcDbEntity
  8
GRAPH
100
AcDbLine
 10
3870.0
 20
280.0
 30
0.0
 11
3870.0
 21
270.0
 31
0.0
  0
LINE
  5
CFF
330
17
100
AcDbEntity
  8
GRAPH
100
AcDbLine
 10
3892.0
 20
270.0
 30
0.0
 11
3906.0
 21
270.0
 31
0.0
  0
LINE
  5
D00
330
17
100
AcDbEntity
  8
GRAPH
100
AcDbLine
 10
3906.0
 20
270.0
 30
0.0
 11
3906.0
 21
280.0
 31
0.0
  0
LINE
  5
D01
330
17
100
AcDbEntity
  8
GRAPH
100
AcDbLine
 10
3906.0
 20
280.0
 30
0.0
 11
3892.0
 21
280.0
 31
0.0
  0
LINE
  5
D02
330
17
100
AcDbEntity
  8
GRAPH
100
AcDbLine
 10
3892.0
 20
280.0
 30
0.0
 11
3892.0
 21
270.0
 31
0.0
  0
LINE
  5
D03
330
17
100
AcDbEntity
  8
GRAPH
100
AcDbLine
 10
3604.0
 20
286.0
 30
0.0
 11
3964.0
 21
286.0
 31
0.0
  0
TEXT
  5
D04
330
17
100
AcDbEntity
  8
DIM
100
AcDbText
 10
3562.0
 20
285.0
 30
0.0
 40
1.8
  1
+21.000
 11
3562.0
 21
285.0
 31
0.0
100
AcDbText
  0
LINE
  5
D05
330
17
100
AcDbEntity
  8
GRAPH
100
AcDbLine
 10
3724.0
 20
286.0
 30
0.0
 11
3760.0
 21
286.0
 31
0.0
  0
LINE
  5
D06
330
17
100
AcDbEntity
  8
GRAPH
100
AcDbLine
 10
3760.0
 20
286.0
 30
0.0
 11
3760.0
 21
308.0
 31
0.0
  0
LINE
  5
D07
330
17
100
AcDbEntity
  8
GRAPH
100
AcDbLine
 10
3760.0
 20
308.0
 30
0.0
 11
3724.0
 21
308.0
 31
0.0
  0
LINE
  5
D08
330
17
100
AcDbEntity
  8
GRAPH
100
AcDbLine
 10
3724.0
 20
308.0
 30
0.0
 11
3724.0
 21
286.0
 31
0.0
  0
LINE
  5
D09
330
17
100
AcDbEntity
  8
GRAPH
100
AcDbLine
 10
3728.0
 20
291.0
 30
0.0
 11
3756.0
 21
291.0
 31
0.0
  0
LINE
  5
D0A
330
17
100
AcDbEntity
  8
GRAPH
100
AcDbLine
 10
3728.0
 20
296.0
 30
0.0
 11
3756.0
 21
296.0
 31
0.0
  0
LINE
  5
D0B
330
17
100
AcDbEntity
  8
GRAPH
100
AcDbLine
 10
3728.0
 20
301.0
 30
0.0
 11
3756.0
 21
301.0
 31
0.0
  0
LINE
  5
D0C
330
17
100
AcDbEntity
  8
GRAPH
100
AcDbLine
 10
3768.0
 20
289.0
 30
0.0
 11
3782.0
 21
289.0
 31
0.0
  0
LINE
  5
D0D
330
17
100
AcDbEntity
  8
GRAPH
100
AcDbLine
 10
3782.0
 20
289.0
 30
0.0
 11
3782.0
 21
305.0
 31
0.0
  0
LINE
  5
D0E
330
17
100
AcDbEntity
  8
GRAPH
100
AcDbLine
 10
3782.0
 20
305.0
 30
0.0
 11
3768.0
 21
305.0
 31
0.0
  0
LINE
  5
D0F
330
17
100
AcDbEntity
  8
GRAPH
100
AcDbLine
 10
3768.0
 20
305.0
 30
0.0
 11
3768.0
 21
289.0
 31
0.0
  0
LINE
  5
D10
330
17
100
AcDbEntity
  8
GRAPH
100
AcDbLine
 10
3804.0
 20
292.0
 30
0.0
 11
3818.0
 21
292.0
 31
0.0
  0
LINE
  5
D11
330
17
100
AcDbEntity
  8
GRAPH
100
AcDbLine
 10
3818.0
 20
292.0
 30
0.0
 11
3818.0
 21
302.0
 31
0.0
  0
LINE
  5
D12
330
17
100
AcDbEntity
  8
GRAPH
100
AcDbLine
 10
3818.0
 20
302.0
 30
0.0
 11
3804.0
 21
302.0
 31
0.0
  0
LINE
  5
D13
330
17
100
AcDbEntity
  8
GRAPH
100
AcDbLine
 10
3804.0
 20
302.0
 30
0.0
 11
3804.0
 21
292.0
 31
0.0
  0
LINE
  5
D14
330
17
100
AcDbEntity
  8
GRAPH
100
AcDbLine
 10
3826.0
 20
292.0
 30
0.0
 11
3840.0
 21
292.0
 31
0.0
  0
LINE
  5
D15
330
17
100
AcDbEntity
  8
GRAPH
100
AcDbLine
 10
3840.0
 20
292.0
 30
0.0
 11
3840.0
 21
302.0
 31
0.0
  0
LINE
  5
D16
330
17
100
AcDbEntity
  8
GRAPH
100
AcDbLine
 10
3840.0
 20
302.0
 30
0.0
 11
3826.0
 21
302.0
 31
0.0
  0
LINE
  5
D17
330
17
100
AcDbEntity
  8
GRAPH
100
AcDbLine
 10
3826.0
 20
302.0
 30
0.0
 11
3826.0
 21
292.0
 31
0.0
  0
LINE
  5
D18
330
17
100
AcDbEntity
  8
GRAPH
100
AcDbLine
 10
3848.0
 20
292.0
 30
0.0
 11
3862.0
 21
292.0
 31
0.0
  0
LINE
  5
D19
330
17
100
AcDbEntity
  8
GRAPH
100
AcDbLine
 10
3862.0
 20
292.0
 30
0.0
 11
3862.0
 21
302.0
 31
0.0
  0
LINE
  5
D1A
330
17
100
AcDbEntity
  8
GRAPH
100
AcDbLine
 10
3862.0
 20
302.0
 30
0.0
 11
3848.0
 21
302.0
 31
0.0
  0
LINE
  5
D1B
330
17
100
AcDbEntity
  8
GRAPH
100
AcDbLine
 10
3848.0
 20
302.0
 30
0.0
 11
3848.0
 21
292.0
 31
0.0
  0
LINE
  5
D1C
330
17
100
AcDbEntity
  8
GRAPH
100
AcDbLine
 10
3870.0
 20
292.0
 30
0.0
 11
3884.0
 21
292.0
 31
0.0
  0
LINE
  5
D1D
330
17
100
AcDbEntity
  8
GRAPH
100
AcDbLine
 10
3884.0
 20
292.0
 30
0.0
 11
3884.0
 21
302.0
 31
0.0
  0
LINE
  5
D1E
330
17
100
AcDbEntity
  8
GRAPH
100
AcDbLine
 10
3884.0
 20
302.0
 30
0.0
 11
3870.0
 21
302.0
 31
0.0
  0
LINE
  5
D1F
330
17
100
AcDbEntity
  8
GRAPH
100
AcDbLine
 10
3870.0
 20
302.0
 30
0.0
 11
3870.0
 21
292.0
 31
0.0
  0
LINE
  5
D20
330
17
100
AcDbEntity
  8
GRAPH
100
AcDbLine
 10
3892.0
 20
292.0
 30
0.0
 11
3906.0
 21
292.0
 31
0.0
  0
LINE
  5
D21
330
17
100
AcDbEntity
  8
GRAPH
100
AcDbLine
 10
3906.0
 20
292.0
 30
0.0
 11
3906.0
 21
302.0
 31
0.0
  0
LINE
  5
D22
330
17
100
AcDbEntity
  8
GRAPH
100
AcDbLine
 10
3906.0
 20
302.0
 30
0.0
 11
3892.0
 21
302.0
 31
0.0
  0
LINE
  5
D23
330
17
100
AcDbEntity
  8
GRAPH
100
AcDbLine
 10
3892.0
 20
302.0
 30
0.0
 11
3892.0
 21
292.0
 31
0.0
  0
LINE
  5
D24
330
17
100
AcDbEntity
  8
GRAPH
100
AcDbLine
 10
3604.0
 20
308.0
 30
0.0
 11
3964.0
 21
308.0
 31
0.0
  0
TEXT
  5
D25
330
17
100
AcDbEntity
  8
DIM
100
AcDbText
 10
3562.0
 20
307.0
 30
0.0
 40
1.8
  1
+24.000
 11
3562.0
 21
307.0
 31
0.0
100
AcDbText
  0
LINE
  5
D26
330
17
100
AcDbEntity
  8
GRAPH
100
AcDbLine
 10
3724.0
 20
308.0
 30
0.0
 11
3760.0
 21
308.0
 31
0.0
  0
LINE
  5
D27
330
17
100
AcDbEntity
  8
GRAPH
100
AcDbLine
 10
3760.0
 20
308.0
 30
0.0
 11
3760.0
 21
330.0
 31
0.0
  0
LINE
  5
D28
330
17
100
AcDbEntity
  8
GRAPH
100
AcDbLine
 10
3760.0
 20
330.0
 30
0.0
 11
3724.0
 21
330.0
 31
0.0
  0
LINE
  5
D29
330
17
100
AcDbEntity
  8
GRAPH
100
AcDbLine
 10
3724.0
 20
330.0
 30
0.0
 11
3724.0
 21
308.0
 31
0.0
  0
LINE
  5
D2A
330
17
100
AcDbEntity
  8
GRAPH
100
AcDbLine
 10
3728.0
 20
313.0
 30
0.0
 11
3756.0
 21
313.0
 31
0.0
  0
LINE
  5
D2B
330
17
100
AcDbEntity
  8
GRAPH
100
AcDbLine
 10
3728.0
 20
318.0
 30
0.0
 11
3756.0
 21
318.0
 31
0.0
  0
LINE
  5
D2C
330
17
100
AcDbEntity
  8
GRAPH
100
AcDbLine
 10
3728.0
 20
323.0
 30
0.0
 11
3756.0
 21
323.0
 31
0.0
  0
LINE
  5
D2D
330
17
100
AcDbEntity
  8
GRAPH
100
AcDbLine
 10
3768.0
 20
311.0
 30
0.0
 11
3782.0
 21
311.0
 31
0.0
  0
LINE
  5
D2E
330
17
100
AcDbEntity
  8
GRAPH
100
AcDbLine
 10
3782.0
 20
311.0
 30
0.0
 11
3782.0
 21
327.0
 31
0.0
  0
LINE
  5
D2F
330
17
100
AcDbEntity
  8
GRAPH
100
AcDbLine
 10
3782.0
 20
327.0
 30
0.0
 11
3768.0
 21
327.0
 31
0.0
  0
LINE
  5
D30
330
17
100
AcDbEntity
  8
GRAPH
100
AcDbLine
 10
3768.0
 20
327.0
 30
0.0
 11
3768.0
 21
311.0
 31
0.0
  0
LINE
  5
D31
330
17
100
AcDbEntity
  8
GRAPH
100
AcDbLine
 10
3804.0
 20
314.0
 30
0.0
 11
3818.0
 21
314.0
 31
0.0
  0
LINE
  5
D32
330
17
100
AcDbEntity
  8
GRAPH
100
AcDbLine
 10
3818.0
 20
314.0
 30
0.0
 11
3818.0
 21
324.0
 31
0.0
  0
LINE
  5
D33
330
17
100
AcDbEntity
  8
GRAPH
100
AcDbLine
 10
3818.0
 20
324.0
 30
0.0
 11
3804.0
 21
324.0
 31
0.0
  0
LINE
  5
D34
330
17
100
AcDbEntity
  8
GRAPH
100
AcDbLine
 10
3804.0
 20
324.0
 30
0.0
 11
3804.0
 21
314.0
 31
0.0
  0
LINE
  5
D35
330
17
100
AcDbEntity
  8
GRAPH
100
AcDbLine
 10
3826.0
 20
314.0
 30
0.0
 11
3840.0
 21
314.0
 31
0.0
  0
LINE
  5
D36
330
17
100
AcDbEntity
  8
GRAPH
100
AcDbLine
 10
3840.0
 20
314.0
 30
0.0
 11
3840.0
 21
324.0
 31
0.0
  0
LINE
  5
D37
330
17
100
AcDbEntity
  8
GRAPH
100
AcDbLine
 10
3840.0
 20
324.0
 30
0.0
 11
3826.0
 21
324.0
 31
0.0
  0
LINE
  5
D38
330
17
100
AcDbEntity
  8
GRAPH
100
AcDbLine
 10
3826.0
 20
324.0
 30
0.0
 11
3826.0
 21
314.0
 31
0.0
  0
LINE
  5
D39
330
17
100
AcDbEntity
  8
GRAPH
100
AcDbLine
 10
3848.0
 20
314.0
 30
0.0
 11
3862.0
 21
314.0
 31
0.0
  0
LINE
  5
D3A
330
17
100
AcDbEntity
  8
GRAPH
100
AcDbLine
 10
3862.0
 20
314.0
 30
0.0
 11
3862.0
 21
324.0
 31
0.0
  0
LINE
  5
D3B
330
17
100
AcDbEntity
  8
GRAPH
100
AcDbLine
 10
3862.0
 20
324.0
 30
0.0
 11
3848.0
 21
324.0
 31
0.0
  0
LINE
  5
D3C
330
17
100
AcDbEntity
  8
GRAPH
100
AcDbLine
 10
3848.0
 20
324.0
 30
0.0
 11
3848.0
 21
314.0
 31
0.0
  0
LINE
  5
D3D
330
17
100
AcDbEntity
  8
GRAPH
100
AcDbLine
 10
3870.0
 20
314.0
 30
0.0
 11
3884.0
 21
314.0
 31
0.0
  0
LINE
  5
D3E
330
17
100
AcDbEntity
  8
GRAPH
100
AcDbLine
 10
3884.0
 20
314.0
 30
0.0
 11
3884.0
 21
324.0
 31
0.0
  0
LINE
  5
D3F
330
17
100
AcDbEntity
  8
GRAPH
100
AcDbLine
 10
3884.0
 20
324.0
 30
0.0
 11
3870.0
 21
324.0
 31
0.0
  0
LINE
  5
D40
330
17
100
AcDbEntity
  8
GRAPH
100
AcDbLine
 10
3870.0
 20
324.0
 30
0.0
 11
3870.0
 21
314.0
 31
0.0
  0
LINE
  5
D41
330
17
100
AcDbEntity
  8
GRAPH
100
AcDbLine
 10
3892.0
 20
314.0
 30
0.0
 11
3906.0
 21
314.0
 31
0.0
  0
LINE
  5
D42
330
17
100
AcDbEntity
  8
GRAPH
100
AcDbLine
 10
3906.0
 20
314.0
 30
0.0
 11
3906.0
 21
324.0
 31
0.0
  0
LINE
  5
D43
330
17
100
AcDbEntity
  8
GRAPH
100
AcDbLine
 10
3906.0
 20
324.0
 30
0.0
 11
3892.0
 21
324.0
 31
0.0
  0
LINE
  5
D44
330
17
100
AcDbEntity
  8
GRAPH
100
AcDbLine
 10
3892.0
 20
324.0
 30
0.0
 11
3892.0
 21
314.0
 31
0.0
  0
LINE
  5
D45
330
17
100
AcDbEntity
  8
GRAPH
100
AcDbLine
 10
3604.0
 20
330.0
 30
0.0
 11
3964.0
 21
330.0
 31
0.0
  0
TEXT
  5
D46
330
17
100
AcDbEntity
  8
DIM
100
AcDbText
 10
3562.0
 20
329.0
 30
0.0
 40
1.8
  1
+27.000
 11
3562.0
 21
329.0
 31
0.0
100
AcDbText
  0
LINE
  5
D47
330
17
100
AcDbEntity
  8
GRAPH
100
AcDbLine
 10
3724.0
 20
330.0
 30
0.0
 11
3760.0
 21
330.0
 31
0.0
  0
LINE
  5
D48
330
17
100
AcDbEntity
  8
GRAPH
100
AcDbLine
 10
3760.0
 20
330.0
 30
0.0
 11
3760.0
 21
352.0
 31
0.0
  0
LINE
  5
D49
330
17
100
AcDbEntity
  8
GRAPH
100
AcDbLine
 10
3760.0
 20
352.0
 30
0.0
 11
3724.0
 21
352.0
 31
0.0
  0
LINE
  5
D4A
330
17
100
AcDbEntity
  8
GRAPH
100
AcDbLine
 10
3724.0
 20
352.0
 30
0.0
 11
3724.0
 21
330.0
 31
0.0
  0
LINE
  5
D4B
330
17
100
AcDbEntity
  8
GRAPH
100
AcDbLine
 10
3728.0
 20
335.0
 30
0.0
 11
3756.0
 21
335.0
 31
0.0
  0
LINE
  5
D4C
330
17
100
AcDbEntity
  8
GRAPH
100
AcDbLine
 10
3728.0
 20
340.0
 30
0.0
 11
3756.0
 21
340.0
 31
0.0
  0
LINE
  5
D4D
330
17
100
AcDbEntity
  8
GRAPH
100
AcDbLine
 10
3728.0
 20
345.0
 30
0.0
 11
3756.0
 21
345.0
 31
0.0
  0
LINE
  5
D4E
330
17
100
AcDbEntity
  8
GRAPH
100
AcDbLine
 10
3768.0
 20
333.0
 30
0.0
 11
3782.0
 21
333.0
 31
0.0
  0
LINE
  5
D4F
330
17
100
AcDbEntity
  8
GRAPH
100
AcDbLine
 10
3782.0
 20
333.0
 30
0.0
 11
3782.0
 21
349.0
 31
0.0
  0
LINE
  5
D50
330
17
100
AcDbEntity
  8
GRAPH
100
AcDbLine
 10
3782.0
 20
349.0
 30
0.0
 11
3768.0
 21
349.0
 31
0.0
  0
LINE
  5
D51
330
17
100
AcDbEntity
  8
GRAPH
100
AcDbLine
 10
3768.0
 20
349.0
 30
0.0
 11
3768.0
 21
333.0
 31
0.0
  0
LINE
  5
D52
330
17
100
AcDbEntity
  8
GRAPH
100
AcDbLine
 10
3804.0
 20
336.0
 30
0.0
 11
3818.0
 21
336.0
 31
0.0
  0
LINE
  5
D53
330
17
100
AcDbEntity
  8
GRAPH
100
AcDbLine
 10
3818.0
 20
336.0
 30
0.0
 11
3818.0
 21
346.0
 31
0.0
  0
LINE
  5
D54
330
17
100
AcDbEntity
  8
GRAPH
100
AcDbLine
 10
3818.0
 20
346.0
 30
0.0
 11
3804.0
 21
346.0
 31
0.0
  0
LINE
  5
D55
330
17
100
AcDbEntity
  8
GRAPH
100
AcDbLine
 10
3804.0
 20
346.0
 30
0.0
 11
3804.0
 21
336.0
 31
0.0
  0
LINE
  5
D56
330
17
100
AcDbEntity
  8
GRAPH
100
AcDbLine
 10
3826.0
 20
336.0
 30
0.0
 11
3840.0
 21
336.0
 31
0.0
  0
LINE
  5
D57
330
17
100
AcDbEntity
  8
GRAPH
100
AcDbLine
 10
3840.0
 20
336.0
 30
0.0
 11
3840.0
 21
346.0
 31
0.0
  0
LINE
  5
D58
330
17
100
AcDbEntity
  8
GRAPH
100
AcDbLine
 10
3840.0
 20
346.0
 30
0.0
 11
3826.0
 21
346.0
 31
0.0
  0
LINE
  5
D59
330
17
100
AcDbEntity
  8
GRAPH
100
AcDbLine
 10
3826.0
 20
346.0
 30
0.0
 11
3826.0
 21
336.0
 31
0.0
  0
LINE
  5
D5A
330
17
100
AcDbEntity
  8
GRAPH
100
AcDbLine
 10
3848.0
 20
336.0
 30
0.0
 11
3862.0
 21
336.0
 31
0.0
  0
LINE
  5
D5B
330
17
100
AcDbEntity
  8
GRAPH
100
AcDbLine
 10
3862.0
 20
336.0
 30
0.0
 11
3862.0
 21
346.0
 31
0.0
  0
LINE
  5
D5C
330
17
100
AcDbEntity
  8
GRAPH
100
AcDbLine
 10
3862.0
 20
346.0
 30
0.0
 11
3848.0
 21
346.0
 31
0.0
  0
LINE
  5
D5D
330
17
100
AcDbEntity
  8
GRAPH
100
AcDbLine
 10
3848.0
 20
346.0
 30
0.0
 11
3848.0
 21
336.0
 31
0.0
  0
LINE
  5
D5E
330
17
100
AcDbEntity
  8
GRAPH
100
AcDbLine
 10
3870.0
 20
336.0
 30
0.0
 11
3884.0
 21
336.0
 31
0.0
  0
LINE
  5
D5F
330
17
100
AcDbEntity
  8
GRAPH
100
AcDbLine
 10
3884.0
 20
336.0
 30
0.0
 11
3884.0
 21
346.0
 31
0.0
  0
LINE
  5
D60
330
17
100
AcDbEntity
  8
GRAPH
100
AcDbLine
 10
3884.0
 20
346.0
 30
0.0
 11
3870.0
 21
346.0
 31
0.0
  0
LINE
  5
D61
330
17
100
AcDbEntity
  8
GRAPH
100
AcDbLine
 10
3870.0
 20
346.0
 30
0.0
 11
3870.0
 21
336.0
 31
0.0
  0
LINE
  5
D62
330
17
100
AcDbEntity
  8
GRAPH
100
AcDbLine
 10
3892.0
 20
336.0
 30
0.0
 11
3906.0
 21
336.0
 31
0.0
  0
LINE
  5
D63
330
17
100
AcDbEntity
  8
GRAPH
100
AcDbLine
 10
3906.0
 20
336.0
 30
0.0
 11
3906.0
 21
346.0
 31
0.0
  0
LINE
  5
D64
330
17
100
AcDbEntity
  8
GRAPH
100
AcDbLine
 10
3906.0
 20
346.0
 30
0.0
 11
3892.0
 21
346.0
 31
0.0
  0
LINE
  5
D65
330
17
100
AcDbEntity
  8
GRAPH
100
AcDbLine
 10
3892.0
 20
346.0
 30
0.0
 11
3892.0
 21
336.0
 31
0.0
  0
LINE
  5
D66
330
17
100
AcDbEntity
  8
GRAPH
100
AcDbLine
 10
3604.0
 20
352.0
 30
0.0
 11
3964.0
 21
352.0
 31
0.0
  0
TEXT
  5
D67
330
17
100
AcDbEntity
  8
DIM
100
AcDbText
 10
3562.0
 20
351.0
 30
0.0
 40
1.8
  1
+30.000
 11
3562.0
 21
351.0
 31
0.0
100
AcDbText
  0
LINE
  5
D68
330
17
100
AcDbEntity
  8
GRAPH
100
AcDbLine
 10
3724.0
 20
352.0
 30
0.0
 11
3760.0
 21
352.0
 31
0.0
  0
LINE
  5
D69
330
17
100
AcDbEntity
  8
GRAPH
100
AcDbLine
 10
3760.0
 20
352.0
 30
0.0
 11
3760.0
 21
374.0
 31
0.0
  0
LINE
  5
D6A
330
17
100
AcDbEntity
  8
GRAPH
100
AcDbLine
 10
3760.0
 20
374.0
 30
0.0
 11
3724.0
 21
374.0
 31
0.0
  0
LINE
  5
D6B
330
17
100
AcDbEntity
  8
GRAPH
100
AcDbLine
 10
3724.0
 20
374.0
 30
0.0
 11
3724.0
 21
352.0
 31
0.0
  0
LINE
  5
D6C
330
17
100
AcDbEntity
  8
GRAPH
100
AcDbLine
 10
3728.0
 20
357.0
 30
0.0
 11
3756.0
 21
357.0
 31
0.0
  0
LINE
  5
D6D
330
17
100
AcDbEntity
  8
GRAPH
100
AcDbLine
 10
3728.0
 20
362.0
 30
0.0
 11
3756.0
 21
362.0
 31
0.0
  0
LINE
  5
D6E
330
17
100
AcDbEntity
  8
GRAPH
100
AcDbLine
 10
3728.0
 20
367.0
 30
0.0
 11
3756.0
 21
367.0
 31
0.0
  0
LINE
  5
D6F
330
17
100
AcDbEntity
  8
GRAPH
100
AcDbLine
 10
3768.0
 20
355.0
 30
0.0
 11
3782.0
 21
355.0
 31
0.0
  0
LINE
  5
D70
330
17
100
AcDbEntity
  8
GRAPH
100
AcDbLine
 10
3782.0
 20
355.0
 30
0.0
 11
3782.0
 21
371.0
 31
0.0
  0
LINE
  5
D71
330
17
100
AcDbEntity
  8
GRAPH
100
AcDbLine
 10
3782.0
 20
371.0
 30
0.0
 11
3768.0
 21
371.0
 31
0.0
  0
LINE
  5
D72
330
17
100
AcDbEntity
  8
GRAPH
100
AcDbLine
 10
3768.0
 20
371.0
 30
0.0
 11
3768.0
 21
355.0
 31
0.0
  0
LINE
  5
D73
330
17
100
AcDbEntity
  8
GRAPH
100
AcDbLine
 10
3804.0
 20
358.0
 30
0.0
 11
3818.0
 21
358.0
 31
0.0
  0
LINE
  5
D74
330
17
100
AcDbEntity
  8
GRAPH
100
AcDbLine
 10
3818.0
 20
358.0
 30
0.0
 11
3818.0
 21
368.0
 31
0.0
  0
LINE
  5
D75
330
17
100
AcDbEntity
  8
GRAPH
100
AcDbLine
 10
3818.0
 20
368.0
 30
0.0
 11
3804.0
 21
368.0
 31
0.0
  0
LINE
  5
D76
330
17
100
AcDbEntity
  8
GRAPH
100
AcDbLine
 10
3804.0
 20
368.0
 30
0.0
 11
3804.0
 21
358.0
 31
0.0
  0
LINE
  5
D77
330
17
100
AcDbEntity
  8
GRAPH
100
AcDbLine
 10
3826.0
 20
358.0
 30
0.0
 11
3840.0
 21
358.0
 31
0.0
  0
LINE
  5
D78
330
17
100
AcDbEntity
  8
GRAPH
100
AcDbLine
 10
3840.0
 20
358.0
 30
0.0
 11
3840.0
 21
368.0
 31
0.0
  0
LINE
  5
D79
330
17
100
AcDbEntity
  8
GRAPH
100
AcDbLine
 10
3840.0
 20
368.0
 30
0.0
 11
3826.0
 21
368.0
 31
0.0
  0
LINE
  5
D7A
330
17
100
AcDbEntity
  8
GRAPH
100
AcDbLine
 10
3826.0
 20
368.0
 30
0.0
 11
3826.0
 21
358.0
 31
0.0
  0
LINE
  5
D7B
330
17
100
AcDbEntity
  8
GRAPH
100
AcDbLine
 10
3848.0
 20
358.0
 30
0.0
 11
3862.0
 21
358.0
 31
0.0
  0
LINE
  5
D7C
330
17
100
AcDbEntity
  8
GRAPH
100
AcDbLine
 10
3862.0
 20
358.0
 30
0.0
 11
3862.0
 21
368.0
 31
0.0
  0
LINE
  5
D7D
330
17
100
AcDbEntity
  8
GRAPH
100
AcDbLine
 10
3862.0
 20
368.0
 30
0.0
 11
3848.0
 21
368.0
 31
0.0
  0
LINE
  5
D7E
330
17
100
AcDbEntity
  8
GRAPH
100
AcDbLine
 10
3848.0
 20
368.0
 30
0.0
 11
3848.0
 21
358.0
 31
0.0
  0
LINE
  5
D7F
330
17
100
AcDbEntity
  8
GRAPH
100
AcDbLine
 10
3870.0
 20
358.0
 30
0.0
 11
3884.0
 21
358.0
 31
0.0
  0
LINE
  5
D80
330
17
100
AcDbEntity
  8
GRAPH
100
AcDbLine
 10
3884.0
 20
358.0
 30
0.0
 11
3884.0
 21
368.0
 31
0.0
  0
LINE
  5
D81
330
17
100
AcDbEntity
  8
GRAPH
100
AcDbLine
 10
3884.0
 20
368.0
 30
0.0
 11
3870.0
 21
368.0
 31
0.0
  0
LINE
  5
D82
330
17
100
AcDbEntity
  8
GRAPH
100
AcDbLine
 10
3870.0
 20
368.0
 30
0.0
 11
3870.0
 21
358.0
 31
0.0
  0
LINE
  5
D83
330
17
100
AcDbEntity
  8
GRAPH
100
AcDbLine
 10
3892.0
 20
358.0
 30
0.0
 11
3906.0
 21
358.0
 31
0.0
  0
LINE
  5
D84
330
17
100
AcDbEntity
  8
GRAPH
100
AcDbLine
 10
3906.0
 20
358.0
 30
0.0
 11
3906.0
 21
368.0
 31
0.0
  0
LINE
  5
D85
330
17
100
AcDbEntity
  8
GRAPH
100
AcDbLine
 10
3906.0
 20
368.0
 30
0.0
 11
3892.0
 21
368.0
 31
0.0
  0
LINE
  5
D86
330
17
100
AcDbEntity
  8
GRAPH
100
AcDbLine
 10
3892.0
 20
368.0
 30
0.0
 11
3892.0
 21
358.0
 31
0.0
  0
LINE
  5
D87
330
17
100
AcDbEntity
  8
GRAPH
100
AcDbLine
 10
3604.0
 20
374.0
 30
0.0
 11
3964.0
 21
374.0
 31
0.0
  0
TEXT
  5
D88
330
17
100
AcDbEntity
  8
DIM
100
AcDbText
 10
3562.0
 20
373.0
 30
0.0
 40
1.8
  1
+33.000
 11
3562.0
 21
373.0
 31
0.0
100
AcDbText
  0
LINE
  5
D89
330
17
100
AcDbEntity
  8
GRAPH
100
AcDbLine
 10
3724.0
 20
374.0
 30
0.0
 11
3760.0
 21
374.0
 31
0.0
  0
LINE
  5
D8A
330
17
100
AcDbEntity
  8
GRAPH
100
AcDbLine
 10
3760.0
 20
374.0
 30
0.0
 11
3760.0
 21
396.0
 31
0.0
  0
LINE
  5
D8B
330
17
100
AcDbEntity
  8
GRAPH
100
AcDbLine
 10
3760.0
 20
396.0
 30
0.0
 11
3724.0
 21
396.0
 31
0.0
  0
LINE
  5
D8C
330
17
100
AcDbEntity
  8
GRAPH
100
AcDbLine
 10
3724.0
 20
396.0
 30
0.0
 11
3724.0
 21
374.0
 31
0.0
  0
LINE
  5
D8D
330
17
100
AcDbEntity
  8
GRAPH
100
AcDbLine
 10
3728.0
 20
379.0
 30
0.0
 11
3756.0
 21
379.0
 31
0.0
  0
LINE
  5
D8E
330
17
100
AcDbEntity
  8
GRAPH
100
AcDbLine
 10
3728.0
 20
384.0
 30
0.0
 11
3756.0
 21
384.0
 31
0.0
  0
LINE
  5
D8F
330
17
100
AcDbEntity
  8
GRAPH
100
AcDbLine
 10
3728.0
 20
389.0
 30
0.0
 11
3756.0
 21
389.0
 31
0.0
  0
LINE
  5
D90
330
17
100
AcDbEntity
  8
GRAPH
100
AcDbLine
 10
3768.0
 20
377.0
 30
0.0
 11
3782.0
 21
377.0
 31
0.0
  0
LINE
  5
D91
330
17
100
AcDbEntity
  8
GRAPH
100
AcDbLine
 10
3782.0
 20
377.0
 30
0.0
 11
3782.0
 21
393.0
 31
0.0
  0
LINE
  5
D92
330
17
100
AcDbEntity
  8
GRAPH
100
AcDbLine
 10
3782.0
 20
393.0
 30
0.0
 11
3768.0
 21
393.0
 31
0.0
  0
LINE
  5
D93
330
17
100
AcDbEntity
  8
GRAPH
100
AcDbLine
 10
3768.0
 20
393.0
 30
0.0
 11
3768.0
 21
377.0
 31
0.0
  0
LINE
  5
D94
330
17
100
AcDbEntity
  8
GRAPH
100
AcDbLine
 10
3804.0
 20
380.0
 30
0.0
 11
3818.0
 21
380.0
 31
0.0
  0
LINE
  5
D95
330
17
100
AcDbEntity
  8
GRAPH
100
AcDbLine
 10
3818.0
 20
380.0
 30
0.0
 11
3818.0
 21
390.0
 31
0.0
  0
LINE
  5
D96
330
17
100
AcDbEntity
  8
GRAPH
100
AcDbLine
 10
3818.0
 20
390.0
 30
0.0
 11
3804.0
 21
390.0
 31
0.0
  0
LINE
  5
D97
330
17
100
AcDbEntity
  8
GRAPH
100
AcDbLine
 10
3804.0
 20
390.0
 30
0.0
 11
3804.0
 21
380.0
 31
0.0
  0
LINE
  5
D98
330
17
100
AcDbEntity
  8
GRAPH
100
AcDbLine
 10
3826.0
 20
380.0
 30
0.0
 11
3840.0
 21
380.0
 31
0.0
  0
LINE
  5
D99
330
17
100
AcDbEntity
  8
GRAPH
100
AcDbLine
 10
3840.0
 20
380.0
 30
0.0
 11
3840.0
 21
390.0
 31
0.0
  0
LINE
  5
D9A
330
17
100
AcDbEntity
  8
GRAPH
100
AcDbLine
 10
3840.0
 20
390.0
 30
0.0
 11
3826.0
 21
390.0
 31
0.0
  0
LINE
  5
D9B
330
17
100
AcDbEntity
  8
GRAPH
100
AcDbLine
 10
3826.0
 20
390.0
 30
0.0
 11
3826.0
 21
380.0
 31
0.0
  0
LINE
  5
D9C
330
17
100
AcDbEntity
  8
GRAPH
100
AcDbLine
 10
3848.0
 20
380.0
 30
0.0
 11
3862.0
 21
380.0
 31
0.0
  0
LINE
  5
D9D
330
17
100
AcDbEntity
  8
GRAPH
100
AcDbLine
 10
3862.0
 20
380.0
 30
0.0
 11
3862.0
 21
390.0
 31
0.0
  0
LINE
  5
D9E
330
17
100
AcDbEntity
  8
GRAPH
100
AcDbLine
 10
3862.0
 20
390.0
 30
0.0
 11
3848.0
 21
390.0
 31
0.0
  0
LINE
  5
D9F
330
17
100
AcDbEntity
  8
GRAPH
100
AcDbLine
 10
3848.0
 20
390.0
 30
0.0
 11
3848.0
 21
380.0
 31
0.0
  0
LINE
  5
DA0
330
17
100
AcDbEntity
  8
GRAPH
100
AcDbLine
 10
3870.0
 20
380.0
 30
0.0
 11
3884.0
 21
380.0
 31
0.0
  0
LINE
  5
DA1
330
17
100
AcDbEntity
  8
GRAPH
100
AcDbLine
 10
3884.0
 20
380.0
 30
0.0
 11
3884.0
 21
390.0
 31
0.0
  0
LINE
  5
DA2
330
17
100
AcDbEntity
  8
GRAPH
100
AcDbLine
 10
3884.0
 20
390.0
 30
0.0
 11
3870.0
 21
390.0
 31
0.0
  0
LINE
  5
DA3
330
17
100
AcDbEntity
  8
GRAPH
100
AcDbLine
 10
3870.0
 20
390.0
 30
0.0
 11
3870.0
 21
380.0
 31
0.0
  0
LINE
  5
DA4
330
17
100
AcDbEntity
  8
GRAPH
100
AcDbLine
 10
3892.0
 20
380.0
 30
0.0
 11
3906.0
 21
380.0
 31
0.0
  0
LINE
  5
DA5
330
17
100
AcDbEntity
  8
GRAPH
100
AcDbLine
 10
3906.0
 20
380.0
 30
0.0
 11
3906.0
 21
390.0
 31
0.0
  0
LINE
  5
DA6
330
17
100
AcDbEntity
  8
GRAPH
100
AcDbLine
 10
3906.0
 20
390.0
 30
0.0
 11
3892.0
 21
390.0
 31
0.0
  0
LINE
  5
DA7
330
17
100
AcDbEntity
  8
GRAPH
100
AcDbLine
 10
3892.0
 20
390.0
 30
0.0
 11
3892.0
 21
380.0
 31
0.0
  0
LINE
  5
DA8
330
17
100
AcDbEntity
  8
GRAPH
100
AcDbLine
 10
3604.0
 20
396.0
 30
0.0
 11
3964.0
 21
396.0
 31
0.0
  0
TEXT
  5
DA9
330
17
100
AcDbEntity
  8
DIM
100
AcDbText
 10
3562.0
 20
395.0
 30
0.0
 40
1.8
  1
+36.000
 11
3562.0
 21
395.0
 31
0.0
100
AcDbText
  0
LINE
  5
DAA
330
17
100
AcDbEntity
  8
GRAPH
100
AcDbLine
 10
3724.0
 20
396.0
 30
0.0
 11
3760.0
 21
396.0
 31
0.0
  0
LINE
  5
DAB
330
17
100
AcDbEntity
  8
GRAPH
100
AcDbLine
 10
3760.0
 20
396.0
 30
0.0
 11
3760.0
 21
418.0
 31
0.0
  0
LINE
  5
DAC
330
17
100
AcDbEntity
  8
GRAPH
100
AcDbLine
 10
3760.0
 20
418.0
 30
0.0
 11
3724.0
 21
418.0
 31
0.0
  0
LINE
  5
DAD
330
17
100
AcDbEntity
  8
GRAPH
100
AcDbLine
 10
3724.0
 20
418.0
 30
0.0
 11
3724.0
 21
396.0
 31
0.0
  0
LINE
  5
DAE
330
17
100
AcDbEntity
  8
GRAPH
100
AcDbLine
 10
3728.0
 20
401.0
 30
0.0
 11
3756.0
 21
401.0
 31
0.0
  0
LINE
  5
DAF
330
17
100
AcDbEntity
  8
GRAPH
100
AcDbLine
 10
3728.0
 20
406.0
 30
0.0
 11
3756.0
 21
406.0
 31
0.0
  0
LINE
  5
DB0
330
17
100
AcDbEntity
  8
GRAPH
100
AcDbLine
 10
3728.0
 20
411.0
 30
0.0
 11
3756.0
 21
411.0
 31
0.0
  0
LINE
  5
DB1
330
17
100
AcDbEntity
  8
GRAPH
100
AcDbLine
 10
3768.0
 20
399.0
 30
0.0
 11
3782.0
 21
399.0
 31
0.0
  0
LINE
  5
DB2
330
17
100
AcDbEntity
  8
GRAPH
100
AcDbLine
 10
3782.0
 20
399.0
 30
0.0
 11
3782.0
 21
415.0
 31
0.0
  0
LINE
  5
DB3
330
17
100
AcDbEntity
  8
GRAPH
100
AcDbLine
 10
3782.0
 20
415.0
 30
0.0
 11
3768.0
 21
415.0
 31
0.0
  0
LINE
  5
DB4
330
17
100
AcDbEntity
  8
GRAPH
100
AcDbLine
 10
3768.0
 20
415.0
 30
0.0
 11
3768.0
 21
399.0
 31
0.0
  0
LINE
  5
DB5
330
17
100
AcDbEntity
  8
GRAPH
100
AcDbLine
 10
3804.0
 20
402.0
 30
0.0
 11
3818.0
 21
402.0
 31
0.0
  0
LINE
  5
DB6
330
17
100
AcDbEntity
  8
GRAPH
100
AcDbLine
 10
3818.0
 20
402.0
 30
0.0
 11
3818.0
 21
412.0
 31
0.0
  0
LINE
  5
DB7
330
17
100
AcDbEntity
  8
GRAPH
100
AcDbLine
 10
3818.0
 20
412.0
 30
0.0
 11
3804.0
 21
412.0
 31
0.0
  0
LINE
  5
DB8
330
17
100
AcDbEntity
  8
GRAPH
100
AcDbLine
 10
3804.0
 20
412.0
 30
0.0
 11
3804.0
 21
402.0
 31
0.0
  0
LINE
  5
DB9
330
17
100
AcDbEntity
  8
GRAPH
100
AcDbLine
 10
3826.0
 20
402.0
 30
0.0
 11
3840.0
 21
402.0
 31
0.0
  0
LINE
  5
DBA
330
17
100
AcDbEntity
  8
GRAPH
100
AcDbLine
 10
3840.0
 20
402.0
 30
0.0
 11
3840.0
 21
412.0
 31
0.0
  0
LINE
  5
DBB
330
17
100
AcDbEntity
  8
GRAPH
100
AcDbLine
 10
3840.0
 20
412.0
 30
0.0
 11
3826.0
 21
412.0
 31
0.0
  0
LINE
  5
DBC
330
17
100
AcDbEntity
  8
GRAPH
100
AcDbLine
 10
3826.0
 20
412.0
 30
0.0
 11
3826.0
 21
402.0
 31
0.0
  0
LINE
  5
DBD
330
17
100
AcDbEntity
  8
GRAPH
100
AcDbLine
 10
3848.0
 20
402.0
 30
0.0
 11
3862.0
 21
402.0
 31
0.0
  0
LINE
  5
DBE
330
17
100
AcDbEntity
  8
GRAPH
100
AcDbLine
 10
3862.0
 20
402.0
 30
0.0
 11
3862.0
 21
412.0
 31
0.0
  0
LINE
  5
DBF
330
17
100
AcDbEntity
  8
GRAPH
100
AcDbLine
 10
3862.0
 20
412.0
 30
0.0
 11
3848.0
 21
412.0
 31
0.0
  0
LINE
  5
DC0
330
17
100
AcDbEntity
  8
GRAPH
100
AcDbLine
 10
3848.0
 20
412.0
 30
0.0
 11
3848.0
 21
402.0
 31
0.0
  0
LINE
  5
DC1
330
17
100
AcDbEntity
  8
GRAPH
100
AcDbLine
 10
3870.0
 20
402.0
 30
0.0
 11
3884.0
 21
402.0
 31
0.0
  0
LINE
  5
DC2
330
17
100
AcDbEntity
  8
GRAPH
100
AcDbLine
 10
3884.0
 20
402.0
 30
0.0
 11
3884.0
 21
412.0
 31
0.0
  0
LINE
  5
DC3
330
17
100
AcDbEntity
  8
GRAPH
100
AcDbLine
 10
3884.0
 20
412.0
 30
0.0
 11
3870.0
 21
412.0
 31
0.0
  0
LINE
  5
DC4
330
17
100
AcDbEntity
  8
GRAPH
100
AcDbLine
 10
3870.0
 20
412.0
 30
0.0
 11
3870.0
 21
402.0
 31
0.0
  0
LINE
  5
DC5
330
17
100
AcDbEntity
  8
GRAPH
100
AcDbLine
 10
3892.0
 20
402.0
 30
0.0
 11
3906.0
 21
402.0
 31
0.0
  0
LINE
  5
DC6
330
17
100
AcDbEntity
  8
GRAPH
100
AcDbLine
 10
3906.0
 20
402.0
 30
0.0
 11
3906.0
 21
412.0
 31
0.0
  0
LINE
  5
DC7
330
17
100
AcDbEntity
  8
GRAPH
100
AcDbLine
 10
3906.0
 20
412.0
 30
0.0
 11
3892.0
 21
412.0
 31
0.0
  0
LINE
  5
DC8
330
17
100
AcDbEntity
  8
GRAPH
100
AcDbLine
 10
3892.0
 20
412.0
 30
0.0
 11
3892.0
 21
402.0
 31
0.0
  0
LINE
  5
DC9
330
17
100
AcDbEntity
  8
GRAPH
100
AcDbLine
 10
3604.0
 20
418.0
 30
0.0
 11
3964.0
 21
418.0
 31
0.0
  0
TEXT
  5
DCA
330
17
100
AcDbEntity
  8
DIM
100
AcDbText
 10
3562.0
 20
417.0
 30
0.0
 40
1.8
  1
+39.000
 11
3562.0
 21
417.0
 31
0.0
100
AcDbText
  0
LINE
  5
DCB
330
17
100
AcDbEntity
  8
GRAPH
100
AcDbLine
 10
3724.0
 20
418.0
 30
0.0
 11
3760.0
 21
418.0
 31
0.0
  0
LINE
  5
DCC
330
17
100
AcDbEntity
  8
GRAPH
100
AcDbLine
 10
3760.0
 20
418.0
 30
0.0
 11
3760.0
 21
440.0
 31
0.0
  0
LINE
  5
DCD
330
17
100
AcDbEntity
  8
GRAPH
100
AcDbLine
 10
3760.0
 20
440.0
 30
0.0
 11
3724.0
 21
440.0
 31
0.0
  0
LINE
  5
DCE
330
17
100
AcDbEntity
  8
GRAPH
100
AcDbLine
 10
3724.0
 20
440.0
 30
0.0
 11
3724.0
 21
418.0
 31
0.0
  0
LINE
  5
DCF
330
17
100
AcDbEntity
  8
GRAPH
100
AcDbLine
 10
3728.0
 20
423.0
 30
0.0
 11
3756.0
 21
423.0
 31
0.0
  0
LINE
  5
DD0
330
17
100
AcDbEntity
  8
GRAPH
100
AcDbLine
 10
3728.0
 20
428.0
 30
0.0
 11
3756.0
 21
428.0
 31
0.0
  0
LINE
  5
DD1
330
17
100
AcDbEntity
  8
GRAPH
100
AcDbLine
 10
3728.0
 20
433.0
 30
0.0
 11
3756.0
 21
433.0
 31
0.0
  0
LINE
  5
DD2
330
17
100
AcDbEntity
  8
GRAPH
100
AcDbLine
 10
3768.0
 20
421.0
 30
0.0
 11
3782.0
 21
421.0
 31
0.0
  0
LINE
  5
DD3
330
17
100
AcDbEntity
  8
GRAPH
100
AcDbLine
 10
3782.0
 20
421.0
 30
0.0
 11
3782.0
 21
437.0
 31
0.0
  0
LINE
  5
DD4
330
17
100
AcDbEntity
  8
GRAPH
100
AcDbLine
 10
3782.0
 20
437.0
 30
0.0
 11
3768.0
 21
437.0
 31
0.0
  0
LINE
  5
DD5
330
17
100
AcDbEntity
  8
GRAPH
100
AcDbLine
 10
3768.0
 20
437.0
 30
0.0
 11
3768.0
 21
421.0
 31
0.0
  0
LINE
  5
DD6
330
17
100
AcDbEntity
  8
GRAPH
100
AcDbLine
 10
3804.0
 20
424.0
 30
0.0
 11
3818.0
 21
424.0
 31
0.0
  0
LINE
  5
DD7
330
17
100
AcDbEntity
  8
GRAPH
100
AcDbLine
 10
3818.0
 20
424.0
 30
0.0
 11
3818.0
 21
434.0
 31
0.0
  0
LINE
  5
DD8
330
17
100
AcDbEntity
  8
GRAPH
100
AcDbLine
 10
3818.0
 20
434.0
 30
0.0
 11
3804.0
 21
434.0
 31
0.0
  0
LINE
  5
DD9
330
17
100
AcDbEntity
  8
GRAPH
100
AcDbLine
 10
3804.0
 20
434.0
 30
0.0
 11
3804.0
 21
424.0
 31
0.0
  0
LINE
  5
DDA
330
17
100
AcDbEntity
  8
GRAPH
100
AcDbLine
 10
3826.0
 20
424.0
 30
0.0
 11
3840.0
 21
424.0
 31
0.0
  0
LINE
  5
DDB
330
17
100
AcDbEntity
  8
GRAPH
100
AcDbLine
 10
3840.0
 20
424.0
 30
0.0
 11
3840.0
 21
434.0
 31
0.0
  0
LINE
  5
DDC
330
17
100
AcDbEntity
  8
GRAPH
100
AcDbLine
 10
3840.0
 20
434.0
 30
0.0
 11
3826.0
 21
434.0
 31
0.0
  0
LINE
  5
DDD
330
17
100
AcDbEntity
  8
GRAPH
100
AcDbLine
 10
3826.0
 20
434.0
 30
0.0
 11
3826.0
 21
424.0
 31
0.0
  0
LINE
  5
DDE
330
17
100
AcDbEntity
  8
GRAPH
100
AcDbLine
 10
3848.0
 20
424.0
 30
0.0
 11
3862.0
 21
424.0
 31
0.0
  0
LINE
  5
DDF
330
17
100
AcDbEntity
  8
GRAPH
100
AcDbLine
 10
3862.0
 20
424.0
 30
0.0
 11
3862.0
 21
434.0
 31
0.0
  0
LINE
  5
DE0
330
17
100
AcDbEntity
  8
GRAPH
100
AcDbLine
 10
3862.0
 20
434.0
 30
0.0
 11
3848.0
 21
434.0
 31
0.0
  0
LINE
  5
DE1
330
17
100
AcDbEntity
  8
GRAPH
100
AcDbLine
 10
3848.0
 20
434.0
 30
0.0
 11
3848.0
 21
424.0
 31
0.0
  0
LINE
  5
DE2
330
17
100
AcDbEntity
  8
GRAPH
100
AcDbLine
 10
3870.0
 20
424.0
 30
0.0
 11
3884.0
 21
424.0
 31
0.0
  0
LINE
  5
DE3
330
17
100
AcDbEntity
  8
GRAPH
100
AcDbLine
 10
3884.0
 20
424.0
 30
0.0
 11
3884.0
 21
434.0
 31
0.0
  0
LINE
  5
DE4
330
17
100
AcDbEntity
  8
GRAPH
100
AcDbLine
 10
3884.0
 20
434.0
 30
0.0
 11
3870.0
 21
434.0
 31
0.0
  0
LINE
  5
DE5
330
17
100
AcDbEntity
  8
GRAPH
100
AcDbLine
 10
3870.0
 20
434.0
 30
0.0
 11
3870.0
 21
424.0
 31
0.0
  0
LINE
  5
DE6
330
17
100
AcDbEntity
  8
GRAPH
100
AcDbLine
 10
3892.0
 20
424.0
 30
0.0
 11
3906.0
 21
424.0
 31
0.0
  0
LINE
  5
DE7
330
17
100
AcDbEntity
  8
GRAPH
100
AcDbLine
 10
3906.0
 20
424.0
 30
0.0
 11
3906.0
 21
434.0
 31
0.0
  0
LINE
  5
DE8
330
17
100
AcDbEntity
  8
GRAPH
100
AcDbLine
 10
3906.0
 20
434.0
 30
0.0
 11
3892.0
 21
434.0
 31
0.0
  0
LINE
  5
DE9
330
17
100
AcDbEntity
  8
GRAPH
100
AcDbLine
 10
3892.0
 20
434.0
 30
0.0
 11
3892.0
 21
424.0
 31
0.0
  0
LINE
  5
DEA
330
17
100
AcDbEntity
  8
GRAPH
100
AcDbLine
 10
3604.0
 20
440.0
 30
0.0
 11
3964.0
 21
440.0
 31
0.0
  0
TEXT
  5
DEB
330
17
100
AcDbEntity
  8
DIM
100
AcDbText
 10
3562.0
 20
439.0
 30
0.0
 40
1.8
  1
+42.000
 11
3562.0
 21
439.0
 31
0.0
100
AcDbText
  0
LINE
  5
DEC
330
17
100
AcDbEntity
  8
GRAPH
100
AcDbLine
 10
3724.0
 20
440.0
 30
0.0
 11
3760.0
 21
440.0
 31
0.0
  0
LINE
  5
DED
330
17
100
AcDbEntity
  8
GRAPH
100
AcDbLine
 10
3760.0
 20
440.0
 30
0.0
 11
3760.0
 21
462.0
 31
0.0
  0
LINE
  5
DEE
330
17
100
AcDbEntity
  8
GRAPH
100
AcDbLine
 10
3760.0
 20
462.0
 30
0.0
 11
3724.0
 21
462.0
 31
0.0
  0
LINE
  5
DEF
330
17
100
AcDbEntity
  8
GRAPH
100
AcDbLine
 10
3724.0
 20
462.0
 30
0.0
 11
3724.0
 21
440.0
 31
0.0
  0
LINE
  5
DF0
330
17
100
AcDbEntity
  8
GRAPH
100
AcDbLine
 10
3728.0
 20
445.0
 30
0.0
 11
3756.0
 21
445.0
 31
0.0
  0
LINE
  5
DF1
330
17
100
AcDbEntity
  8
GRAPH
100
AcDbLine
 10
3728.0
 20
450.0
 30
0.0
 11
3756.0
 21
450.0
 31
0.0
  0
LINE
  5
DF2
330
17
100
AcDbEntity
  8
GRAPH
100
AcDbLine
 10
3728.0
 20
455.0
 30
0.0
 11
3756.0
 21
455.0
 31
0.0
  0
LINE
  5
DF3
330
17
100
AcDbEntity
  8
GRAPH
100
AcDbLine
 10
3768.0
 20
443.0
 30
0.0
 11
3782.0
 21
443.0
 31
0.0
  0
LINE
  5
DF4
330
17
100
AcDbEntity
  8
GRAPH
100
AcDbLine
 10
3782.0
 20
443.0
 30
0.0
 11
3782.0
 21
459.0
 31
0.0
  0
LINE
  5
DF5
330
17
100
AcDbEntity
  8
GRAPH
100
AcDbLine
 10
3782.0
 20
459.0
 30
0.0
 11
3768.0
 21
459.0
 31
0.0
  0
LINE
  5
DF6
330
17
100
AcDbEntity
  8
GRAPH
100
AcDbLine
 10
3768.0
 20
459.0
 30
0.0
 11
3768.0
 21
443.0
 31
0.0
  0
LINE
  5
DF7
330
17
100
AcDbEntity
  8
GRAPH
100
AcDbLine
 10
3804.0
 20
446.0
 30
0.0
 11
3818.0
 21
446.0
 31
0.0
  0
LINE
  5
DF8
330
17
100
AcDbEntity
  8
GRAPH
100
AcDbLine
 10
3818.0
 20
446.0
 30
0.0
 11
3818.0
 21
456.0
 31
0.0
  0
LINE
  5
DF9
330
17
100
AcDbEntity
  8
GRAPH
100
AcDbLine
 10
3818.0
 20
456.0
 30
0.0
 11
3804.0
 21
456.0
 31
0.0
  0
LINE
  5
DFA
330
17
100
AcDbEntity
  8
GRAPH
100
AcDbLine
 10
3804.0
 20
456.0
 30
0.0
 11
3804.0
 21
446.0
 31
0.0
  0
LINE
  5
DFB
330
17
100
AcDbEntity
  8
GRAPH
100
AcDbLine
 10
3826.0
 20
446.0
 30
0.0
 11
3840.0
 21
446.0
 31
0.0
  0
LINE
  5
DFC
330
17
100
AcDbEntity
  8
GRAPH
100
AcDbLine
 10
3840.0
 20
446.0
 30
0.0
 11
3840.0
 21
456.0
 31
0.0
  0
LINE
  5
DFD
330
17
100
AcDbEntity
  8
GRAPH
100
AcDbLine
 10
3840.0
 20
456.0
 30
0.0
 11
3826.0
 21
456.0
 31
0.0
  0
LINE
  5
DFE
330
17
100
AcDbEntity
  8
GRAPH
100
AcDbLine
 10
3826.0
 20
456.0
 30
0.0
 11
3826.0
 21
446.0
 31
0.0
  0
LINE
  5
DFF
330
17
100
AcDbEntity
  8
GRAPH
100
AcDbLine
 10
3848.0
 20
446.0
 30
0.0
 11
3862.0
 21
446.0
 31
0.0
  0
LINE
  5
E00
330
17
100
AcDbEntity
  8
GRAPH
100
AcDbLine
 10
3862.0
 20
446.0
 30
0.0
 11
3862.0
 21
456.0
 31
0.0
  0
LINE
  5
E01
330
17
100
AcDbEntity
  8
GRAPH
100
AcDbLine
 10
3862.0
 20
456.0
 30
0.0
 11
3848.0
 21
456.0
 31
0.0
  0
LINE
  5
E02
330
17
100
AcDbEntity
  8
GRAPH
100
AcDbLine
 10
3848.0
 20
456.0
 30
0.0
 11
3848.0
 21
446.0
 31
0.0
  0
LINE
  5
E03
330
17
100
AcDbEntity
  8
GRAPH
100
AcDbLine
 10
3870.0
 20
446.0
 30
0.0
 11
3884.0
 21
446.0
 31
0.0
  0
LINE
  5
E04
330
17
100
AcDbEntity
  8
GRAPH
100
AcDbLine
 10
3884.0
 20
446.0
 30
0.0
 11
3884.0
 21
456.0
 31
0.0
  0
LINE
  5
E05
330
17
100
AcDbEntity
  8
GRAPH
100
AcDbLine
 10
3884.0
 20
456.0
 30
0.0
 11
3870.0
 21
456.0
 31
0.0
  0
LINE
  5
E06
330
17
100
AcDbEntity
  8
GRAPH
100
AcDbLine
 10
3870.0
 20
456.0
 30
0.0
 11
3870.0
 21
446.0
 31
0.0
  0
LINE
  5
E07
330
17
100
AcDbEntity
  8
GRAPH
100
AcDbLine
 10
3892.0
 20
446.0
 30
0.0
 11
3906.0
 21
446.0
 31
0.0
  0
LINE
  5
E08
330
17
100
AcDbEntity
  8
GRAPH
100
AcDbLine
 10
3906.0
 20
446.0
 30
0.0
 11
3906.0
 21
456.0
 31
0.0
  0
LINE
  5
E09
330
17
100
AcDbEntity
  8
GRAPH
100
AcDbLine
 10
3906.0
 20
456.0
 30
0.0
 11
3892.0
 21
456.0
 31
0.0
  0
LINE
  5
E0A
330
17
100
AcDbEntity
  8
GRAPH
100
AcDbLine
 10
3892.0
 20
456.0
 30
0.0
 11
3892.0
 21
446.0
 31
0.0
  0
LINE
  5
E0B
330
17
100
AcDbEntity
  8
GRAPH
100
AcDbLine
 10
3604.0
 20
462.0
 30
0.0
 11
3964.0
 21
462.0
 31
0.0
  0
TEXT
  5
E0C
330
17
100
AcDbEntity
  8
DIM
100
AcDbText
 10
3562.0
 20
461.0
 30
0.0
 40
1.8
  1
+45.000
 11
3562.0
 21
461.0
 31
0.0
100
AcDbText
  0
LINE
  5
E0D
330
17
100
AcDbEntity
  8
GRAPH
100
AcDbLine
 10
3724.0
 20
462.0
 30
0.0
 11
3760.0
 21
462.0
 31
0.0
  0
LINE
  5
E0E
330
17
100
AcDbEntity
  8
GRAPH
100
AcDbLine
 10
3760.0
 20
462.0
 30
0.0
 11
3760.0
 21
484.0
 31
0.0
  0
LINE
  5
E0F
330
17
100
AcDbEntity
  8
GRAPH
100
AcDbLine
 10
3760.0
 20
484.0
 30
0.0
 11
3724.0
 21
484.0
 31
0.0
  0
LINE
  5
E10
330
17
100
AcDbEntity
  8
GRAPH
100
AcDbLine
 10
3724.0
 20
484.0
 30
0.0
 11
3724.0
 21
462.0
 31
0.0
  0
LINE
  5
E11
330
17
100
AcDbEntity
  8
GRAPH
100
AcDbLine
 10
3728.0
 20
467.0
 30
0.0
 11
3756.0
 21
467.0
 31
0.0
  0
LINE
  5
E12
330
17
100
AcDbEntity
  8
GRAPH
100
AcDbLine
 10
3728.0
 20
472.0
 30
0.0
 11
3756.0
 21
472.0
 31
0.0
  0
LINE
  5
E13
330
17
100
AcDbEntity
  8
GRAPH
100
AcDbLine
 10
3728.0
 20
477.0
 30
0.0
 11
3756.0
 21
477.0
 31
0.0
  0
LINE
  5
E14
330
17
100
AcDbEntity
  8
GRAPH
100
AcDbLine
 10
3768.0
 20
465.0
 30
0.0
 11
3782.0
 21
465.0
 31
0.0
  0
LINE
  5
E15
330
17
100
AcDbEntity
  8
GRAPH
100
AcDbLine
 10
3782.0
 20
465.0
 30
0.0
 11
3782.0
 21
481.0
 31
0.0
  0
LINE
  5
E16
330
17
100
AcDbEntity
  8
GRAPH
100
AcDbLine
 10
3782.0
 20
481.0
 30
0.0
 11
3768.0
 21
481.0
 31
0.0
  0
LINE
  5
E17
330
17
100
AcDbEntity
  8
GRAPH
100
AcDbLine
 10
3768.0
 20
481.0
 30
0.0
 11
3768.0
 21
465.0
 31
0.0
  0
LINE
  5
E18
330
17
100
AcDbEntity
  8
GRAPH
100
AcDbLine
 10
3804.0
 20
468.0
 30
0.0
 11
3818.0
 21
468.0
 31
0.0
  0
LINE
  5
E19
330
17
100
AcDbEntity
  8
GRAPH
100
AcDbLine
 10
3818.0
 20
468.0
 30
0.0
 11
3818.0
 21
478.0
 31
0.0
  0
LINE
  5
E1A
330
17
100
AcDbEntity
  8
GRAPH
100
AcDbLine
 10
3818.0
 20
478.0
 30
0.0
 11
3804.0
 21
478.0
 31
0.0
  0
LINE
  5
E1B
330
17
100
AcDbEntity
  8
GRAPH
100
AcDbLine
 10
3804.0
 20
478.0
 30
0.0
 11
3804.0
 21
468.0
 31
0.0
  0
LINE
  5
E1C
330
17
100
AcDbEntity
  8
GRAPH
100
AcDbLine
 10
3826.0
 20
468.0
 30
0.0
 11
3840.0
 21
468.0
 31
0.0
  0
LINE
  5
E1D
330
17
100
AcDbEntity
  8
GRAPH
100
AcDbLine
 10
3840.0
 20
468.0
 30
0.0
 11
3840.0
 21
478.0
 31
0.0
  0
LINE
  5
E1E
330
17
100
AcDbEntity
  8
GRAPH
100
AcDbLine
 10
3840.0
 20
478.0
 30
0.0
 11
3826.0
 21
478.0
 31
0.0
  0
LINE
  5
E1F
330
17
100
AcDbEntity
  8
GRAPH
100
AcDbLine
 10
3826.0
 20
478.0
 30
0.0
 11
3826.0
 21
468.0
 31
0.0
  0
LINE
  5
E20
330
17
100
AcDbEntity
  8
GRAPH
100
AcDbLine
 10
3848.0
 20
468.0
 30
0.0
 11
3862.0
 21
468.0
 31
0.0
  0
LINE
  5
E21
330
17
100
AcDbEntity
  8
GRAPH
100
AcDbLine
 10
3862.0
 20
468.0
 30
0.0
 11
3862.0
 21
478.0
 31
0.0
  0
LINE
  5
E22
330
17
100
AcDbEntity
  8
GRAPH
100
AcDbLine
 10
3862.0
 20
478.0
 30
0.0
 11
3848.0
 21
478.0
 31
0.0
  0
LINE
  5
E23
330
17
100
AcDbEntity
  8
GRAPH
100
AcDbLine
 10
3848.0
 20
478.0
 30
0.0
 11
3848.0
 21
468.0
 31
0.0
  0
LINE
  5
E24
330
17
100
AcDbEntity
  8
GRAPH
100
AcDbLine
 10
3870.0
 20
468.0
 30
0.0
 11
3884.0
 21
468.0
 31
0.0
  0
LINE
  5
E25
330
17
100
AcDbEntity
  8
GRAPH
100
AcDbLine
 10
3884.0
 20
468.0
 30
0.0
 11
3884.0
 21
478.0
 31
0.0
  0
LINE
  5
E26
330
17
100
AcDbEntity
  8
GRAPH
100
AcDbLine
 10
3884.0
 20
478.0
 30
0.0
 11
3870.0
 21
478.0
 31
0.0
  0
LINE
  5
E27
330
17
100
AcDbEntity
  8
GRAPH
100
AcDbLine
 10
3870.0
 20
478.0
 30
0.0
 11
3870.0
 21
468.0
 31
0.0
  0
LINE
  5
E28
330
17
100
AcDbEntity
  8
GRAPH
100
AcDbLine
 10
3892.0
 20
468.0
 30
0.0
 11
3906.0
 21
468.0
 31
0.0
  0
LINE
  5
E29
330
17
100
AcDbEntity
  8
GRAPH
100
AcDbLine
 10
3906.0
 20
468.0
 30
0.0
 11
3906.0
 21
478.0
 31
0.0
  0
LINE
  5
E2A
330
17
100
AcDbEntity
  8
GRAPH
100
AcDbLine
 10
3906.0
 20
478.0
 30
0.0
 11
3892.0
 21
478.0
 31
0.0
  0
LINE
  5
E2B
330
17
100
AcDbEntity
  8
GRAPH
100
AcDbLine
 10
3892.0
 20
478.0
 30
0.0
 11
3892.0
 21
468.0
 31
0.0
  0
LINE
  5
E2C
330
17
100
AcDbEntity
  8
GRAPH
100
AcDbLine
 10
3604.0
 20
484.0
 30
0.0
 11
3964.0
 21
484.0
 31
0.0
  0
TEXT
  5
E2D
330
17
100
AcDbEntity
  8
DIM
100
AcDbText
 10
3562.0
 20
483.0
 30
0.0
 40
1.8
  1
+48.000
 11
3562.0
 21
483.0
 31
0.0
100
AcDbText
  0
LINE
  5
E2E
330
17
100
AcDbEntity
  8
GRAPH
100
AcDbLine
 10
3724.0
 20
484.0
 30
0.0
 11
3760.0
 21
484.0
 31
0.0
  0
LINE
  5
E2F
330
17
100
AcDbEntity
  8
GRAPH
100
AcDbLine
 10
3760.0
 20
484.0
 30
0.0
 11
3760.0
 21
506.0
 31
0.0
  0
LINE
  5
E30
330
17
100
AcDbEntity
  8
GRAPH
100
AcDbLine
 10
3760.0
 20
506.0
 30
0.0
 11
3724.0
 21
506.0
 31
0.0
  0
LINE
  5
E31
330
17
100
AcDbEntity
  8
GRAPH
100
AcDbLine
 10
3724.0
 20
506.0
 30
0.0
 11
3724.0
 21
484.0
 31
0.0
  0
LINE
  5
E32
330
17
100
AcDbEntity
  8
GRAPH
100
AcDbLine
 10
3728.0
 20
489.0
 30
0.0
 11
3756.0
 21
489.0
 31
0.0
  0
LINE
  5
E33
330
17
100
AcDbEntity
  8
GRAPH
100
AcDbLine
 10
3728.0
 20
494.0
 30
0.0
 11
3756.0
 21
494.0
 31
0.0
  0
LINE
  5
E34
330
17
100
AcDbEntity
  8
GRAPH
100
AcDbLine
 10
3728.0
 20
499.0
 30
0.0
 11
3756.0
 21
499.0
 31
0.0
  0
LINE
  5
E35
330
17
100
AcDbEntity
  8
GRAPH
100
AcDbLine
 10
3768.0
 20
487.0
 30
0.0
 11
3782.0
 21
487.0
 31
0.0
  0
LINE
  5
E36
330
17
100
AcDbEntity
  8
GRAPH
100
AcDbLine
 10
3782.0
 20
487.0
 30
0.0
 11
3782.0
 21
503.0
 31
0.0
  0
LINE
  5
E37
330
17
100
AcDbEntity
  8
GRAPH
100
AcDbLine
 10
3782.0
 20
503.0
 30
0.0
 11
3768.0
 21
503.0
 31
0.0
  0
LINE
  5
E38
330
17
100
AcDbEntity
  8
GRAPH
100
AcDbLine
 10
3768.0
 20
503.0
 30
0.0
 11
3768.0
 21
487.0
 31
0.0
  0
LINE
  5
E39
330
17
100
AcDbEntity
  8
GRAPH
100
AcDbLine
 10
3804.0
 20
490.0
 30
0.0
 11
3818.0
 21
490.0
 31
0.0
  0
LINE
  5
E3A
330
17
100
AcDbEntity
  8
GRAPH
100
AcDbLine
 10
3818.0
 20
490.0
 30
0.0
 11
3818.0
 21
500.0
 31
0.0
  0
LINE
  5
E3B
330
17
100
AcDbEntity
  8
GRAPH
100
AcDbLine
 10
3818.0
 20
500.0
 30
0.0
 11
3804.0
 21
500.0
 31
0.0
  0
LINE
  5
E3C
330
17
100
AcDbEntity
  8
GRAPH
100
AcDbLine
 10
3804.0
 20
500.0
 30
0.0
 11
3804.0
 21
490.0
 31
0.0
  0
LINE
  5
E3D
330
17
100
AcDbEntity
  8
GRAPH
100
AcDbLine
 10
3826.0
 20
490.0
 30
0.0
 11
3840.0
 21
490.0
 31
0.0
  0
LINE
  5
E3E
330
17
100
AcDbEntity
  8
GRAPH
100
AcDbLine
 10
3840.0
 20
490.0
 30
0.0
 11
3840.0
 21
500.0
 31
0.0
  0
LINE
  5
E3F
330
17
100
AcDbEntity
  8
GRAPH
100
AcDbLine
 10
3840.0
 20
500.0
 30
0.0
 11
3826.0
 21
500.0
 31
0.0
  0
LINE
  5
E40
330
17
100
AcDbEntity
  8
GRAPH
100
AcDbLine
 10
3826.0
 20
500.0
 30
0.0
 11
3826.0
 21
490.0
 31
0.0
  0
LINE
  5
E41
330
17
100
AcDbEntity
  8
GRAPH
100
AcDbLine
 10
3848.0
 20
490.0
 30
0.0
 11
3862.0
 21
490.0
 31
0.0
  0
LINE
  5
E42
330
17
100
AcDbEntity
  8
GRAPH
100
AcDbLine
 10
3862.0
 20
490.0
 30
0.0
 11
3862.0
 21
500.0
 31
0.0
  0
LINE
  5
E43
330
17
100
AcDbEntity
  8
GRAPH
100
AcDbLine
 10
3862.0
 20
500.0
 30
0.0
 11
3848.0
 21
500.0
 31
0.0
  0
LINE
  5
E44
330
17
100
AcDbEntity
  8
GRAPH
100
AcDbLine
 10
3848.0
 20
500.0
 30
0.0
 11
3848.0
 21
490.0
 31
0.0
  0
LINE
  5
E45
330
17
100
AcDbEntity
  8
GRAPH
100
AcDbLine
 10
3870.0
 20
490.0
 30
0.0
 11
3884.0
 21
490.0
 31
0.0
  0
LINE
  5
E46
330
17
100
AcDbEntity
  8
GRAPH
100
AcDbLine
 10
3884.0
 20
490.0
 30
0.0
 11
3884.0
 21
500.0
 31
0.0
  0
LINE
  5
E47
330
17
100
AcDbEntity
  8
GRAPH
100
AcDbLine
 10
3884.0
 20
500.0
 30
0.0
 11
3870.0
 21
500.0
 31
0.0
  0
LINE
  5
E48
330
17
100
AcDbEntity
  8
GRAPH
100
AcDbLine
 10
3870.0
 20
500.0
 30
0.0
 11
3870.0
 21
490.0
 31
0.0
  0
LINE
  5
E49
330
17
100
AcDbEntity
  8
GRAPH
100
AcDbLine
 10
3892.0
 20
490.0
 30
0.0
 11
3906.0
 21
490.0
 31
0.0
  0
LINE
  5
E4A
330
17
100
AcDbEntity
  8
GRAPH
100
AcDbLine
 10
3906.0
 20
490.0
 30
0.0
 11
3906.0
 21
500.0
 31
0.0
  0
LINE
  5
E4B
330
17
100
AcDbEntity
  8
GRAPH
100
AcDbLine
 10
3906.0
 20
500.0
 30
0.0
 11
3892.0
 21
500.0
 31
0.0
  0
LINE
  5
E4C
330
17
100
AcDbEntity
  8
GRAPH
100
AcDbLine
 10
3892.0
 20
500.0
 30
0.0
 11
3892.0
 21
490.0
 31
0.0
  0
TEXT
  5
E4D
330
17
100
AcDbEntity
  8
DIM
100
AcDbText
 10
3984.0
 20
130.0
 30
0.0
 40
2.2
  1
отметка чистого пола +0.150
 11
3984.0
 21
130.0
 31
0.0
100
AcDbText
  0
TEXT
  5
E4E
330
17
100
AcDbEntity
  8
DIM
100
AcDbText
 10
3984.0
 20
150.0
 30
0.0
 40
2.1
  1
в разрезе отметка чистого пола +0.250
 11
3984.0
 21
150.0
 31
0.0
100
AcDbText
  0
TEXT
  5
E4F
330
17
100
AcDbEntity
  8
DIM
100
AcDbText
 10
3984.0
 20
470.0
 30
0.0
 40
2.3
  1
высота здания 54.00 м
 11
3984.0
 21
470.0
 31
0.0
100
AcDbText
  0
TEXT
  5
E50
330
17
100
AcDbEntity
  8
DIM
100
AcDbText
 10
3984.0
 20
458.0
 30
0.0
 40
2.1
  1
по разрезу высота здания 51.60 м
 11
3984.0
 21
458.0
 31
0.0
100
AcDbText
  0
TEXT
  5
E51
330
17
100
AcDbEntity
  8
TEXT
100
AcDbText
 10
3538.0
 20
88.0
 30
0.0
 40
2.8
  1
ПРИМЕЧАНИЯ. Намеренные расхождения:
 11
3538.0
 21
88.0
 31
0.0
100
AcDbText
  0
TEXT
  5
E52
330
17
100
AcDbEntity
  8
TEXT
100
AcDbText
 10
3538.0
 20
80.0
 30
0.0
 40
2.05
  1
1. площадь застройки принята 2450 м2. по расчёту ПЗУ площадь равна 2180 м2.
 11
3538.0
 21
80.0
 31
0.0
100
AcDbText
  0
TEXT
  5
E53
330
17
100
AcDbEntity
  8
TEXT
100
AcDbText
 10
3538.0
 20
75.6
 30
0.0
 40
2.05
  1
2. масштаб чертежа 1:100. в задании указан масштаб 1:200.
 11
3538.0
 21
75.6
 31
0.0
100
AcDbText
  0
TEXT
  5
E54
330
17
100
AcDbEntity
  8
TEXT
100
AcDbText
 10
3538.0
 20
71.2
 30
0.0
 40
2.05
  1
3. длина участка L=12.50 м. по обмеру длина участка L=11.80 м.
 11
3538.0
 21
71.2
 31
0.0
100
AcDbText
  0
TEXT
  5
E55
330
17
100
AcDbEntity
  8
TEXT
100
AcDbText
 10
3538.0
 20
66.8
 30
0.0
 40
2.05
  1
4. счетчик ВСХН-20 количество 7 шт. по заданию требуется 4 шт ВСХН-20.
 11
3538.0
 21
66.8
 31
0.0
100
AcDbText
  0
TEXT
  5
E56
330
17
100
AcDbEntity
  8
TEXT
100
AcDbText
 10
3538.0
 20
62.4
 30
0.0
 40
2.05
  1
5. отметка чистого пола +0.150. в разрезе отметка чистого пола +0.250.
 11
3538.0
 21
62.4
 31
0.0
100
AcDbText
  0
TEXT
  5
E57
330
17
100
AcDbEntity
  8
TEXT
100
AcDbText
 10
3538.0
 20
58.0
 30
0.0
 40
2.05
  1
6. высота здания 54.00 м. по разрезу высота здания 51.60 м.
 11
3538.0
 21
58.0
 31
0.0
100
AcDbText
  0
TEXT
  5
E58
330
17
100
AcDbEntity
  8
TEXT
100
AcDbText
 10
3538.0
 20
53.599999999999994
 30
0.0
 40
2.05
  1
7. машиномест в стилобате 86. по расчёту требуется 72 машиноместа.
 11
3538.0
 21
53.599999999999994
 31
0.0
100
AcDbText
  0
TEXT
  5
E59
330
17
100
AcDbEntity
  8
TEXT
100
AcDbText
 10
3538.0
 20
49.199999999999996
 30
0.0
 40
2.05
  1
8. степень огнестойкости II. в задании степень огнестойкости III.
 11
3538.0
 21
49.199999999999996
 31
0.0
100
AcDbText
  0
TEXT
  5
E5A
330
17
100
AcDbEntity
  8
TEXT
100
AcDbText
 10
3538.0
 20
44.8
 30
0.0
 40
2.05
  1
9. грузоподъёмность лифта 1000 кг. по заданию лифт 630 кг.
 11
3538.0
 21
44.8
 31
0.0
100
AcDbText
  0
TEXT
  5
E5B
330
17
100
AcDbEntity
  8
TEXT
100
AcDbText
 10
3538.0
 20
40.4
 30
0.0
 40
2.05
  1
10. ввод водопровода Ду100. по ТУ ввод водопровода Ду80.
 11
3538.0
 21
40.4
 31
0.0
100
AcDbText
  0
TEXT
  5
E5C
330
17
100
AcDbEntity
  8
TEXT
100
AcDbText
 10
3538.0
 20
36.0
 30
0.0
 40
2.05
  1
11. надземных этажей 17. в задании надземных этажей 16.
 11
3538.0
 21
36.0
 31
0.0
100
AcDbText
  0
TEXT
  5
E5D
330
17
100
AcDbEntity
  8
TEXT
100
AcDbText
 10
3538.0
 20
31.599999999999994
 30
0.0
 40
2.05
  1
12. озеленение участка 28 %. по ПЗЗ озеленение не менее 35 %.
 11
3538.0
 21
31.599999999999994
 31
0.0
100
AcDbText
  0
TEXT
  5
E5E
330
17
100
AcDbEntity
  8
TEXT
100
AcDbText
 10
3538.0
 20
27.199999999999996
 30
0.0
 40
2.05
  1
13. площадь квартиры 105 равна 38.4 м2. по обмеру квартира 105 равна 42.1 м2.
 11
3538.0
 21
27.199999999999996
 31
0.0
100
AcDbText
  0
TEXT
  5
E5F
330
17
100
AcDbEntity
  8
TEXT
100
AcDbText
 10
3538.0
 20
22.799999999999997
 30
0.0
 40
2.05
  1
14. ширина лестничного марша 1.20 м. по нормам ширина марша 1.35 м.
 11
3538.0
 21
22.799999999999997
 31
0.0
100
AcDbText
  0
TEXT
  5
E60
330
17
100
AcDbEntity
  8
TEXT
100
AcDbText
 10
3538.0
 20
18.39999999999999
 30
0.0
 40
2.05
  1
15. расчётная мощность 250 кВт. по ТУ электроснабжения 180 кВт.
 11
3538.0
 21
18.39999999999999
 31
0.0
100
AcDbText
  0
LINE
  5
E61
330
17
100
AcDbEntity
  8
GRAPH
100
AcDbLine
 10
4145.0
 20
14.0
 30
0.0
 11
4345.0
 21
14.0
 31
0.0
  0
LINE
  5
E62
330
17
100
AcDbEntity
  8
GRAPH
100
AcDbLine
 10
4345.0
 20
14.0
 30
0.0
 11
4345.0
 21
84.0
 31
0.0
  0
LINE
  5
E63
330
17
100
AcDbEntity
  8
GRAPH
100
AcDbLine
 10
4345.0
 20
84.0
 30
0.0
 11
4145.0
 21
84.0
 31
0.0
  0
LINE
  5
E64
330
17
100
AcDbEntity
  8
GRAPH
100
AcDbLine
 10
4145.0
 20
84.0
 30
0.0
 11
4145.0
 21
14.0
 31
0.0
  0
LINE
  5
E65
330
17
100
AcDbEntity
  8
GRAPH
100
AcDbLine
 10
4145.0
 20
36.0
 30
0.0
 11
4345.0
 21
36.0
 31
0.0
  0
LINE
  5
E66
330
17
100
AcDbEntity
  8
GRAPH
100
AcDbLine
 10
4145.0
 20
58.0
 30
0.0
 11
4345.0
 21
58.0
 31
0.0
  0
LINE
  5
E67
330
17
100
AcDbEntity
  8
GRAPH
100
AcDbLine
 10
4235.0
 20
14.0
 30
0.0
 11
4235.0
 21
84.0
 31
0.0
  0
TEXT
  5
E68
330
17
100
AcDbEntity
  8
TEXT
100
AcDbText
 10
4149.0
 20
66.0
 30
0.0
 40
2.4
  1
Северный квартал
 11
4149.0
 21
66.0
 31
0.0
100
AcDbText
  0
TEXT
  5
E69
330
17
100
AcDbEntity
  8
TEXT
100
AcDbText
 10
4239.0
 20
66.0
 30
0.0
 40
2.6
  1
Лист 5/8
 11
4239.0
 21
66.0
 31
0.0
100
AcDbText
  0
TEXT
  5
E6A
330
17
100
AcDbEntity
  8
TEXT
100
AcDbText
 10
4149.0
 20
44.0
 30
0.0
 40
2.2
  1
Разрез 1-1
 11
4149.0
 21
44.0
 31
0.0
100
AcDbText
  0
TEXT
  5
E6B
330
17
100
AcDbEntity
  8
TEXT
100
AcDbText
 10
4239.0
 20
44.0
 30
0.0
 40
2.1
  1
масштаб чертежа 1:100
 11
4239.0
 21
44.0
 31
0.0
100
AcDbText
  0
TEXT
  5
E6C
330
17
100
AcDbEntity
  8
TEXT
100
AcDbText
 10
4149.0
 20
24.0
 30
0.0
 40
2.0
  1
в задании указан масштаб 1:200
 11
4149.0
 21
24.0
 31
0.0
100
AcDbText
  0
LWPOLYLINE
  5
E6D
330
17
100
AcDbEntity
  8
GRAPH
100
AcDbPolyline
 90
4
 70
1
 10
4405.0
 20
0.0
 10
5246.0
 20
0.0
 10
5246.0
 20
594.0
 10
4405.0
 20
594.0
  0
LINE
  5
E6E
330
17
100
AcDbEntity
  8
GRAPH
100
AcDbLine
 10
4411.0
 20
6.0
 30
0.0
 11
5240.0
 21
6.0
 31
0.0
  0
LINE
  5
E6F
330
17
100
AcDbEntity
  8
GRAPH
100
AcDbLine
 10
5240.0
 20
6.0
 30
0.0
 11
5240.0
 21
588.0
 31
0.0
  0
LINE
  5
E70
330
17
100
AcDbEntity
  8
GRAPH
100
AcDbLine
 10
5240.0
 20
588.0
 30
0.0
 11
4411.0
 21
588.0
 31
0.0
  0
LINE
  5
E71
330
17
100
AcDbEntity
  8
GRAPH
100
AcDbLine
 10
4411.0
 20
588.0
 30
0.0
 11
4411.0
 21
6.0
 31
0.0
  0
TEXT
  5
E72
330
17
100
AcDbEntity
  8
TEXT
100
AcDbText
 10
4421.0
 20
572.0
 30
0.0
 40
5.5
  1
ФАСАД 1–3. Внутриквартальный проезд
 11
4421.0
 21
572.0
 31
0.0
100
AcDbText
  0
TEXT
  5
E73
330
17
100
AcDbEntity
  8
TEXT
100
AcDbText
 10
4421.0
 20
562.0
 30
0.0
 40
2.3
  1
высота здания 54.00 м. степень огнестойкости II. в задании степень огнестойкости III.
 11
4421.0
 21
562.0
 31
0.0
100
AcDbText
  0
LINE
  5
E74
330
17
100
AcDbEntity
  8
GRAPH
100
AcDbLine
 10
4435.0
 20
110.0
 30
0.0
 11
5155.0
 21
110.0
 31
0.0
  0
LINE
  5
E75
330
17
100
AcDbEntity
  8
GRAPH
100
AcDbLine
 10
5155.0
 20
110.0
 30
0.0
 11
5155.0
 21
510.0
 31
0.0
  0
LINE
  5
E76
330
17
100
AcDbEntity
  8
GRAPH
100
AcDbLine
 10
5155.0
 20
510.0
 30
0.0
 11
4435.0
 21
510.0
 31
0.0
  0
LINE
  5
E77
330
17
100
AcDbEntity
  8
GRAPH
100
AcDbLine
 10
4435.0
 20
510.0
 30
0.0
 11
4435.0
 21
110.0
 31
0.0
  0
LINE
  5
E78
330
17
100
AcDbEntity
  8
GRAPH
100
AcDbLine
 10
4435.0
 20
110.0
 30
0.0
 11
4435.0
 21
510.0
 31
0.0
  0
LINE
  5
E79
330
17
100
AcDbEntity
  8
GRAPH
100
AcDbLine
 10
4447.0
 20
122.0
 30
0.0
 11
4469.0
 21
122.0
 31
0.0
  0
LINE
  5
E7A
330
17
100
AcDbEntity
  8
GRAPH
100
AcDbLine
 10
4469.0
 20
122.0
 30
0.0
 11
4469.0
 21
136.0
 31
0.0
  0
LINE
  5
E7B
330
17
100
AcDbEntity
  8
GRAPH
100
AcDbLine
 10
4469.0
 20
136.0
 30
0.0
 11
4447.0
 21
136.0
 31
0.0
  0
LINE
  5
E7C
330
17
100
AcDbEntity
  8
GRAPH
100
AcDbLine
 10
4447.0
 20
136.0
 30
0.0
 11
4447.0
 21
122.0
 31
0.0
  0
LINE
  5
E7D
330
17
100
AcDbEntity
  8
GRAPH
100
AcDbLine
 10
4479.0
 20
122.0
 30
0.0
 11
4501.0
 21
122.0
 31
0.0
  0
LINE
  5
E7E
330
17
100
AcDbEntity
  8
GRAPH
100
AcDbLine
 10
4501.0
 20
122.0
 30
0.0
 11
4501.0
 21
136.0
 31
0.0
  0
LINE
  5
E7F
330
17
100
AcDbEntity
  8
GRAPH
100
AcDbLine
 10
4501.0
 20
136.0
 30
0.0
 11
4479.0
 21
136.0
 31
0.0
  0
LINE
  5
E80
330
17
100
AcDbEntity
  8
GRAPH
100
AcDbLine
 10
4479.0
 20
136.0
 30
0.0
 11
4479.0
 21
122.0
 31
0.0
  0
LINE
  5
E81
330
17
100
AcDbEntity
  8
GRAPH
100
AcDbLine
 10
4511.0
 20
122.0
 30
0.0
 11
4533.0
 21
122.0
 31
0.0
  0
LINE
  5
E82
330
17
100
AcDbEntity
  8
GRAPH
100
AcDbLine
 10
4533.0
 20
122.0
 30
0.0
 11
4533.0
 21
136.0
 31
0.0
  0
LINE
  5
E83
330
17
100
AcDbEntity
  8
GRAPH
100
AcDbLine
 10
4533.0
 20
136.0
 30
0.0
 11
4511.0
 21
136.0
 31
0.0
  0
LINE
  5
E84
330
17
100
AcDbEntity
  8
GRAPH
100
AcDbLine
 10
4511.0
 20
136.0
 30
0.0
 11
4511.0
 21
122.0
 31
0.0
  0
LINE
  5
E85
330
17
100
AcDbEntity
  8
GRAPH
100
AcDbLine
 10
4543.0
 20
122.0
 30
0.0
 11
4565.0
 21
122.0
 31
0.0
  0
LINE
  5
E86
330
17
100
AcDbEntity
  8
GRAPH
100
AcDbLine
 10
4565.0
 20
122.0
 30
0.0
 11
4565.0
 21
136.0
 31
0.0
  0
LINE
  5
E87
330
17
100
AcDbEntity
  8
GRAPH
100
AcDbLine
 10
4565.0
 20
136.0
 30
0.0
 11
4543.0
 21
136.0
 31
0.0
  0
LINE
  5
E88
330
17
100
AcDbEntity
  8
GRAPH
100
AcDbLine
 10
4543.0
 20
136.0
 30
0.0
 11
4543.0
 21
122.0
 31
0.0
  0
LINE
  5
E89
330
17
100
AcDbEntity
  8
GRAPH
100
AcDbLine
 10
4575.0
 20
122.0
 30
0.0
 11
4597.0
 21
122.0
 31
0.0
  0
LINE
  5
E8A
330
17
100
AcDbEntity
  8
GRAPH
100
AcDbLine
 10
4597.0
 20
122.0
 30
0.0
 11
4597.0
 21
136.0
 31
0.0
  0
LINE
  5
E8B
330
17
100
AcDbEntity
  8
GRAPH
100
AcDbLine
 10
4597.0
 20
136.0
 30
0.0
 11
4575.0
 21
136.0
 31
0.0
  0
LINE
  5
E8C
330
17
100
AcDbEntity
  8
GRAPH
100
AcDbLine
 10
4575.0
 20
136.0
 30
0.0
 11
4575.0
 21
122.0
 31
0.0
  0
LINE
  5
E8D
330
17
100
AcDbEntity
  8
GRAPH
100
AcDbLine
 10
4607.0
 20
122.0
 30
0.0
 11
4629.0
 21
122.0
 31
0.0
  0
LINE
  5
E8E
330
17
100
AcDbEntity
  8
GRAPH
100
AcDbLine
 10
4629.0
 20
122.0
 30
0.0
 11
4629.0
 21
136.0
 31
0.0
  0
LINE
  5
E8F
330
17
100
AcDbEntity
  8
GRAPH
100
AcDbLine
 10
4629.0
 20
136.0
 30
0.0
 11
4607.0
 21
136.0
 31
0.0
  0
LINE
  5
E90
330
17
100
AcDbEntity
  8
GRAPH
100
AcDbLine
 10
4607.0
 20
136.0
 30
0.0
 11
4607.0
 21
122.0
 31
0.0
  0
LINE
  5
E91
330
17
100
AcDbEntity
  8
GRAPH
100
AcDbLine
 10
4639.0
 20
122.0
 30
0.0
 11
4661.0
 21
122.0
 31
0.0
  0
LINE
  5
E92
330
17
100
AcDbEntity
  8
GRAPH
100
AcDbLine
 10
4661.0
 20
122.0
 30
0.0
 11
4661.0
 21
136.0
 31
0.0
  0
LINE
  5
E93
330
17
100
AcDbEntity
  8
GRAPH
100
AcDbLine
 10
4661.0
 20
136.0
 30
0.0
 11
4639.0
 21
136.0
 31
0.0
  0
LINE
  5
E94
330
17
100
AcDbEntity
  8
GRAPH
100
AcDbLine
 10
4639.0
 20
136.0
 30
0.0
 11
4639.0
 21
122.0
 31
0.0
  0
LINE
  5
E95
330
17
100
AcDbEntity
  8
GRAPH
100
AcDbLine
 10
4447.0
 20
144.0
 30
0.0
 11
4469.0
 21
144.0
 31
0.0
  0
LINE
  5
E96
330
17
100
AcDbEntity
  8
GRAPH
100
AcDbLine
 10
4469.0
 20
144.0
 30
0.0
 11
4469.0
 21
158.0
 31
0.0
  0
LINE
  5
E97
330
17
100
AcDbEntity
  8
GRAPH
100
AcDbLine
 10
4469.0
 20
158.0
 30
0.0
 11
4447.0
 21
158.0
 31
0.0
  0
LINE
  5
E98
330
17
100
AcDbEntity
  8
GRAPH
100
AcDbLine
 10
4447.0
 20
158.0
 30
0.0
 11
4447.0
 21
144.0
 31
0.0
  0
LINE
  5
E99
330
17
100
AcDbEntity
  8
GRAPH
100
AcDbLine
 10
4479.0
 20
144.0
 30
0.0
 11
4501.0
 21
144.0
 31
0.0
  0
LINE
  5
E9A
330
17
100
AcDbEntity
  8
GRAPH
100
AcDbLine
 10
4501.0
 20
144.0
 30
0.0
 11
4501.0
 21
158.0
 31
0.0
  0
LINE
  5
E9B
330
17
100
AcDbEntity
  8
GRAPH
100
AcDbLine
 10
4501.0
 20
158.0
 30
0.0
 11
4479.0
 21
158.0
 31
0.0
  0
LINE
  5
E9C
330
17
100
AcDbEntity
  8
GRAPH
100
AcDbLine
 10
4479.0
 20
158.0
 30
0.0
 11
4479.0
 21
144.0
 31
0.0
  0
LINE
  5
E9D
330
17
100
AcDbEntity
  8
GRAPH
100
AcDbLine
 10
4511.0
 20
144.0
 30
0.0
 11
4533.0
 21
144.0
 31
0.0
  0
LINE
  5
E9E
330
17
100
AcDbEntity
  8
GRAPH
100
AcDbLine
 10
4533.0
 20
144.0
 30
0.0
 11
4533.0
 21
158.0
 31
0.0
  0
LINE
  5
E9F
330
17
100
AcDbEntity
  8
GRAPH
100
AcDbLine
 10
4533.0
 20
158.0
 30
0.0
 11
4511.0
 21
158.0
 31
0.0
  0
LINE
  5
EA0
330
17
100
AcDbEntity
  8
GRAPH
100
AcDbLine
 10
4511.0
 20
158.0
 30
0.0
 11
4511.0
 21
144.0
 31
0.0
  0
LINE
  5
EA1
330
17
100
AcDbEntity
  8
GRAPH
100
AcDbLine
 10
4543.0
 20
144.0
 30
0.0
 11
4565.0
 21
144.0
 31
0.0
  0
LINE
  5
EA2
330
17
100
AcDbEntity
  8
GRAPH
100
AcDbLine
 10
4565.0
 20
144.0
 30
0.0
 11
4565.0
 21
158.0
 31
0.0
  0
LINE
  5
EA3
330
17
100
AcDbEntity
  8
GRAPH
100
AcDbLine
 10
4565.0
 20
158.0
 30
0.0
 11
4543.0
 21
158.0
 31
0.0
  0
LINE
  5
EA4
330
17
100
AcDbEntity
  8
GRAPH
100
AcDbLine
 10
4543.0
 20
158.0
 30
0.0
 11
4543.0
 21
144.0
 31
0.0
  0
LINE
  5
EA5
330
17
100
AcDbEntity
  8
GRAPH
100
AcDbLine
 10
4575.0
 20
144.0
 30
0.0
 11
4597.0
 21
144.0
 31
0.0
  0
LINE
  5
EA6
330
17
100
AcDbEntity
  8
GRAPH
100
AcDbLine
 10
4597.0
 20
144.0
 30
0.0
 11
4597.0
 21
158.0
 31
0.0
  0
LINE
  5
EA7
330
17
100
AcDbEntity
  8
GRAPH
100
AcDbLine
 10
4597.0
 20
158.0
 30
0.0
 11
4575.0
 21
158.0
 31
0.0
  0
LINE
  5
EA8
330
17
100
AcDbEntity
  8
GRAPH
100
AcDbLine
 10
4575.0
 20
158.0
 30
0.0
 11
4575.0
 21
144.0
 31
0.0
  0
LINE
  5
EA9
330
17
100
AcDbEntity
  8
GRAPH
100
AcDbLine
 10
4607.0
 20
144.0
 30
0.0
 11
4629.0
 21
144.0
 31
0.0
  0
LINE
  5
EAA
330
17
100
AcDbEntity
  8
GRAPH
100
AcDbLine
 10
4629.0
 20
144.0
 30
0.0
 11
4629.0
 21
158.0
 31
0.0
  0
LINE
  5
EAB
330
17
100
AcDbEntity
  8
GRAPH
100
AcDbLine
 10
4629.0
 20
158.0
 30
0.0
 11
4607.0
 21
158.0
 31
0.0
  0
LINE
  5
EAC
330
17
100
AcDbEntity
  8
GRAPH
100
AcDbLine
 10
4607.0
 20
158.0
 30
0.0
 11
4607.0
 21
144.0
 31
0.0
  0
LINE
  5
EAD
330
17
100
AcDbEntity
  8
GRAPH
100
AcDbLine
 10
4639.0
 20
144.0
 30
0.0
 11
4661.0
 21
144.0
 31
0.0
  0
LINE
  5
EAE
330
17
100
AcDbEntity
  8
GRAPH
100
AcDbLine
 10
4661.0
 20
144.0
 30
0.0
 11
4661.0
 21
158.0
 31
0.0
  0
LINE
  5
EAF
330
17
100
AcDbEntity
  8
GRAPH
100
AcDbLine
 10
4661.0
 20
158.0
 30
0.0
 11
4639.0
 21
158.0
 31
0.0
  0
LINE
  5
EB0
330
17
100
AcDbEntity
  8
GRAPH
100
AcDbLine
 10
4639.0
 20
158.0
 30
0.0
 11
4639.0
 21
144.0
 31
0.0
  0
LINE
  5
EB1
330
17
100
AcDbEntity
  8
GRAPH
100
AcDbLine
 10
4447.0
 20
166.0
 30
0.0
 11
4469.0
 21
166.0
 31
0.0
  0
LINE
  5
EB2
330
17
100
AcDbEntity
  8
GRAPH
100
AcDbLine
 10
4469.0
 20
166.0
 30
0.0
 11
4469.0
 21
180.0
 31
0.0
  0
LINE
  5
EB3
330
17
100
AcDbEntity
  8
GRAPH
100
AcDbLine
 10
4469.0
 20
180.0
 30
0.0
 11
4447.0
 21
180.0
 31
0.0
  0
LINE
  5
EB4
330
17
100
AcDbEntity
  8
GRAPH
100
AcDbLine
 10
4447.0
 20
180.0
 30
0.0
 11
4447.0
 21
166.0
 31
0.0
  0
LINE
  5
EB5
330
17
100
AcDbEntity
  8
GRAPH
100
AcDbLine
 10
4479.0
 20
166.0
 30
0.0
 11
4501.0
 21
166.0
 31
0.0
  0
LINE
  5
EB6
330
17
100
AcDbEntity
  8
GRAPH
100
AcDbLine
 10
4501.0
 20
166.0
 30
0.0
 11
4501.0
 21
180.0
 31
0.0
  0
LINE
  5
EB7
330
17
100
AcDbEntity
  8
GRAPH
100
AcDbLine
 10
4501.0
 20
180.0
 30
0.0
 11
4479.0
 21
180.0
 31
0.0
  0
LINE
  5
EB8
330
17
100
AcDbEntity
  8
GRAPH
100
AcDbLine
 10
4479.0
 20
180.0
 30
0.0
 11
4479.0
 21
166.0
 31
0.0
  0
LINE
  5
EB9
330
17
100
AcDbEntity
  8
GRAPH
100
AcDbLine
 10
4511.0
 20
166.0
 30
0.0
 11
4533.0
 21
166.0
 31
0.0
  0
LINE
  5
EBA
330
17
100
AcDbEntity
  8
GRAPH
100
AcDbLine
 10
4533.0
 20
166.0
 30
0.0
 11
4533.0
 21
180.0
 31
0.0
  0
LINE
  5
EBB
330
17
100
AcDbEntity
  8
GRAPH
100
AcDbLine
 10
4533.0
 20
180.0
 30
0.0
 11
4511.0
 21
180.0
 31
0.0
  0
LINE
  5
EBC
330
17
100
AcDbEntity
  8
GRAPH
100
AcDbLine
 10
4511.0
 20
180.0
 30
0.0
 11
4511.0
 21
166.0
 31
0.0
  0
LINE
  5
EBD
330
17
100
AcDbEntity
  8
GRAPH
100
AcDbLine
 10
4543.0
 20
166.0
 30
0.0
 11
4565.0
 21
166.0
 31
0.0
  0
LINE
  5
EBE
330
17
100
AcDbEntity
  8
GRAPH
100
AcDbLine
 10
4565.0
 20
166.0
 30
0.0
 11
4565.0
 21
180.0
 31
0.0
  0
LINE
  5
EBF
330
17
100
AcDbEntity
  8
GRAPH
100
AcDbLine
 10
4565.0
 20
180.0
 30
0.0
 11
4543.0
 21
180.0
 31
0.0
  0
LINE
  5
EC0
330
17
100
AcDbEntity
  8
GRAPH
100
AcDbLine
 10
4543.0
 20
180.0
 30
0.0
 11
4543.0
 21
166.0
 31
0.0
  0
LINE
  5
EC1
330
17
100
AcDbEntity
  8
GRAPH
100
AcDbLine
 10
4575.0
 20
166.0
 30
0.0
 11
4597.0
 21
166.0
 31
0.0
  0
LINE
  5
EC2
330
17
100
AcDbEntity
  8
GRAPH
100
AcDbLine
 10
4597.0
 20
166.0
 30
0.0
 11
4597.0
 21
180.0
 31
0.0
  0
LINE
  5
EC3
330
17
100
AcDbEntity
  8
GRAPH
100
AcDbLine
 10
4597.0
 20
180.0
 30
0.0
 11
4575.0
 21
180.0
 31
0.0
  0
LINE
  5
EC4
330
17
100
AcDbEntity
  8
GRAPH
100
AcDbLine
 10
4575.0
 20
180.0
 30
0.0
 11
4575.0
 21
166.0
 31
0.0
  0
LINE
  5
EC5
330
17
100
AcDbEntity
  8
GRAPH
100
AcDbLine
 10
4607.0
 20
166.0
 30
0.0
 11
4629.0
 21
166.0
 31
0.0
  0
LINE
  5
EC6
330
17
100
AcDbEntity
  8
GRAPH
100
AcDbLine
 10
4629.0
 20
166.0
 30
0.0
 11
4629.0
 21
180.0
 31
0.0
  0
LINE
  5
EC7
330
17
100
AcDbEntity
  8
GRAPH
100
AcDbLine
 10
4629.0
 20
180.0
 30
0.0
 11
4607.0
 21
180.0
 31
0.0
  0
LINE
  5
EC8
330
17
100
AcDbEntity
  8
GRAPH
100
AcDbLine
 10
4607.0
 20
180.0
 30
0.0
 11
4607.0
 21
166.0
 31
0.0
  0
LINE
  5
EC9
330
17
100
AcDbEntity
  8
GRAPH
100
AcDbLine
 10
4639.0
 20
166.0
 30
0.0
 11
4661.0
 21
166.0
 31
0.0
  0
LINE
  5
ECA
330
17
100
AcDbEntity
  8
GRAPH
100
AcDbLine
 10
4661.0
 20
166.0
 30
0.0
 11
4661.0
 21
180.0
 31
0.0
  0
LINE
  5
ECB
330
17
100
AcDbEntity
  8
GRAPH
100
AcDbLine
 10
4661.0
 20
180.0
 30
0.0
 11
4639.0
 21
180.0
 31
0.0
  0
LINE
  5
ECC
330
17
100
AcDbEntity
  8
GRAPH
100
AcDbLine
 10
4639.0
 20
180.0
 30
0.0
 11
4639.0
 21
166.0
 31
0.0
  0
LINE
  5
ECD
330
17
100
AcDbEntity
  8
GRAPH
100
AcDbLine
 10
4447.0
 20
188.0
 30
0.0
 11
4469.0
 21
188.0
 31
0.0
  0
LINE
  5
ECE
330
17
100
AcDbEntity
  8
GRAPH
100
AcDbLine
 10
4469.0
 20
188.0
 30
0.0
 11
4469.0
 21
202.0
 31
0.0
  0
LINE
  5
ECF
330
17
100
AcDbEntity
  8
GRAPH
100
AcDbLine
 10
4469.0
 20
202.0
 30
0.0
 11
4447.0
 21
202.0
 31
0.0
  0
LINE
  5
ED0
330
17
100
AcDbEntity
  8
GRAPH
100
AcDbLine
 10
4447.0
 20
202.0
 30
0.0
 11
4447.0
 21
188.0
 31
0.0
  0
LINE
  5
ED1
330
17
100
AcDbEntity
  8
GRAPH
100
AcDbLine
 10
4479.0
 20
188.0
 30
0.0
 11
4501.0
 21
188.0
 31
0.0
  0
LINE
  5
ED2
330
17
100
AcDbEntity
  8
GRAPH
100
AcDbLine
 10
4501.0
 20
188.0
 30
0.0
 11
4501.0
 21
202.0
 31
0.0
  0
LINE
  5
ED3
330
17
100
AcDbEntity
  8
GRAPH
100
AcDbLine
 10
4501.0
 20
202.0
 30
0.0
 11
4479.0
 21
202.0
 31
0.0
  0
LINE
  5
ED4
330
17
100
AcDbEntity
  8
GRAPH
100
AcDbLine
 10
4479.0
 20
202.0
 30
0.0
 11
4479.0
 21
188.0
 31
0.0
  0
LINE
  5
ED5
330
17
100
AcDbEntity
  8
GRAPH
100
AcDbLine
 10
4511.0
 20
188.0
 30
0.0
 11
4533.0
 21
188.0
 31
0.0
  0
LINE
  5
ED6
330
17
100
AcDbEntity
  8
GRAPH
100
AcDbLine
 10
4533.0
 20
188.0
 30
0.0
 11
4533.0
 21
202.0
 31
0.0
  0
LINE
  5
ED7
330
17
100
AcDbEntity
  8
GRAPH
100
AcDbLine
 10
4533.0
 20
202.0
 30
0.0
 11
4511.0
 21
202.0
 31
0.0
  0
LINE
  5
ED8
330
17
100
AcDbEntity
  8
GRAPH
100
AcDbLine
 10
4511.0
 20
202.0
 30
0.0
 11
4511.0
 21
188.0
 31
0.0
  0
LINE
  5
ED9
330
17
100
AcDbEntity
  8
GRAPH
100
AcDbLine
 10
4543.0
 20
188.0
 30
0.0
 11
4565.0
 21
188.0
 31
0.0
  0
LINE
  5
EDA
330
17
100
AcDbEntity
  8
GRAPH
100
AcDbLine
 10
4565.0
 20
188.0
 30
0.0
 11
4565.0
 21
202.0
 31
0.0
  0
LINE
  5
EDB
330
17
100
AcDbEntity
  8
GRAPH
100
AcDbLine
 10
4565.0
 20
202.0
 30
0.0
 11
4543.0
 21
202.0
 31
0.0
  0
LINE
  5
EDC
330
17
100
AcDbEntity
  8
GRAPH
100
AcDbLine
 10
4543.0
 20
202.0
 30
0.0
 11
4543.0
 21
188.0
 31
0.0
  0
LINE
  5
EDD
330
17
100
AcDbEntity
  8
GRAPH
100
AcDbLine
 10
4575.0
 20
188.0
 30
0.0
 11
4597.0
 21
188.0
 31
0.0
  0
LINE
  5
EDE
330
17
100
AcDbEntity
  8
GRAPH
100
AcDbLine
 10
4597.0
 20
188.0
 30
0.0
 11
4597.0
 21
202.0
 31
0.0
  0
LINE
  5
EDF
330
17
100
AcDbEntity
  8
GRAPH
100
AcDbLine
 10
4597.0
 20
202.0
 30
0.0
 11
4575.0
 21
202.0
 31
0.0
  0
LINE
  5
EE0
330
17
100
AcDbEntity
  8
GRAPH
100
AcDbLine
 10
4575.0
 20
202.0
 30
0.0
 11
4575.0
 21
188.0
 31
0.0
  0
LINE
  5
EE1
330
17
100
AcDbEntity
  8
GRAPH
100
AcDbLine
 10
4607.0
 20
188.0
 30
0.0
 11
4629.0
 21
188.0
 31
0.0
  0
LINE
  5
EE2
330
17
100
AcDbEntity
  8
GRAPH
100
AcDbLine
 10
4629.0
 20
188.0
 30
0.0
 11
4629.0
 21
202.0
 31
0.0
  0
LINE
  5
EE3
330
17
100
AcDbEntity
  8
GRAPH
100
AcDbLine
 10
4629.0
 20
202.0
 30
0.0
 11
4607.0
 21
202.0
 31
0.0
  0
LINE
  5
EE4
330
17
100
AcDbEntity
  8
GRAPH
100
AcDbLine
 10
4607.0
 20
202.0
 30
0.0
 11
4607.0
 21
188.0
 31
0.0
  0
LINE
  5
EE5
330
17
100
AcDbEntity
  8
GRAPH
100
AcDbLine
 10
4639.0
 20
188.0
 30
0.0
 11
4661.0
 21
188.0
 31
0.0
  0
LINE
  5
EE6
330
17
100
AcDbEntity
  8
GRAPH
100
AcDbLine
 10
4661.0
 20
188.0
 30
0.0
 11
4661.0
 21
202.0
 31
0.0
  0
LINE
  5
EE7
330
17
100
AcDbEntity
  8
GRAPH
100
AcDbLine
 10
4661.0
 20
202.0
 30
0.0
 11
4639.0
 21
202.0
 31
0.0
  0
LINE
  5
EE8
330
17
100
AcDbEntity
  8
GRAPH
100
AcDbLine
 10
4639.0
 20
202.0
 30
0.0
 11
4639.0
 21
188.0
 31
0.0
  0
LINE
  5
EE9
330
17
100
AcDbEntity
  8
GRAPH
100
AcDbLine
 10
4447.0
 20
210.0
 30
0.0
 11
4469.0
 21
210.0
 31
0.0
  0
LINE
  5
EEA
330
17
100
AcDbEntity
  8
GRAPH
100
AcDbLine
 10
4469.0
 20
210.0
 30
0.0
 11
4469.0
 21
224.0
 31
0.0
  0
LINE
  5
EEB
330
17
100
AcDbEntity
  8
GRAPH
100
AcDbLine
 10
4469.0
 20
224.0
 30
0.0
 11
4447.0
 21
224.0
 31
0.0
  0
LINE
  5
EEC
330
17
100
AcDbEntity
  8
GRAPH
100
AcDbLine
 10
4447.0
 20
224.0
 30
0.0
 11
4447.0
 21
210.0
 31
0.0
  0
LINE
  5
EED
330
17
100
AcDbEntity
  8
GRAPH
100
AcDbLine
 10
4479.0
 20
210.0
 30
0.0
 11
4501.0
 21
210.0
 31
0.0
  0
LINE
  5
EEE
330
17
100
AcDbEntity
  8
GRAPH
100
AcDbLine
 10
4501.0
 20
210.0
 30
0.0
 11
4501.0
 21
224.0
 31
0.0
  0
LINE
  5
EEF
330
17
100
AcDbEntity
  8
GRAPH
100
AcDbLine
 10
4501.0
 20
224.0
 30
0.0
 11
4479.0
 21
224.0
 31
0.0
  0
LINE
  5
EF0
330
17
100
AcDbEntity
  8
GRAPH
100
AcDbLine
 10
4479.0
 20
224.0
 30
0.0
 11
4479.0
 21
210.0
 31
0.0
  0
LINE
  5
EF1
330
17
100
AcDbEntity
  8
GRAPH
100
AcDbLine
 10
4511.0
 20
210.0
 30
0.0
 11
4533.0
 21
210.0
 31
0.0
  0
LINE
  5
EF2
330
17
100
AcDbEntity
  8
GRAPH
100
AcDbLine
 10
4533.0
 20
210.0
 30
0.0
 11
4533.0
 21
224.0
 31
0.0
  0
LINE
  5
EF3
330
17
100
AcDbEntity
  8
GRAPH
100
AcDbLine
 10
4533.0
 20
224.0
 30
0.0
 11
4511.0
 21
224.0
 31
0.0
  0
LINE
  5
EF4
330
17
100
AcDbEntity
  8
GRAPH
100
AcDbLine
 10
4511.0
 20
224.0
 30
0.0
 11
4511.0
 21
210.0
 31
0.0
  0
LINE
  5
EF5
330
17
100
AcDbEntity
  8
GRAPH
100
AcDbLine
 10
4543.0
 20
210.0
 30
0.0
 11
4565.0
 21
210.0
 31
0.0
  0
LINE
  5
EF6
330
17
100
AcDbEntity
  8
GRAPH
100
AcDbLine
 10
4565.0
 20
210.0
 30
0.0
 11
4565.0
 21
224.0
 31
0.0
  0
LINE
  5
EF7
330
17
100
AcDbEntity
  8
GRAPH
100
AcDbLine
 10
4565.0
 20
224.0
 30
0.0
 11
4543.0
 21
224.0
 31
0.0
  0
LINE
  5
EF8
330
17
100
AcDbEntity
  8
GRAPH
100
AcDbLine
 10
4543.0
 20
224.0
 30
0.0
 11
4543.0
 21
210.0
 31
0.0
  0
LINE
  5
EF9
330
17
100
AcDbEntity
  8
GRAPH
100
AcDbLine
 10
4575.0
 20
210.0
 30
0.0
 11
4597.0
 21
210.0
 31
0.0
  0
LINE
  5
EFA
330
17
100
AcDbEntity
  8
GRAPH
100
AcDbLine
 10
4597.0
 20
210.0
 30
0.0
 11
4597.0
 21
224.0
 31
0.0
  0
LINE
  5
EFB
330
17
100
AcDbEntity
  8
GRAPH
100
AcDbLine
 10
4597.0
 20
224.0
 30
0.0
 11
4575.0
 21
224.0
 31
0.0
  0
LINE
  5
EFC
330
17
100
AcDbEntity
  8
GRAPH
100
AcDbLine
 10
4575.0
 20
224.0
 30
0.0
 11
4575.0
 21
210.0
 31
0.0
  0
LINE
  5
EFD
330
17
100
AcDbEntity
  8
GRAPH
100
AcDbLine
 10
4607.0
 20
210.0
 30
0.0
 11
4629.0
 21
210.0
 31
0.0
  0
LINE
  5
EFE
330
17
100
AcDbEntity
  8
GRAPH
100
AcDbLine
 10
4629.0
 20
210.0
 30
0.0
 11
4629.0
 21
224.0
 31
0.0
  0
LINE
  5
EFF
330
17
100
AcDbEntity
  8
GRAPH
100
AcDbLine
 10
4629.0
 20
224.0
 30
0.0
 11
4607.0
 21
224.0
 31
0.0
  0
LINE
  5
F00
330
17
100
AcDbEntity
  8
GRAPH
100
AcDbLine
 10
4607.0
 20
224.0
 30
0.0
 11
4607.0
 21
210.0
 31
0.0
  0
LINE
  5
F01
330
17
100
AcDbEntity
  8
GRAPH
100
AcDbLine
 10
4639.0
 20
210.0
 30
0.0
 11
4661.0
 21
210.0
 31
0.0
  0
LINE
  5
F02
330
17
100
AcDbEntity
  8
GRAPH
100
AcDbLine
 10
4661.0
 20
210.0
 30
0.0
 11
4661.0
 21
224.0
 31
0.0
  0
LINE
  5
F03
330
17
100
AcDbEntity
  8
GRAPH
100
AcDbLine
 10
4661.0
 20
224.0
 30
0.0
 11
4639.0
 21
224.0
 31
0.0
  0
LINE
  5
F04
330
17
100
AcDbEntity
  8
GRAPH
100
AcDbLine
 10
4639.0
 20
224.0
 30
0.0
 11
4639.0
 21
210.0
 31
0.0
  0
LINE
  5
F05
330
17
100
AcDbEntity
  8
GRAPH
100
AcDbLine
 10
4447.0
 20
232.0
 30
0.0
 11
4469.0
 21
232.0
 31
0.0
  0
LINE
  5
F06
330
17
100
AcDbEntity
  8
GRAPH
100
AcDbLine
 10
4469.0
 20
232.0
 30
0.0
 11
4469.0
 21
246.0
 31
0.0
  0
LINE
  5
F07
330
17
100
AcDbEntity
  8
GRAPH
100
AcDbLine
 10
4469.0
 20
246.0
 30
0.0
 11
4447.0
 21
246.0
 31
0.0
  0
LINE
  5
F08
330
17
100
AcDbEntity
  8
GRAPH
100
AcDbLine
 10
4447.0
 20
246.0
 30
0.0
 11
4447.0
 21
232.0
 31
0.0
  0
LINE
  5
F09
330
17
100
AcDbEntity
  8
GRAPH
100
AcDbLine
 10
4479.0
 20
232.0
 30
0.0
 11
4501.0
 21
232.0
 31
0.0
  0
LINE
  5
F0A
330
17
100
AcDbEntity
  8
GRAPH
100
AcDbLine
 10
4501.0
 20
232.0
 30
0.0
 11
4501.0
 21
246.0
 31
0.0
  0
LINE
  5
F0B
330
17
100
AcDbEntity
  8
GRAPH
100
AcDbLine
 10
4501.0
 20
246.0
 30
0.0
 11
4479.0
 21
246.0
 31
0.0
  0
LINE
  5
F0C
330
17
100
AcDbEntity
  8
GRAPH
100
AcDbLine
 10
4479.0
 20
246.0
 30
0.0
 11
4479.0
 21
232.0
 31
0.0
  0
LINE
  5
F0D
330
17
100
AcDbEntity
  8
GRAPH
100
AcDbLine
 10
4511.0
 20
232.0
 30
0.0
 11
4533.0
 21
232.0
 31
0.0
  0
LINE
  5
F0E
330
17
100
AcDbEntity
  8
GRAPH
100
AcDbLine
 10
4533.0
 20
232.0
 30
0.0
 11
4533.0
 21
246.0
 31
0.0
  0
LINE
  5
F0F
330
17
100
AcDbEntity
  8
GRAPH
100
AcDbLine
 10
4533.0
 20
246.0
 30
0.0
 11
4511.0
 21
246.0
 31
0.0
  0
LINE
  5
F10
330
17
100
AcDbEntity
  8
GRAPH
100
AcDbLine
 10
4511.0
 20
246.0
 30
0.0
 11
4511.0
 21
232.0
 31
0.0
  0
LINE
  5
F11
330
17
100
AcDbEntity
  8
GRAPH
100
AcDbLine
 10
4543.0
 20
232.0
 30
0.0
 11
4565.0
 21
232.0
 31
0.0
  0
LINE
  5
F12
330
17
100
AcDbEntity
  8
GRAPH
100
AcDbLine
 10
4565.0
 20
232.0
 30
0.0
 11
4565.0
 21
246.0
 31
0.0
  0
LINE
  5
F13
330
17
100
AcDbEntity
  8
GRAPH
100
AcDbLine
 10
4565.0
 20
246.0
 30
0.0
 11
4543.0
 21
246.0
 31
0.0
  0
LINE
  5
F14
330
17
100
AcDbEntity
  8
GRAPH
100
AcDbLine
 10
4543.0
 20
246.0
 30
0.0
 11
4543.0
 21
232.0
 31
0.0
  0
LINE
  5
F15
330
17
100
AcDbEntity
  8
GRAPH
100
AcDbLine
 10
4575.0
 20
232.0
 30
0.0
 11
4597.0
 21
232.0
 31
0.0
  0
LINE
  5
F16
330
17
100
AcDbEntity
  8
GRAPH
100
AcDbLine
 10
4597.0
 20
232.0
 30
0.0
 11
4597.0
 21
246.0
 31
0.0
  0
LINE
  5
F17
330
17
100
AcDbEntity
  8
GRAPH
100
AcDbLine
 10
4597.0
 20
246.0
 30
0.0
 11
4575.0
 21
246.0
 31
0.0
  0
LINE
  5
F18
330
17
100
AcDbEntity
  8
GRAPH
100
AcDbLine
 10
4575.0
 20
246.0
 30
0.0
 11
4575.0
 21
232.0
 31
0.0
  0
LINE
  5
F19
330
17
100
AcDbEntity
  8
GRAPH
100
AcDbLine
 10
4607.0
 20
232.0
 30
0.0
 11
4629.0
 21
232.0
 31
0.0
  0
LINE
  5
F1A
330
17
100
AcDbEntity
  8
GRAPH
100
AcDbLine
 10
4629.0
 20
232.0
 30
0.0
 11
4629.0
 21
246.0
 31
0.0
  0
LINE
  5
F1B
330
17
100
AcDbEntity
  8
GRAPH
100
AcDbLine
 10
4629.0
 20
246.0
 30
0.0
 11
4607.0
 21
246.0
 31
0.0
  0
LINE
  5
F1C
330
17
100
AcDbEntity
  8
GRAPH
100
AcDbLine
 10
4607.0
 20
246.0
 30
0.0
 11
4607.0
 21
232.0
 31
0.0
  0
LINE
  5
F1D
330
17
100
AcDbEntity
  8
GRAPH
100
AcDbLine
 10
4639.0
 20
232.0
 30
0.0
 11
4661.0
 21
232.0
 31
0.0
  0
LINE
  5
F1E
330
17
100
AcDbEntity
  8
GRAPH
100
AcDbLine
 10
4661.0
 20
232.0
 30
0.0
 11
4661.0
 21
246.0
 31
0.0
  0
LINE
  5
F1F
330
17
100
AcDbEntity
  8
GRAPH
100
AcDbLine
 10
4661.0
 20
246.0
 30
0.0
 11
4639.0
 21
246.0
 31
0.0
  0
LINE
  5
F20
330
17
100
AcDbEntity
  8
GRAPH
100
AcDbLine
 10
4639.0
 20
246.0
 30
0.0
 11
4639.0
 21
232.0
 31
0.0
  0
LINE
  5
F21
330
17
100
AcDbEntity
  8
GRAPH
100
AcDbLine
 10
4447.0
 20
254.0
 30
0.0
 11
4469.0
 21
254.0
 31
0.0
  0
LINE
  5
F22
330
17
100
AcDbEntity
  8
GRAPH
100
AcDbLine
 10
4469.0
 20
254.0
 30
0.0
 11
4469.0
 21
268.0
 31
0.0
  0
LINE
  5
F23
330
17
100
AcDbEntity
  8
GRAPH
100
AcDbLine
 10
4469.0
 20
268.0
 30
0.0
 11
4447.0
 21
268.0
 31
0.0
  0
LINE
  5
F24
330
17
100
AcDbEntity
  8
GRAPH
100
AcDbLine
 10
4447.0
 20
268.0
 30
0.0
 11
4447.0
 21
254.0
 31
0.0
  0
LINE
  5
F25
330
17
100
AcDbEntity
  8
GRAPH
100
AcDbLine
 10
4479.0
 20
254.0
 30
0.0
 11
4501.0
 21
254.0
 31
0.0
  0
LINE
  5
F26
330
17
100
AcDbEntity
  8
GRAPH
100
AcDbLine
 10
4501.0
 20
254.0
 30
0.0
 11
4501.0
 21
268.0
 31
0.0
  0
LINE
  5
F27
330
17
100
AcDbEntity
  8
GRAPH
100
AcDbLine
 10
4501.0
 20
268.0
 30
0.0
 11
4479.0
 21
268.0
 31
0.0
  0
LINE
  5
F28
330
17
100
AcDbEntity
  8
GRAPH
100
AcDbLine
 10
4479.0
 20
268.0
 30
0.0
 11
4479.0
 21
254.0
 31
0.0
  0
LINE
  5
F29
330
17
100
AcDbEntity
  8
GRAPH
100
AcDbLine
 10
4511.0
 20
254.0
 30
0.0
 11
4533.0
 21
254.0
 31
0.0
  0
LINE
  5
F2A
330
17
100
AcDbEntity
  8
GRAPH
100
AcDbLine
 10
4533.0
 20
254.0
 30
0.0
 11
4533.0
 21
268.0
 31
0.0
  0
LINE
  5
F2B
330
17
100
AcDbEntity
  8
GRAPH
100
AcDbLine
 10
4533.0
 20
268.0
 30
0.0
 11
4511.0
 21
268.0
 31
0.0
  0
LINE
  5
F2C
330
17
100
AcDbEntity
  8
GRAPH
100
AcDbLine
 10
4511.0
 20
268.0
 30
0.0
 11
4511.0
 21
254.0
 31
0.0
  0
LINE
  5
F2D
330
17
100
AcDbEntity
  8
GRAPH
100
AcDbLine
 10
4543.0
 20
254.0
 30
0.0
 11
4565.0
 21
254.0
 31
0.0
  0
LINE
  5
F2E
330
17
100
AcDbEntity
  8
GRAPH
100
AcDbLine
 10
4565.0
 20
254.0
 30
0.0
 11
4565.0
 21
268.0
 31
0.0
  0
LINE
  5
F2F
330
17
100
AcDbEntity
  8
GRAPH
100
AcDbLine
 10
4565.0
 20
268.0
 30
0.0
 11
4543.0
 21
268.0
 31
0.0
  0
LINE
  5
F30
330
17
100
AcDbEntity
  8
GRAPH
100
AcDbLine
 10
4543.0
 20
268.0
 30
0.0
 11
4543.0
 21
254.0
 31
0.0
  0
LINE
  5
F31
330
17
100
AcDbEntity
  8
GRAPH
100
AcDbLine
 10
4575.0
 20
254.0
 30
0.0
 11
4597.0
 21
254.0
 31
0.0
  0
LINE
  5
F32
330
17
100
AcDbEntity
  8
GRAPH
100
AcDbLine
 10
4597.0
 20
254.0
 30
0.0
 11
4597.0
 21
268.0
 31
0.0
  0
LINE
  5
F33
330
17
100
AcDbEntity
  8
GRAPH
100
AcDbLine
 10
4597.0
 20
268.0
 30
0.0
 11
4575.0
 21
268.0
 31
0.0
  0
LINE
  5
F34
330
17
100
AcDbEntity
  8
GRAPH
100
AcDbLine
 10
4575.0
 20
268.0
 30
0.0
 11
4575.0
 21
254.0
 31
0.0
  0
LINE
  5
F35
330
17
100
AcDbEntity
  8
GRAPH
100
AcDbLine
 10
4607.0
 20
254.0
 30
0.0
 11
4629.0
 21
254.0
 31
0.0
  0
LINE
  5
F36
330
17
100
AcDbEntity
  8
GRAPH
100
AcDbLine
 10
4629.0
 20
254.0
 30
0.0
 11
4629.0
 21
268.0
 31
0.0
  0
LINE
  5
F37
330
17
100
AcDbEntity
  8
GRAPH
100
AcDbLine
 10
4629.0
 20
268.0
 30
0.0
 11
4607.0
 21
268.0
 31
0.0
  0
LINE
  5
F38
330
17
100
AcDbEntity
  8
GRAPH
100
AcDbLine
 10
4607.0
 20
268.0
 30
0.0
 11
4607.0
 21
254.0
 31
0.0
  0
LINE
  5
F39
330
17
100
AcDbEntity
  8
GRAPH
100
AcDbLine
 10
4639.0
 20
254.0
 30
0.0
 11
4661.0
 21
254.0
 31
0.0
  0
LINE
  5
F3A
330
17
100
AcDbEntity
  8
GRAPH
100
AcDbLine
 10
4661.0
 20
254.0
 30
0.0
 11
4661.0
 21
268.0
 31
0.0
  0
LINE
  5
F3B
330
17
100
AcDbEntity
  8
GRAPH
100
AcDbLine
 10
4661.0
 20
268.0
 30
0.0
 11
4639.0
 21
268.0
 31
0.0
  0
LINE
  5
F3C
330
17
100
AcDbEntity
  8
GRAPH
100
AcDbLine
 10
4639.0
 20
268.0
 30
0.0
 11
4639.0
 21
254.0
 31
0.0
  0
LINE
  5
F3D
330
17
100
AcDbEntity
  8
GRAPH
100
AcDbLine
 10
4447.0
 20
276.0
 30
0.0
 11
4469.0
 21
276.0
 31
0.0
  0
LINE
  5
F3E
330
17
100
AcDbEntity
  8
GRAPH
100
AcDbLine
 10
4469.0
 20
276.0
 30
0.0
 11
4469.0
 21
290.0
 31
0.0
  0
LINE
  5
F3F
330
17
100
AcDbEntity
  8
GRAPH
100
AcDbLine
 10
4469.0
 20
290.0
 30
0.0
 11
4447.0
 21
290.0
 31
0.0
  0
LINE
  5
F40
330
17
100
AcDbEntity
  8
GRAPH
100
AcDbLine
 10
4447.0
 20
290.0
 30
0.0
 11
4447.0
 21
276.0
 31
0.0
  0
LINE
  5
F41
330
17
100
AcDbEntity
  8
GRAPH
100
AcDbLine
 10
4479.0
 20
276.0
 30
0.0
 11
4501.0
 21
276.0
 31
0.0
  0
LINE
  5
F42
330
17
100
AcDbEntity
  8
GRAPH
100
AcDbLine
 10
4501.0
 20
276.0
 30
0.0
 11
4501.0
 21
290.0
 31
0.0
  0
LINE
  5
F43
330
17
100
AcDbEntity
  8
GRAPH
100
AcDbLine
 10
4501.0
 20
290.0
 30
0.0
 11
4479.0
 21
290.0
 31
0.0
  0
LINE
  5
F44
330
17
100
AcDbEntity
  8
GRAPH
100
AcDbLine
 10
4479.0
 20
290.0
 30
0.0
 11
4479.0
 21
276.0
 31
0.0
  0
LINE
  5
F45
330
17
100
AcDbEntity
  8
GRAPH
100
AcDbLine
 10
4511.0
 20
276.0
 30
0.0
 11
4533.0
 21
276.0
 31
0.0
  0
LINE
  5
F46
330
17
100
AcDbEntity
  8
GRAPH
100
AcDbLine
 10
4533.0
 20
276.0
 30
0.0
 11
4533.0
 21
290.0
 31
0.0
  0
LINE
  5
F47
330
17
100
AcDbEntity
  8
GRAPH
100
AcDbLine
 10
4533.0
 20
290.0
 30
0.0
 11
4511.0
 21
290.0
 31
0.0
  0
LINE
  5
F48
330
17
100
AcDbEntity
  8
GRAPH
100
AcDbLine
 10
4511.0
 20
290.0
 30
0.0
 11
4511.0
 21
276.0
 31
0.0
  0
LINE
  5
F49
330
17
100
AcDbEntity
  8
GRAPH
100
AcDbLine
 10
4543.0
 20
276.0
 30
0.0
 11
4565.0
 21
276.0
 31
0.0
  0
LINE
  5
F4A
330
17
100
AcDbEntity
  8
GRAPH
100
AcDbLine
 10
4565.0
 20
276.0
 30
0.0
 11
4565.0
 21
290.0
 31
0.0
  0
LINE
  5
F4B
330
17
100
AcDbEntity
  8
GRAPH
100
AcDbLine
 10
4565.0
 20
290.0
 30
0.0
 11
4543.0
 21
290.0
 31
0.0
  0
LINE
  5
F4C
330
17
100
AcDbEntity
  8
GRAPH
100
AcDbLine
 10
4543.0
 20
290.0
 30
0.0
 11
4543.0
 21
276.0
 31
0.0
  0
LINE
  5
F4D
330
17
100
AcDbEntity
  8
GRAPH
100
AcDbLine
 10
4575.0
 20
276.0
 30
0.0
 11
4597.0
 21
276.0
 31
0.0
  0
LINE
  5
F4E
330
17
100
AcDbEntity
  8
GRAPH
100
AcDbLine
 10
4597.0
 20
276.0
 30
0.0
 11
4597.0
 21
290.0
 31
0.0
  0
LINE
  5
F4F
330
17
100
AcDbEntity
  8
GRAPH
100
AcDbLine
 10
4597.0
 20
290.0
 30
0.0
 11
4575.0
 21
290.0
 31
0.0
  0
LINE
  5
F50
330
17
100
AcDbEntity
  8
GRAPH
100
AcDbLine
 10
4575.0
 20
290.0
 30
0.0
 11
4575.0
 21
276.0
 31
0.0
  0
LINE
  5
F51
330
17
100
AcDbEntity
  8
GRAPH
100
AcDbLine
 10
4607.0
 20
276.0
 30
0.0
 11
4629.0
 21
276.0
 31
0.0
  0
LINE
  5
F52
330
17
100
AcDbEntity
  8
GRAPH
100
AcDbLine
 10
4629.0
 20
276.0
 30
0.0
 11
4629.0
 21
290.0
 31
0.0
  0
LINE
  5
F53
330
17
100
AcDbEntity
  8
GRAPH
100
AcDbLine
 10
4629.0
 20
290.0
 30
0.0
 11
4607.0
 21
290.0
 31
0.0
  0
LINE
  5
F54
330
17
100
AcDbEntity
  8
GRAPH
100
AcDbLine
 10
4607.0
 20
290.0
 30
0.0
 11
4607.0
 21
276.0
 31
0.0
  0
LINE
  5
F55
330
17
100
AcDbEntity
  8
GRAPH
100
AcDbLine
 10
4639.0
 20
276.0
 30
0.0
 11
4661.0
 21
276.0
 31
0.0
  0
LINE
  5
F56
330
17
100
AcDbEntity
  8
GRAPH
100
AcDbLine
 10
4661.0
 20
276.0
 30
0.0
 11
4661.0
 21
290.0
 31
0.0
  0
LINE
  5
F57
330
17
100
AcDbEntity
  8
GRAPH
100
AcDbLine
 10
4661.0
 20
290.0
 30
0.0
 11
4639.0
 21
290.0
 31
0.0
  0
LINE
  5
F58
330
17
100
AcDbEntity
  8
GRAPH
100
AcDbLine
 10
4639.0
 20
290.0
 30
0.0
 11
4639.0
 21
276.0
 31
0.0
  0
LINE
  5
F59
330
17
100
AcDbEntity
  8
GRAPH
100
AcDbLine
 10
4447.0
 20
298.0
 30
0.0
 11
4469.0
 21
298.0
 31
0.0
  0
LINE
  5
F5A
330
17
100
AcDbEntity
  8
GRAPH
100
AcDbLine
 10
4469.0
 20
298.0
 30
0.0
 11
4469.0
 21
312.0
 31
0.0
  0
LINE
  5
F5B
330
17
100
AcDbEntity
  8
GRAPH
100
AcDbLine
 10
4469.0
 20
312.0
 30
0.0
 11
4447.0
 21
312.0
 31
0.0
  0
LINE
  5
F5C
330
17
100
AcDbEntity
  8
GRAPH
100
AcDbLine
 10
4447.0
 20
312.0
 30
0.0
 11
4447.0
 21
298.0
 31
0.0
  0
LINE
  5
F5D
330
17
100
AcDbEntity
  8
GRAPH
100
AcDbLine
 10
4479.0
 20
298.0
 30
0.0
 11
4501.0
 21
298.0
 31
0.0
  0
LINE
  5
F5E
330
17
100
AcDbEntity
  8
GRAPH
100
AcDbLine
 10
4501.0
 20
298.0
 30
0.0
 11
4501.0
 21
312.0
 31
0.0
  0
LINE
  5
F5F
330
17
100
AcDbEntity
  8
GRAPH
100
AcDbLine
 10
4501.0
 20
312.0
 30
0.0
 11
4479.0
 21
312.0
 31
0.0
  0
LINE
  5
F60
330
17
100
AcDbEntity
  8
GRAPH
100
AcDbLine
 10
4479.0
 20
312.0
 30
0.0
 11
4479.0
 21
298.0
 31
0.0
  0
LINE
  5
F61
330
17
100
AcDbEntity
  8
GRAPH
100
AcDbLine
 10
4511.0
 20
298.0
 30
0.0
 11
4533.0
 21
298.0
 31
0.0
  0
LINE
  5
F62
330
17
100
AcDbEntity
  8
GRAPH
100
AcDbLine
 10
4533.0
 20
298.0
 30
0.0
 11
4533.0
 21
312.0
 31
0.0
  0
LINE
  5
F63
330
17
100
AcDbEntity
  8
GRAPH
100
AcDbLine
 10
4533.0
 20
312.0
 30
0.0
 11
4511.0
 21
312.0
 31
0.0
  0
LINE
  5
F64
330
17
100
AcDbEntity
  8
GRAPH
100
AcDbLine
 10
4511.0
 20
312.0
 30
0.0
 11
4511.0
 21
298.0
 31
0.0
  0
LINE
  5
F65
330
17
100
AcDbEntity
  8
GRAPH
100
AcDbLine
 10
4543.0
 20
298.0
 30
0.0
 11
4565.0
 21
298.0
 31
0.0
  0
LINE
  5
F66
330
17
100
AcDbEntity
  8
GRAPH
100
AcDbLine
 10
4565.0
 20
298.0
 30
0.0
 11
4565.0
 21
312.0
 31
0.0
  0
LINE
  5
F67
330
17
100
AcDbEntity
  8
GRAPH
100
AcDbLine
 10
4565.0
 20
312.0
 30
0.0
 11
4543.0
 21
312.0
 31
0.0
  0
LINE
  5
F68
330
17
100
AcDbEntity
  8
GRAPH
100
AcDbLine
 10
4543.0
 20
312.0
 30
0.0
 11
4543.0
 21
298.0
 31
0.0
  0
LINE
  5
F69
330
17
100
AcDbEntity
  8
GRAPH
100
AcDbLine
 10
4575.0
 20
298.0
 30
0.0
 11
4597.0
 21
298.0
 31
0.0
  0
LINE
  5
F6A
330
17
100
AcDbEntity
  8
GRAPH
100
AcDbLine
 10
4597.0
 20
298.0
 30
0.0
 11
4597.0
 21
312.0
 31
0.0
  0
LINE
  5
F6B
330
17
100
AcDbEntity
  8
GRAPH
100
AcDbLine
 10
4597.0
 20
312.0
 30
0.0
 11
4575.0
 21
312.0
 31
0.0
  0
LINE
  5
F6C
330
17
100
AcDbEntity
  8
GRAPH
100
AcDbLine
 10
4575.0
 20
312.0
 30
0.0
 11
4575.0
 21
298.0
 31
0.0
  0
LINE
  5
F6D
330
17
100
AcDbEntity
  8
GRAPH
100
AcDbLine
 10
4607.0
 20
298.0
 30
0.0
 11
4629.0
 21
298.0
 31
0.0
  0
LINE
  5
F6E
330
17
100
AcDbEntity
  8
GRAPH
100
AcDbLine
 10
4629.0
 20
298.0
 30
0.0
 11
4629.0
 21
312.0
 31
0.0
  0
LINE
  5
F6F
330
17
100
AcDbEntity
  8
GRAPH
100
AcDbLine
 10
4629.0
 20
312.0
 30
0.0
 11
4607.0
 21
312.0
 31
0.0
  0
LINE
  5
F70
330
17
100
AcDbEntity
  8
GRAPH
100
AcDbLine
 10
4607.0
 20
312.0
 30
0.0
 11
4607.0
 21
298.0
 31
0.0
  0
LINE
  5
F71
330
17
100
AcDbEntity
  8
GRAPH
100
AcDbLine
 10
4639.0
 20
298.0
 30
0.0
 11
4661.0
 21
298.0
 31
0.0
  0
LINE
  5
F72
330
17
100
AcDbEntity
  8
GRAPH
100
AcDbLine
 10
4661.0
 20
298.0
 30
0.0
 11
4661.0
 21
312.0
 31
0.0
  0
LINE
  5
F73
330
17
100
AcDbEntity
  8
GRAPH
100
AcDbLine
 10
4661.0
 20
312.0
 30
0.0
 11
4639.0
 21
312.0
 31
0.0
  0
LINE
  5
F74
330
17
100
AcDbEntity
  8
GRAPH
100
AcDbLine
 10
4639.0
 20
312.0
 30
0.0
 11
4639.0
 21
298.0
 31
0.0
  0
LINE
  5
F75
330
17
100
AcDbEntity
  8
GRAPH
100
AcDbLine
 10
4447.0
 20
320.0
 30
0.0
 11
4469.0
 21
320.0
 31
0.0
  0
LINE
  5
F76
330
17
100
AcDbEntity
  8
GRAPH
100
AcDbLine
 10
4469.0
 20
320.0
 30
0.0
 11
4469.0
 21
334.0
 31
0.0
  0
LINE
  5
F77
330
17
100
AcDbEntity
  8
GRAPH
100
AcDbLine
 10
4469.0
 20
334.0
 30
0.0
 11
4447.0
 21
334.0
 31
0.0
  0
LINE
  5
F78
330
17
100
AcDbEntity
  8
GRAPH
100
AcDbLine
 10
4447.0
 20
334.0
 30
0.0
 11
4447.0
 21
320.0
 31
0.0
  0
LINE
  5
F79
330
17
100
AcDbEntity
  8
GRAPH
100
AcDbLine
 10
4479.0
 20
320.0
 30
0.0
 11
4501.0
 21
320.0
 31
0.0
  0
LINE
  5
F7A
330
17
100
AcDbEntity
  8
GRAPH
100
AcDbLine
 10
4501.0
 20
320.0
 30
0.0
 11
4501.0
 21
334.0
 31
0.0
  0
LINE
  5
F7B
330
17
100
AcDbEntity
  8
GRAPH
100
AcDbLine
 10
4501.0
 20
334.0
 30
0.0
 11
4479.0
 21
334.0
 31
0.0
  0
LINE
  5
F7C
330
17
100
AcDbEntity
  8
GRAPH
100
AcDbLine
 10
4479.0
 20
334.0
 30
0.0
 11
4479.0
 21
320.0
 31
0.0
  0
LINE
  5
F7D
330
17
100
AcDbEntity
  8
GRAPH
100
AcDbLine
 10
4511.0
 20
320.0
 30
0.0
 11
4533.0
 21
320.0
 31
0.0
  0
LINE
  5
F7E
330
17
100
AcDbEntity
  8
GRAPH
100
AcDbLine
 10
4533.0
 20
320.0
 30
0.0
 11
4533.0
 21
334.0
 31
0.0
  0
LINE
  5
F7F
330
17
100
AcDbEntity
  8
GRAPH
100
AcDbLine
 10
4533.0
 20
334.0
 30
0.0
 11
4511.0
 21
334.0
 31
0.0
  0
LINE
  5
F80
330
17
100
AcDbEntity
  8
GRAPH
100
AcDbLine
 10
4511.0
 20
334.0
 30
0.0
 11
4511.0
 21
320.0
 31
0.0
  0
LINE
  5
F81
330
17
100
AcDbEntity
  8
GRAPH
100
AcDbLine
 10
4543.0
 20
320.0
 30
0.0
 11
4565.0
 21
320.0
 31
0.0
  0
LINE
  5
F82
330
17
100
AcDbEntity
  8
GRAPH
100
AcDbLine
 10
4565.0
 20
320.0
 30
0.0
 11
4565.0
 21
334.0
 31
0.0
  0
LINE
  5
F83
330
17
100
AcDbEntity
  8
GRAPH
100
AcDbLine
 10
4565.0
 20
334.0
 30
0.0
 11
4543.0
 21
334.0
 31
0.0
  0
LINE
  5
F84
330
17
100
AcDbEntity
  8
GRAPH
100
AcDbLine
 10
4543.0
 20
334.0
 30
0.0
 11
4543.0
 21
320.0
 31
0.0
  0
LINE
  5
F85
330
17
100
AcDbEntity
  8
GRAPH
100
AcDbLine
 10
4575.0
 20
320.0
 30
0.0
 11
4597.0
 21
320.0
 31
0.0
  0
LINE
  5
F86
330
17
100
AcDbEntity
  8
GRAPH
100
AcDbLine
 10
4597.0
 20
320.0
 30
0.0
 11
4597.0
 21
334.0
 31
0.0
  0
LINE
  5
F87
330
17
100
AcDbEntity
  8
GRAPH
100
AcDbLine
 10
4597.0
 20
334.0
 30
0.0
 11
4575.0
 21
334.0
 31
0.0
  0
LINE
  5
F88
330
17
100
AcDbEntity
  8
GRAPH
100
AcDbLine
 10
4575.0
 20
334.0
 30
0.0
 11
4575.0
 21
320.0
 31
0.0
  0
LINE
  5
F89
330
17
100
AcDbEntity
  8
GRAPH
100
AcDbLine
 10
4607.0
 20
320.0
 30
0.0
 11
4629.0
 21
320.0
 31
0.0
  0
LINE
  5
F8A
330
17
100
AcDbEntity
  8
GRAPH
100
AcDbLine
 10
4629.0
 20
320.0
 30
0.0
 11
4629.0
 21
334.0
 31
0.0
  0
LINE
  5
F8B
330
17
100
AcDbEntity
  8
GRAPH
100
AcDbLine
 10
4629.0
 20
334.0
 30
0.0
 11
4607.0
 21
334.0
 31
0.0
  0
LINE
  5
F8C
330
17
100
AcDbEntity
  8
GRAPH
100
AcDbLine
 10
4607.0
 20
334.0
 30
0.0
 11
4607.0
 21
320.0
 31
0.0
  0
LINE
  5
F8D
330
17
100
AcDbEntity
  8
GRAPH
100
AcDbLine
 10
4639.0
 20
320.0
 30
0.0
 11
4661.0
 21
320.0
 31
0.0
  0
LINE
  5
F8E
330
17
100
AcDbEntity
  8
GRAPH
100
AcDbLine
 10
4661.0
 20
320.0
 30
0.0
 11
4661.0
 21
334.0
 31
0.0
  0
LINE
  5
F8F
330
17
100
AcDbEntity
  8
GRAPH
100
AcDbLine
 10
4661.0
 20
334.0
 30
0.0
 11
4639.0
 21
334.0
 31
0.0
  0
LINE
  5
F90
330
17
100
AcDbEntity
  8
GRAPH
100
AcDbLine
 10
4639.0
 20
334.0
 30
0.0
 11
4639.0
 21
320.0
 31
0.0
  0
LINE
  5
F91
330
17
100
AcDbEntity
  8
GRAPH
100
AcDbLine
 10
4447.0
 20
342.0
 30
0.0
 11
4469.0
 21
342.0
 31
0.0
  0
LINE
  5
F92
330
17
100
AcDbEntity
  8
GRAPH
100
AcDbLine
 10
4469.0
 20
342.0
 30
0.0
 11
4469.0
 21
356.0
 31
0.0
  0
LINE
  5
F93
330
17
100
AcDbEntity
  8
GRAPH
100
AcDbLine
 10
4469.0
 20
356.0
 30
0.0
 11
4447.0
 21
356.0
 31
0.0
  0
LINE
  5
F94
330
17
100
AcDbEntity
  8
GRAPH
100
AcDbLine
 10
4447.0
 20
356.0
 30
0.0
 11
4447.0
 21
342.0
 31
0.0
  0
LINE
  5
F95
330
17
100
AcDbEntity
  8
GRAPH
100
AcDbLine
 10
4479.0
 20
342.0
 30
0.0
 11
4501.0
 21
342.0
 31
0.0
  0
LINE
  5
F96
330
17
100
AcDbEntity
  8
GRAPH
100
AcDbLine
 10
4501.0
 20
342.0
 30
0.0
 11
4501.0
 21
356.0
 31
0.0
  0
LINE
  5
F97
330
17
100
AcDbEntity
  8
GRAPH
100
AcDbLine
 10
4501.0
 20
356.0
 30
0.0
 11
4479.0
 21
356.0
 31
0.0
  0
LINE
  5
F98
330
17
100
AcDbEntity
  8
GRAPH
100
AcDbLine
 10
4479.0
 20
356.0
 30
0.0
 11
4479.0
 21
342.0
 31
0.0
  0
LINE
  5
F99
330
17
100
AcDbEntity
  8
GRAPH
100
AcDbLine
 10
4511.0
 20
342.0
 30
0.0
 11
4533.0
 21
342.0
 31
0.0
  0
LINE
  5
F9A
330
17
100
AcDbEntity
  8
GRAPH
100
AcDbLine
 10
4533.0
 20
342.0
 30
0.0
 11
4533.0
 21
356.0
 31
0.0
  0
LINE
  5
F9B
330
17
100
AcDbEntity
  8
GRAPH
100
AcDbLine
 10
4533.0
 20
356.0
 30
0.0
 11
4511.0
 21
356.0
 31
0.0
  0
LINE
  5
F9C
330
17
100
AcDbEntity
  8
GRAPH
100
AcDbLine
 10
4511.0
 20
356.0
 30
0.0
 11
4511.0
 21
342.0
 31
0.0
  0
LINE
  5
F9D
330
17
100
AcDbEntity
  8
GRAPH
100
AcDbLine
 10
4543.0
 20
342.0
 30
0.0
 11
4565.0
 21
342.0
 31
0.0
  0
LINE
  5
F9E
330
17
100
AcDbEntity
  8
GRAPH
100
AcDbLine
 10
4565.0
 20
342.0
 30
0.0
 11
4565.0
 21
356.0
 31
0.0
  0
LINE
  5
F9F
330
17
100
AcDbEntity
  8
GRAPH
100
AcDbLine
 10
4565.0
 20
356.0
 30
0.0
 11
4543.0
 21
356.0
 31
0.0
  0
LINE
  5
FA0
330
17
100
AcDbEntity
  8
GRAPH
100
AcDbLine
 10
4543.0
 20
356.0
 30
0.0
 11
4543.0
 21
342.0
 31
0.0
  0
LINE
  5
FA1
330
17
100
AcDbEntity
  8
GRAPH
100
AcDbLine
 10
4575.0
 20
342.0
 30
0.0
 11
4597.0
 21
342.0
 31
0.0
  0
LINE
  5
FA2
330
17
100
AcDbEntity
  8
GRAPH
100
AcDbLine
 10
4597.0
 20
342.0
 30
0.0
 11
4597.0
 21
356.0
 31
0.0
  0
LINE
  5
FA3
330
17
100
AcDbEntity
  8
GRAPH
100
AcDbLine
 10
4597.0
 20
356.0
 30
0.0
 11
4575.0
 21
356.0
 31
0.0
  0
LINE
  5
FA4
330
17
100
AcDbEntity
  8
GRAPH
100
AcDbLine
 10
4575.0
 20
356.0
 30
0.0
 11
4575.0
 21
342.0
 31
0.0
  0
LINE
  5
FA5
330
17
100
AcDbEntity
  8
GRAPH
100
AcDbLine
 10
4607.0
 20
342.0
 30
0.0
 11
4629.0
 21
342.0
 31
0.0
  0
LINE
  5
FA6
330
17
100
AcDbEntity
  8
GRAPH
100
AcDbLine
 10
4629.0
 20
342.0
 30
0.0
 11
4629.0
 21
356.0
 31
0.0
  0
LINE
  5
FA7
330
17
100
AcDbEntity
  8
GRAPH
100
AcDbLine
 10
4629.0
 20
356.0
 30
0.0
 11
4607.0
 21
356.0
 31
0.0
  0
LINE
  5
FA8
330
17
100
AcDbEntity
  8
GRAPH
100
AcDbLine
 10
4607.0
 20
356.0
 30
0.0
 11
4607.0
 21
342.0
 31
0.0
  0
LINE
  5
FA9
330
17
100
AcDbEntity
  8
GRAPH
100
AcDbLine
 10
4639.0
 20
342.0
 30
0.0
 11
4661.0
 21
342.0
 31
0.0
  0
LINE
  5
FAA
330
17
100
AcDbEntity
  8
GRAPH
100
AcDbLine
 10
4661.0
 20
342.0
 30
0.0
 11
4661.0
 21
356.0
 31
0.0
  0
LINE
  5
FAB
330
17
100
AcDbEntity
  8
GRAPH
100
AcDbLine
 10
4661.0
 20
356.0
 30
0.0
 11
4639.0
 21
356.0
 31
0.0
  0
LINE
  5
FAC
330
17
100
AcDbEntity
  8
GRAPH
100
AcDbLine
 10
4639.0
 20
356.0
 30
0.0
 11
4639.0
 21
342.0
 31
0.0
  0
LINE
  5
FAD
330
17
100
AcDbEntity
  8
GRAPH
100
AcDbLine
 10
4447.0
 20
364.0
 30
0.0
 11
4469.0
 21
364.0
 31
0.0
  0
LINE
  5
FAE
330
17
100
AcDbEntity
  8
GRAPH
100
AcDbLine
 10
4469.0
 20
364.0
 30
0.0
 11
4469.0
 21
378.0
 31
0.0
  0
LINE
  5
FAF
330
17
100
AcDbEntity
  8
GRAPH
100
AcDbLine
 10
4469.0
 20
378.0
 30
0.0
 11
4447.0
 21
378.0
 31
0.0
  0
LINE
  5
FB0
330
17
100
AcDbEntity
  8
GRAPH
100
AcDbLine
 10
4447.0
 20
378.0
 30
0.0
 11
4447.0
 21
364.0
 31
0.0
  0
LINE
  5
FB1
330
17
100
AcDbEntity
  8
GRAPH
100
AcDbLine
 10
4479.0
 20
364.0
 30
0.0
 11
4501.0
 21
364.0
 31
0.0
  0
LINE
  5
FB2
330
17
100
AcDbEntity
  8
GRAPH
100
AcDbLine
 10
4501.0
 20
364.0
 30
0.0
 11
4501.0
 21
378.0
 31
0.0
  0
LINE
  5
FB3
330
17
100
AcDbEntity
  8
GRAPH
100
AcDbLine
 10
4501.0
 20
378.0
 30
0.0
 11
4479.0
 21
378.0
 31
0.0
  0
LINE
  5
FB4
330
17
100
AcDbEntity
  8
GRAPH
100
AcDbLine
 10
4479.0
 20
378.0
 30
0.0
 11
4479.0
 21
364.0
 31
0.0
  0
LINE
  5
FB5
330
17
100
AcDbEntity
  8
GRAPH
100
AcDbLine
 10
4511.0
 20
364.0
 30
0.0
 11
4533.0
 21
364.0
 31
0.0
  0
LINE
  5
FB6
330
17
100
AcDbEntity
  8
GRAPH
100
AcDbLine
 10
4533.0
 20
364.0
 30
0.0
 11
4533.0
 21
378.0
 31
0.0
  0
LINE
  5
FB7
330
17
100
AcDbEntity
  8
GRAPH
100
AcDbLine
 10
4533.0
 20
378.0
 30
0.0
 11
4511.0
 21
378.0
 31
0.0
  0
LINE
  5
FB8
330
17
100
AcDbEntity
  8
GRAPH
100
AcDbLine
 10
4511.0
 20
378.0
 30
0.0
 11
4511.0
 21
364.0
 31
0.0
  0
LINE
  5
FB9
330
17
100
AcDbEntity
  8
GRAPH
100
AcDbLine
 10
4543.0
 20
364.0
 30
0.0
 11
4565.0
 21
364.0
 31
0.0
  0
LINE
  5
FBA
330
17
100
AcDbEntity
  8
GRAPH
100
AcDbLine
 10
4565.0
 20
364.0
 30
0.0
 11
4565.0
 21
378.0
 31
0.0
  0
LINE
  5
FBB
330
17
100
AcDbEntity
  8
GRAPH
100
AcDbLine
 10
4565.0
 20
378.0
 30
0.0
 11
4543.0
 21
378.0
 31
0.0
  0
LINE
  5
FBC
330
17
100
AcDbEntity
  8
GRAPH
100
AcDbLine
 10
4543.0
 20
378.0
 30
0.0
 11
4543.0
 21
364.0
 31
0.0
  0
LINE
  5
FBD
330
17
100
AcDbEntity
  8
GRAPH
100
AcDbLine
 10
4575.0
 20
364.0
 30
0.0
 11
4597.0
 21
364.0
 31
0.0
  0
LINE
  5
FBE
330
17
100
AcDbEntity
  8
GRAPH
100
AcDbLine
 10
4597.0
 20
364.0
 30
0.0
 11
4597.0
 21
378.0
 31
0.0
  0
LINE
  5
FBF
330
17
100
AcDbEntity
  8
GRAPH
100
AcDbLine
 10
4597.0
 20
378.0
 30
0.0
 11
4575.0
 21
378.0
 31
0.0
  0
LINE
  5
FC0
330
17
100
AcDbEntity
  8
GRAPH
100
AcDbLine
 10
4575.0
 20
378.0
 30
0.0
 11
4575.0
 21
364.0
 31
0.0
  0
LINE
  5
FC1
330
17
100
AcDbEntity
  8
GRAPH
100
AcDbLine
 10
4607.0
 20
364.0
 30
0.0
 11
4629.0
 21
364.0
 31
0.0
  0
LINE
  5
FC2
330
17
100
AcDbEntity
  8
GRAPH
100
AcDbLine
 10
4629.0
 20
364.0
 30
0.0
 11
4629.0
 21
378.0
 31
0.0
  0
LINE
  5
FC3
330
17
100
AcDbEntity
  8
GRAPH
100
AcDbLine
 10
4629.0
 20
378.0
 30
0.0
 11
4607.0
 21
378.0
 31
0.0
  0
LINE
  5
FC4
330
17
100
AcDbEntity
  8
GRAPH
100
AcDbLine
 10
4607.0
 20
378.0
 30
0.0
 11
4607.0
 21
364.0
 31
0.0
  0
LINE
  5
FC5
330
17
100
AcDbEntity
  8
GRAPH
100
AcDbLine
 10
4639.0
 20
364.0
 30
0.0
 11
4661.0
 21
364.0
 31
0.0
  0
LINE
  5
FC6
330
17
100
AcDbEntity
  8
GRAPH
100
AcDbLine
 10
4661.0
 20
364.0
 30
0.0
 11
4661.0
 21
378.0
 31
0.0
  0
LINE
  5
FC7
330
17
100
AcDbEntity
  8
GRAPH
100
AcDbLine
 10
4661.0
 20
378.0
 30
0.0
 11
4639.0
 21
378.0
 31
0.0
  0
LINE
  5
FC8
330
17
100
AcDbEntity
  8
GRAPH
100
AcDbLine
 10
4639.0
 20
378.0
 30
0.0
 11
4639.0
 21
364.0
 31
0.0
  0
LINE
  5
FC9
330
17
100
AcDbEntity
  8
GRAPH
100
AcDbLine
 10
4447.0
 20
386.0
 30
0.0
 11
4469.0
 21
386.0
 31
0.0
  0
LINE
  5
FCA
330
17
100
AcDbEntity
  8
GRAPH
100
AcDbLine
 10
4469.0
 20
386.0
 30
0.0
 11
4469.0
 21
400.0
 31
0.0
  0
LINE
  5
FCB
330
17
100
AcDbEntity
  8
GRAPH
100
AcDbLine
 10
4469.0
 20
400.0
 30
0.0
 11
4447.0
 21
400.0
 31
0.0
  0
LINE
  5
FCC
330
17
100
AcDbEntity
  8
GRAPH
100
AcDbLine
 10
4447.0
 20
400.0
 30
0.0
 11
4447.0
 21
386.0
 31
0.0
  0
LINE
  5
FCD
330
17
100
AcDbEntity
  8
GRAPH
100
AcDbLine
 10
4479.0
 20
386.0
 30
0.0
 11
4501.0
 21
386.0
 31
0.0
  0
LINE
  5
FCE
330
17
100
AcDbEntity
  8
GRAPH
100
AcDbLine
 10
4501.0
 20
386.0
 30
0.0
 11
4501.0
 21
400.0
 31
0.0
  0
LINE
  5
FCF
330
17
100
AcDbEntity
  8
GRAPH
100
AcDbLine
 10
4501.0
 20
400.0
 30
0.0
 11
4479.0
 21
400.0
 31
0.0
  0
LINE
  5
FD0
330
17
100
AcDbEntity
  8
GRAPH
100
AcDbLine
 10
4479.0
 20
400.0
 30
0.0
 11
4479.0
 21
386.0
 31
0.0
  0
LINE
  5
FD1
330
17
100
AcDbEntity
  8
GRAPH
100
AcDbLine
 10
4511.0
 20
386.0
 30
0.0
 11
4533.0
 21
386.0
 31
0.0
  0
LINE
  5
FD2
330
17
100
AcDbEntity
  8
GRAPH
100
AcDbLine
 10
4533.0
 20
386.0
 30
0.0
 11
4533.0
 21
400.0
 31
0.0
  0
LINE
  5
FD3
330
17
100
AcDbEntity
  8
GRAPH
100
AcDbLine
 10
4533.0
 20
400.0
 30
0.0
 11
4511.0
 21
400.0
 31
0.0
  0
LINE
  5
FD4
330
17
100
AcDbEntity
  8
GRAPH
100
AcDbLine
 10
4511.0
 20
400.0
 30
0.0
 11
4511.0
 21
386.0
 31
0.0
  0
LINE
  5
FD5
330
17
100
AcDbEntity
  8
GRAPH
100
AcDbLine
 10
4543.0
 20
386.0
 30
0.0
 11
4565.0
 21
386.0
 31
0.0
  0
LINE
  5
FD6
330
17
100
AcDbEntity
  8
GRAPH
100
AcDbLine
 10
4565.0
 20
386.0
 30
0.0
 11
4565.0
 21
400.0
 31
0.0
  0
LINE
  5
FD7
330
17
100
AcDbEntity
  8
GRAPH
100
AcDbLine
 10
4565.0
 20
400.0
 30
0.0
 11
4543.0
 21
400.0
 31
0.0
  0
LINE
  5
FD8
330
17
100
AcDbEntity
  8
GRAPH
100
AcDbLine
 10
4543.0
 20
400.0
 30
0.0
 11
4543.0
 21
386.0
 31
0.0
  0
LINE
  5
FD9
330
17
100
AcDbEntity
  8
GRAPH
100
AcDbLine
 10
4575.0
 20
386.0
 30
0.0
 11
4597.0
 21
386.0
 31
0.0
  0
LINE
  5
FDA
330
17
100
AcDbEntity
  8
GRAPH
100
AcDbLine
 10
4597.0
 20
386.0
 30
0.0
 11
4597.0
 21
400.0
 31
0.0
  0
LINE
  5
FDB
330
17
100
AcDbEntity
  8
GRAPH
100
AcDbLine
 10
4597.0
 20
400.0
 30
0.0
 11
4575.0
 21
400.0
 31
0.0
  0
LINE
  5
FDC
330
17
100
AcDbEntity
  8
GRAPH
100
AcDbLine
 10
4575.0
 20
400.0
 30
0.0
 11
4575.0
 21
386.0
 31
0.0
  0
LINE
  5
FDD
330
17
100
AcDbEntity
  8
GRAPH
100
AcDbLine
 10
4607.0
 20
386.0
 30
0.0
 11
4629.0
 21
386.0
 31
0.0
  0
LINE
  5
FDE
330
17
100
AcDbEntity
  8
GRAPH
100
AcDbLine
 10
4629.0
 20
386.0
 30
0.0
 11
4629.0
 21
400.0
 31
0.0
  0
LINE
  5
FDF
330
17
100
AcDbEntity
  8
GRAPH
100
AcDbLine
 10
4629.0
 20
400.0
 30
0.0
 11
4607.0
 21
400.0
 31
0.0
  0
LINE
  5
FE0
330
17
100
AcDbEntity
  8
GRAPH
100
AcDbLine
 10
4607.0
 20
400.0
 30
0.0
 11
4607.0
 21
386.0
 31
0.0
  0
LINE
  5
FE1
330
17
100
AcDbEntity
  8
GRAPH
100
AcDbLine
 10
4639.0
 20
386.0
 30
0.0
 11
4661.0
 21
386.0
 31
0.0
  0
LINE
  5
FE2
330
17
100
AcDbEntity
  8
GRAPH
100
AcDbLine
 10
4661.0
 20
386.0
 30
0.0
 11
4661.0
 21
400.0
 31
0.0
  0
LINE
  5
FE3
330
17
100
AcDbEntity
  8
GRAPH
100
AcDbLine
 10
4661.0
 20
400.0
 30
0.0
 11
4639.0
 21
400.0
 31
0.0
  0
LINE
  5
FE4
330
17
100
AcDbEntity
  8
GRAPH
100
AcDbLine
 10
4639.0
 20
400.0
 30
0.0
 11
4639.0
 21
386.0
 31
0.0
  0
LINE
  5
FE5
330
17
100
AcDbEntity
  8
GRAPH
100
AcDbLine
 10
4447.0
 20
408.0
 30
0.0
 11
4469.0
 21
408.0
 31
0.0
  0
LINE
  5
FE6
330
17
100
AcDbEntity
  8
GRAPH
100
AcDbLine
 10
4469.0
 20
408.0
 30
0.0
 11
4469.0
 21
422.0
 31
0.0
  0
LINE
  5
FE7
330
17
100
AcDbEntity
  8
GRAPH
100
AcDbLine
 10
4469.0
 20
422.0
 30
0.0
 11
4447.0
 21
422.0
 31
0.0
  0
LINE
  5
FE8
330
17
100
AcDbEntity
  8
GRAPH
100
AcDbLine
 10
4447.0
 20
422.0
 30
0.0
 11
4447.0
 21
408.0
 31
0.0
  0
LINE
  5
FE9
330
17
100
AcDbEntity
  8
GRAPH
100
AcDbLine
 10
4479.0
 20
408.0
 30
0.0
 11
4501.0
 21
408.0
 31
0.0
  0
LINE
  5
FEA
330
17
100
AcDbEntity
  8
GRAPH
100
AcDbLine
 10
4501.0
 20
408.0
 30
0.0
 11
4501.0
 21
422.0
 31
0.0
  0
LINE
  5
FEB
330
17
100
AcDbEntity
  8
GRAPH
100
AcDbLine
 10
4501.0
 20
422.0
 30
0.0
 11
4479.0
 21
422.0
 31
0.0
  0
LINE
  5
FEC
330
17
100
AcDbEntity
  8
GRAPH
100
AcDbLine
 10
4479.0
 20
422.0
 30
0.0
 11
4479.0
 21
408.0
 31
0.0
  0
LINE
  5
FED
330
17
100
AcDbEntity
  8
GRAPH
100
AcDbLine
 10
4511.0
 20
408.0
 30
0.0
 11
4533.0
 21
408.0
 31
0.0
  0
LINE
  5
FEE
330
17
100
AcDbEntity
  8
GRAPH
100
AcDbLine
 10
4533.0
 20
408.0
 30
0.0
 11
4533.0
 21
422.0
 31
0.0
  0
LINE
  5
FEF
330
17
100
AcDbEntity
  8
GRAPH
100
AcDbLine
 10
4533.0
 20
422.0
 30
0.0
 11
4511.0
 21
422.0
 31
0.0
  0
LINE
  5
FF0
330
17
100
AcDbEntity
  8
GRAPH
100
AcDbLine
 10
4511.0
 20
422.0
 30
0.0
 11
4511.0
 21
408.0
 31
0.0
  0
LINE
  5
FF1
330
17
100
AcDbEntity
  8
GRAPH
100
AcDbLine
 10
4543.0
 20
408.0
 30
0.0
 11
4565.0
 21
408.0
 31
0.0
  0
LINE
  5
FF2
330
17
100
AcDbEntity
  8
GRAPH
100
AcDbLine
 10
4565.0
 20
408.0
 30
0.0
 11
4565.0
 21
422.0
 31
0.0
  0
LINE
  5
FF3
330
17
100
AcDbEntity
  8
GRAPH
100
AcDbLine
 10
4565.0
 20
422.0
 30
0.0
 11
4543.0
 21
422.0
 31
0.0
  0
LINE
  5
FF4
330
17
100
AcDbEntity
  8
GRAPH
100
AcDbLine
 10
4543.0
 20
422.0
 30
0.0
 11
4543.0
 21
408.0
 31
0.0
  0
LINE
  5
FF5
330
17
100
AcDbEntity
  8
GRAPH
100
AcDbLine
 10
4575.0
 20
408.0
 30
0.0
 11
4597.0
 21
408.0
 31
0.0
  0
LINE
  5
FF6
330
17
100
AcDbEntity
  8
GRAPH
100
AcDbLine
 10
4597.0
 20
408.0
 30
0.0
 11
4597.0
 21
422.0
 31
0.0
  0
LINE
  5
FF7
330
17
100
AcDbEntity
  8
GRAPH
100
AcDbLine
 10
4597.0
 20
422.0
 30
0.0
 11
4575.0
 21
422.0
 31
0.0
  0
LINE
  5
FF8
330
17
100
AcDbEntity
  8
GRAPH
100
AcDbLine
 10
4575.0
 20
422.0
 30
0.0
 11
4575.0
 21
408.0
 31
0.0
  0
LINE
  5
FF9
330
17
100
AcDbEntity
  8
GRAPH
100
AcDbLine
 10
4607.0
 20
408.0
 30
0.0
 11
4629.0
 21
408.0
 31
0.0
  0
LINE
  5
FFA
330
17
100
AcDbEntity
  8
GRAPH
100
AcDbLine
 10
4629.0
 20
408.0
 30
0.0
 11
4629.0
 21
422.0
 31
0.0
  0
LINE
  5
FFB
330
17
100
AcDbEntity
  8
GRAPH
100
AcDbLine
 10
4629.0
 20
422.0
 30
0.0
 11
4607.0
 21
422.0
 31
0.0
  0
LINE
  5
FFC
330
17
100
AcDbEntity
  8
GRAPH
100
AcDbLine
 10
4607.0
 20
422.0
 30
0.0
 11
4607.0
 21
408.0
 31
0.0
  0
LINE
  5
FFD
330
17
100
AcDbEntity
  8
GRAPH
100
AcDbLine
 10
4639.0
 20
408.0
 30
0.0
 11
4661.0
 21
408.0
 31
0.0
  0
LINE
  5
FFE
330
17
100
AcDbEntity
  8
GRAPH
100
AcDbLine
 10
4661.0
 20
408.0
 30
0.0
 11
4661.0
 21
422.0
 31
0.0
  0
LINE
  5
FFF
330
17
100
AcDbEntity
  8
GRAPH
100
AcDbLine
 10
4661.0
 20
422.0
 30
0.0
 11
4639.0
 21
422.0
 31
0.0
  0
LINE
  5
1000
330
17
100
AcDbEntity
  8
GRAPH
100
AcDbLine
 10
4639.0
 20
422.0
 30
0.0
 11
4639.0
 21
408.0
 31
0.0
  0
LINE
  5
1001
330
17
100
AcDbEntity
  8
GRAPH
100
AcDbLine
 10
4447.0
 20
430.0
 30
0.0
 11
4469.0
 21
430.0
 31
0.0
  0
LINE
  5
1002
330
17
100
AcDbEntity
  8
GRAPH
100
AcDbLine
 10
4469.0
 20
430.0
 30
0.0
 11
4469.0
 21
444.0
 31
0.0
  0
LINE
  5
1003
330
17
100
AcDbEntity
  8
GRAPH
100
AcDbLine
 10
4469.0
 20
444.0
 30
0.0
 11
4447.0
 21
444.0
 31
0.0
  0
LINE
  5
1004
330
17
100
AcDbEntity
  8
GRAPH
100
AcDbLine
 10
4447.0
 20
444.0
 30
0.0
 11
4447.0
 21
430.0
 31
0.0
  0
LINE
  5
1005
330
17
100
AcDbEntity
  8
GRAPH
100
AcDbLine
 10
4479.0
 20
430.0
 30
0.0
 11
4501.0
 21
430.0
 31
0.0
  0
LINE
  5
1006
330
17
100
AcDbEntity
  8
GRAPH
100
AcDbLine
 10
4501.0
 20
430.0
 30
0.0
 11
4501.0
 21
444.0
 31
0.0
  0
LINE
  5
1007
330
17
100
AcDbEntity
  8
GRAPH
100
AcDbLine
 10
4501.0
 20
444.0
 30
0.0
 11
4479.0
 21
444.0
 31
0.0
  0
LINE
  5
1008
330
17
100
AcDbEntity
  8
GRAPH
100
AcDbLine
 10
4479.0
 20
444.0
 30
0.0
 11
4479.0
 21
430.0
 31
0.0
  0
LINE
  5
1009
330
17
100
AcDbEntity
  8
GRAPH
100
AcDbLine
 10
4511.0
 20
430.0
 30
0.0
 11
4533.0
 21
430.0
 31
0.0
  0
LINE
  5
100A
330
17
100
AcDbEntity
  8
GRAPH
100
AcDbLine
 10
4533.0
 20
430.0
 30
0.0
 11
4533.0
 21
444.0
 31
0.0
  0
LINE
  5
100B
330
17
100
AcDbEntity
  8
GRAPH
100
AcDbLine
 10
4533.0
 20
444.0
 30
0.0
 11
4511.0
 21
444.0
 31
0.0
  0
LINE
  5
100C
330
17
100
AcDbEntity
  8
GRAPH
100
AcDbLine
 10
4511.0
 20
444.0
 30
0.0
 11
4511.0
 21
430.0
 31
0.0
  0
LINE
  5
100D
330
17
100
AcDbEntity
  8
GRAPH
100
AcDbLine
 10
4543.0
 20
430.0
 30
0.0
 11
4565.0
 21
430.0
 31
0.0
  0
LINE
  5
100E
330
17
100
AcDbEntity
  8
GRAPH
100
AcDbLine
 10
4565.0
 20
430.0
 30
0.0
 11
4565.0
 21
444.0
 31
0.0
  0
LINE
  5
100F
330
17
100
AcDbEntity
  8
GRAPH
100
AcDbLine
 10
4565.0
 20
444.0
 30
0.0
 11
4543.0
 21
444.0
 31
0.0
  0
LINE
  5
1010
330
17
100
AcDbEntity
  8
GRAPH
100
AcDbLine
 10
4543.0
 20
444.0
 30
0.0
 11
4543.0
 21
430.0
 31
0.0
  0
LINE
  5
1011
330
17
100
AcDbEntity
  8
GRAPH
100
AcDbLine
 10
4575.0
 20
430.0
 30
0.0
 11
4597.0
 21
430.0
 31
0.0
  0
LINE
  5
1012
330
17
100
AcDbEntity
  8
GRAPH
100
AcDbLine
 10
4597.0
 20
430.0
 30
0.0
 11
4597.0
 21
444.0
 31
0.0
  0
LINE
  5
1013
330
17
100
AcDbEntity
  8
GRAPH
100
AcDbLine
 10
4597.0
 20
444.0
 30
0.0
 11
4575.0
 21
444.0
 31
0.0
  0
LINE
  5
1014
330
17
100
AcDbEntity
  8
GRAPH
100
AcDbLine
 10
4575.0
 20
444.0
 30
0.0
 11
4575.0
 21
430.0
 31
0.0
  0
LINE
  5
1015
330
17
100
AcDbEntity
  8
GRAPH
100
AcDbLine
 10
4607.0
 20
430.0
 30
0.0
 11
4629.0
 21
430.0
 31
0.0
  0
LINE
  5
1016
330
17
100
AcDbEntity
  8
GRAPH
100
AcDbLine
 10
4629.0
 20
430.0
 30
0.0
 11
4629.0
 21
444.0
 31
0.0
  0
LINE
  5
1017
330
17
100
AcDbEntity
  8
GRAPH
100
AcDbLine
 10
4629.0
 20
444.0
 30
0.0
 11
4607.0
 21
444.0
 31
0.0
  0
LINE
  5
1018
330
17
100
AcDbEntity
  8
GRAPH
100
AcDbLine
 10
4607.0
 20
444.0
 30
0.0
 11
4607.0
 21
430.0
 31
0.0
  0
LINE
  5
1019
330
17
100
AcDbEntity
  8
GRAPH
100
AcDbLine
 10
4639.0
 20
430.0
 30
0.0
 11
4661.0
 21
430.0
 31
0.0
  0
LINE
  5
101A
330
17
100
AcDbEntity
  8
GRAPH
100
AcDbLine
 10
4661.0
 20
430.0
 30
0.0
 11
4661.0
 21
444.0
 31
0.0
  0
LINE
  5
101B
330
17
100
AcDbEntity
  8
GRAPH
100
AcDbLine
 10
4661.0
 20
444.0
 30
0.0
 11
4639.0
 21
444.0
 31
0.0
  0
LINE
  5
101C
330
17
100
AcDbEntity
  8
GRAPH
100
AcDbLine
 10
4639.0
 20
444.0
 30
0.0
 11
4639.0
 21
430.0
 31
0.0
  0
LINE
  5
101D
330
17
100
AcDbEntity
  8
GRAPH
100
AcDbLine
 10
4447.0
 20
452.0
 30
0.0
 11
4469.0
 21
452.0
 31
0.0
  0
LINE
  5
101E
330
17
100
AcDbEntity
  8
GRAPH
100
AcDbLine
 10
4469.0
 20
452.0
 30
0.0
 11
4469.0
 21
466.0
 31
0.0
  0
LINE
  5
101F
330
17
100
AcDbEntity
  8
GRAPH
100
AcDbLine
 10
4469.0
 20
466.0
 30
0.0
 11
4447.0
 21
466.0
 31
0.0
  0
LINE
  5
1020
330
17
100
AcDbEntity
  8
GRAPH
100
AcDbLine
 10
4447.0
 20
466.0
 30
0.0
 11
4447.0
 21
452.0
 31
0.0
  0
LINE
  5
1021
330
17
100
AcDbEntity
  8
GRAPH
100
AcDbLine
 10
4479.0
 20
452.0
 30
0.0
 11
4501.0
 21
452.0
 31
0.0
  0
LINE
  5
1022
330
17
100
AcDbEntity
  8
GRAPH
100
AcDbLine
 10
4501.0
 20
452.0
 30
0.0
 11
4501.0
 21
466.0
 31
0.0
  0
LINE
  5
1023
330
17
100
AcDbEntity
  8
GRAPH
100
AcDbLine
 10
4501.0
 20
466.0
 30
0.0
 11
4479.0
 21
466.0
 31
0.0
  0
LINE
  5
1024
330
17
100
AcDbEntity
  8
GRAPH
100
AcDbLine
 10
4479.0
 20
466.0
 30
0.0
 11
4479.0
 21
452.0
 31
0.0
  0
LINE
  5
1025
330
17
100
AcDbEntity
  8
GRAPH
100
AcDbLine
 10
4511.0
 20
452.0
 30
0.0
 11
4533.0
 21
452.0
 31
0.0
  0
LINE
  5
1026
330
17
100
AcDbEntity
  8
GRAPH
100
AcDbLine
 10
4533.0
 20
452.0
 30
0.0
 11
4533.0
 21
466.0
 31
0.0
  0
LINE
  5
1027
330
17
100
AcDbEntity
  8
GRAPH
100
AcDbLine
 10
4533.0
 20
466.0
 30
0.0
 11
4511.0
 21
466.0
 31
0.0
  0
LINE
  5
1028
330
17
100
AcDbEntity
  8
GRAPH
100
AcDbLine
 10
4511.0
 20
466.0
 30
0.0
 11
4511.0
 21
452.0
 31
0.0
  0
LINE
  5
1029
330
17
100
AcDbEntity
  8
GRAPH
100
AcDbLine
 10
4543.0
 20
452.0
 30
0.0
 11
4565.0
 21
452.0
 31
0.0
  0
LINE
  5
102A
330
17
100
AcDbEntity
  8
GRAPH
100
AcDbLine
 10
4565.0
 20
452.0
 30
0.0
 11
4565.0
 21
466.0
 31
0.0
  0
LINE
  5
102B
330
17
100
AcDbEntity
  8
GRAPH
100
AcDbLine
 10
4565.0
 20
466.0
 30
0.0
 11
4543.0
 21
466.0
 31
0.0
  0
LINE
  5
102C
330
17
100
AcDbEntity
  8
GRAPH
100
AcDbLine
 10
4543.0
 20
466.0
 30
0.0
 11
4543.0
 21
452.0
 31
0.0
  0
LINE
  5
102D
330
17
100
AcDbEntity
  8
GRAPH
100
AcDbLine
 10
4575.0
 20
452.0
 30
0.0
 11
4597.0
 21
452.0
 31
0.0
  0
LINE
  5
102E
330
17
100
AcDbEntity
  8
GRAPH
100
AcDbLine
 10
4597.0
 20
452.0
 30
0.0
 11
4597.0
 21
466.0
 31
0.0
  0
LINE
  5
102F
330
17
100
AcDbEntity
  8
GRAPH
100
AcDbLine
 10
4597.0
 20
466.0
 30
0.0
 11
4575.0
 21
466.0
 31
0.0
  0
LINE
  5
1030
330
17
100
AcDbEntity
  8
GRAPH
100
AcDbLine
 10
4575.0
 20
466.0
 30
0.0
 11
4575.0
 21
452.0
 31
0.0
  0
LINE
  5
1031
330
17
100
AcDbEntity
  8
GRAPH
100
AcDbLine
 10
4607.0
 20
452.0
 30
0.0
 11
4629.0
 21
452.0
 31
0.0
  0
LINE
  5
1032
330
17
100
AcDbEntity
  8
GRAPH
100
AcDbLine
 10
4629.0
 20
452.0
 30
0.0
 11
4629.0
 21
466.0
 31
0.0
  0
LINE
  5
1033
330
17
100
AcDbEntity
  8
GRAPH
100
AcDbLine
 10
4629.0
 20
466.0
 30
0.0
 11
4607.0
 21
466.0
 31
0.0
  0
LINE
  5
1034
330
17
100
AcDbEntity
  8
GRAPH
100
AcDbLine
 10
4607.0
 20
466.0
 30
0.0
 11
4607.0
 21
452.0
 31
0.0
  0
LINE
  5
1035
330
17
100
AcDbEntity
  8
GRAPH
100
AcDbLine
 10
4639.0
 20
452.0
 30
0.0
 11
4661.0
 21
452.0
 31
0.0
  0
LINE
  5
1036
330
17
100
AcDbEntity
  8
GRAPH
100
AcDbLine
 10
4661.0
 20
452.0
 30
0.0
 11
4661.0
 21
466.0
 31
0.0
  0
LINE
  5
1037
330
17
100
AcDbEntity
  8
GRAPH
100
AcDbLine
 10
4661.0
 20
466.0
 30
0.0
 11
4639.0
 21
466.0
 31
0.0
  0
LINE
  5
1038
330
17
100
AcDbEntity
  8
GRAPH
100
AcDbLine
 10
4639.0
 20
466.0
 30
0.0
 11
4639.0
 21
452.0
 31
0.0
  0
LINE
  5
1039
330
17
100
AcDbEntity
  8
GRAPH
100
AcDbLine
 10
4447.0
 20
474.0
 30
0.0
 11
4469.0
 21
474.0
 31
0.0
  0
LINE
  5
103A
330
17
100
AcDbEntity
  8
GRAPH
100
AcDbLine
 10
4469.0
 20
474.0
 30
0.0
 11
4469.0
 21
488.0
 31
0.0
  0
LINE
  5
103B
330
17
100
AcDbEntity
  8
GRAPH
100
AcDbLine
 10
4469.0
 20
488.0
 30
0.0
 11
4447.0
 21
488.0
 31
0.0
  0
LINE
  5
103C
330
17
100
AcDbEntity
  8
GRAPH
100
AcDbLine
 10
4447.0
 20
488.0
 30
0.0
 11
4447.0
 21
474.0
 31
0.0
  0
LINE
  5
103D
330
17
100
AcDbEntity
  8
GRAPH
100
AcDbLine
 10
4479.0
 20
474.0
 30
0.0
 11
4501.0
 21
474.0
 31
0.0
  0
LINE
  5
103E
330
17
100
AcDbEntity
  8
GRAPH
100
AcDbLine
 10
4501.0
 20
474.0
 30
0.0
 11
4501.0
 21
488.0
 31
0.0
  0
LINE
  5
103F
330
17
100
AcDbEntity
  8
GRAPH
100
AcDbLine
 10
4501.0
 20
488.0
 30
0.0
 11
4479.0
 21
488.0
 31
0.0
  0
LINE
  5
1040
330
17
100
AcDbEntity
  8
GRAPH
100
AcDbLine
 10
4479.0
 20
488.0
 30
0.0
 11
4479.0
 21
474.0
 31
0.0
  0
LINE
  5
1041
330
17
100
AcDbEntity
  8
GRAPH
100
AcDbLine
 10
4511.0
 20
474.0
 30
0.0
 11
4533.0
 21
474.0
 31
0.0
  0
LINE
  5
1042
330
17
100
AcDbEntity
  8
GRAPH
100
AcDbLine
 10
4533.0
 20
474.0
 30
0.0
 11
4533.0
 21
488.0
 31
0.0
  0
LINE
  5
1043
330
17
100
AcDbEntity
  8
GRAPH
100
AcDbLine
 10
4533.0
 20
488.0
 30
0.0
 11
4511.0
 21
488.0
 31
0.0
  0
LINE
  5
1044
330
17
100
AcDbEntity
  8
GRAPH
100
AcDbLine
 10
4511.0
 20
488.0
 30
0.0
 11
4511.0
 21
474.0
 31
0.0
  0
LINE
  5
1045
330
17
100
AcDbEntity
  8
GRAPH
100
AcDbLine
 10
4543.0
 20
474.0
 30
0.0
 11
4565.0
 21
474.0
 31
0.0
  0
LINE
  5
1046
330
17
100
AcDbEntity
  8
GRAPH
100
AcDbLine
 10
4565.0
 20
474.0
 30
0.0
 11
4565.0
 21
488.0
 31
0.0
  0
LINE
  5
1047
330
17
100
AcDbEntity
  8
GRAPH
100
AcDbLine
 10
4565.0
 20
488.0
 30
0.0
 11
4543.0
 21
488.0
 31
0.0
  0
LINE
  5
1048
330
17
100
AcDbEntity
  8
GRAPH
100
AcDbLine
 10
4543.0
 20
488.0
 30
0.0
 11
4543.0
 21
474.0
 31
0.0
  0
LINE
  5
1049
330
17
100
AcDbEntity
  8
GRAPH
100
AcDbLine
 10
4575.0
 20
474.0
 30
0.0
 11
4597.0
 21
474.0
 31
0.0
  0
LINE
  5
104A
330
17
100
AcDbEntity
  8
GRAPH
100
AcDbLine
 10
4597.0
 20
474.0
 30
0.0
 11
4597.0
 21
488.0
 31
0.0
  0
LINE
  5
104B
330
17
100
AcDbEntity
  8
GRAPH
100
AcDbLine
 10
4597.0
 20
488.0
 30
0.0
 11
4575.0
 21
488.0
 31
0.0
  0
LINE
  5
104C
330
17
100
AcDbEntity
  8
GRAPH
100
AcDbLine
 10
4575.0
 20
488.0
 30
0.0
 11
4575.0
 21
474.0
 31
0.0
  0
LINE
  5
104D
330
17
100
AcDbEntity
  8
GRAPH
100
AcDbLine
 10
4607.0
 20
474.0
 30
0.0
 11
4629.0
 21
474.0
 31
0.0
  0
LINE
  5
104E
330
17
100
AcDbEntity
  8
GRAPH
100
AcDbLine
 10
4629.0
 20
474.0
 30
0.0
 11
4629.0
 21
488.0
 31
0.0
  0
LINE
  5
104F
330
17
100
AcDbEntity
  8
GRAPH
100
AcDbLine
 10
4629.0
 20
488.0
 30
0.0
 11
4607.0
 21
488.0
 31
0.0
  0
LINE
  5
1050
330
17
100
AcDbEntity
  8
GRAPH
100
AcDbLine
 10
4607.0
 20
488.0
 30
0.0
 11
4607.0
 21
474.0
 31
0.0
  0
LINE
  5
1051
330
17
100
AcDbEntity
  8
GRAPH
100
AcDbLine
 10
4639.0
 20
474.0
 30
0.0
 11
4661.0
 21
474.0
 31
0.0
  0
LINE
  5
1052
330
17
100
AcDbEntity
  8
GRAPH
100
AcDbLine
 10
4661.0
 20
474.0
 30
0.0
 11
4661.0
 21
488.0
 31
0.0
  0
LINE
  5
1053
330
17
100
AcDbEntity
  8
GRAPH
100
AcDbLine
 10
4661.0
 20
488.0
 30
0.0
 11
4639.0
 21
488.0
 31
0.0
  0
LINE
  5
1054
330
17
100
AcDbEntity
  8
GRAPH
100
AcDbLine
 10
4639.0
 20
488.0
 30
0.0
 11
4639.0
 21
474.0
 31
0.0
  0
LINE
  5
1055
330
17
100
AcDbEntity
  8
GRAPH
100
AcDbLine
 10
4535.0
 20
122.0
 30
0.0
 11
4563.0
 21
122.0
 31
0.0
  0
LINE
  5
1056
330
17
100
AcDbEntity
  8
GRAPH
100
AcDbLine
 10
4563.0
 20
122.0
 30
0.0
 11
4563.0
 21
162.0
 31
0.0
  0
LINE
  5
1057
330
17
100
AcDbEntity
  8
GRAPH
100
AcDbLine
 10
4563.0
 20
162.0
 30
0.0
 11
4535.0
 21
162.0
 31
0.0
  0
LINE
  5
1058
330
17
100
AcDbEntity
  8
GRAPH
100
AcDbLine
 10
4535.0
 20
162.0
 30
0.0
 11
4535.0
 21
122.0
 31
0.0
  0
TEXT
  5
1059
330
17
100
AcDbEntity
  8
TEXT
100
AcDbText
 10
4539.0
 20
138.0
 30
0.0
 40
2.2
  1
Л1
 11
4539.0
 21
138.0
 31
0.0
100
AcDbText
  0
LINE
  5
105A
330
17
100
AcDbEntity
  8
GRAPH
100
AcDbLine
 10
4675.0
 20
110.0
 30
0.0
 11
4675.0
 21
510.0
 31
0.0
  0
LINE
  5
105B
330
17
100
AcDbEntity
  8
GRAPH
100
AcDbLine
 10
4687.0
 20
122.0
 30
0.0
 11
4709.0
 21
122.0
 31
0.0
  0
LINE
  5
105C
330
17
100
AcDbEntity
  8
GRAPH
100
AcDbLine
 10
4709.0
 20
122.0
 30
0.0
 11
4709.0
 21
136.0
 31
0.0
  0
LINE
  5
105D
330
17
100
AcDbEntity
  8
GRAPH
100
AcDbLine
 10
4709.0
 20
136.0
 30
0.0
 11
4687.0
 21
136.0
 31
0.0
  0
LINE
  5
105E
330
17
100
AcDbEntity
  8
GRAPH
100
AcDbLine
 10
4687.0
 20
136.0
 30
0.0
 11
4687.0
 21
122.0
 31
0.0
  0
LINE
  5
105F
330
17
100
AcDbEntity
  8
GRAPH
100
AcDbLine
 10
4719.0
 20
122.0
 30
0.0
 11
4741.0
 21
122.0
 31
0.0
  0
LINE
  5
1060
330
17
100
AcDbEntity
  8
GRAPH
100
AcDbLine
 10
4741.0
 20
122.0
 30
0.0
 11
4741.0
 21
136.0
 31
0.0
  0
LINE
  5
1061
330
17
100
AcDbEntity
  8
GRAPH
100
AcDbLine
 10
4741.0
 20
136.0
 30
0.0
 11
4719.0
 21
136.0
 31
0.0
  0
LINE
  5
1062
330
17
100
AcDbEntity
  8
GRAPH
100
AcDbLine
 10
4719.0
 20
136.0
 30
0.0
 11
4719.0
 21
122.0
 31
0.0
  0
LINE
  5
1063
330
17
100
AcDbEntity
  8
GRAPH
100
AcDbLine
 10
4751.0
 20
122.0
 30
0.0
 11
4773.0
 21
122.0
 31
0.0
  0
LINE
  5
1064
330
17
100
AcDbEntity
  8
GRAPH
100
AcDbLine
 10
4773.0
 20
122.0
 30
0.0
 11
4773.0
 21
136.0
 31
0.0
  0
LINE
  5
1065
330
17
100
AcDbEntity
  8
GRAPH
100
AcDbLine
 10
4773.0
 20
136.0
 30
0.0
 11
4751.0
 21
136.0
 31
0.0
  0
LINE
  5
1066
330
17
100
AcDbEntity
  8
GRAPH
100
AcDbLine
 10
4751.0
 20
136.0
 30
0.0
 11
4751.0
 21
122.0
 31
0.0
  0
LINE
  5
1067
330
17
100
AcDbEntity
  8
GRAPH
100
AcDbLine
 10
4783.0
 20
122.0
 30
0.0
 11
4805.0
 21
122.0
 31
0.0
  0
LINE
  5
1068
330
17
100
AcDbEntity
  8
GRAPH
100
AcDbLine
 10
4805.0
 20
122.0
 30
0.0
 11
4805.0
 21
136.0
 31
0.0
  0
LINE
  5
1069
330
17
100
AcDbEntity
  8
GRAPH
100
AcDbLine
 10
4805.0
 20
136.0
 30
0.0
 11
4783.0
 21
136.0
 31
0.0
  0
LINE
  5
106A
330
17
100
AcDbEntity
  8
GRAPH
100
AcDbLine
 10
4783.0
 20
136.0
 30
0.0
 11
4783.0
 21
122.0
 31
0.0
  0
LINE
  5
106B
330
17
100
AcDbEntity
  8
GRAPH
100
AcDbLine
 10
4815.0
 20
122.0
 30
0.0
 11
4837.0
 21
122.0
 31
0.0
  0
LINE
  5
106C
330
17
100
AcDbEntity
  8
GRAPH
100
AcDbLine
 10
4837.0
 20
122.0
 30
0.0
 11
4837.0
 21
136.0
 31
0.0
  0
LINE
  5
106D
330
17
100
AcDbEntity
  8
GRAPH
100
AcDbLine
 10
4837.0
 20
136.0
 30
0.0
 11
4815.0
 21
136.0
 31
0.0
  0
LINE
  5
106E
330
17
100
AcDbEntity
  8
GRAPH
100
AcDbLine
 10
4815.0
 20
136.0
 30
0.0
 11
4815.0
 21
122.0
 31
0.0
  0
LINE
  5
106F
330
17
100
AcDbEntity
  8
GRAPH
100
AcDbLine
 10
4847.0
 20
122.0
 30
0.0
 11
4869.0
 21
122.0
 31
0.0
  0
LINE
  5
1070
330
17
100
AcDbEntity
  8
GRAPH
100
AcDbLine
 10
4869.0
 20
122.0
 30
0.0
 11
4869.0
 21
136.0
 31
0.0
  0
LINE
  5
1071
330
17
100
AcDbEntity
  8
GRAPH
100
AcDbLine
 10
4869.0
 20
136.0
 30
0.0
 11
4847.0
 21
136.0
 31
0.0
  0
LINE
  5
1072
330
17
100
AcDbEntity
  8
GRAPH
100
AcDbLine
 10
4847.0
 20
136.0
 30
0.0
 11
4847.0
 21
122.0
 31
0.0
  0
LINE
  5
1073
330
17
100
AcDbEntity
  8
GRAPH
100
AcDbLine
 10
4879.0
 20
122.0
 30
0.0
 11
4901.0
 21
122.0
 31
0.0
  0
LINE
  5
1074
330
17
100
AcDbEntity
  8
GRAPH
100
AcDbLine
 10
4901.0
 20
122.0
 30
0.0
 11
4901.0
 21
136.0
 31
0.0
  0
LINE
  5
1075
330
17
100
AcDbEntity
  8
GRAPH
100
AcDbLine
 10
4901.0
 20
136.0
 30
0.0
 11
4879.0
 21
136.0
 31
0.0
  0
LINE
  5
1076
330
17
100
AcDbEntity
  8
GRAPH
100
AcDbLine
 10
4879.0
 20
136.0
 30
0.0
 11
4879.0
 21
122.0
 31
0.0
  0
LINE
  5
1077
330
17
100
AcDbEntity
  8
GRAPH
100
AcDbLine
 10
4687.0
 20
144.0
 30
0.0
 11
4709.0
 21
144.0
 31
0.0
  0
LINE
  5
1078
330
17
100
AcDbEntity
  8
GRAPH
100
AcDbLine
 10
4709.0
 20
144.0
 30
0.0
 11
4709.0
 21
158.0
 31
0.0
  0
LINE
  5
1079
330
17
100
AcDbEntity
  8
GRAPH
100
AcDbLine
 10
4709.0
 20
158.0
 30
0.0
 11
4687.0
 21
158.0
 31
0.0
  0
LINE
  5
107A
330
17
100
AcDbEntity
  8
GRAPH
100
AcDbLine
 10
4687.0
 20
158.0
 30
0.0
 11
4687.0
 21
144.0
 31
0.0
  0
LINE
  5
107B
330
17
100
AcDbEntity
  8
GRAPH
100
AcDbLine
 10
4719.0
 20
144.0
 30
0.0
 11
4741.0
 21
144.0
 31
0.0
  0
LINE
  5
107C
330
17
100
AcDbEntity
  8
GRAPH
100
AcDbLine
 10
4741.0
 20
144.0
 30
0.0
 11
4741.0
 21
158.0
 31
0.0
  0
LINE
  5
107D
330
17
100
AcDbEntity
  8
GRAPH
100
AcDbLine
 10
4741.0
 20
158.0
 30
0.0
 11
4719.0
 21
158.0
 31
0.0
  0
LINE
  5
107E
330
17
100
AcDbEntity
  8
GRAPH
100
AcDbLine
 10
4719.0
 20
158.0
 30
0.0
 11
4719.0
 21
144.0
 31
0.0
  0
LINE
  5
107F
330
17
100
AcDbEntity
  8
GRAPH
100
AcDbLine
 10
4751.0
 20
144.0
 30
0.0
 11
4773.0
 21
144.0
 31
0.0
  0
LINE
  5
1080
330
17
100
AcDbEntity
  8
GRAPH
100
AcDbLine
 10
4773.0
 20
144.0
 30
0.0
 11
4773.0
 21
158.0
 31
0.0
  0
LINE
  5
1081
330
17
100
AcDbEntity
  8
GRAPH
100
AcDbLine
 10
4773.0
 20
158.0
 30
0.0
 11
4751.0
 21
158.0
 31
0.0
  0
LINE
  5
1082
330
17
100
AcDbEntity
  8
GRAPH
100
AcDbLine
 10
4751.0
 20
158.0
 30
0.0
 11
4751.0
 21
144.0
 31
0.0
  0
LINE
  5
1083
330
17
100
AcDbEntity
  8
GRAPH
100
AcDbLine
 10
4783.0
 20
144.0
 30
0.0
 11
4805.0
 21
144.0
 31
0.0
  0
LINE
  5
1084
330
17
100
AcDbEntity
  8
GRAPH
100
AcDbLine
 10
4805.0
 20
144.0
 30
0.0
 11
4805.0
 21
158.0
 31
0.0
  0
LINE
  5
1085
330
17
100
AcDbEntity
  8
GRAPH
100
AcDbLine
 10
4805.0
 20
158.0
 30
0.0
 11
4783.0
 21
158.0
 31
0.0
  0
LINE
  5
1086
330
17
100
AcDbEntity
  8
GRAPH
100
AcDbLine
 10
4783.0
 20
158.0
 30
0.0
 11
4783.0
 21
144.0
 31
0.0
  0
LINE
  5
1087
330
17
100
AcDbEntity
  8
GRAPH
100
AcDbLine
 10
4815.0
 20
144.0
 30
0.0
 11
4837.0
 21
144.0
 31
0.0
  0
LINE
  5
1088
330
17
100
AcDbEntity
  8
GRAPH
100
AcDbLine
 10
4837.0
 20
144.0
 30
0.0
 11
4837.0
 21
158.0
 31
0.0
  0
LINE
  5
1089
330
17
100
AcDbEntity
  8
GRAPH
100
AcDbLine
 10
4837.0
 20
158.0
 30
0.0
 11
4815.0
 21
158.0
 31
0.0
  0
LINE
  5
108A
330
17
100
AcDbEntity
  8
GRAPH
100
AcDbLine
 10
4815.0
 20
158.0
 30
0.0
 11
4815.0
 21
144.0
 31
0.0
  0
LINE
  5
108B
330
17
100
AcDbEntity
  8
GRAPH
100
AcDbLine
 10
4847.0
 20
144.0
 30
0.0
 11
4869.0
 21
144.0
 31
0.0
  0
LINE
  5
108C
330
17
100
AcDbEntity
  8
GRAPH
100
AcDbLine
 10
4869.0
 20
144.0
 30
0.0
 11
4869.0
 21
158.0
 31
0.0
  0
LINE
  5
108D
330
17
100
AcDbEntity
  8
GRAPH
100
AcDbLine
 10
4869.0
 20
158.0
 30
0.0
 11
4847.0
 21
158.0
 31
0.0
  0
LINE
  5
108E
330
17
100
AcDbEntity
  8
GRAPH
100
AcDbLine
 10
4847.0
 20
158.0
 30
0.0
 11
4847.0
 21
144.0
 31
0.0
  0
LINE
  5
108F
330
17
100
AcDbEntity
  8
GRAPH
100
AcDbLine
 10
4879.0
 20
144.0
 30
0.0
 11
4901.0
 21
144.0
 31
0.0
  0
LINE
  5
1090
330
17
100
AcDbEntity
  8
GRAPH
100
AcDbLine
 10
4901.0
 20
144.0
 30
0.0
 11
4901.0
 21
158.0
 31
0.0
  0
LINE
  5
1091
330
17
100
AcDbEntity
  8
GRAPH
100
AcDbLine
 10
4901.0
 20
158.0
 30
0.0
 11
4879.0
 21
158.0
 31
0.0
  0
LINE
  5
1092
330
17
100
AcDbEntity
  8
GRAPH
100
AcDbLine
 10
4879.0
 20
158.0
 30
0.0
 11
4879.0
 21
144.0
 31
0.0
  0
LINE
  5
1093
330
17
100
AcDbEntity
  8
GRAPH
100
AcDbLine
 10
4687.0
 20
166.0
 30
0.0
 11
4709.0
 21
166.0
 31
0.0
  0
LINE
  5
1094
330
17
100
AcDbEntity
  8
GRAPH
100
AcDbLine
 10
4709.0
 20
166.0
 30
0.0
 11
4709.0
 21
180.0
 31
0.0
  0
LINE
  5
1095
330
17
100
AcDbEntity
  8
GRAPH
100
AcDbLine
 10
4709.0
 20
180.0
 30
0.0
 11
4687.0
 21
180.0
 31
0.0
  0
LINE
  5
1096
330
17
100
AcDbEntity
  8
GRAPH
100
AcDbLine
 10
4687.0
 20
180.0
 30
0.0
 11
4687.0
 21
166.0
 31
0.0
  0
LINE
  5
1097
330
17
100
AcDbEntity
  8
GRAPH
100
AcDbLine
 10
4719.0
 20
166.0
 30
0.0
 11
4741.0
 21
166.0
 31
0.0
  0
LINE
  5
1098
330
17
100
AcDbEntity
  8
GRAPH
100
AcDbLine
 10
4741.0
 20
166.0
 30
0.0
 11
4741.0
 21
180.0
 31
0.0
  0
LINE
  5
1099
330
17
100
AcDbEntity
  8
GRAPH
100
AcDbLine
 10
4741.0
 20
180.0
 30
0.0
 11
4719.0
 21
180.0
 31
0.0
  0
LINE
  5
109A
330
17
100
AcDbEntity
  8
GRAPH
100
AcDbLine
 10
4719.0
 20
180.0
 30
0.0
 11
4719.0
 21
166.0
 31
0.0
  0
LINE
  5
109B
330
17
100
AcDbEntity
  8
GRAPH
100
AcDbLine
 10
4751.0
 20
166.0
 30
0.0
 11
4773.0
 21
166.0
 31
0.0
  0
LINE
  5
109C
330
17
100
AcDbEntity
  8
GRAPH
100
AcDbLine
 10
4773.0
 20
166.0
 30
0.0
 11
4773.0
 21
180.0
 31
0.0
  0
LINE
  5
109D
330
17
100
AcDbEntity
  8
GRAPH
100
AcDbLine
 10
4773.0
 20
180.0
 30
0.0
 11
4751.0
 21
180.0
 31
0.0
  0
LINE
  5
109E
330
17
100
AcDbEntity
  8
GRAPH
100
AcDbLine
 10
4751.0
 20
180.0
 30
0.0
 11
4751.0
 21
166.0
 31
0.0
  0
LINE
  5
109F
330
17
100
AcDbEntity
  8
GRAPH
100
AcDbLine
 10
4783.0
 20
166.0
 30
0.0
 11
4805.0
 21
166.0
 31
0.0
  0
LINE
  5
10A0
330
17
100
AcDbEntity
  8
GRAPH
100
AcDbLine
 10
4805.0
 20
166.0
 30
0.0
 11
4805.0
 21
180.0
 31
0.0
  0
LINE
  5
10A1
330
17
100
AcDbEntity
  8
GRAPH
100
AcDbLine
 10
4805.0
 20
180.0
 30
0.0
 11
4783.0
 21
180.0
 31
0.0
  0
LINE
  5
10A2
330
17
100
AcDbEntity
  8
GRAPH
100
AcDbLine
 10
4783.0
 20
180.0
 30
0.0
 11
4783.0
 21
166.0
 31
0.0
  0
LINE
  5
10A3
330
17
100
AcDbEntity
  8
GRAPH
100
AcDbLine
 10
4815.0
 20
166.0
 30
0.0
 11
4837.0
 21
166.0
 31
0.0
  0
LINE
  5
10A4
330
17
100
AcDbEntity
  8
GRAPH
100
AcDbLine
 10
4837.0
 20
166.0
 30
0.0
 11
4837.0
 21
180.0
 31
0.0
  0
LINE
  5
10A5
330
17
100
AcDbEntity
  8
GRAPH
100
AcDbLine
 10
4837.0
 20
180.0
 30
0.0
 11
4815.0
 21
180.0
 31
0.0
  0
LINE
  5
10A6
330
17
100
AcDbEntity
  8
GRAPH
100
AcDbLine
 10
4815.0
 20
180.0
 30
0.0
 11
4815.0
 21
166.0
 31
0.0
  0
LINE
  5
10A7
330
17
100
AcDbEntity
  8
GRAPH
100
AcDbLine
 10
4847.0
 20
166.0
 30
0.0
 11
4869.0
 21
166.0
 31
0.0
  0
LINE
  5
10A8
330
17
100
AcDbEntity
  8
GRAPH
100
AcDbLine
 10
4869.0
 20
166.0
 30
0.0
 11
4869.0
 21
180.0
 31
0.0
  0
LINE
  5
10A9
330
17
100
AcDbEntity
  8
GRAPH
100
AcDbLine
 10
4869.0
 20
180.0
 30
0.0
 11
4847.0
 21
180.0
 31
0.0
  0
LINE
  5
10AA
330
17
100
AcDbEntity
  8
GRAPH
100
AcDbLine
 10
4847.0
 20
180.0
 30
0.0
 11
4847.0
 21
166.0
 31
0.0
  0
LINE
  5
10AB
330
17
100
AcDbEntity
  8
GRAPH
100
AcDbLine
 10
4879.0
 20
166.0
 30
0.0
 11
4901.0
 21
166.0
 31
0.0
  0
LINE
  5
10AC
330
17
100
AcDbEntity
  8
GRAPH
100
AcDbLine
 10
4901.0
 20
166.0
 30
0.0
 11
4901.0
 21
180.0
 31
0.0
  0
LINE
  5
10AD
330
17
100
AcDbEntity
  8
GRAPH
100
AcDbLine
 10
4901.0
 20
180.0
 30
0.0
 11
4879.0
 21
180.0
 31
0.0
  0
LINE
  5
10AE
330
17
100
AcDbEntity
  8
GRAPH
100
AcDbLine
 10
4879.0
 20
180.0
 30
0.0
 11
4879.0
 21
166.0
 31
0.0
  0
LINE
  5
10AF
330
17
100
AcDbEntity
  8
GRAPH
100
AcDbLine
 10
4687.0
 20
188.0
 30
0.0
 11
4709.0
 21
188.0
 31
0.0
  0
LINE
  5
10B0
330
17
100
AcDbEntity
  8
GRAPH
100
AcDbLine
 10
4709.0
 20
188.0
 30
0.0
 11
4709.0
 21
202.0
 31
0.0
  0
LINE
  5
10B1
330
17
100
AcDbEntity
  8
GRAPH
100
AcDbLine
 10
4709.0
 20
202.0
 30
0.0
 11
4687.0
 21
202.0
 31
0.0
  0
LINE
  5
10B2
330
17
100
AcDbEntity
  8
GRAPH
100
AcDbLine
 10
4687.0
 20
202.0
 30
0.0
 11
4687.0
 21
188.0
 31
0.0
  0
LINE
  5
10B3
330
17
100
AcDbEntity
  8
GRAPH
100
AcDbLine
 10
4719.0
 20
188.0
 30
0.0
 11
4741.0
 21
188.0
 31
0.0
  0
LINE
  5
10B4
330
17
100
AcDbEntity
  8
GRAPH
100
AcDbLine
 10
4741.0
 20
188.0
 30
0.0
 11
4741.0
 21
202.0
 31
0.0
  0
LINE
  5
10B5
330
17
100
AcDbEntity
  8
GRAPH
100
AcDbLine
 10
4741.0
 20
202.0
 30
0.0
 11
4719.0
 21
202.0
 31
0.0
  0
LINE
  5
10B6
330
17
100
AcDbEntity
  8
GRAPH
100
AcDbLine
 10
4719.0
 20
202.0
 30
0.0
 11
4719.0
 21
188.0
 31
0.0
  0
LINE
  5
10B7
330
17
100
AcDbEntity
  8
GRAPH
100
AcDbLine
 10
4751.0
 20
188.0
 30
0.0
 11
4773.0
 21
188.0
 31
0.0
  0
LINE
  5
10B8
330
17
100
AcDbEntity
  8
GRAPH
100
AcDbLine
 10
4773.0
 20
188.0
 30
0.0
 11
4773.0
 21
202.0
 31
0.0
  0
LINE
  5
10B9
330
17
100
AcDbEntity
  8
GRAPH
100
AcDbLine
 10
4773.0
 20
202.0
 30
0.0
 11
4751.0
 21
202.0
 31
0.0
  0
LINE
  5
10BA
330
17
100
AcDbEntity
  8
GRAPH
100
AcDbLine
 10
4751.0
 20
202.0
 30
0.0
 11
4751.0
 21
188.0
 31
0.0
  0
LINE
  5
10BB
330
17
100
AcDbEntity
  8
GRAPH
100
AcDbLine
 10
4783.0
 20
188.0
 30
0.0
 11
4805.0
 21
188.0
 31
0.0
  0
LINE
  5
10BC
330
17
100
AcDbEntity
  8
GRAPH
100
AcDbLine
 10
4805.0
 20
188.0
 30
0.0
 11
4805.0
 21
202.0
 31
0.0
  0
LINE
  5
10BD
330
17
100
AcDbEntity
  8
GRAPH
100
AcDbLine
 10
4805.0
 20
202.0
 30
0.0
 11
4783.0
 21
202.0
 31
0.0
  0
LINE
  5
10BE
330
17
100
AcDbEntity
  8
GRAPH
100
AcDbLine
 10
4783.0
 20
202.0
 30
0.0
 11
4783.0
 21
188.0
 31
0.0
  0
LINE
  5
10BF
330
17
100
AcDbEntity
  8
GRAPH
100
AcDbLine
 10
4815.0
 20
188.0
 30
0.0
 11
4837.0
 21
188.0
 31
0.0
  0
LINE
  5
10C0
330
17
100
AcDbEntity
  8
GRAPH
100
AcDbLine
 10
4837.0
 20
188.0
 30
0.0
 11
4837.0
 21
202.0
 31
0.0
  0
LINE
  5
10C1
330
17
100
AcDbEntity
  8
GRAPH
100
AcDbLine
 10
4837.0
 20
202.0
 30
0.0
 11
4815.0
 21
202.0
 31
0.0
  0
LINE
  5
10C2
330
17
100
AcDbEntity
  8
GRAPH
100
AcDbLine
 10
4815.0
 20
202.0
 30
0.0
 11
4815.0
 21
188.0
 31
0.0
  0
LINE
  5
10C3
330
17
100
AcDbEntity
  8
GRAPH
100
AcDbLine
 10
4847.0
 20
188.0
 30
0.0
 11
4869.0
 21
188.0
 31
0.0
  0
LINE
  5
10C4
330
17
100
AcDbEntity
  8
GRAPH
100
AcDbLine
 10
4869.0
 20
188.0
 30
0.0
 11
4869.0
 21
202.0
 31
0.0
  0
LINE
  5
10C5
330
17
100
AcDbEntity
  8
GRAPH
100
AcDbLine
 10
4869.0
 20
202.0
 30
0.0
 11
4847.0
 21
202.0
 31
0.0
  0
LINE
  5
10C6
330
17
100
AcDbEntity
  8
GRAPH
100
AcDbLine
 10
4847.0
 20
202.0
 30
0.0
 11
4847.0
 21
188.0
 31
0.0
  0
LINE
  5
10C7
330
17
100
AcDbEntity
  8
GRAPH
100
AcDbLine
 10
4879.0
 20
188.0
 30
0.0
 11
4901.0
 21
188.0
 31
0.0
  0
LINE
  5
10C8
330
17
100
AcDbEntity
  8
GRAPH
100
AcDbLine
 10
4901.0
 20
188.0
 30
0.0
 11
4901.0
 21
202.0
 31
0.0
  0
LINE
  5
10C9
330
17
100
AcDbEntity
  8
GRAPH
100
AcDbLine
 10
4901.0
 20
202.0
 30
0.0
 11
4879.0
 21
202.0
 31
0.0
  0
LINE
  5
10CA
330
17
100
AcDbEntity
  8
GRAPH
100
AcDbLine
 10
4879.0
 20
202.0
 30
0.0
 11
4879.0
 21
188.0
 31
0.0
  0
LINE
  5
10CB
330
17
100
AcDbEntity
  8
GRAPH
100
AcDbLine
 10
4687.0
 20
210.0
 30
0.0
 11
4709.0
 21
210.0
 31
0.0
  0
LINE
  5
10CC
330
17
100
AcDbEntity
  8
GRAPH
100
AcDbLine
 10
4709.0
 20
210.0
 30
0.0
 11
4709.0
 21
224.0
 31
0.0
  0
LINE
  5
10CD
330
17
100
AcDbEntity
  8
GRAPH
100
AcDbLine
 10
4709.0
 20
224.0
 30
0.0
 11
4687.0
 21
224.0
 31
0.0
  0
LINE
  5
10CE
330
17
100
AcDbEntity
  8
GRAPH
100
AcDbLine
 10
4687.0
 20
224.0
 30
0.0
 11
4687.0
 21
210.0
 31
0.0
  0
LINE
  5
10CF
330
17
100
AcDbEntity
  8
GRAPH
100
AcDbLine
 10
4719.0
 20
210.0
 30
0.0
 11
4741.0
 21
210.0
 31
0.0
  0
LINE
  5
10D0
330
17
100
AcDbEntity
  8
GRAPH
100
AcDbLine
 10
4741.0
 20
210.0
 30
0.0
 11
4741.0
 21
224.0
 31
0.0
  0
LINE
  5
10D1
330
17
100
AcDbEntity
  8
GRAPH
100
AcDbLine
 10
4741.0
 20
224.0
 30
0.0
 11
4719.0
 21
224.0
 31
0.0
  0
LINE
  5
10D2
330
17
100
AcDbEntity
  8
GRAPH
100
AcDbLine
 10
4719.0
 20
224.0
 30
0.0
 11
4719.0
 21
210.0
 31
0.0
  0
LINE
  5
10D3
330
17
100
AcDbEntity
  8
GRAPH
100
AcDbLine
 10
4751.0
 20
210.0
 30
0.0
 11
4773.0
 21
210.0
 31
0.0
  0
LINE
  5
10D4
330
17
100
AcDbEntity
  8
GRAPH
100
AcDbLine
 10
4773.0
 20
210.0
 30
0.0
 11
4773.0
 21
224.0
 31
0.0
  0
LINE
  5
10D5
330
17
100
AcDbEntity
  8
GRAPH
100
AcDbLine
 10
4773.0
 20
224.0
 30
0.0
 11
4751.0
 21
224.0
 31
0.0
  0
LINE
  5
10D6
330
17
100
AcDbEntity
  8
GRAPH
100
AcDbLine
 10
4751.0
 20
224.0
 30
0.0
 11
4751.0
 21
210.0
 31
0.0
  0
LINE
  5
10D7
330
17
100
AcDbEntity
  8
GRAPH
100
AcDbLine
 10
4783.0
 20
210.0
 30
0.0
 11
4805.0
 21
210.0
 31
0.0
  0
LINE
  5
10D8
330
17
100
AcDbEntity
  8
GRAPH
100
AcDbLine
 10
4805.0
 20
210.0
 30
0.0
 11
4805.0
 21
224.0
 31
0.0
  0
LINE
  5
10D9
330
17
100
AcDbEntity
  8
GRAPH
100
AcDbLine
 10
4805.0
 20
224.0
 30
0.0
 11
4783.0
 21
224.0
 31
0.0
  0
LINE
  5
10DA
330
17
100
AcDbEntity
  8
GRAPH
100
AcDbLine
 10
4783.0
 20
224.0
 30
0.0
 11
4783.0
 21
210.0
 31
0.0
  0
LINE
  5
10DB
330
17
100
AcDbEntity
  8
GRAPH
100
AcDbLine
 10
4815.0
 20
210.0
 30
0.0
 11
4837.0
 21
210.0
 31
0.0
  0
LINE
  5
10DC
330
17
100
AcDbEntity
  8
GRAPH
100
AcDbLine
 10
4837.0
 20
210.0
 30
0.0
 11
4837.0
 21
224.0
 31
0.0
  0
LINE
  5
10DD
330
17
100
AcDbEntity
  8
GRAPH
100
AcDbLine
 10
4837.0
 20
224.0
 30
0.0
 11
4815.0
 21
224.0
 31
0.0
  0
LINE
  5
10DE
330
17
100
AcDbEntity
  8
GRAPH
100
AcDbLine
 10
4815.0
 20
224.0
 30
0.0
 11
4815.0
 21
210.0
 31
0.0
  0
LINE
  5
10DF
330
17
100
AcDbEntity
  8
GRAPH
100
AcDbLine
 10
4847.0
 20
210.0
 30
0.0
 11
4869.0
 21
210.0
 31
0.0
  0
LINE
  5
10E0
330
17
100
AcDbEntity
  8
GRAPH
100
AcDbLine
 10
4869.0
 20
210.0
 30
0.0
 11
4869.0
 21
224.0
 31
0.0
  0
LINE
  5
10E1
330
17
100
AcDbEntity
  8
GRAPH
100
AcDbLine
 10
4869.0
 20
224.0
 30
0.0
 11
4847.0
 21
224.0
 31
0.0
  0
LINE
  5
10E2
330
17
100
AcDbEntity
  8
GRAPH
100
AcDbLine
 10
4847.0
 20
224.0
 30
0.0
 11
4847.0
 21
210.0
 31
0.0
  0
LINE
  5
10E3
330
17
100
AcDbEntity
  8
GRAPH
100
AcDbLine
 10
4879.0
 20
210.0
 30
0.0
 11
4901.0
 21
210.0
 31
0.0
  0
LINE
  5
10E4
330
17
100
AcDbEntity
  8
GRAPH
100
AcDbLine
 10
4901.0
 20
210.0
 30
0.0
 11
4901.0
 21
224.0
 31
0.0
  0
LINE
  5
10E5
330
17
100
AcDbEntity
  8
GRAPH
100
AcDbLine
 10
4901.0
 20
224.0
 30
0.0
 11
4879.0
 21
224.0
 31
0.0
  0
LINE
  5
10E6
330
17
100
AcDbEntity
  8
GRAPH
100
AcDbLine
 10
4879.0
 20
224.0
 30
0.0
 11
4879.0
 21
210.0
 31
0.0
  0
LINE
  5
10E7
330
17
100
AcDbEntity
  8
GRAPH
100
AcDbLine
 10
4687.0
 20
232.0
 30
0.0
 11
4709.0
 21
232.0
 31
0.0
  0
LINE
  5
10E8
330
17
100
AcDbEntity
  8
GRAPH
100
AcDbLine
 10
4709.0
 20
232.0
 30
0.0
 11
4709.0
 21
246.0
 31
0.0
  0
LINE
  5
10E9
330
17
100
AcDbEntity
  8
GRAPH
100
AcDbLine
 10
4709.0
 20
246.0
 30
0.0
 11
4687.0
 21
246.0
 31
0.0
  0
LINE
  5
10EA
330
17
100
AcDbEntity
  8
GRAPH
100
AcDbLine
 10
4687.0
 20
246.0
 30
0.0
 11
4687.0
 21
232.0
 31
0.0
  0
LINE
  5
10EB
330
17
100
AcDbEntity
  8
GRAPH
100
AcDbLine
 10
4719.0
 20
232.0
 30
0.0
 11
4741.0
 21
232.0
 31
0.0
  0
LINE
  5
10EC
330
17
100
AcDbEntity
  8
GRAPH
100
AcDbLine
 10
4741.0
 20
232.0
 30
0.0
 11
4741.0
 21
246.0
 31
0.0
  0
LINE
  5
10ED
330
17
100
AcDbEntity
  8
GRAPH
100
AcDbLine
 10
4741.0
 20
246.0
 30
0.0
 11
4719.0
 21
246.0
 31
0.0
  0
LINE
  5
10EE
330
17
100
AcDbEntity
  8
GRAPH
100
AcDbLine
 10
4719.0
 20
246.0
 30
0.0
 11
4719.0
 21
232.0
 31
0.0
  0
LINE
  5
10EF
330
17
100
AcDbEntity
  8
GRAPH
100
AcDbLine
 10
4751.0
 20
232.0
 30
0.0
 11
4773.0
 21
232.0
 31
0.0
  0
LINE
  5
10F0
330
17
100
AcDbEntity
  8
GRAPH
100
AcDbLine
 10
4773.0
 20
232.0
 30
0.0
 11
4773.0
 21
246.0
 31
0.0
  0
LINE
  5
10F1
330
17
100
AcDbEntity
  8
GRAPH
100
AcDbLine
 10
4773.0
 20
246.0
 30
0.0
 11
4751.0
 21
246.0
 31
0.0
  0
LINE
  5
10F2
330
17
100
AcDbEntity
  8
GRAPH
100
AcDbLine
 10
4751.0
 20
246.0
 30
0.0
 11
4751.0
 21
232.0
 31
0.0
  0
LINE
  5
10F3
330
17
100
AcDbEntity
  8
GRAPH
100
AcDbLine
 10
4783.0
 20
232.0
 30
0.0
 11
4805.0
 21
232.0
 31
0.0
  0
LINE
  5
10F4
330
17
100
AcDbEntity
  8
GRAPH
100
AcDbLine
 10
4805.0
 20
232.0
 30
0.0
 11
4805.0
 21
246.0
 31
0.0
  0
LINE
  5
10F5
330
17
100
AcDbEntity
  8
GRAPH
100
AcDbLine
 10
4805.0
 20
246.0
 30
0.0
 11
4783.0
 21
246.0
 31
0.0
  0
LINE
  5
10F6
330
17
100
AcDbEntity
  8
GRAPH
100
AcDbLine
 10
4783.0
 20
246.0
 30
0.0
 11
4783.0
 21
232.0
 31
0.0
  0
LINE
  5
10F7
330
17
100
AcDbEntity
  8
GRAPH
100
AcDbLine
 10
4815.0
 20
232.0
 30
0.0
 11
4837.0
 21
232.0
 31
0.0
  0
LINE
  5
10F8
330
17
100
AcDbEntity
  8
GRAPH
100
AcDbLine
 10
4837.0
 20
232.0
 30
0.0
 11
4837.0
 21
246.0
 31
0.0
  0
LINE
  5
10F9
330
17
100
AcDbEntity
  8
GRAPH
100
AcDbLine
 10
4837.0
 20
246.0
 30
0.0
 11
4815.0
 21
246.0
 31
0.0
  0
LINE
  5
10FA
330
17
100
AcDbEntity
  8
GRAPH
100
AcDbLine
 10
4815.0
 20
246.0
 30
0.0
 11
4815.0
 21
232.0
 31
0.0
  0
LINE
  5
10FB
330
17
100
AcDbEntity
  8
GRAPH
100
AcDbLine
 10
4847.0
 20
232.0
 30
0.0
 11
4869.0
 21
232.0
 31
0.0
  0
LINE
  5
10FC
330
17
100
AcDbEntity
  8
GRAPH
100
AcDbLine
 10
4869.0
 20
232.0
 30
0.0
 11
4869.0
 21
246.0
 31
0.0
  0
LINE
  5
10FD
330
17
100
AcDbEntity
  8
GRAPH
100
AcDbLine
 10
4869.0
 20
246.0
 30
0.0
 11
4847.0
 21
246.0
 31
0.0
  0
LINE
  5
10FE
330
17
100
AcDbEntity
  8
GRAPH
100
AcDbLine
 10
4847.0
 20
246.0
 30
0.0
 11
4847.0
 21
232.0
 31
0.0
  0
LINE
  5
10FF
330
17
100
AcDbEntity
  8
GRAPH
100
AcDbLine
 10
4879.0
 20
232.0
 30
0.0
 11
4901.0
 21
232.0
 31
0.0
  0
LINE
  5
1100
330
17
100
AcDbEntity
  8
GRAPH
100
AcDbLine
 10
4901.0
 20
232.0
 30
0.0
 11
4901.0
 21
246.0
 31
0.0
  0
LINE
  5
1101
330
17
100
AcDbEntity
  8
GRAPH
100
AcDbLine
 10
4901.0
 20
246.0
 30
0.0
 11
4879.0
 21
246.0
 31
0.0
  0
LINE
  5
1102
330
17
100
AcDbEntity
  8
GRAPH
100
AcDbLine
 10
4879.0
 20
246.0
 30
0.0
 11
4879.0
 21
232.0
 31
0.0
  0
LINE
  5
1103
330
17
100
AcDbEntity
  8
GRAPH
100
AcDbLine
 10
4687.0
 20
254.0
 30
0.0
 11
4709.0
 21
254.0
 31
0.0
  0
LINE
  5
1104
330
17
100
AcDbEntity
  8
GRAPH
100
AcDbLine
 10
4709.0
 20
254.0
 30
0.0
 11
4709.0
 21
268.0
 31
0.0
  0
LINE
  5
1105
330
17
100
AcDbEntity
  8
GRAPH
100
AcDbLine
 10
4709.0
 20
268.0
 30
0.0
 11
4687.0
 21
268.0
 31
0.0
  0
LINE
  5
1106
330
17
100
AcDbEntity
  8
GRAPH
100
AcDbLine
 10
4687.0
 20
268.0
 30
0.0
 11
4687.0
 21
254.0
 31
0.0
  0
LINE
  5
1107
330
17
100
AcDbEntity
  8
GRAPH
100
AcDbLine
 10
4719.0
 20
254.0
 30
0.0
 11
4741.0
 21
254.0
 31
0.0
  0
LINE
  5
1108
330
17
100
AcDbEntity
  8
GRAPH
100
AcDbLine
 10
4741.0
 20
254.0
 30
0.0
 11
4741.0
 21
268.0
 31
0.0
  0
LINE
  5
1109
330
17
100
AcDbEntity
  8
GRAPH
100
AcDbLine
 10
4741.0
 20
268.0
 30
0.0
 11
4719.0
 21
268.0
 31
0.0
  0
LINE
  5
110A
330
17
100
AcDbEntity
  8
GRAPH
100
AcDbLine
 10
4719.0
 20
268.0
 30
0.0
 11
4719.0
 21
254.0
 31
0.0
  0
LINE
  5
110B
330
17
100
AcDbEntity
  8
GRAPH
100
AcDbLine
 10
4751.0
 20
254.0
 30
0.0
 11
4773.0
 21
254.0
 31
0.0
  0
LINE
  5
110C
330
17
100
AcDbEntity
  8
GRAPH
100
AcDbLine
 10
4773.0
 20
254.0
 30
0.0
 11
4773.0
 21
268.0
 31
0.0
  0
LINE
  5
110D
330
17
100
AcDbEntity
  8
GRAPH
100
AcDbLine
 10
4773.0
 20
268.0
 30
0.0
 11
4751.0
 21
268.0
 31
0.0
  0
LINE
  5
110E
330
17
100
AcDbEntity
  8
GRAPH
100
AcDbLine
 10
4751.0
 20
268.0
 30
0.0
 11
4751.0
 21
254.0
 31
0.0
  0
LINE
  5
110F
330
17
100
AcDbEntity
  8
GRAPH
100
AcDbLine
 10
4783.0
 20
254.0
 30
0.0
 11
4805.0
 21
254.0
 31
0.0
  0
LINE
  5
1110
330
17
100
AcDbEntity
  8
GRAPH
100
AcDbLine
 10
4805.0
 20
254.0
 30
0.0
 11
4805.0
 21
268.0
 31
0.0
  0
LINE
  5
1111
330
17
100
AcDbEntity
  8
GRAPH
100
AcDbLine
 10
4805.0
 20
268.0
 30
0.0
 11
4783.0
 21
268.0
 31
0.0
  0
LINE
  5
1112
330
17
100
AcDbEntity
  8
GRAPH
100
AcDbLine
 10
4783.0
 20
268.0
 30
0.0
 11
4783.0
 21
254.0
 31
0.0
  0
LINE
  5
1113
330
17
100
AcDbEntity
  8
GRAPH
100
AcDbLine
 10
4815.0
 20
254.0
 30
0.0
 11
4837.0
 21
254.0
 31
0.0
  0
LINE
  5
1114
330
17
100
AcDbEntity
  8
GRAPH
100
AcDbLine
 10
4837.0
 20
254.0
 30
0.0
 11
4837.0
 21
268.0
 31
0.0
  0
LINE
  5
1115
330
17
100
AcDbEntity
  8
GRAPH
100
AcDbLine
 10
4837.0
 20
268.0
 30
0.0
 11
4815.0
 21
268.0
 31
0.0
  0
LINE
  5
1116
330
17
100
AcDbEntity
  8
GRAPH
100
AcDbLine
 10
4815.0
 20
268.0
 30
0.0
 11
4815.0
 21
254.0
 31
0.0
  0
LINE
  5
1117
330
17
100
AcDbEntity
  8
GRAPH
100
AcDbLine
 10
4847.0
 20
254.0
 30
0.0
 11
4869.0
 21
254.0
 31
0.0
  0
LINE
  5
1118
330
17
100
AcDbEntity
  8
GRAPH
100
AcDbLine
 10
4869.0
 20
254.0
 30
0.0
 11
4869.0
 21
268.0
 31
0.0
  0
LINE
  5
1119
330
17
100
AcDbEntity
  8
GRAPH
100
AcDbLine
 10
4869.0
 20
268.0
 30
0.0
 11
4847.0
 21
268.0
 31
0.0
  0
LINE
  5
111A
330
17
100
AcDbEntity
  8
GRAPH
100
AcDbLine
 10
4847.0
 20
268.0
 30
0.0
 11
4847.0
 21
254.0
 31
0.0
  0
LINE
  5
111B
330
17
100
AcDbEntity
  8
GRAPH
100
AcDbLine
 10
4879.0
 20
254.0
 30
0.0
 11
4901.0
 21
254.0
 31
0.0
  0
LINE
  5
111C
330
17
100
AcDbEntity
  8
GRAPH
100
AcDbLine
 10
4901.0
 20
254.0
 30
0.0
 11
4901.0
 21
268.0
 31
0.0
  0
LINE
  5
111D
330
17
100
AcDbEntity
  8
GRAPH
100
AcDbLine
 10
4901.0
 20
268.0
 30
0.0
 11
4879.0
 21
268.0
 31
0.0
  0
LINE
  5
111E
330
17
100
AcDbEntity
  8
GRAPH
100
AcDbLine
 10
4879.0
 20
268.0
 30
0.0
 11
4879.0
 21
254.0
 31
0.0
  0
LINE
  5
111F
330
17
100
AcDbEntity
  8
GRAPH
100
AcDbLine
 10
4687.0
 20
276.0
 30
0.0
 11
4709.0
 21
276.0
 31
0.0
  0
LINE
  5
1120
330
17
100
AcDbEntity
  8
GRAPH
100
AcDbLine
 10
4709.0
 20
276.0
 30
0.0
 11
4709.0
 21
290.0
 31
0.0
  0
LINE
  5
1121
330
17
100
AcDbEntity
  8
GRAPH
100
AcDbLine
 10
4709.0
 20
290.0
 30
0.0
 11
4687.0
 21
290.0
 31
0.0
  0
LINE
  5
1122
330
17
100
AcDbEntity
  8
GRAPH
100
AcDbLine
 10
4687.0
 20
290.0
 30
0.0
 11
4687.0
 21
276.0
 31
0.0
  0
LINE
  5
1123
330
17
100
AcDbEntity
  8
GRAPH
100
AcDbLine
 10
4719.0
 20
276.0
 30
0.0
 11
4741.0
 21
276.0
 31
0.0
  0
LINE
  5
1124
330
17
100
AcDbEntity
  8
GRAPH
100
AcDbLine
 10
4741.0
 20
276.0
 30
0.0
 11
4741.0
 21
290.0
 31
0.0
  0
LINE
  5
1125
330
17
100
AcDbEntity
  8
GRAPH
100
AcDbLine
 10
4741.0
 20
290.0
 30
0.0
 11
4719.0
 21
290.0
 31
0.0
  0
LINE
  5
1126
330
17
100
AcDbEntity
  8
GRAPH
100
AcDbLine
 10
4719.0
 20
290.0
 30
0.0
 11
4719.0
 21
276.0
 31
0.0
  0
LINE
  5
1127
330
17
100
AcDbEntity
  8
GRAPH
100
AcDbLine
 10
4751.0
 20
276.0
 30
0.0
 11
4773.0
 21
276.0
 31
0.0
  0
LINE
  5
1128
330
17
100
AcDbEntity
  8
GRAPH
100
AcDbLine
 10
4773.0
 20
276.0
 30
0.0
 11
4773.0
 21
290.0
 31
0.0
  0
LINE
  5
1129
330
17
100
AcDbEntity
  8
GRAPH
100
AcDbLine
 10
4773.0
 20
290.0
 30
0.0
 11
4751.0
 21
290.0
 31
0.0
  0
LINE
  5
112A
330
17
100
AcDbEntity
  8
GRAPH
100
AcDbLine
 10
4751.0
 20
290.0
 30
0.0
 11
4751.0
 21
276.0
 31
0.0
  0
LINE
  5
112B
330
17
100
AcDbEntity
  8
GRAPH
100
AcDbLine
 10
4783.0
 20
276.0
 30
0.0
 11
4805.0
 21
276.0
 31
0.0
  0
LINE
  5
112C
330
17
100
AcDbEntity
  8
GRAPH
100
AcDbLine
 10
4805.0
 20
276.0
 30
0.0
 11
4805.0
 21
290.0
 31
0.0
  0
LINE
  5
112D
330
17
100
AcDbEntity
  8
GRAPH
100
AcDbLine
 10
4805.0
 20
290.0
 30
0.0
 11
4783.0
 21
290.0
 31
0.0
  0
LINE
  5
112E
330
17
100
AcDbEntity
  8
GRAPH
100
AcDbLine
 10
4783.0
 20
290.0
 30
0.0
 11
4783.0
 21
276.0
 31
0.0
  0
LINE
  5
112F
330
17
100
AcDbEntity
  8
GRAPH
100
AcDbLine
 10
4815.0
 20
276.0
 30
0.0
 11
4837.0
 21
276.0
 31
0.0
  0
LINE
  5
1130
330
17
100
AcDbEntity
  8
GRAPH
100
AcDbLine
 10
4837.0
 20
276.0
 30
0.0
 11
4837.0
 21
290.0
 31
0.0
  0
LINE
  5
1131
330
17
100
AcDbEntity
  8
GRAPH
100
AcDbLine
 10
4837.0
 20
290.0
 30
0.0
 11
4815.0
 21
290.0
 31
0.0
  0
LINE
  5
1132
330
17
100
AcDbEntity
  8
GRAPH
100
AcDbLine
 10
4815.0
 20
290.0
 30
0.0
 11
4815.0
 21
276.0
 31
0.0
  0
LINE
  5
1133
330
17
100
AcDbEntity
  8
GRAPH
100
AcDbLine
 10
4847.0
 20
276.0
 30
0.0
 11
4869.0
 21
276.0
 31
0.0
  0
LINE
  5
1134
330
17
100
AcDbEntity
  8
GRAPH
100
AcDbLine
 10
4869.0
 20
276.0
 30
0.0
 11
4869.0
 21
290.0
 31
0.0
  0
LINE
  5
1135
330
17
100
AcDbEntity
  8
GRAPH
100
AcDbLine
 10
4869.0
 20
290.0
 30
0.0
 11
4847.0
 21
290.0
 31
0.0
  0
LINE
  5
1136
330
17
100
AcDbEntity
  8
GRAPH
100
AcDbLine
 10
4847.0
 20
290.0
 30
0.0
 11
4847.0
 21
276.0
 31
0.0
  0
LINE
  5
1137
330
17
100
AcDbEntity
  8
GRAPH
100
AcDbLine
 10
4879.0
 20
276.0
 30
0.0
 11
4901.0
 21
276.0
 31
0.0
  0
LINE
  5
1138
330
17
100
AcDbEntity
  8
GRAPH
100
AcDbLine
 10
4901.0
 20
276.0
 30
0.0
 11
4901.0
 21
290.0
 31
0.0
  0
LINE
  5
1139
330
17
100
AcDbEntity
  8
GRAPH
100
AcDbLine
 10
4901.0
 20
290.0
 30
0.0
 11
4879.0
 21
290.0
 31
0.0
  0
LINE
  5
113A
330
17
100
AcDbEntity
  8
GRAPH
100
AcDbLine
 10
4879.0
 20
290.0
 30
0.0
 11
4879.0
 21
276.0
 31
0.0
  0
LINE
  5
113B
330
17
100
AcDbEntity
  8
GRAPH
100
AcDbLine
 10
4687.0
 20
298.0
 30
0.0
 11
4709.0
 21
298.0
 31
0.0
  0
LINE
  5
113C
330
17
100
AcDbEntity
  8
GRAPH
100
AcDbLine
 10
4709.0
 20
298.0
 30
0.0
 11
4709.0
 21
312.0
 31
0.0
  0
LINE
  5
113D
330
17
100
AcDbEntity
  8
GRAPH
100
AcDbLine
 10
4709.0
 20
312.0
 30
0.0
 11
4687.0
 21
312.0
 31
0.0
  0
LINE
  5
113E
330
17
100
AcDbEntity
  8
GRAPH
100
AcDbLine
 10
4687.0
 20
312.0
 30
0.0
 11
4687.0
 21
298.0
 31
0.0
  0
LINE
  5
113F
330
17
100
AcDbEntity
  8
GRAPH
100
AcDbLine
 10
4719.0
 20
298.0
 30
0.0
 11
4741.0
 21
298.0
 31
0.0
  0
LINE
  5
1140
330
17
100
AcDbEntity
  8
GRAPH
100
AcDbLine
 10
4741.0
 20
298.0
 30
0.0
 11
4741.0
 21
312.0
 31
0.0
  0
LINE
  5
1141
330
17
100
AcDbEntity
  8
GRAPH
100
AcDbLine
 10
4741.0
 20
312.0
 30
0.0
 11
4719.0
 21
312.0
 31
0.0
  0
LINE
  5
1142
330
17
100
AcDbEntity
  8
GRAPH
100
AcDbLine
 10
4719.0
 20
312.0
 30
0.0
 11
4719.0
 21
298.0
 31
0.0
  0
LINE
  5
1143
330
17
100
AcDbEntity
  8
GRAPH
100
AcDbLine
 10
4751.0
 20
298.0
 30
0.0
 11
4773.0
 21
298.0
 31
0.0
  0
LINE
  5
1144
330
17
100
AcDbEntity
  8
GRAPH
100
AcDbLine
 10
4773.0
 20
298.0
 30
0.0
 11
4773.0
 21
312.0
 31
0.0
  0
LINE
  5
1145
330
17
100
AcDbEntity
  8
GRAPH
100
AcDbLine
 10
4773.0
 20
312.0
 30
0.0
 11
4751.0
 21
312.0
 31
0.0
  0
LINE
  5
1146
330
17
100
AcDbEntity
  8
GRAPH
100
AcDbLine
 10
4751.0
 20
312.0
 30
0.0
 11
4751.0
 21
298.0
 31
0.0
  0
LINE
  5
1147
330
17
100
AcDbEntity
  8
GRAPH
100
AcDbLine
 10
4783.0
 20
298.0
 30
0.0
 11
4805.0
 21
298.0
 31
0.0
  0
LINE
  5
1148
330
17
100
AcDbEntity
  8
GRAPH
100
AcDbLine
 10
4805.0
 20
298.0
 30
0.0
 11
4805.0
 21
312.0
 31
0.0
  0
LINE
  5
1149
330
17
100
AcDbEntity
  8
GRAPH
100
AcDbLine
 10
4805.0
 20
312.0
 30
0.0
 11
4783.0
 21
312.0
 31
0.0
  0
LINE
  5
114A
330
17
100
AcDbEntity
  8
GRAPH
100
AcDbLine
 10
4783.0
 20
312.0
 30
0.0
 11
4783.0
 21
298.0
 31
0.0
  0
LINE
  5
114B
330
17
100
AcDbEntity
  8
GRAPH
100
AcDbLine
 10
4815.0
 20
298.0
 30
0.0
 11
4837.0
 21
298.0
 31
0.0
  0
LINE
  5
114C
330
17
100
AcDbEntity
  8
GRAPH
100
AcDbLine
 10
4837.0
 20
298.0
 30
0.0
 11
4837.0
 21
312.0
 31
0.0
  0
LINE
  5
114D
330
17
100
AcDbEntity
  8
GRAPH
100
AcDbLine
 10
4837.0
 20
312.0
 30
0.0
 11
4815.0
 21
312.0
 31
0.0
  0
LINE
  5
114E
330
17
100
AcDbEntity
  8
GRAPH
100
AcDbLine
 10
4815.0
 20
312.0
 30
0.0
 11
4815.0
 21
298.0
 31
0.0
  0
LINE
  5
114F
330
17
100
AcDbEntity
  8
GRAPH
100
AcDbLine
 10
4847.0
 20
298.0
 30
0.0
 11
4869.0
 21
298.0
 31
0.0
  0
LINE
  5
1150
330
17
100
AcDbEntity
  8
GRAPH
100
AcDbLine
 10
4869.0
 20
298.0
 30
0.0
 11
4869.0
 21
312.0
 31
0.0
  0
LINE
  5
1151
330
17
100
AcDbEntity
  8
GRAPH
100
AcDbLine
 10
4869.0
 20
312.0
 30
0.0
 11
4847.0
 21
312.0
 31
0.0
  0
LINE
  5
1152
330
17
100
AcDbEntity
  8
GRAPH
100
AcDbLine
 10
4847.0
 20
312.0
 30
0.0
 11
4847.0
 21
298.0
 31
0.0
  0
LINE
  5
1153
330
17
100
AcDbEntity
  8
GRAPH
100
AcDbLine
 10
4879.0
 20
298.0
 30
0.0
 11
4901.0
 21
298.0
 31
0.0
  0
LINE
  5
1154
330
17
100
AcDbEntity
  8
GRAPH
100
AcDbLine
 10
4901.0
 20
298.0
 30
0.0
 11
4901.0
 21
312.0
 31
0.0
  0
LINE
  5
1155
330
17
100
AcDbEntity
  8
GRAPH
100
AcDbLine
 10
4901.0
 20
312.0
 30
0.0
 11
4879.0
 21
312.0
 31
0.0
  0
LINE
  5
1156
330
17
100
AcDbEntity
  8
GRAPH
100
AcDbLine
 10
4879.0
 20
312.0
 30
0.0
 11
4879.0
 21
298.0
 31
0.0
  0
LINE
  5
1157
330
17
100
AcDbEntity
  8
GRAPH
100
AcDbLine
 10
4687.0
 20
320.0
 30
0.0
 11
4709.0
 21
320.0
 31
0.0
  0
LINE
  5
1158
330
17
100
AcDbEntity
  8
GRAPH
100
AcDbLine
 10
4709.0
 20
320.0
 30
0.0
 11
4709.0
 21
334.0
 31
0.0
  0
LINE
  5
1159
330
17
100
AcDbEntity
  8
GRAPH
100
AcDbLine
 10
4709.0
 20
334.0
 30
0.0
 11
4687.0
 21
334.0
 31
0.0
  0
LINE
  5
115A
330
17
100
AcDbEntity
  8
GRAPH
100
AcDbLine
 10
4687.0
 20
334.0
 30
0.0
 11
4687.0
 21
320.0
 31
0.0
  0
LINE
  5
115B
330
17
100
AcDbEntity
  8
GRAPH
100
AcDbLine
 10
4719.0
 20
320.0
 30
0.0
 11
4741.0
 21
320.0
 31
0.0
  0
LINE
  5
115C
330
17
100
AcDbEntity
  8
GRAPH
100
AcDbLine
 10
4741.0
 20
320.0
 30
0.0
 11
4741.0
 21
334.0
 31
0.0
  0
LINE
  5
115D
330
17
100
AcDbEntity
  8
GRAPH
100
AcDbLine
 10
4741.0
 20
334.0
 30
0.0
 11
4719.0
 21
334.0
 31
0.0
  0
LINE
  5
115E
330
17
100
AcDbEntity
  8
GRAPH
100
AcDbLine
 10
4719.0
 20
334.0
 30
0.0
 11
4719.0
 21
320.0
 31
0.0
  0
LINE
  5
115F
330
17
100
AcDbEntity
  8
GRAPH
100
AcDbLine
 10
4751.0
 20
320.0
 30
0.0
 11
4773.0
 21
320.0
 31
0.0
  0
LINE
  5
1160
330
17
100
AcDbEntity
  8
GRAPH
100
AcDbLine
 10
4773.0
 20
320.0
 30
0.0
 11
4773.0
 21
334.0
 31
0.0
  0
LINE
  5
1161
330
17
100
AcDbEntity
  8
GRAPH
100
AcDbLine
 10
4773.0
 20
334.0
 30
0.0
 11
4751.0
 21
334.0
 31
0.0
  0
LINE
  5
1162
330
17
100
AcDbEntity
  8
GRAPH
100
AcDbLine
 10
4751.0
 20
334.0
 30
0.0
 11
4751.0
 21
320.0
 31
0.0
  0
LINE
  5
1163
330
17
100
AcDbEntity
  8
GRAPH
100
AcDbLine
 10
4783.0
 20
320.0
 30
0.0
 11
4805.0
 21
320.0
 31
0.0
  0
LINE
  5
1164
330
17
100
AcDbEntity
  8
GRAPH
100
AcDbLine
 10
4805.0
 20
320.0
 30
0.0
 11
4805.0
 21
334.0
 31
0.0
  0
LINE
  5
1165
330
17
100
AcDbEntity
  8
GRAPH
100
AcDbLine
 10
4805.0
 20
334.0
 30
0.0
 11
4783.0
 21
334.0
 31
0.0
  0
LINE
  5
1166
330
17
100
AcDbEntity
  8
GRAPH
100
AcDbLine
 10
4783.0
 20
334.0
 30
0.0
 11
4783.0
 21
320.0
 31
0.0
  0
LINE
  5
1167
330
17
100
AcDbEntity
  8
GRAPH
100
AcDbLine
 10
4815.0
 20
320.0
 30
0.0
 11
4837.0
 21
320.0
 31
0.0
  0
LINE
  5
1168
330
17
100
AcDbEntity
  8
GRAPH
100
AcDbLine
 10
4837.0
 20
320.0
 30
0.0
 11
4837.0
 21
334.0
 31
0.0
  0
LINE
  5
1169
330
17
100
AcDbEntity
  8
GRAPH
100
AcDbLine
 10
4837.0
 20
334.0
 30
0.0
 11
4815.0
 21
334.0
 31
0.0
  0
LINE
  5
116A
330
17
100
AcDbEntity
  8
GRAPH
100
AcDbLine
 10
4815.0
 20
334.0
 30
0.0
 11
4815.0
 21
320.0
 31
0.0
  0
LINE
  5
116B
330
17
100
AcDbEntity
  8
GRAPH
100
AcDbLine
 10
4847.0
 20
320.0
 30
0.0
 11
4869.0
 21
320.0
 31
0.0
  0
LINE
  5
116C
330
17
100
AcDbEntity
  8
GRAPH
100
AcDbLine
 10
4869.0
 20
320.0
 30
0.0
 11
4869.0
 21
334.0
 31
0.0
  0
LINE
  5
116D
330
17
100
AcDbEntity
  8
GRAPH
100
AcDbLine
 10
4869.0
 20
334.0
 30
0.0
 11
4847.0
 21
334.0
 31
0.0
  0
LINE
  5
116E
330
17
100
AcDbEntity
  8
GRAPH
100
AcDbLine
 10
4847.0
 20
334.0
 30
0.0
 11
4847.0
 21
320.0
 31
0.0
  0
LINE
  5
116F
330
17
100
AcDbEntity
  8
GRAPH
100
AcDbLine
 10
4879.0
 20
320.0
 30
0.0
 11
4901.0
 21
320.0
 31
0.0
  0
LINE
  5
1170
330
17
100
AcDbEntity
  8
GRAPH
100
AcDbLine
 10
4901.0
 20
320.0
 30
0.0
 11
4901.0
 21
334.0
 31
0.0
  0
LINE
  5
1171
330
17
100
AcDbEntity
  8
GRAPH
100
AcDbLine
 10
4901.0
 20
334.0
 30
0.0
 11
4879.0
 21
334.0
 31
0.0
  0
LINE
  5
1172
330
17
100
AcDbEntity
  8
GRAPH
100
AcDbLine
 10
4879.0
 20
334.0
 30
0.0
 11
4879.0
 21
320.0
 31
0.0
  0
LINE
  5
1173
330
17
100
AcDbEntity
  8
GRAPH
100
AcDbLine
 10
4687.0
 20
342.0
 30
0.0
 11
4709.0
 21
342.0
 31
0.0
  0
LINE
  5
1174
330
17
100
AcDbEntity
  8
GRAPH
100
AcDbLine
 10
4709.0
 20
342.0
 30
0.0
 11
4709.0
 21
356.0
 31
0.0
  0
LINE
  5
1175
330
17
100
AcDbEntity
  8
GRAPH
100
AcDbLine
 10
4709.0
 20
356.0
 30
0.0
 11
4687.0
 21
356.0
 31
0.0
  0
LINE
  5
1176
330
17
100
AcDbEntity
  8
GRAPH
100
AcDbLine
 10
4687.0
 20
356.0
 30
0.0
 11
4687.0
 21
342.0
 31
0.0
  0
LINE
  5
1177
330
17
100
AcDbEntity
  8
GRAPH
100
AcDbLine
 10
4719.0
 20
342.0
 30
0.0
 11
4741.0
 21
342.0
 31
0.0
  0
LINE
  5
1178
330
17
100
AcDbEntity
  8
GRAPH
100
AcDbLine
 10
4741.0
 20
342.0
 30
0.0
 11
4741.0
 21
356.0
 31
0.0
  0
LINE
  5
1179
330
17
100
AcDbEntity
  8
GRAPH
100
AcDbLine
 10
4741.0
 20
356.0
 30
0.0
 11
4719.0
 21
356.0
 31
0.0
  0
LINE
  5
117A
330
17
100
AcDbEntity
  8
GRAPH
100
AcDbLine
 10
4719.0
 20
356.0
 30
0.0
 11
4719.0
 21
342.0
 31
0.0
  0
LINE
  5
117B
330
17
100
AcDbEntity
  8
GRAPH
100
AcDbLine
 10
4751.0
 20
342.0
 30
0.0
 11
4773.0
 21
342.0
 31
0.0
  0
LINE
  5
117C
330
17
100
AcDbEntity
  8
GRAPH
100
AcDbLine
 10
4773.0
 20
342.0
 30
0.0
 11
4773.0
 21
356.0
 31
0.0
  0
LINE
  5
117D
330
17
100
AcDbEntity
  8
GRAPH
100
AcDbLine
 10
4773.0
 20
356.0
 30
0.0
 11
4751.0
 21
356.0
 31
0.0
  0
LINE
  5
117E
330
17
100
AcDbEntity
  8
GRAPH
100
AcDbLine
 10
4751.0
 20
356.0
 30
0.0
 11
4751.0
 21
342.0
 31
0.0
  0
LINE
  5
117F
330
17
100
AcDbEntity
  8
GRAPH
100
AcDbLine
 10
4783.0
 20
342.0
 30
0.0
 11
4805.0
 21
342.0
 31
0.0
  0
LINE
  5
1180
330
17
100
AcDbEntity
  8
GRAPH
100
AcDbLine
 10
4805.0
 20
342.0
 30
0.0
 11
4805.0
 21
356.0
 31
0.0
  0
LINE
  5
1181
330
17
100
AcDbEntity
  8
GRAPH
100
AcDbLine
 10
4805.0
 20
356.0
 30
0.0
 11
4783.0
 21
356.0
 31
0.0
  0
LINE
  5
1182
330
17
100
AcDbEntity
  8
GRAPH
100
AcDbLine
 10
4783.0
 20
356.0
 30
0.0
 11
4783.0
 21
342.0
 31
0.0
  0
LINE
  5
1183
330
17
100
AcDbEntity
  8
GRAPH
100
AcDbLine
 10
4815.0
 20
342.0
 30
0.0
 11
4837.0
 21
342.0
 31
0.0
  0
LINE
  5
1184
330
17
100
AcDbEntity
  8
GRAPH
100
AcDbLine
 10
4837.0
 20
342.0
 30
0.0
 11
4837.0
 21
356.0
 31
0.0
  0
LINE
  5
1185
330
17
100
AcDbEntity
  8
GRAPH
100
AcDbLine
 10
4837.0
 20
356.0
 30
0.0
 11
4815.0
 21
356.0
 31
0.0
  0
LINE
  5
1186
330
17
100
AcDbEntity
  8
GRAPH
100
AcDbLine
 10
4815.0
 20
356.0
 30
0.0
 11
4815.0
 21
342.0
 31
0.0
  0
LINE
  5
1187
330
17
100
AcDbEntity
  8
GRAPH
100
AcDbLine
 10
4847.0
 20
342.0
 30
0.0
 11
4869.0
 21
342.0
 31
0.0
  0
LINE
  5
1188
330
17
100
AcDbEntity
  8
GRAPH
100
AcDbLine
 10
4869.0
 20
342.0
 30
0.0
 11
4869.0
 21
356.0
 31
0.0
  0
LINE
  5
1189
330
17
100
AcDbEntity
  8
GRAPH
100
AcDbLine
 10
4869.0
 20
356.0
 30
0.0
 11
4847.0
 21
356.0
 31
0.0
  0
LINE
  5
118A
330
17
100
AcDbEntity
  8
GRAPH
100
AcDbLine
 10
4847.0
 20
356.0
 30
0.0
 11
4847.0
 21
342.0
 31
0.0
  0
LINE
  5
118B
330
17
100
AcDbEntity
  8
GRAPH
100
AcDbLine
 10
4879.0
 20
342.0
 30
0.0
 11
4901.0
 21
342.0
 31
0.0
  0
LINE
  5
118C
330
17
100
AcDbEntity
  8
GRAPH
100
AcDbLine
 10
4901.0
 20
342.0
 30
0.0
 11
4901.0
 21
356.0
 31
0.0
  0
LINE
  5
118D
330
17
100
AcDbEntity
  8
GRAPH
100
AcDbLine
 10
4901.0
 20
356.0
 30
0.0
 11
4879.0
 21
356.0
 31
0.0
  0
LINE
  5
118E
330
17
100
AcDbEntity
  8
GRAPH
100
AcDbLine
 10
4879.0
 20
356.0
 30
0.0
 11
4879.0
 21
342.0
 31
0.0
  0
LINE
  5
118F
330
17
100
AcDbEntity
  8
GRAPH
100
AcDbLine
 10
4687.0
 20
364.0
 30
0.0
 11
4709.0
 21
364.0
 31
0.0
  0
LINE
  5
1190
330
17
100
AcDbEntity
  8
GRAPH
100
AcDbLine
 10
4709.0
 20
364.0
 30
0.0
 11
4709.0
 21
378.0
 31
0.0
  0
LINE
  5
1191
330
17
100
AcDbEntity
  8
GRAPH
100
AcDbLine
 10
4709.0
 20
378.0
 30
0.0
 11
4687.0
 21
378.0
 31
0.0
  0
LINE
  5
1192
330
17
100
AcDbEntity
  8
GRAPH
100
AcDbLine
 10
4687.0
 20
378.0
 30
0.0
 11
4687.0
 21
364.0
 31
0.0
  0
LINE
  5
1193
330
17
100
AcDbEntity
  8
GRAPH
100
AcDbLine
 10
4719.0
 20
364.0
 30
0.0
 11
4741.0
 21
364.0
 31
0.0
  0
LINE
  5
1194
330
17
100
AcDbEntity
  8
GRAPH
100
AcDbLine
 10
4741.0
 20
364.0
 30
0.0
 11
4741.0
 21
378.0
 31
0.0
  0
LINE
  5
1195
330
17
100
AcDbEntity
  8
GRAPH
100
AcDbLine
 10
4741.0
 20
378.0
 30
0.0
 11
4719.0
 21
378.0
 31
0.0
  0
LINE
  5
1196
330
17
100
AcDbEntity
  8
GRAPH
100
AcDbLine
 10
4719.0
 20
378.0
 30
0.0
 11
4719.0
 21
364.0
 31
0.0
  0
LINE
  5
1197
330
17
100
AcDbEntity
  8
GRAPH
100
AcDbLine
 10
4751.0
 20
364.0
 30
0.0
 11
4773.0
 21
364.0
 31
0.0
  0
LINE
  5
1198
330
17
100
AcDbEntity
  8
GRAPH
100
AcDbLine
 10
4773.0
 20
364.0
 30
0.0
 11
4773.0
 21
378.0
 31
0.0
  0
LINE
  5
1199
330
17
100
AcDbEntity
  8
GRAPH
100
AcDbLine
 10
4773.0
 20
378.0
 30
0.0
 11
4751.0
 21
378.0
 31
0.0
  0
LINE
  5
119A
330
17
100
AcDbEntity
  8
GRAPH
100
AcDbLine
 10
4751.0
 20
378.0
 30
0.0
 11
4751.0
 21
364.0
 31
0.0
  0
LINE
  5
119B
330
17
100
AcDbEntity
  8
GRAPH
100
AcDbLine
 10
4783.0
 20
364.0
 30
0.0
 11
4805.0
 21
364.0
 31
0.0
  0
LINE
  5
119C
330
17
100
AcDbEntity
  8
GRAPH
100
AcDbLine
 10
4805.0
 20
364.0
 30
0.0
 11
4805.0
 21
378.0
 31
0.0
  0
LINE
  5
119D
330
17
100
AcDbEntity
  8
GRAPH
100
AcDbLine
 10
4805.0
 20
378.0
 30
0.0
 11
4783.0
 21
378.0
 31
0.0
  0
LINE
  5
119E
330
17
100
AcDbEntity
  8
GRAPH
100
AcDbLine
 10
4783.0
 20
378.0
 30
0.0
 11
4783.0
 21
364.0
 31
0.0
  0
LINE
  5
119F
330
17
100
AcDbEntity
  8
GRAPH
100
AcDbLine
 10
4815.0
 20
364.0
 30
0.0
 11
4837.0
 21
364.0
 31
0.0
  0
LINE
  5
11A0
330
17
100
AcDbEntity
  8
GRAPH
100
AcDbLine
 10
4837.0
 20
364.0
 30
0.0
 11
4837.0
 21
378.0
 31
0.0
  0
LINE
  5
11A1
330
17
100
AcDbEntity
  8
GRAPH
100
AcDbLine
 10
4837.0
 20
378.0
 30
0.0
 11
4815.0
 21
378.0
 31
0.0
  0
LINE
  5
11A2
330
17
100
AcDbEntity
  8
GRAPH
100
AcDbLine
 10
4815.0
 20
378.0
 30
0.0
 11
4815.0
 21
364.0
 31
0.0
  0
LINE
  5
11A3
330
17
100
AcDbEntity
  8
GRAPH
100
AcDbLine
 10
4847.0
 20
364.0
 30
0.0
 11
4869.0
 21
364.0
 31
0.0
  0
LINE
  5
11A4
330
17
100
AcDbEntity
  8
GRAPH
100
AcDbLine
 10
4869.0
 20
364.0
 30
0.0
 11
4869.0
 21
378.0
 31
0.0
  0
LINE
  5
11A5
330
17
100
AcDbEntity
  8
GRAPH
100
AcDbLine
 10
4869.0
 20
378.0
 30
0.0
 11
4847.0
 21
378.0
 31
0.0
  0
LINE
  5
11A6
330
17
100
AcDbEntity
  8
GRAPH
100
AcDbLine
 10
4847.0
 20
378.0
 30
0.0
 11
4847.0
 21
364.0
 31
0.0
  0
LINE
  5
11A7
330
17
100
AcDbEntity
  8
GRAPH
100
AcDbLine
 10
4879.0
 20
364.0
 30
0.0
 11
4901.0
 21
364.0
 31
0.0
  0
LINE
  5
11A8
330
17
100
AcDbEntity
  8
GRAPH
100
AcDbLine
 10
4901.0
 20
364.0
 30
0.0
 11
4901.0
 21
378.0
 31
0.0
  0
LINE
  5
11A9
330
17
100
AcDbEntity
  8
GRAPH
100
AcDbLine
 10
4901.0
 20
378.0
 30
0.0
 11
4879.0
 21
378.0
 31
0.0
  0
LINE
  5
11AA
330
17
100
AcDbEntity
  8
GRAPH
100
AcDbLine
 10
4879.0
 20
378.0
 30
0.0
 11
4879.0
 21
364.0
 31
0.0
  0
LINE
  5
11AB
330
17
100
AcDbEntity
  8
GRAPH
100
AcDbLine
 10
4687.0
 20
386.0
 30
0.0
 11
4709.0
 21
386.0
 31
0.0
  0
LINE
  5
11AC
330
17
100
AcDbEntity
  8
GRAPH
100
AcDbLine
 10
4709.0
 20
386.0
 30
0.0
 11
4709.0
 21
400.0
 31
0.0
  0
LINE
  5
11AD
330
17
100
AcDbEntity
  8
GRAPH
100
AcDbLine
 10
4709.0
 20
400.0
 30
0.0
 11
4687.0
 21
400.0
 31
0.0
  0
LINE
  5
11AE
330
17
100
AcDbEntity
  8
GRAPH
100
AcDbLine
 10
4687.0
 20
400.0
 30
0.0
 11
4687.0
 21
386.0
 31
0.0
  0
LINE
  5
11AF
330
17
100
AcDbEntity
  8
GRAPH
100
AcDbLine
 10
4719.0
 20
386.0
 30
0.0
 11
4741.0
 21
386.0
 31
0.0
  0
LINE
  5
11B0
330
17
100
AcDbEntity
  8
GRAPH
100
AcDbLine
 10
4741.0
 20
386.0
 30
0.0
 11
4741.0
 21
400.0
 31
0.0
  0
LINE
  5
11B1
330
17
100
AcDbEntity
  8
GRAPH
100
AcDbLine
 10
4741.0
 20
400.0
 30
0.0
 11
4719.0
 21
400.0
 31
0.0
  0
LINE
  5
11B2
330
17
100
AcDbEntity
  8
GRAPH
100
AcDbLine
 10
4719.0
 20
400.0
 30
0.0
 11
4719.0
 21
386.0
 31
0.0
  0
LINE
  5
11B3
330
17
100
AcDbEntity
  8
GRAPH
100
AcDbLine
 10
4751.0
 20
386.0
 30
0.0
 11
4773.0
 21
386.0
 31
0.0
  0
LINE
  5
11B4
330
17
100
AcDbEntity
  8
GRAPH
100
AcDbLine
 10
4773.0
 20
386.0
 30
0.0
 11
4773.0
 21
400.0
 31
0.0
  0
LINE
  5
11B5
330
17
100
AcDbEntity
  8
GRAPH
100
AcDbLine
 10
4773.0
 20
400.0
 30
0.0
 11
4751.0
 21
400.0
 31
0.0
  0
LINE
  5
11B6
330
17
100
AcDbEntity
  8
GRAPH
100
AcDbLine
 10
4751.0
 20
400.0
 30
0.0
 11
4751.0
 21
386.0
 31
0.0
  0
LINE
  5
11B7
330
17
100
AcDbEntity
  8
GRAPH
100
AcDbLine
 10
4783.0
 20
386.0
 30
0.0
 11
4805.0
 21
386.0
 31
0.0
  0
LINE
  5
11B8
330
17
100
AcDbEntity
  8
GRAPH
100
AcDbLine
 10
4805.0
 20
386.0
 30
0.0
 11
4805.0
 21
400.0
 31
0.0
  0
LINE
  5
11B9
330
17
100
AcDbEntity
  8
GRAPH
100
AcDbLine
 10
4805.0
 20
400.0
 30
0.0
 11
4783.0
 21
400.0
 31
0.0
  0
LINE
  5
11BA
330
17
100
AcDbEntity
  8
GRAPH
100
AcDbLine
 10
4783.0
 20
400.0
 30
0.0
 11
4783.0
 21
386.0
 31
0.0
  0
LINE
  5
11BB
330
17
100
AcDbEntity
  8
GRAPH
100
AcDbLine
 10
4815.0
 20
386.0
 30
0.0
 11
4837.0
 21
386.0
 31
0.0
  0
LINE
  5
11BC
330
17
100
AcDbEntity
  8
GRAPH
100
AcDbLine
 10
4837.0
 20
386.0
 30
0.0
 11
4837.0
 21
400.0
 31
0.0
  0
LINE
  5
11BD
330
17
100
AcDbEntity
  8
GRAPH
100
AcDbLine
 10
4837.0
 20
400.0
 30
0.0
 11
4815.0
 21
400.0
 31
0.0
  0
LINE
  5
11BE
330
17
100
AcDbEntity
  8
GRAPH
100
AcDbLine
 10
4815.0
 20
400.0
 30
0.0
 11
4815.0
 21
386.0
 31
0.0
  0
LINE
  5
11BF
330
17
100
AcDbEntity
  8
GRAPH
100
AcDbLine
 10
4847.0
 20
386.0
 30
0.0
 11
4869.0
 21
386.0
 31
0.0
  0
LINE
  5
11C0
330
17
100
AcDbEntity
  8
GRAPH
100
AcDbLine
 10
4869.0
 20
386.0
 30
0.0
 11
4869.0
 21
400.0
 31
0.0
  0
LINE
  5
11C1
330
17
100
AcDbEntity
  8
GRAPH
100
AcDbLine
 10
4869.0
 20
400.0
 30
0.0
 11
4847.0
 21
400.0
 31
0.0
  0
LINE
  5
11C2
330
17
100
AcDbEntity
  8
GRAPH
100
AcDbLine
 10
4847.0
 20
400.0
 30
0.0
 11
4847.0
 21
386.0
 31
0.0
  0
LINE
  5
11C3
330
17
100
AcDbEntity
  8
GRAPH
100
AcDbLine
 10
4879.0
 20
386.0
 30
0.0
 11
4901.0
 21
386.0
 31
0.0
  0
LINE
  5
11C4
330
17
100
AcDbEntity
  8
GRAPH
100
AcDbLine
 10
4901.0
 20
386.0
 30
0.0
 11
4901.0
 21
400.0
 31
0.0
  0
LINE
  5
11C5
330
17
100
AcDbEntity
  8
GRAPH
100
AcDbLine
 10
4901.0
 20
400.0
 30
0.0
 11
4879.0
 21
400.0
 31
0.0
  0
LINE
  5
11C6
330
17
100
AcDbEntity
  8
GRAPH
100
AcDbLine
 10
4879.0
 20
400.0
 30
0.0
 11
4879.0
 21
386.0
 31
0.0
  0
LINE
  5
11C7
330
17
100
AcDbEntity
  8
GRAPH
100
AcDbLine
 10
4687.0
 20
408.0
 30
0.0
 11
4709.0
 21
408.0
 31
0.0
  0
LINE
  5
11C8
330
17
100
AcDbEntity
  8
GRAPH
100
AcDbLine
 10
4709.0
 20
408.0
 30
0.0
 11
4709.0
 21
422.0
 31
0.0
  0
LINE
  5
11C9
330
17
100
AcDbEntity
  8
GRAPH
100
AcDbLine
 10
4709.0
 20
422.0
 30
0.0
 11
4687.0
 21
422.0
 31
0.0
  0
LINE
  5
11CA
330
17
100
AcDbEntity
  8
GRAPH
100
AcDbLine
 10
4687.0
 20
422.0
 30
0.0
 11
4687.0
 21
408.0
 31
0.0
  0
LINE
  5
11CB
330
17
100
AcDbEntity
  8
GRAPH
100
AcDbLine
 10
4719.0
 20
408.0
 30
0.0
 11
4741.0
 21
408.0
 31
0.0
  0
LINE
  5
11CC
330
17
100
AcDbEntity
  8
GRAPH
100
AcDbLine
 10
4741.0
 20
408.0
 30
0.0
 11
4741.0
 21
422.0
 31
0.0
  0
LINE
  5
11CD
330
17
100
AcDbEntity
  8
GRAPH
100
AcDbLine
 10
4741.0
 20
422.0
 30
0.0
 11
4719.0
 21
422.0
 31
0.0
  0
LINE
  5
11CE
330
17
100
AcDbEntity
  8
GRAPH
100
AcDbLine
 10
4719.0
 20
422.0
 30
0.0
 11
4719.0
 21
408.0
 31
0.0
  0
LINE
  5
11CF
330
17
100
AcDbEntity
  8
GRAPH
100
AcDbLine
 10
4751.0
 20
408.0
 30
0.0
 11
4773.0
 21
408.0
 31
0.0
  0
LINE
  5
11D0
330
17
100
AcDbEntity
  8
GRAPH
100
AcDbLine
 10
4773.0
 20
408.0
 30
0.0
 11
4773.0
 21
422.0
 31
0.0
  0
LINE
  5
11D1
330
17
100
AcDbEntity
  8
GRAPH
100
AcDbLine
 10
4773.0
 20
422.0
 30
0.0
 11
4751.0
 21
422.0
 31
0.0
  0
LINE
  5
11D2
330
17
100
AcDbEntity
  8
GRAPH
100
AcDbLine
 10
4751.0
 20
422.0
 30
0.0
 11
4751.0
 21
408.0
 31
0.0
  0
LINE
  5
11D3
330
17
100
AcDbEntity
  8
GRAPH
100
AcDbLine
 10
4783.0
 20
408.0
 30
0.0
 11
4805.0
 21
408.0
 31
0.0
  0
LINE
  5
11D4
330
17
100
AcDbEntity
  8
GRAPH
100
AcDbLine
 10
4805.0
 20
408.0
 30
0.0
 11
4805.0
 21
422.0
 31
0.0
  0
LINE
  5
11D5
330
17
100
AcDbEntity
  8
GRAPH
100
AcDbLine
 10
4805.0
 20
422.0
 30
0.0
 11
4783.0
 21
422.0
 31
0.0
  0
LINE
  5
11D6
330
17
100
AcDbEntity
  8
GRAPH
100
AcDbLine
 10
4783.0
 20
422.0
 30
0.0
 11
4783.0
 21
408.0
 31
0.0
  0
LINE
  5
11D7
330
17
100
AcDbEntity
  8
GRAPH
100
AcDbLine
 10
4815.0
 20
408.0
 30
0.0
 11
4837.0
 21
408.0
 31
0.0
  0
LINE
  5
11D8
330
17
100
AcDbEntity
  8
GRAPH
100
AcDbLine
 10
4837.0
 20
408.0
 30
0.0
 11
4837.0
 21
422.0
 31
0.0
  0
LINE
  5
11D9
330
17
100
AcDbEntity
  8
GRAPH
100
AcDbLine
 10
4837.0
 20
422.0
 30
0.0
 11
4815.0
 21
422.0
 31
0.0
  0
LINE
  5
11DA
330
17
100
AcDbEntity
  8
GRAPH
100
AcDbLine
 10
4815.0
 20
422.0
 30
0.0
 11
4815.0
 21
408.0
 31
0.0
  0
LINE
  5
11DB
330
17
100
AcDbEntity
  8
GRAPH
100
AcDbLine
 10
4847.0
 20
408.0
 30
0.0
 11
4869.0
 21
408.0
 31
0.0
  0
LINE
  5
11DC
330
17
100
AcDbEntity
  8
GRAPH
100
AcDbLine
 10
4869.0
 20
408.0
 30
0.0
 11
4869.0
 21
422.0
 31
0.0
  0
LINE
  5
11DD
330
17
100
AcDbEntity
  8
GRAPH
100
AcDbLine
 10
4869.0
 20
422.0
 30
0.0
 11
4847.0
 21
422.0
 31
0.0
  0
LINE
  5
11DE
330
17
100
AcDbEntity
  8
GRAPH
100
AcDbLine
 10
4847.0
 20
422.0
 30
0.0
 11
4847.0
 21
408.0
 31
0.0
  0
LINE
  5
11DF
330
17
100
AcDbEntity
  8
GRAPH
100
AcDbLine
 10
4879.0
 20
408.0
 30
0.0
 11
4901.0
 21
408.0
 31
0.0
  0
LINE
  5
11E0
330
17
100
AcDbEntity
  8
GRAPH
100
AcDbLine
 10
4901.0
 20
408.0
 30
0.0
 11
4901.0
 21
422.0
 31
0.0
  0
LINE
  5
11E1
330
17
100
AcDbEntity
  8
GRAPH
100
AcDbLine
 10
4901.0
 20
422.0
 30
0.0
 11
4879.0
 21
422.0
 31
0.0
  0
LINE
  5
11E2
330
17
100
AcDbEntity
  8
GRAPH
100
AcDbLine
 10
4879.0
 20
422.0
 30
0.0
 11
4879.0
 21
408.0
 31
0.0
  0
LINE
  5
11E3
330
17
100
AcDbEntity
  8
GRAPH
100
AcDbLine
 10
4687.0
 20
430.0
 30
0.0
 11
4709.0
 21
430.0
 31
0.0
  0
LINE
  5
11E4
330
17
100
AcDbEntity
  8
GRAPH
100
AcDbLine
 10
4709.0
 20
430.0
 30
0.0
 11
4709.0
 21
444.0
 31
0.0
  0
LINE
  5
11E5
330
17
100
AcDbEntity
  8
GRAPH
100
AcDbLine
 10
4709.0
 20
444.0
 30
0.0
 11
4687.0
 21
444.0
 31
0.0
  0
LINE
  5
11E6
330
17
100
AcDbEntity
  8
GRAPH
100
AcDbLine
 10
4687.0
 20
444.0
 30
0.0
 11
4687.0
 21
430.0
 31
0.0
  0
LINE
  5
11E7
330
17
100
AcDbEntity
  8
GRAPH
100
AcDbLine
 10
4719.0
 20
430.0
 30
0.0
 11
4741.0
 21
430.0
 31
0.0
  0
LINE
  5
11E8
330
17
100
AcDbEntity
  8
GRAPH
100
AcDbLine
 10
4741.0
 20
430.0
 30
0.0
 11
4741.0
 21
444.0
 31
0.0
  0
LINE
  5
11E9
330
17
100
AcDbEntity
  8
GRAPH
100
AcDbLine
 10
4741.0
 20
444.0
 30
0.0
 11
4719.0
 21
444.0
 31
0.0
  0
LINE
  5
11EA
330
17
100
AcDbEntity
  8
GRAPH
100
AcDbLine
 10
4719.0
 20
444.0
 30
0.0
 11
4719.0
 21
430.0
 31
0.0
  0
LINE
  5
11EB
330
17
100
AcDbEntity
  8
GRAPH
100
AcDbLine
 10
4751.0
 20
430.0
 30
0.0
 11
4773.0
 21
430.0
 31
0.0
  0
LINE
  5
11EC
330
17
100
AcDbEntity
  8
GRAPH
100
AcDbLine
 10
4773.0
 20
430.0
 30
0.0
 11
4773.0
 21
444.0
 31
0.0
  0
LINE
  5
11ED
330
17
100
AcDbEntity
  8
GRAPH
100
AcDbLine
 10
4773.0
 20
444.0
 30
0.0
 11
4751.0
 21
444.0
 31
0.0
  0
LINE
  5
11EE
330
17
100
AcDbEntity
  8
GRAPH
100
AcDbLine
 10
4751.0
 20
444.0
 30
0.0
 11
4751.0
 21
430.0
 31
0.0
  0
LINE
  5
11EF
330
17
100
AcDbEntity
  8
GRAPH
100
AcDbLine
 10
4783.0
 20
430.0
 30
0.0
 11
4805.0
 21
430.0
 31
0.0
  0
LINE
  5
11F0
330
17
100
AcDbEntity
  8
GRAPH
100
AcDbLine
 10
4805.0
 20
430.0
 30
0.0
 11
4805.0
 21
444.0
 31
0.0
  0
LINE
  5
11F1
330
17
100
AcDbEntity
  8
GRAPH
100
AcDbLine
 10
4805.0
 20
444.0
 30
0.0
 11
4783.0
 21
444.0
 31
0.0
  0
LINE
  5
11F2
330
17
100
AcDbEntity
  8
GRAPH
100
AcDbLine
 10
4783.0
 20
444.0
 30
0.0
 11
4783.0
 21
430.0
 31
0.0
  0
LINE
  5
11F3
330
17
100
AcDbEntity
  8
GRAPH
100
AcDbLine
 10
4815.0
 20
430.0
 30
0.0
 11
4837.0
 21
430.0
 31
0.0
  0
LINE
  5
11F4
330
17
100
AcDbEntity
  8
GRAPH
100
AcDbLine
 10
4837.0
 20
430.0
 30
0.0
 11
4837.0
 21
444.0
 31
0.0
  0
LINE
  5
11F5
330
17
100
AcDbEntity
  8
GRAPH
100
AcDbLine
 10
4837.0
 20
444.0
 30
0.0
 11
4815.0
 21
444.0
 31
0.0
  0
LINE
  5
11F6
330
17
100
AcDbEntity
  8
GRAPH
100
AcDbLine
 10
4815.0
 20
444.0
 30
0.0
 11
4815.0
 21
430.0
 31
0.0
  0
LINE
  5
11F7
330
17
100
AcDbEntity
  8
GRAPH
100
AcDbLine
 10
4847.0
 20
430.0
 30
0.0
 11
4869.0
 21
430.0
 31
0.0
  0
LINE
  5
11F8
330
17
100
AcDbEntity
  8
GRAPH
100
AcDbLine
 10
4869.0
 20
430.0
 30
0.0
 11
4869.0
 21
444.0
 31
0.0
  0
LINE
  5
11F9
330
17
100
AcDbEntity
  8
GRAPH
100
AcDbLine
 10
4869.0
 20
444.0
 30
0.0
 11
4847.0
 21
444.0
 31
0.0
  0
LINE
  5
11FA
330
17
100
AcDbEntity
  8
GRAPH
100
AcDbLine
 10
4847.0
 20
444.0
 30
0.0
 11
4847.0
 21
430.0
 31
0.0
  0
LINE
  5
11FB
330
17
100
AcDbEntity
  8
GRAPH
100
AcDbLine
 10
4879.0
 20
430.0
 30
0.0
 11
4901.0
 21
430.0
 31
0.0
  0
LINE
  5
11FC
330
17
100
AcDbEntity
  8
GRAPH
100
AcDbLine
 10
4901.0
 20
430.0
 30
0.0
 11
4901.0
 21
444.0
 31
0.0
  0
LINE
  5
11FD
330
17
100
AcDbEntity
  8
GRAPH
100
AcDbLine
 10
4901.0
 20
444.0
 30
0.0
 11
4879.0
 21
444.0
 31
0.0
  0
LINE
  5
11FE
330
17
100
AcDbEntity
  8
GRAPH
100
AcDbLine
 10
4879.0
 20
444.0
 30
0.0
 11
4879.0
 21
430.0
 31
0.0
  0
LINE
  5
11FF
330
17
100
AcDbEntity
  8
GRAPH
100
AcDbLine
 10
4687.0
 20
452.0
 30
0.0
 11
4709.0
 21
452.0
 31
0.0
  0
LINE
  5
1200
330
17
100
AcDbEntity
  8
GRAPH
100
AcDbLine
 10
4709.0
 20
452.0
 30
0.0
 11
4709.0
 21
466.0
 31
0.0
  0
LINE
  5
1201
330
17
100
AcDbEntity
  8
GRAPH
100
AcDbLine
 10
4709.0
 20
466.0
 30
0.0
 11
4687.0
 21
466.0
 31
0.0
  0
LINE
  5
1202
330
17
100
AcDbEntity
  8
GRAPH
100
AcDbLine
 10
4687.0
 20
466.0
 30
0.0
 11
4687.0
 21
452.0
 31
0.0
  0
LINE
  5
1203
330
17
100
AcDbEntity
  8
GRAPH
100
AcDbLine
 10
4719.0
 20
452.0
 30
0.0
 11
4741.0
 21
452.0
 31
0.0
  0
LINE
  5
1204
330
17
100
AcDbEntity
  8
GRAPH
100
AcDbLine
 10
4741.0
 20
452.0
 30
0.0
 11
4741.0
 21
466.0
 31
0.0
  0
LINE
  5
1205
330
17
100
AcDbEntity
  8
GRAPH
100
AcDbLine
 10
4741.0
 20
466.0
 30
0.0
 11
4719.0
 21
466.0
 31
0.0
  0
LINE
  5
1206
330
17
100
AcDbEntity
  8
GRAPH
100
AcDbLine
 10
4719.0
 20
466.0
 30
0.0
 11
4719.0
 21
452.0
 31
0.0
  0
LINE
  5
1207
330
17
100
AcDbEntity
  8
GRAPH
100
AcDbLine
 10
4751.0
 20
452.0
 30
0.0
 11
4773.0
 21
452.0
 31
0.0
  0
LINE
  5
1208
330
17
100
AcDbEntity
  8
GRAPH
100
AcDbLine
 10
4773.0
 20
452.0
 30
0.0
 11
4773.0
 21
466.0
 31
0.0
  0
LINE
  5
1209
330
17
100
AcDbEntity
  8
GRAPH
100
AcDbLine
 10
4773.0
 20
466.0
 30
0.0
 11
4751.0
 21
466.0
 31
0.0
  0
LINE
  5
120A
330
17
100
AcDbEntity
  8
GRAPH
100
AcDbLine
 10
4751.0
 20
466.0
 30
0.0
 11
4751.0
 21
452.0
 31
0.0
  0
LINE
  5
120B
330
17
100
AcDbEntity
  8
GRAPH
100
AcDbLine
 10
4783.0
 20
452.0
 30
0.0
 11
4805.0
 21
452.0
 31
0.0
  0
LINE
  5
120C
330
17
100
AcDbEntity
  8
GRAPH
100
AcDbLine
 10
4805.0
 20
452.0
 30
0.0
 11
4805.0
 21
466.0
 31
0.0
  0
LINE
  5
120D
330
17
100
AcDbEntity
  8
GRAPH
100
AcDbLine
 10
4805.0
 20
466.0
 30
0.0
 11
4783.0
 21
466.0
 31
0.0
  0
LINE
  5
120E
330
17
100
AcDbEntity
  8
GRAPH
100
AcDbLine
 10
4783.0
 20
466.0
 30
0.0
 11
4783.0
 21
452.0
 31
0.0
  0
LINE
  5
120F
330
17
100
AcDbEntity
  8
GRAPH
100
AcDbLine
 10
4815.0
 20
452.0
 30
0.0
 11
4837.0
 21
452.0
 31
0.0
  0
LINE
  5
1210
330
17
100
AcDbEntity
  8
GRAPH
100
AcDbLine
 10
4837.0
 20
452.0
 30
0.0
 11
4837.0
 21
466.0
 31
0.0
  0
LINE
  5
1211
330
17
100
AcDbEntity
  8
GRAPH
100
AcDbLine
 10
4837.0
 20
466.0
 30
0.0
 11
4815.0
 21
466.0
 31
0.0
  0
LINE
  5
1212
330
17
100
AcDbEntity
  8
GRAPH
100
AcDbLine
 10
4815.0
 20
466.0
 30
0.0
 11
4815.0
 21
452.0
 31
0.0
  0
LINE
  5
1213
330
17
100
AcDbEntity
  8
GRAPH
100
AcDbLine
 10
4847.0
 20
452.0
 30
0.0
 11
4869.0
 21
452.0
 31
0.0
  0
LINE
  5
1214
330
17
100
AcDbEntity
  8
GRAPH
100
AcDbLine
 10
4869.0
 20
452.0
 30
0.0
 11
4869.0
 21
466.0
 31
0.0
  0
LINE
  5
1215
330
17
100
AcDbEntity
  8
GRAPH
100
AcDbLine
 10
4869.0
 20
466.0
 30
0.0
 11
4847.0
 21
466.0
 31
0.0
  0
LINE
  5
1216
330
17
100
AcDbEntity
  8
GRAPH
100
AcDbLine
 10
4847.0
 20
466.0
 30
0.0
 11
4847.0
 21
452.0
 31
0.0
  0
LINE
  5
1217
330
17
100
AcDbEntity
  8
GRAPH
100
AcDbLine
 10
4879.0
 20
452.0
 30
0.0
 11
4901.0
 21
452.0
 31
0.0
  0
LINE
  5
1218
330
17
100
AcDbEntity
  8
GRAPH
100
AcDbLine
 10
4901.0
 20
452.0
 30
0.0
 11
4901.0
 21
466.0
 31
0.0
  0
LINE
  5
1219
330
17
100
AcDbEntity
  8
GRAPH
100
AcDbLine
 10
4901.0
 20
466.0
 30
0.0
 11
4879.0
 21
466.0
 31
0.0
  0
LINE
  5
121A
330
17
100
AcDbEntity
  8
GRAPH
100
AcDbLine
 10
4879.0
 20
466.0
 30
0.0
 11
4879.0
 21
452.0
 31
0.0
  0
LINE
  5
121B
330
17
100
AcDbEntity
  8
GRAPH
100
AcDbLine
 10
4687.0
 20
474.0
 30
0.0
 11
4709.0
 21
474.0
 31
0.0
  0
LINE
  5
121C
330
17
100
AcDbEntity
  8
GRAPH
100
AcDbLine
 10
4709.0
 20
474.0
 30
0.0
 11
4709.0
 21
488.0
 31
0.0
  0
LINE
  5
121D
330
17
100
AcDbEntity
  8
GRAPH
100
AcDbLine
 10
4709.0
 20
488.0
 30
0.0
 11
4687.0
 21
488.0
 31
0.0
  0
LINE
  5
121E
330
17
100
AcDbEntity
  8
GRAPH
100
AcDbLine
 10
4687.0
 20
488.0
 30
0.0
 11
4687.0
 21
474.0
 31
0.0
  0
LINE
  5
121F
330
17
100
AcDbEntity
  8
GRAPH
100
AcDbLine
 10
4719.0
 20
474.0
 30
0.0
 11
4741.0
 21
474.0
 31
0.0
  0
LINE
  5
1220
330
17
100
AcDbEntity
  8
GRAPH
100
AcDbLine
 10
4741.0
 20
474.0
 30
0.0
 11
4741.0
 21
488.0
 31
0.0
  0
LINE
  5
1221
330
17
100
AcDbEntity
  8
GRAPH
100
AcDbLine
 10
4741.0
 20
488.0
 30
0.0
 11
4719.0
 21
488.0
 31
0.0
  0
LINE
  5
1222
330
17
100
AcDbEntity
  8
GRAPH
100
AcDbLine
 10
4719.0
 20
488.0
 30
0.0
 11
4719.0
 21
474.0
 31
0.0
  0
LINE
  5
1223
330
17
100
AcDbEntity
  8
GRAPH
100
AcDbLine
 10
4751.0
 20
474.0
 30
0.0
 11
4773.0
 21
474.0
 31
0.0
  0
LINE
  5
1224
330
17
100
AcDbEntity
  8
GRAPH
100
AcDbLine
 10
4773.0
 20
474.0
 30
0.0
 11
4773.0
 21
488.0
 31
0.0
  0
LINE
  5
1225
330
17
100
AcDbEntity
  8
GRAPH
100
AcDbLine
 10
4773.0
 20
488.0
 30
0.0
 11
4751.0
 21
488.0
 31
0.0
  0
LINE
  5
1226
330
17
100
AcDbEntity
  8
GRAPH
100
AcDbLine
 10
4751.0
 20
488.0
 30
0.0
 11
4751.0
 21
474.0
 31
0.0
  0
LINE
  5
1227
330
17
100
AcDbEntity
  8
GRAPH
100
AcDbLine
 10
4783.0
 20
474.0
 30
0.0
 11
4805.0
 21
474.0
 31
0.0
  0
LINE
  5
1228
330
17
100
AcDbEntity
  8
GRAPH
100
AcDbLine
 10
4805.0
 20
474.0
 30
0.0
 11
4805.0
 21
488.0
 31
0.0
  0
LINE
  5
1229
330
17
100
AcDbEntity
  8
GRAPH
100
AcDbLine
 10
4805.0
 20
488.0
 30
0.0
 11
4783.0
 21
488.0
 31
0.0
  0
LINE
  5
122A
330
17
100
AcDbEntity
  8
GRAPH
100
AcDbLine
 10
4783.0
 20
488.0
 30
0.0
 11
4783.0
 21
474.0
 31
0.0
  0
LINE
  5
122B
330
17
100
AcDbEntity
  8
GRAPH
100
AcDbLine
 10
4815.0
 20
474.0
 30
0.0
 11
4837.0
 21
474.0
 31
0.0
  0
LINE
  5
122C
330
17
100
AcDbEntity
  8
GRAPH
100
AcDbLine
 10
4837.0
 20
474.0
 30
0.0
 11
4837.0
 21
488.0
 31
0.0
  0
LINE
  5
122D
330
17
100
AcDbEntity
  8
GRAPH
100
AcDbLine
 10
4837.0
 20
488.0
 30
0.0
 11
4815.0
 21
488.0
 31
0.0
  0
LINE
  5
122E
330
17
100
AcDbEntity
  8
GRAPH
100
AcDbLine
 10
4815.0
 20
488.0
 30
0.0
 11
4815.0
 21
474.0
 31
0.0
  0
LINE
  5
122F
330
17
100
AcDbEntity
  8
GRAPH
100
AcDbLine
 10
4847.0
 20
474.0
 30
0.0
 11
4869.0
 21
474.0
 31
0.0
  0
LINE
  5
1230
330
17
100
AcDbEntity
  8
GRAPH
100
AcDbLine
 10
4869.0
 20
474.0
 30
0.0
 11
4869.0
 21
488.0
 31
0.0
  0
LINE
  5
1231
330
17
100
AcDbEntity
  8
GRAPH
100
AcDbLine
 10
4869.0
 20
488.0
 30
0.0
 11
4847.0
 21
488.0
 31
0.0
  0
LINE
  5
1232
330
17
100
AcDbEntity
  8
GRAPH
100
AcDbLine
 10
4847.0
 20
488.0
 30
0.0
 11
4847.0
 21
474.0
 31
0.0
  0
LINE
  5
1233
330
17
100
AcDbEntity
  8
GRAPH
100
AcDbLine
 10
4879.0
 20
474.0
 30
0.0
 11
4901.0
 21
474.0
 31
0.0
  0
LINE
  5
1234
330
17
100
AcDbEntity
  8
GRAPH
100
AcDbLine
 10
4901.0
 20
474.0
 30
0.0
 11
4901.0
 21
488.0
 31
0.0
  0
LINE
  5
1235
330
17
100
AcDbEntity
  8
GRAPH
100
AcDbLine
 10
4901.0
 20
488.0
 30
0.0
 11
4879.0
 21
488.0
 31
0.0
  0
LINE
  5
1236
330
17
100
AcDbEntity
  8
GRAPH
100
AcDbLine
 10
4879.0
 20
488.0
 30
0.0
 11
4879.0
 21
474.0
 31
0.0
  0
LINE
  5
1237
330
17
100
AcDbEntity
  8
GRAPH
100
AcDbLine
 10
4775.0
 20
122.0
 30
0.0
 11
4803.0
 21
122.0
 31
0.0
  0
LINE
  5
1238
330
17
100
AcDbEntity
  8
GRAPH
100
AcDbLine
 10
4803.0
 20
122.0
 30
0.0
 11
4803.0
 21
162.0
 31
0.0
  0
LINE
  5
1239
330
17
100
AcDbEntity
  8
GRAPH
100
AcDbLine
 10
4803.0
 20
162.0
 30
0.0
 11
4775.0
 21
162.0
 31
0.0
  0
LINE
  5
123A
330
17
100
AcDbEntity
  8
GRAPH
100
AcDbLine
 10
4775.0
 20
162.0
 30
0.0
 11
4775.0
 21
122.0
 31
0.0
  0
TEXT
  5
123B
330
17
100
AcDbEntity
  8
TEXT
100
AcDbText
 10
4779.0
 20
138.0
 30
0.0
 40
2.2
  1
Л2
 11
4779.0
 21
138.0
 31
0.0
100
AcDbText
  0
LINE
  5
123C
330
17
100
AcDbEntity
  8
GRAPH
100
AcDbLine
 10
4915.0
 20
110.0
 30
0.0
 11
4915.0
 21
510.0
 31
0.0
  0
LINE
  5
123D
330
17
100
AcDbEntity
  8
GRAPH
100
AcDbLine
 10
4927.0
 20
122.0
 30
0.0
 11
4949.0
 21
122.0
 31
0.0
  0
LINE
  5
123E
330
17
100
AcDbEntity
  8
GRAPH
100
AcDbLine
 10
4949.0
 20
122.0
 30
0.0
 11
4949.0
 21
136.0
 31
0.0
  0
LINE
  5
123F
330
17
100
AcDbEntity
  8
GRAPH
100
AcDbLine
 10
4949.0
 20
136.0
 30
0.0
 11
4927.0
 21
136.0
 31
0.0
  0
LINE
  5
1240
330
17
100
AcDbEntity
  8
GRAPH
100
AcDbLine
 10
4927.0
 20
136.0
 30
0.0
 11
4927.0
 21
122.0
 31
0.0
  0
LINE
  5
1241
330
17
100
AcDbEntity
  8
GRAPH
100
AcDbLine
 10
4959.0
 20
122.0
 30
0.0
 11
4981.0
 21
122.0
 31
0.0
  0
LINE
  5
1242
330
17
100
AcDbEntity
  8
GRAPH
100
AcDbLine
 10
4981.0
 20
122.0
 30
0.0
 11
4981.0
 21
136.0
 31
0.0
  0
LINE
  5
1243
330
17
100
AcDbEntity
  8
GRAPH
100
AcDbLine
 10
4981.0
 20
136.0
 30
0.0
 11
4959.0
 21
136.0
 31
0.0
  0
LINE
  5
1244
330
17
100
AcDbEntity
  8
GRAPH
100
AcDbLine
 10
4959.0
 20
136.0
 30
0.0
 11
4959.0
 21
122.0
 31
0.0
  0
LINE
  5
1245
330
17
100
AcDbEntity
  8
GRAPH
100
AcDbLine
 10
4991.0
 20
122.0
 30
0.0
 11
5013.0
 21
122.0
 31
0.0
  0
LINE
  5
1246
330
17
100
AcDbEntity
  8
GRAPH
100
AcDbLine
 10
5013.0
 20
122.0
 30
0.0
 11
5013.0
 21
136.0
 31
0.0
  0
LINE
  5
1247
330
17
100
AcDbEntity
  8
GRAPH
100
AcDbLine
 10
5013.0
 20
136.0
 30
0.0
 11
4991.0
 21
136.0
 31
0.0
  0
LINE
  5
1248
330
17
100
AcDbEntity
  8
GRAPH
100
AcDbLine
 10
4991.0
 20
136.0
 30
0.0
 11
4991.0
 21
122.0
 31
0.0
  0
LINE
  5
1249
330
17
100
AcDbEntity
  8
GRAPH
100
AcDbLine
 10
5023.0
 20
122.0
 30
0.0
 11
5045.0
 21
122.0
 31
0.0
  0
LINE
  5
124A
330
17
100
AcDbEntity
  8
GRAPH
100
AcDbLine
 10
5045.0
 20
122.0
 30
0.0
 11
5045.0
 21
136.0
 31
0.0
  0
LINE
  5
124B
330
17
100
AcDbEntity
  8
GRAPH
100
AcDbLine
 10
5045.0
 20
136.0
 30
0.0
 11
5023.0
 21
136.0
 31
0.0
  0
LINE
  5
124C
330
17
100
AcDbEntity
  8
GRAPH
100
AcDbLine
 10
5023.0
 20
136.0
 30
0.0
 11
5023.0
 21
122.0
 31
0.0
  0
LINE
  5
124D
330
17
100
AcDbEntity
  8
GRAPH
100
AcDbLine
 10
5055.0
 20
122.0
 30
0.0
 11
5077.0
 21
122.0
 31
0.0
  0
LINE
  5
124E
330
17
100
AcDbEntity
  8
GRAPH
100
AcDbLine
 10
5077.0
 20
122.0
 30
0.0
 11
5077.0
 21
136.0
 31
0.0
  0
LINE
  5
124F
330
17
100
AcDbEntity
  8
GRAPH
100
AcDbLine
 10
5077.0
 20
136.0
 30
0.0
 11
5055.0
 21
136.0
 31
0.0
  0
LINE
  5
1250
330
17
100
AcDbEntity
  8
GRAPH
100
AcDbLine
 10
5055.0
 20
136.0
 30
0.0
 11
5055.0
 21
122.0
 31
0.0
  0
LINE
  5
1251
330
17
100
AcDbEntity
  8
GRAPH
100
AcDbLine
 10
5087.0
 20
122.0
 30
0.0
 11
5109.0
 21
122.0
 31
0.0
  0
LINE
  5
1252
330
17
100
AcDbEntity
  8
GRAPH
100
AcDbLine
 10
5109.0
 20
122.0
 30
0.0
 11
5109.0
 21
136.0
 31
0.0
  0
LINE
  5
1253
330
17
100
AcDbEntity
  8
GRAPH
100
AcDbLine
 10
5109.0
 20
136.0
 30
0.0
 11
5087.0
 21
136.0
 31
0.0
  0
LINE
  5
1254
330
17
100
AcDbEntity
  8
GRAPH
100
AcDbLine
 10
5087.0
 20
136.0
 30
0.0
 11
5087.0
 21
122.0
 31
0.0
  0
LINE
  5
1255
330
17
100
AcDbEntity
  8
GRAPH
100
AcDbLine
 10
5119.0
 20
122.0
 30
0.0
 11
5141.0
 21
122.0
 31
0.0
  0
LINE
  5
1256
330
17
100
AcDbEntity
  8
GRAPH
100
AcDbLine
 10
5141.0
 20
122.0
 30
0.0
 11
5141.0
 21
136.0
 31
0.0
  0
LINE
  5
1257
330
17
100
AcDbEntity
  8
GRAPH
100
AcDbLine
 10
5141.0
 20
136.0
 30
0.0
 11
5119.0
 21
136.0
 31
0.0
  0
LINE
  5
1258
330
17
100
AcDbEntity
  8
GRAPH
100
AcDbLine
 10
5119.0
 20
136.0
 30
0.0
 11
5119.0
 21
122.0
 31
0.0
  0
LINE
  5
1259
330
17
100
AcDbEntity
  8
GRAPH
100
AcDbLine
 10
4927.0
 20
144.0
 30
0.0
 11
4949.0
 21
144.0
 31
0.0
  0
LINE
  5
125A
330
17
100
AcDbEntity
  8
GRAPH
100
AcDbLine
 10
4949.0
 20
144.0
 30
0.0
 11
4949.0
 21
158.0
 31
0.0
  0
LINE
  5
125B
330
17
100
AcDbEntity
  8
GRAPH
100
AcDbLine
 10
4949.0
 20
158.0
 30
0.0
 11
4927.0
 21
158.0
 31
0.0
  0
LINE
  5
125C
330
17
100
AcDbEntity
  8
GRAPH
100
AcDbLine
 10
4927.0
 20
158.0
 30
0.0
 11
4927.0
 21
144.0
 31
0.0
  0
LINE
  5
125D
330
17
100
AcDbEntity
  8
GRAPH
100
AcDbLine
 10
4959.0
 20
144.0
 30
0.0
 11
4981.0
 21
144.0
 31
0.0
  0
LINE
  5
125E
330
17
100
AcDbEntity
  8
GRAPH
100
AcDbLine
 10
4981.0
 20
144.0
 30
0.0
 11
4981.0
 21
158.0
 31
0.0
  0
LINE
  5
125F
330
17
100
AcDbEntity
  8
GRAPH
100
AcDbLine
 10
4981.0
 20
158.0
 30
0.0
 11
4959.0
 21
158.0
 31
0.0
  0
LINE
  5
1260
330
17
100
AcDbEntity
  8
GRAPH
100
AcDbLine
 10
4959.0
 20
158.0
 30
0.0
 11
4959.0
 21
144.0
 31
0.0
  0
LINE
  5
1261
330
17
100
AcDbEntity
  8
GRAPH
100
AcDbLine
 10
4991.0
 20
144.0
 30
0.0
 11
5013.0
 21
144.0
 31
0.0
  0
LINE
  5
1262
330
17
100
AcDbEntity
  8
GRAPH
100
AcDbLine
 10
5013.0
 20
144.0
 30
0.0
 11
5013.0
 21
158.0
 31
0.0
  0
LINE
  5
1263
330
17
100
AcDbEntity
  8
GRAPH
100
AcDbLine
 10
5013.0
 20
158.0
 30
0.0
 11
4991.0
 21
158.0
 31
0.0
  0
LINE
  5
1264
330
17
100
AcDbEntity
  8
GRAPH
100
AcDbLine
 10
4991.0
 20
158.0
 30
0.0
 11
4991.0
 21
144.0
 31
0.0
  0
LINE
  5
1265
330
17
100
AcDbEntity
  8
GRAPH
100
AcDbLine
 10
5023.0
 20
144.0
 30
0.0
 11
5045.0
 21
144.0
 31
0.0
  0
LINE
  5
1266
330
17
100
AcDbEntity
  8
GRAPH
100
AcDbLine
 10
5045.0
 20
144.0
 30
0.0
 11
5045.0
 21
158.0
 31
0.0
  0
LINE
  5
1267
330
17
100
AcDbEntity
  8
GRAPH
100
AcDbLine
 10
5045.0
 20
158.0
 30
0.0
 11
5023.0
 21
158.0
 31
0.0
  0
LINE
  5
1268
330
17
100
AcDbEntity
  8
GRAPH
100
AcDbLine
 10
5023.0
 20
158.0
 30
0.0
 11
5023.0
 21
144.0
 31
0.0
  0
LINE
  5
1269
330
17
100
AcDbEntity
  8
GRAPH
100
AcDbLine
 10
5055.0
 20
144.0
 30
0.0
 11
5077.0
 21
144.0
 31
0.0
  0
LINE
  5
126A
330
17
100
AcDbEntity
  8
GRAPH
100
AcDbLine
 10
5077.0
 20
144.0
 30
0.0
 11
5077.0
 21
158.0
 31
0.0
  0
LINE
  5
126B
330
17
100
AcDbEntity
  8
GRAPH
100
AcDbLine
 10
5077.0
 20
158.0
 30
0.0
 11
5055.0
 21
158.0
 31
0.0
  0
LINE
  5
126C
330
17
100
AcDbEntity
  8
GRAPH
100
AcDbLine
 10
5055.0
 20
158.0
 30
0.0
 11
5055.0
 21
144.0
 31
0.0
  0
LINE
  5
126D
330
17
100
AcDbEntity
  8
GRAPH
100
AcDbLine
 10
5087.0
 20
144.0
 30
0.0
 11
5109.0
 21
144.0
 31
0.0
  0
LINE
  5
126E
330
17
100
AcDbEntity
  8
GRAPH
100
AcDbLine
 10
5109.0
 20
144.0
 30
0.0
 11
5109.0
 21
158.0
 31
0.0
  0
LINE
  5
126F
330
17
100
AcDbEntity
  8
GRAPH
100
AcDbLine
 10
5109.0
 20
158.0
 30
0.0
 11
5087.0
 21
158.0
 31
0.0
  0
LINE
  5
1270
330
17
100
AcDbEntity
  8
GRAPH
100
AcDbLine
 10
5087.0
 20
158.0
 30
0.0
 11
5087.0
 21
144.0
 31
0.0
  0
LINE
  5
1271
330
17
100
AcDbEntity
  8
GRAPH
100
AcDbLine
 10
5119.0
 20
144.0
 30
0.0
 11
5141.0
 21
144.0
 31
0.0
  0
LINE
  5
1272
330
17
100
AcDbEntity
  8
GRAPH
100
AcDbLine
 10
5141.0
 20
144.0
 30
0.0
 11
5141.0
 21
158.0
 31
0.0
  0
LINE
  5
1273
330
17
100
AcDbEntity
  8
GRAPH
100
AcDbLine
 10
5141.0
 20
158.0
 30
0.0
 11
5119.0
 21
158.0
 31
0.0
  0
LINE
  5
1274
330
17
100
AcDbEntity
  8
GRAPH
100
AcDbLine
 10
5119.0
 20
158.0
 30
0.0
 11
5119.0
 21
144.0
 31
0.0
  0
LINE
  5
1275
330
17
100
AcDbEntity
  8
GRAPH
100
AcDbLine
 10
4927.0
 20
166.0
 30
0.0
 11
4949.0
 21
166.0
 31
0.0
  0
LINE
  5
1276
330
17
100
AcDbEntity
  8
GRAPH
100
AcDbLine
 10
4949.0
 20
166.0
 30
0.0
 11
4949.0
 21
180.0
 31
0.0
  0
LINE
  5
1277
330
17
100
AcDbEntity
  8
GRAPH
100
AcDbLine
 10
4949.0
 20
180.0
 30
0.0
 11
4927.0
 21
180.0
 31
0.0
  0
LINE
  5
1278
330
17
100
AcDbEntity
  8
GRAPH
100
AcDbLine
 10
4927.0
 20
180.0
 30
0.0
 11
4927.0
 21
166.0
 31
0.0
  0
LINE
  5
1279
330
17
100
AcDbEntity
  8
GRAPH
100
AcDbLine
 10
4959.0
 20
166.0
 30
0.0
 11
4981.0
 21
166.0
 31
0.0
  0
LINE
  5
127A
330
17
100
AcDbEntity
  8
GRAPH
100
AcDbLine
 10
4981.0
 20
166.0
 30
0.0
 11
4981.0
 21
180.0
 31
0.0
  0
LINE
  5
127B
330
17
100
AcDbEntity
  8
GRAPH
100
AcDbLine
 10
4981.0
 20
180.0
 30
0.0
 11
4959.0
 21
180.0
 31
0.0
  0
LINE
  5
127C
330
17
100
AcDbEntity
  8
GRAPH
100
AcDbLine
 10
4959.0
 20
180.0
 30
0.0
 11
4959.0
 21
166.0
 31
0.0
  0
LINE
  5
127D
330
17
100
AcDbEntity
  8
GRAPH
100
AcDbLine
 10
4991.0
 20
166.0
 30
0.0
 11
5013.0
 21
166.0
 31
0.0
  0
LINE
  5
127E
330
17
100
AcDbEntity
  8
GRAPH
100
AcDbLine
 10
5013.0
 20
166.0
 30
0.0
 11
5013.0
 21
180.0
 31
0.0
  0
LINE
  5
127F
330
17
100
AcDbEntity
  8
GRAPH
100
AcDbLine
 10
5013.0
 20
180.0
 30
0.0
 11
4991.0
 21
180.0
 31
0.0
  0
LINE
  5
1280
330
17
100
AcDbEntity
  8
GRAPH
100
AcDbLine
 10
4991.0
 20
180.0
 30
0.0
 11
4991.0
 21
166.0
 31
0.0
  0
LINE
  5
1281
330
17
100
AcDbEntity
  8
GRAPH
100
AcDbLine
 10
5023.0
 20
166.0
 30
0.0
 11
5045.0
 21
166.0
 31
0.0
  0
LINE
  5
1282
330
17
100
AcDbEntity
  8
GRAPH
100
AcDbLine
 10
5045.0
 20
166.0
 30
0.0
 11
5045.0
 21
180.0
 31
0.0
  0
LINE
  5
1283
330
17
100
AcDbEntity
  8
GRAPH
100
AcDbLine
 10
5045.0
 20
180.0
 30
0.0
 11
5023.0
 21
180.0
 31
0.0
  0
LINE
  5
1284
330
17
100
AcDbEntity
  8
GRAPH
100
AcDbLine
 10
5023.0
 20
180.0
 30
0.0
 11
5023.0
 21
166.0
 31
0.0
  0
LINE
  5
1285
330
17
100
AcDbEntity
  8
GRAPH
100
AcDbLine
 10
5055.0
 20
166.0
 30
0.0
 11
5077.0
 21
166.0
 31
0.0
  0
LINE
  5
1286
330
17
100
AcDbEntity
  8
GRAPH
100
AcDbLine
 10
5077.0
 20
166.0
 30
0.0
 11
5077.0
 21
180.0
 31
0.0
  0
LINE
  5
1287
330
17
100
AcDbEntity
  8
GRAPH
100
AcDbLine
 10
5077.0
 20
180.0
 30
0.0
 11
5055.0
 21
180.0
 31
0.0
  0
LINE
  5
1288
330
17
100
AcDbEntity
  8
GRAPH
100
AcDbLine
 10
5055.0
 20
180.0
 30
0.0
 11
5055.0
 21
166.0
 31
0.0
  0
LINE
  5
1289
330
17
100
AcDbEntity
  8
GRAPH
100
AcDbLine
 10
5087.0
 20
166.0
 30
0.0
 11
5109.0
 21
166.0
 31
0.0
  0
LINE
  5
128A
330
17
100
AcDbEntity
  8
GRAPH
100
AcDbLine
 10
5109.0
 20
166.0
 30
0.0
 11
5109.0
 21
180.0
 31
0.0
  0
LINE
  5
128B
330
17
100
AcDbEntity
  8
GRAPH
100
AcDbLine
 10
5109.0
 20
180.0
 30
0.0
 11
5087.0
 21
180.0
 31
0.0
  0
LINE
  5
128C
330
17
100
AcDbEntity
  8
GRAPH
100
AcDbLine
 10
5087.0
 20
180.0
 30
0.0
 11
5087.0
 21
166.0
 31
0.0
  0
LINE
  5
128D
330
17
100
AcDbEntity
  8
GRAPH
100
AcDbLine
 10
5119.0
 20
166.0
 30
0.0
 11
5141.0
 21
166.0
 31
0.0
  0
LINE
  5
128E
330
17
100
AcDbEntity
  8
GRAPH
100
AcDbLine
 10
5141.0
 20
166.0
 30
0.0
 11
5141.0
 21
180.0
 31
0.0
  0
LINE
  5
128F
330
17
100
AcDbEntity
  8
GRAPH
100
AcDbLine
 10
5141.0
 20
180.0
 30
0.0
 11
5119.0
 21
180.0
 31
0.0
  0
LINE
  5
1290
330
17
100
AcDbEntity
  8
GRAPH
100
AcDbLine
 10
5119.0
 20
180.0
 30
0.0
 11
5119.0
 21
166.0
 31
0.0
  0
LINE
  5
1291
330
17
100
AcDbEntity
  8
GRAPH
100
AcDbLine
 10
4927.0
 20
188.0
 30
0.0
 11
4949.0
 21
188.0
 31
0.0
  0
LINE
  5
1292
330
17
100
AcDbEntity
  8
GRAPH
100
AcDbLine
 10
4949.0
 20
188.0
 30
0.0
 11
4949.0
 21
202.0
 31
0.0
  0
LINE
  5
1293
330
17
100
AcDbEntity
  8
GRAPH
100
AcDbLine
 10
4949.0
 20
202.0
 30
0.0
 11
4927.0
 21
202.0
 31
0.0
  0
LINE
  5
1294
330
17
100
AcDbEntity
  8
GRAPH
100
AcDbLine
 10
4927.0
 20
202.0
 30
0.0
 11
4927.0
 21
188.0
 31
0.0
  0
LINE
  5
1295
330
17
100
AcDbEntity
  8
GRAPH
100
AcDbLine
 10
4959.0
 20
188.0
 30
0.0
 11
4981.0
 21
188.0
 31
0.0
  0
LINE
  5
1296
330
17
100
AcDbEntity
  8
GRAPH
100
AcDbLine
 10
4981.0
 20
188.0
 30
0.0
 11
4981.0
 21
202.0
 31
0.0
  0
LINE
  5
1297
330
17
100
AcDbEntity
  8
GRAPH
100
AcDbLine
 10
4981.0
 20
202.0
 30
0.0
 11
4959.0
 21
202.0
 31
0.0
  0
LINE
  5
1298
330
17
100
AcDbEntity
  8
GRAPH
100
AcDbLine
 10
4959.0
 20
202.0
 30
0.0
 11
4959.0
 21
188.0
 31
0.0
  0
LINE
  5
1299
330
17
100
AcDbEntity
  8
GRAPH
100
AcDbLine
 10
4991.0
 20
188.0
 30
0.0
 11
5013.0
 21
188.0
 31
0.0
  0
LINE
  5
129A
330
17
100
AcDbEntity
  8
GRAPH
100
AcDbLine
 10
5013.0
 20
188.0
 30
0.0
 11
5013.0
 21
202.0
 31
0.0
  0
LINE
  5
129B
330
17
100
AcDbEntity
  8
GRAPH
100
AcDbLine
 10
5013.0
 20
202.0
 30
0.0
 11
4991.0
 21
202.0
 31
0.0
  0
LINE
  5
129C
330
17
100
AcDbEntity
  8
GRAPH
100
AcDbLine
 10
4991.0
 20
202.0
 30
0.0
 11
4991.0
 21
188.0
 31
0.0
  0
LINE
  5
129D
330
17
100
AcDbEntity
  8
GRAPH
100
AcDbLine
 10
5023.0
 20
188.0
 30
0.0
 11
5045.0
 21
188.0
 31
0.0
  0
LINE
  5
129E
330
17
100
AcDbEntity
  8
GRAPH
100
AcDbLine
 10
5045.0
 20
188.0
 30
0.0
 11
5045.0
 21
202.0
 31
0.0
  0
LINE
  5
129F
330
17
100
AcDbEntity
  8
GRAPH
100
AcDbLine
 10
5045.0
 20
202.0
 30
0.0
 11
5023.0
 21
202.0
 31
0.0
  0
LINE
  5
12A0
330
17
100
AcDbEntity
  8
GRAPH
100
AcDbLine
 10
5023.0
 20
202.0
 30
0.0
 11
5023.0
 21
188.0
 31
0.0
  0
LINE
  5
12A1
330
17
100
AcDbEntity
  8
GRAPH
100
AcDbLine
 10
5055.0
 20
188.0
 30
0.0
 11
5077.0
 21
188.0
 31
0.0
  0
LINE
  5
12A2
330
17
100
AcDbEntity
  8
GRAPH
100
AcDbLine
 10
5077.0
 20
188.0
 30
0.0
 11
5077.0
 21
202.0
 31
0.0
  0
LINE
  5
12A3
330
17
100
AcDbEntity
  8
GRAPH
100
AcDbLine
 10
5077.0
 20
202.0
 30
0.0
 11
5055.0
 21
202.0
 31
0.0
  0
LINE
  5
12A4
330
17
100
AcDbEntity
  8
GRAPH
100
AcDbLine
 10
5055.0
 20
202.0
 30
0.0
 11
5055.0
 21
188.0
 31
0.0
  0
LINE
  5
12A5
330
17
100
AcDbEntity
  8
GRAPH
100
AcDbLine
 10
5087.0
 20
188.0
 30
0.0
 11
5109.0
 21
188.0
 31
0.0
  0
LINE
  5
12A6
330
17
100
AcDbEntity
  8
GRAPH
100
AcDbLine
 10
5109.0
 20
188.0
 30
0.0
 11
5109.0
 21
202.0
 31
0.0
  0
LINE
  5
12A7
330
17
100
AcDbEntity
  8
GRAPH
100
AcDbLine
 10
5109.0
 20
202.0
 30
0.0
 11
5087.0
 21
202.0
 31
0.0
  0
LINE
  5
12A8
330
17
100
AcDbEntity
  8
GRAPH
100
AcDbLine
 10
5087.0
 20
202.0
 30
0.0
 11
5087.0
 21
188.0
 31
0.0
  0
LINE
  5
12A9
330
17
100
AcDbEntity
  8
GRAPH
100
AcDbLine
 10
5119.0
 20
188.0
 30
0.0
 11
5141.0
 21
188.0
 31
0.0
  0
LINE
  5
12AA
330
17
100
AcDbEntity
  8
GRAPH
100
AcDbLine
 10
5141.0
 20
188.0
 30
0.0
 11
5141.0
 21
202.0
 31
0.0
  0
LINE
  5
12AB
330
17
100
AcDbEntity
  8
GRAPH
100
AcDbLine
 10
5141.0
 20
202.0
 30
0.0
 11
5119.0
 21
202.0
 31
0.0
  0
LINE
  5
12AC
330
17
100
AcDbEntity
  8
GRAPH
100
AcDbLine
 10
5119.0
 20
202.0
 30
0.0
 11
5119.0
 21
188.0
 31
0.0
  0
LINE
  5
12AD
330
17
100
AcDbEntity
  8
GRAPH
100
AcDbLine
 10
4927.0
 20
210.0
 30
0.0
 11
4949.0
 21
210.0
 31
0.0
  0
LINE
  5
12AE
330
17
100
AcDbEntity
  8
GRAPH
100
AcDbLine
 10
4949.0
 20
210.0
 30
0.0
 11
4949.0
 21
224.0
 31
0.0
  0
LINE
  5
12AF
330
17
100
AcDbEntity
  8
GRAPH
100
AcDbLine
 10
4949.0
 20
224.0
 30
0.0
 11
4927.0
 21
224.0
 31
0.0
  0
LINE
  5
12B0
330
17
100
AcDbEntity
  8
GRAPH
100
AcDbLine
 10
4927.0
 20
224.0
 30
0.0
 11
4927.0
 21
210.0
 31
0.0
  0
LINE
  5
12B1
330
17
100
AcDbEntity
  8
GRAPH
100
AcDbLine
 10
4959.0
 20
210.0
 30
0.0
 11
4981.0
 21
210.0
 31
0.0
  0
LINE
  5
12B2
330
17
100
AcDbEntity
  8
GRAPH
100
AcDbLine
 10
4981.0
 20
210.0
 30
0.0
 11
4981.0
 21
224.0
 31
0.0
  0
LINE
  5
12B3
330
17
100
AcDbEntity
  8
GRAPH
100
AcDbLine
 10
4981.0
 20
224.0
 30
0.0
 11
4959.0
 21
224.0
 31
0.0
  0
LINE
  5
12B4
330
17
100
AcDbEntity
  8
GRAPH
100
AcDbLine
 10
4959.0
 20
224.0
 30
0.0
 11
4959.0
 21
210.0
 31
0.0
  0
LINE
  5
12B5
330
17
100
AcDbEntity
  8
GRAPH
100
AcDbLine
 10
4991.0
 20
210.0
 30
0.0
 11
5013.0
 21
210.0
 31
0.0
  0
LINE
  5
12B6
330
17
100
AcDbEntity
  8
GRAPH
100
AcDbLine
 10
5013.0
 20
210.0
 30
0.0
 11
5013.0
 21
224.0
 31
0.0
  0
LINE
  5
12B7
330
17
100
AcDbEntity
  8
GRAPH
100
AcDbLine
 10
5013.0
 20
224.0
 30
0.0
 11
4991.0
 21
224.0
 31
0.0
  0
LINE
  5
12B8
330
17
100
AcDbEntity
  8
GRAPH
100
AcDbLine
 10
4991.0
 20
224.0
 30
0.0
 11
4991.0
 21
210.0
 31
0.0
  0
LINE
  5
12B9
330
17
100
AcDbEntity
  8
GRAPH
100
AcDbLine
 10
5023.0
 20
210.0
 30
0.0
 11
5045.0
 21
210.0
 31
0.0
  0
LINE
  5
12BA
330
17
100
AcDbEntity
  8
GRAPH
100
AcDbLine
 10
5045.0
 20
210.0
 30
0.0
 11
5045.0
 21
224.0
 31
0.0
  0
LINE
  5
12BB
330
17
100
AcDbEntity
  8
GRAPH
100
AcDbLine
 10
5045.0
 20
224.0
 30
0.0
 11
5023.0
 21
224.0
 31
0.0
  0
LINE
  5
12BC
330
17
100
AcDbEntity
  8
GRAPH
100
AcDbLine
 10
5023.0
 20
224.0
 30
0.0
 11
5023.0
 21
210.0
 31
0.0
  0
LINE
  5
12BD
330
17
100
AcDbEntity
  8
GRAPH
100
AcDbLine
 10
5055.0
 20
210.0
 30
0.0
 11
5077.0
 21
210.0
 31
0.0
  0
LINE
  5
12BE
330
17
100
AcDbEntity
  8
GRAPH
100
AcDbLine
 10
5077.0
 20
210.0
 30
0.0
 11
5077.0
 21
224.0
 31
0.0
  0
LINE
  5
12BF
330
17
100
AcDbEntity
  8
GRAPH
100
AcDbLine
 10
5077.0
 20
224.0
 30
0.0
 11
5055.0
 21
224.0
 31
0.0
  0
LINE
  5
12C0
330
17
100
AcDbEntity
  8
GRAPH
100
AcDbLine
 10
5055.0
 20
224.0
 30
0.0
 11
5055.0
 21
210.0
 31
0.0
  0
LINE
  5
12C1
330
17
100
AcDbEntity
  8
GRAPH
100
AcDbLine
 10
5087.0
 20
210.0
 30
0.0
 11
5109.0
 21
210.0
 31
0.0
  0
LINE
  5
12C2
330
17
100
AcDbEntity
  8
GRAPH
100
AcDbLine
 10
5109.0
 20
210.0
 30
0.0
 11
5109.0
 21
224.0
 31
0.0
  0
LINE
  5
12C3
330
17
100
AcDbEntity
  8
GRAPH
100
AcDbLine
 10
5109.0
 20
224.0
 30
0.0
 11
5087.0
 21
224.0
 31
0.0
  0
LINE
  5
12C4
330
17
100
AcDbEntity
  8
GRAPH
100
AcDbLine
 10
5087.0
 20
224.0
 30
0.0
 11
5087.0
 21
210.0
 31
0.0
  0
LINE
  5
12C5
330
17
100
AcDbEntity
  8
GRAPH
100
AcDbLine
 10
5119.0
 20
210.0
 30
0.0
 11
5141.0
 21
210.0
 31
0.0
  0
LINE
  5
12C6
330
17
100
AcDbEntity
  8
GRAPH
100
AcDbLine
 10
5141.0
 20
210.0
 30
0.0
 11
5141.0
 21
224.0
 31
0.0
  0
LINE
  5
12C7
330
17
100
AcDbEntity
  8
GRAPH
100
AcDbLine
 10
5141.0
 20
224.0
 30
0.0
 11
5119.0
 21
224.0
 31
0.0
  0
LINE
  5
12C8
330
17
100
AcDbEntity
  8
GRAPH
100
AcDbLine
 10
5119.0
 20
224.0
 30
0.0
 11
5119.0
 21
210.0
 31
0.0
  0
LINE
  5
12C9
330
17
100
AcDbEntity
  8
GRAPH
100
AcDbLine
 10
4927.0
 20
232.0
 30
0.0
 11
4949.0
 21
232.0
 31
0.0
  0
LINE
  5
12CA
330
17
100
AcDbEntity
  8
GRAPH
100
AcDbLine
 10
4949.0
 20
232.0
 30
0.0
 11
4949.0
 21
246.0
 31
0.0
  0
LINE
  5
12CB
330
17
100
AcDbEntity
  8
GRAPH
100
AcDbLine
 10
4949.0
 20
246.0
 30
0.0
 11
4927.0
 21
246.0
 31
0.0
  0
LINE
  5
12CC
330
17
100
AcDbEntity
  8
GRAPH
100
AcDbLine
 10
4927.0
 20
246.0
 30
0.0
 11
4927.0
 21
232.0
 31
0.0
  0
LINE
  5
12CD
330
17
100
AcDbEntity
  8
GRAPH
100
AcDbLine
 10
4959.0
 20
232.0
 30
0.0
 11
4981.0
 21
232.0
 31
0.0
  0
LINE
  5
12CE
330
17
100
AcDbEntity
  8
GRAPH
100
AcDbLine
 10
4981.0
 20
232.0
 30
0.0
 11
4981.0
 21
246.0
 31
0.0
  0
LINE
  5
12CF
330
17
100
AcDbEntity
  8
GRAPH
100
AcDbLine
 10
4981.0
 20
246.0
 30
0.0
 11
4959.0
 21
246.0
 31
0.0
  0
LINE
  5
12D0
330
17
100
AcDbEntity
  8
GRAPH
100
AcDbLine
 10
4959.0
 20
246.0
 30
0.0
 11
4959.0
 21
232.0
 31
0.0
  0
LINE
  5
12D1
330
17
100
AcDbEntity
  8
GRAPH
100
AcDbLine
 10
4991.0
 20
232.0
 30
0.0
 11
5013.0
 21
232.0
 31
0.0
  0
LINE
  5
12D2
330
17
100
AcDbEntity
  8
GRAPH
100
AcDbLine
 10
5013.0
 20
232.0
 30
0.0
 11
5013.0
 21
246.0
 31
0.0
  0
LINE
  5
12D3
330
17
100
AcDbEntity
  8
GRAPH
100
AcDbLine
 10
5013.0
 20
246.0
 30
0.0
 11
4991.0
 21
246.0
 31
0.0
  0
LINE
  5
12D4
330
17
100
AcDbEntity
  8
GRAPH
100
AcDbLine
 10
4991.0
 20
246.0
 30
0.0
 11
4991.0
 21
232.0
 31
0.0
  0
LINE
  5
12D5
330
17
100
AcDbEntity
  8
GRAPH
100
AcDbLine
 10
5023.0
 20
232.0
 30
0.0
 11
5045.0
 21
232.0
 31
0.0
  0
LINE
  5
12D6
330
17
100
AcDbEntity
  8
GRAPH
100
AcDbLine
 10
5045.0
 20
232.0
 30
0.0
 11
5045.0
 21
246.0
 31
0.0
  0
LINE
  5
12D7
330
17
100
AcDbEntity
  8
GRAPH
100
AcDbLine
 10
5045.0
 20
246.0
 30
0.0
 11
5023.0
 21
246.0
 31
0.0
  0
LINE
  5
12D8
330
17
100
AcDbEntity
  8
GRAPH
100
AcDbLine
 10
5023.0
 20
246.0
 30
0.0
 11
5023.0
 21
232.0
 31
0.0
  0
LINE
  5
12D9
330
17
100
AcDbEntity
  8
GRAPH
100
AcDbLine
 10
5055.0
 20
232.0
 30
0.0
 11
5077.0
 21
232.0
 31
0.0
  0
LINE
  5
12DA
330
17
100
AcDbEntity
  8
GRAPH
100
AcDbLine
 10
5077.0
 20
232.0
 30
0.0
 11
5077.0
 21
246.0
 31
0.0
  0
LINE
  5
12DB
330
17
100
AcDbEntity
  8
GRAPH
100
AcDbLine
 10
5077.0
 20
246.0
 30
0.0
 11
5055.0
 21
246.0
 31
0.0
  0
LINE
  5
12DC
330
17
100
AcDbEntity
  8
GRAPH
100
AcDbLine
 10
5055.0
 20
246.0
 30
0.0
 11
5055.0
 21
232.0
 31
0.0
  0
LINE
  5
12DD
330
17
100
AcDbEntity
  8
GRAPH
100
AcDbLine
 10
5087.0
 20
232.0
 30
0.0
 11
5109.0
 21
232.0
 31
0.0
  0
LINE
  5
12DE
330
17
100
AcDbEntity
  8
GRAPH
100
AcDbLine
 10
5109.0
 20
232.0
 30
0.0
 11
5109.0
 21
246.0
 31
0.0
  0
LINE
  5
12DF
330
17
100
AcDbEntity
  8
GRAPH
100
AcDbLine
 10
5109.0
 20
246.0
 30
0.0
 11
5087.0
 21
246.0
 31
0.0
  0
LINE
  5
12E0
330
17
100
AcDbEntity
  8
GRAPH
100
AcDbLine
 10
5087.0
 20
246.0
 30
0.0
 11
5087.0
 21
232.0
 31
0.0
  0
LINE
  5
12E1
330
17
100
AcDbEntity
  8
GRAPH
100
AcDbLine
 10
5119.0
 20
232.0
 30
0.0
 11
5141.0
 21
232.0
 31
0.0
  0
LINE
  5
12E2
330
17
100
AcDbEntity
  8
GRAPH
100
AcDbLine
 10
5141.0
 20
232.0
 30
0.0
 11
5141.0
 21
246.0
 31
0.0
  0
LINE
  5
12E3
330
17
100
AcDbEntity
  8
GRAPH
100
AcDbLine
 10
5141.0
 20
246.0
 30
0.0
 11
5119.0
 21
246.0
 31
0.0
  0
LINE
  5
12E4
330
17
100
AcDbEntity
  8
GRAPH
100
AcDbLine
 10
5119.0
 20
246.0
 30
0.0
 11
5119.0
 21
232.0
 31
0.0
  0
LINE
  5
12E5
330
17
100
AcDbEntity
  8
GRAPH
100
AcDbLine
 10
4927.0
 20
254.0
 30
0.0
 11
4949.0
 21
254.0
 31
0.0
  0
LINE
  5
12E6
330
17
100
AcDbEntity
  8
GRAPH
100
AcDbLine
 10
4949.0
 20
254.0
 30
0.0
 11
4949.0
 21
268.0
 31
0.0
  0
LINE
  5
12E7
330
17
100
AcDbEntity
  8
GRAPH
100
AcDbLine
 10
4949.0
 20
268.0
 30
0.0
 11
4927.0
 21
268.0
 31
0.0
  0
LINE
  5
12E8
330
17
100
AcDbEntity
  8
GRAPH
100
AcDbLine
 10
4927.0
 20
268.0
 30
0.0
 11
4927.0
 21
254.0
 31
0.0
  0
LINE
  5
12E9
330
17
100
AcDbEntity
  8
GRAPH
100
AcDbLine
 10
4959.0
 20
254.0
 30
0.0
 11
4981.0
 21
254.0
 31
0.0
  0
LINE
  5
12EA
330
17
100
AcDbEntity
  8
GRAPH
100
AcDbLine
 10
4981.0
 20
254.0
 30
0.0
 11
4981.0
 21
268.0
 31
0.0
  0
LINE
  5
12EB
330
17
100
AcDbEntity
  8
GRAPH
100
AcDbLine
 10
4981.0
 20
268.0
 30
0.0
 11
4959.0
 21
268.0
 31
0.0
  0
LINE
  5
12EC
330
17
100
AcDbEntity
  8
GRAPH
100
AcDbLine
 10
4959.0
 20
268.0
 30
0.0
 11
4959.0
 21
254.0
 31
0.0
  0
LINE
  5
12ED
330
17
100
AcDbEntity
  8
GRAPH
100
AcDbLine
 10
4991.0
 20
254.0
 30
0.0
 11
5013.0
 21
254.0
 31
0.0
  0
LINE
  5
12EE
330
17
100
AcDbEntity
  8
GRAPH
100
AcDbLine
 10
5013.0
 20
254.0
 30
0.0
 11
5013.0
 21
268.0
 31
0.0
  0
LINE
  5
12EF
330
17
100
AcDbEntity
  8
GRAPH
100
AcDbLine
 10
5013.0
 20
268.0
 30
0.0
 11
4991.0
 21
268.0
 31
0.0
  0
LINE
  5
12F0
330
17
100
AcDbEntity
  8
GRAPH
100
AcDbLine
 10
4991.0
 20
268.0
 30
0.0
 11
4991.0
 21
254.0
 31
0.0
  0
LINE
  5
12F1
330
17
100
AcDbEntity
  8
GRAPH
100
AcDbLine
 10
5023.0
 20
254.0
 30
0.0
 11
5045.0
 21
254.0
 31
0.0
  0
LINE
  5
12F2
330
17
100
AcDbEntity
  8
GRAPH
100
AcDbLine
 10
5045.0
 20
254.0
 30
0.0
 11
5045.0
 21
268.0
 31
0.0
  0
LINE
  5
12F3
330
17
100
AcDbEntity
  8
GRAPH
100
AcDbLine
 10
5045.0
 20
268.0
 30
0.0
 11
5023.0
 21
268.0
 31
0.0
  0
LINE
  5
12F4
330
17
100
AcDbEntity
  8
GRAPH
100
AcDbLine
 10
5023.0
 20
268.0
 30
0.0
 11
5023.0
 21
254.0
 31
0.0
  0
LINE
  5
12F5
330
17
100
AcDbEntity
  8
GRAPH
100
AcDbLine
 10
5055.0
 20
254.0
 30
0.0
 11
5077.0
 21
254.0
 31
0.0
  0
LINE
  5
12F6
330
17
100
AcDbEntity
  8
GRAPH
100
AcDbLine
 10
5077.0
 20
254.0
 30
0.0
 11
5077.0
 21
268.0
 31
0.0
  0
LINE
  5
12F7
330
17
100
AcDbEntity
  8
GRAPH
100
AcDbLine
 10
5077.0
 20
268.0
 30
0.0
 11
5055.0
 21
268.0
 31
0.0
  0
LINE
  5
12F8
330
17
100
AcDbEntity
  8
GRAPH
100
AcDbLine
 10
5055.0
 20
268.0
 30
0.0
 11
5055.0
 21
254.0
 31
0.0
  0
LINE
  5
12F9
330
17
100
AcDbEntity
  8
GRAPH
100
AcDbLine
 10
5087.0
 20
254.0
 30
0.0
 11
5109.0
 21
254.0
 31
0.0
  0
LINE
  5
12FA
330
17
100
AcDbEntity
  8
GRAPH
100
AcDbLine
 10
5109.0
 20
254.0
 30
0.0
 11
5109.0
 21
268.0
 31
0.0
  0
LINE
  5
12FB
330
17
100
AcDbEntity
  8
GRAPH
100
AcDbLine
 10
5109.0
 20
268.0
 30
0.0
 11
5087.0
 21
268.0
 31
0.0
  0
LINE
  5
12FC
330
17
100
AcDbEntity
  8
GRAPH
100
AcDbLine
 10
5087.0
 20
268.0
 30
0.0
 11
5087.0
 21
254.0
 31
0.0
  0
LINE
  5
12FD
330
17
100
AcDbEntity
  8
GRAPH
100
AcDbLine
 10
5119.0
 20
254.0
 30
0.0
 11
5141.0
 21
254.0
 31
0.0
  0
LINE
  5
12FE
330
17
100
AcDbEntity
  8
GRAPH
100
AcDbLine
 10
5141.0
 20
254.0
 30
0.0
 11
5141.0
 21
268.0
 31
0.0
  0
LINE
  5
12FF
330
17
100
AcDbEntity
  8
GRAPH
100
AcDbLine
 10
5141.0
 20
268.0
 30
0.0
 11
5119.0
 21
268.0
 31
0.0
  0
LINE
  5
1300
330
17
100
AcDbEntity
  8
GRAPH
100
AcDbLine
 10
5119.0
 20
268.0
 30
0.0
 11
5119.0
 21
254.0
 31
0.0
  0
LINE
  5
1301
330
17
100
AcDbEntity
  8
GRAPH
100
AcDbLine
 10
4927.0
 20
276.0
 30
0.0
 11
4949.0
 21
276.0
 31
0.0
  0
LINE
  5
1302
330
17
100
AcDbEntity
  8
GRAPH
100
AcDbLine
 10
4949.0
 20
276.0
 30
0.0
 11
4949.0
 21
290.0
 31
0.0
  0
LINE
  5
1303
330
17
100
AcDbEntity
  8
GRAPH
100
AcDbLine
 10
4949.0
 20
290.0
 30
0.0
 11
4927.0
 21
290.0
 31
0.0
  0
LINE
  5
1304
330
17
100
AcDbEntity
  8
GRAPH
100
AcDbLine
 10
4927.0
 20
290.0
 30
0.0
 11
4927.0
 21
276.0
 31
0.0
  0
LINE
  5
1305
330
17
100
AcDbEntity
  8
GRAPH
100
AcDbLine
 10
4959.0
 20
276.0
 30
0.0
 11
4981.0
 21
276.0
 31
0.0
  0
LINE
  5
1306
330
17
100
AcDbEntity
  8
GRAPH
100
AcDbLine
 10
4981.0
 20
276.0
 30
0.0
 11
4981.0
 21
290.0
 31
0.0
  0
LINE
  5
1307
330
17
100
AcDbEntity
  8
GRAPH
100
AcDbLine
 10
4981.0
 20
290.0
 30
0.0
 11
4959.0
 21
290.0
 31
0.0
  0
LINE
  5
1308
330
17
100
AcDbEntity
  8
GRAPH
100
AcDbLine
 10
4959.0
 20
290.0
 30
0.0
 11
4959.0
 21
276.0
 31
0.0
  0
LINE
  5
1309
330
17
100
AcDbEntity
  8
GRAPH
100
AcDbLine
 10
4991.0
 20
276.0
 30
0.0
 11
5013.0
 21
276.0
 31
0.0
  0
LINE
  5
130A
330
17
100
AcDbEntity
  8
GRAPH
100
AcDbLine
 10
5013.0
 20
276.0
 30
0.0
 11
5013.0
 21
290.0
 31
0.0
  0
LINE
  5
130B
330
17
100
AcDbEntity
  8
GRAPH
100
AcDbLine
 10
5013.0
 20
290.0
 30
0.0
 11
4991.0
 21
290.0
 31
0.0
  0
LINE
  5
130C
330
17
100
AcDbEntity
  8
GRAPH
100
AcDbLine
 10
4991.0
 20
290.0
 30
0.0
 11
4991.0
 21
276.0
 31
0.0
  0
LINE
  5
130D
330
17
100
AcDbEntity
  8
GRAPH
100
AcDbLine
 10
5023.0
 20
276.0
 30
0.0
 11
5045.0
 21
276.0
 31
0.0
  0
LINE
  5
130E
330
17
100
AcDbEntity
  8
GRAPH
100
AcDbLine
 10
5045.0
 20
276.0
 30
0.0
 11
5045.0
 21
290.0
 31
0.0
  0
LINE
  5
130F
330
17
100
AcDbEntity
  8
GRAPH
100
AcDbLine
 10
5045.0
 20
290.0
 30
0.0
 11
5023.0
 21
290.0
 31
0.0
  0
LINE
  5
1310
330
17
100
AcDbEntity
  8
GRAPH
100
AcDbLine
 10
5023.0
 20
290.0
 30
0.0
 11
5023.0
 21
276.0
 31
0.0
  0
LINE
  5
1311
330
17
100
AcDbEntity
  8
GRAPH
100
AcDbLine
 10
5055.0
 20
276.0
 30
0.0
 11
5077.0
 21
276.0
 31
0.0
  0
LINE
  5
1312
330
17
100
AcDbEntity
  8
GRAPH
100
AcDbLine
 10
5077.0
 20
276.0
 30
0.0
 11
5077.0
 21
290.0
 31
0.0
  0
LINE
  5
1313
330
17
100
AcDbEntity
  8
GRAPH
100
AcDbLine
 10
5077.0
 20
290.0
 30
0.0
 11
5055.0
 21
290.0
 31
0.0
  0
LINE
  5
1314
330
17
100
AcDbEntity
  8
GRAPH
100
AcDbLine
 10
5055.0
 20
290.0
 30
0.0
 11
5055.0
 21
276.0
 31
0.0
  0
LINE
  5
1315
330
17
100
AcDbEntity
  8
GRAPH
100
AcDbLine
 10
5087.0
 20
276.0
 30
0.0
 11
5109.0
 21
276.0
 31
0.0
  0
LINE
  5
1316
330
17
100
AcDbEntity
  8
GRAPH
100
AcDbLine
 10
5109.0
 20
276.0
 30
0.0
 11
5109.0
 21
290.0
 31
0.0
  0
LINE
  5
1317
330
17
100
AcDbEntity
  8
GRAPH
100
AcDbLine
 10
5109.0
 20
290.0
 30
0.0
 11
5087.0
 21
290.0
 31
0.0
  0
LINE
  5
1318
330
17
100
AcDbEntity
  8
GRAPH
100
AcDbLine
 10
5087.0
 20
290.0
 30
0.0
 11
5087.0
 21
276.0
 31
0.0
  0
LINE
  5
1319
330
17
100
AcDbEntity
  8
GRAPH
100
AcDbLine
 10
5119.0
 20
276.0
 30
0.0
 11
5141.0
 21
276.0
 31
0.0
  0
LINE
  5
131A
330
17
100
AcDbEntity
  8
GRAPH
100
AcDbLine
 10
5141.0
 20
276.0
 30
0.0
 11
5141.0
 21
290.0
 31
0.0
  0
LINE
  5
131B
330
17
100
AcDbEntity
  8
GRAPH
100
AcDbLine
 10
5141.0
 20
290.0
 30
0.0
 11
5119.0
 21
290.0
 31
0.0
  0
LINE
  5
131C
330
17
100
AcDbEntity
  8
GRAPH
100
AcDbLine
 10
5119.0
 20
290.0
 30
0.0
 11
5119.0
 21
276.0
 31
0.0
  0
LINE
  5
131D
330
17
100
AcDbEntity
  8
GRAPH
100
AcDbLine
 10
4927.0
 20
298.0
 30
0.0
 11
4949.0
 21
298.0
 31
0.0
  0
LINE
  5
131E
330
17
100
AcDbEntity
  8
GRAPH
100
AcDbLine
 10
4949.0
 20
298.0
 30
0.0
 11
4949.0
 21
312.0
 31
0.0
  0
LINE
  5
131F
330
17
100
AcDbEntity
  8
GRAPH
100
AcDbLine
 10
4949.0
 20
312.0
 30
0.0
 11
4927.0
 21
312.0
 31
0.0
  0
LINE
  5
1320
330
17
100
AcDbEntity
  8
GRAPH
100
AcDbLine
 10
4927.0
 20
312.0
 30
0.0
 11
4927.0
 21
298.0
 31
0.0
  0
LINE
  5
1321
330
17
100
AcDbEntity
  8
GRAPH
100
AcDbLine
 10
4959.0
 20
298.0
 30
0.0
 11
4981.0
 21
298.0
 31
0.0
  0
LINE
  5
1322
330
17
100
AcDbEntity
  8
GRAPH
100
AcDbLine
 10
4981.0
 20
298.0
 30
0.0
 11
4981.0
 21
312.0
 31
0.0
  0
LINE
  5
1323
330
17
100
AcDbEntity
  8
GRAPH
100
AcDbLine
 10
4981.0
 20
312.0
 30
0.0
 11
4959.0
 21
312.0
 31
0.0
  0
LINE
  5
1324
330
17
100
AcDbEntity
  8
GRAPH
100
AcDbLine
 10
4959.0
 20
312.0
 30
0.0
 11
4959.0
 21
298.0
 31
0.0
  0
LINE
  5
1325
330
17
100
AcDbEntity
  8
GRAPH
100
AcDbLine
 10
4991.0
 20
298.0
 30
0.0
 11
5013.0
 21
298.0
 31
0.0
  0
LINE
  5
1326
330
17
100
AcDbEntity
  8
GRAPH
100
AcDbLine
 10
5013.0
 20
298.0
 30
0.0
 11
5013.0
 21
312.0
 31
0.0
  0
LINE
  5
1327
330
17
100
AcDbEntity
  8
GRAPH
100
AcDbLine
 10
5013.0
 20
312.0
 30
0.0
 11
4991.0
 21
312.0
 31
0.0
  0
LINE
  5
1328
330
17
100
AcDbEntity
  8
GRAPH
100
AcDbLine
 10
4991.0
 20
312.0
 30
0.0
 11
4991.0
 21
298.0
 31
0.0
  0
LINE
  5
1329
330
17
100
AcDbEntity
  8
GRAPH
100
AcDbLine
 10
5023.0
 20
298.0
 30
0.0
 11
5045.0
 21
298.0
 31
0.0
  0
LINE
  5
132A
330
17
100
AcDbEntity
  8
GRAPH
100
AcDbLine
 10
5045.0
 20
298.0
 30
0.0
 11
5045.0
 21
312.0
 31
0.0
  0
LINE
  5
132B
330
17
100
AcDbEntity
  8
GRAPH
100
AcDbLine
 10
5045.0
 20
312.0
 30
0.0
 11
5023.0
 21
312.0
 31
0.0
  0
LINE
  5
132C
330
17
100
AcDbEntity
  8
GRAPH
100
AcDbLine
 10
5023.0
 20
312.0
 30
0.0
 11
5023.0
 21
298.0
 31
0.0
  0
LINE
  5
132D
330
17
100
AcDbEntity
  8
GRAPH
100
AcDbLine
 10
5055.0
 20
298.0
 30
0.0
 11
5077.0
 21
298.0
 31
0.0
  0
LINE
  5
132E
330
17
100
AcDbEntity
  8
GRAPH
100
AcDbLine
 10
5077.0
 20
298.0
 30
0.0
 11
5077.0
 21
312.0
 31
0.0
  0
LINE
  5
132F
330
17
100
AcDbEntity
  8
GRAPH
100
AcDbLine
 10
5077.0
 20
312.0
 30
0.0
 11
5055.0
 21
312.0
 31
0.0
  0
LINE
  5
1330
330
17
100
AcDbEntity
  8
GRAPH
100
AcDbLine
 10
5055.0
 20
312.0
 30
0.0
 11
5055.0
 21
298.0
 31
0.0
  0
LINE
  5
1331
330
17
100
AcDbEntity
  8
GRAPH
100
AcDbLine
 10
5087.0
 20
298.0
 30
0.0
 11
5109.0
 21
298.0
 31
0.0
  0
LINE
  5
1332
330
17
100
AcDbEntity
  8
GRAPH
100
AcDbLine
 10
5109.0
 20
298.0
 30
0.0
 11
5109.0
 21
312.0
 31
0.0
  0
LINE
  5
1333
330
17
100
AcDbEntity
  8
GRAPH
100
AcDbLine
 10
5109.0
 20
312.0
 30
0.0
 11
5087.0
 21
312.0
 31
0.0
  0
LINE
  5
1334
330
17
100
AcDbEntity
  8
GRAPH
100
AcDbLine
 10
5087.0
 20
312.0
 30
0.0
 11
5087.0
 21
298.0
 31
0.0
  0
LINE
  5
1335
330
17
100
AcDbEntity
  8
GRAPH
100
AcDbLine
 10
5119.0
 20
298.0
 30
0.0
 11
5141.0
 21
298.0
 31
0.0
  0
LINE
  5
1336
330
17
100
AcDbEntity
  8
GRAPH
100
AcDbLine
 10
5141.0
 20
298.0
 30
0.0
 11
5141.0
 21
312.0
 31
0.0
  0
LINE
  5
1337
330
17
100
AcDbEntity
  8
GRAPH
100
AcDbLine
 10
5141.0
 20
312.0
 30
0.0
 11
5119.0
 21
312.0
 31
0.0
  0
LINE
  5
1338
330
17
100
AcDbEntity
  8
GRAPH
100
AcDbLine
 10
5119.0
 20
312.0
 30
0.0
 11
5119.0
 21
298.0
 31
0.0
  0
LINE
  5
1339
330
17
100
AcDbEntity
  8
GRAPH
100
AcDbLine
 10
4927.0
 20
320.0
 30
0.0
 11
4949.0
 21
320.0
 31
0.0
  0
LINE
  5
133A
330
17
100
AcDbEntity
  8
GRAPH
100
AcDbLine
 10
4949.0
 20
320.0
 30
0.0
 11
4949.0
 21
334.0
 31
0.0
  0
LINE
  5
133B
330
17
100
AcDbEntity
  8
GRAPH
100
AcDbLine
 10
4949.0
 20
334.0
 30
0.0
 11
4927.0
 21
334.0
 31
0.0
  0
LINE
  5
133C
330
17
100
AcDbEntity
  8
GRAPH
100
AcDbLine
 10
4927.0
 20
334.0
 30
0.0
 11
4927.0
 21
320.0
 31
0.0
  0
LINE
  5
133D
330
17
100
AcDbEntity
  8
GRAPH
100
AcDbLine
 10
4959.0
 20
320.0
 30
0.0
 11
4981.0
 21
320.0
 31
0.0
  0
LINE
  5
133E
330
17
100
AcDbEntity
  8
GRAPH
100
AcDbLine
 10
4981.0
 20
320.0
 30
0.0
 11
4981.0
 21
334.0
 31
0.0
  0
LINE
  5
133F
330
17
100
AcDbEntity
  8
GRAPH
100
AcDbLine
 10
4981.0
 20
334.0
 30
0.0
 11
4959.0
 21
334.0
 31
0.0
  0
LINE
  5
1340
330
17
100
AcDbEntity
  8
GRAPH
100
AcDbLine
 10
4959.0
 20
334.0
 30
0.0
 11
4959.0
 21
320.0
 31
0.0
  0
LINE
  5
1341
330
17
100
AcDbEntity
  8
GRAPH
100
AcDbLine
 10
4991.0
 20
320.0
 30
0.0
 11
5013.0
 21
320.0
 31
0.0
  0
LINE
  5
1342
330
17
100
AcDbEntity
  8
GRAPH
100
AcDbLine
 10
5013.0
 20
320.0
 30
0.0
 11
5013.0
 21
334.0
 31
0.0
  0
LINE
  5
1343
330
17
100
AcDbEntity
  8
GRAPH
100
AcDbLine
 10
5013.0
 20
334.0
 30
0.0
 11
4991.0
 21
334.0
 31
0.0
  0
LINE
  5
1344
330
17
100
AcDbEntity
  8
GRAPH
100
AcDbLine
 10
4991.0
 20
334.0
 30
0.0
 11
4991.0
 21
320.0
 31
0.0
  0
LINE
  5
1345
330
17
100
AcDbEntity
  8
GRAPH
100
AcDbLine
 10
5023.0
 20
320.0
 30
0.0
 11
5045.0
 21
320.0
 31
0.0
  0
LINE
  5
1346
330
17
100
AcDbEntity
  8
GRAPH
100
AcDbLine
 10
5045.0
 20
320.0
 30
0.0
 11
5045.0
 21
334.0
 31
0.0
  0
LINE
  5
1347
330
17
100
AcDbEntity
  8
GRAPH
100
AcDbLine
 10
5045.0
 20
334.0
 30
0.0
 11
5023.0
 21
334.0
 31
0.0
  0
LINE
  5
1348
330
17
100
AcDbEntity
  8
GRAPH
100
AcDbLine
 10
5023.0
 20
334.0
 30
0.0
 11
5023.0
 21
320.0
 31
0.0
  0
LINE
  5
1349
330
17
100
AcDbEntity
  8
GRAPH
100
AcDbLine
 10
5055.0
 20
320.0
 30
0.0
 11
5077.0
 21
320.0
 31
0.0
  0
LINE
  5
134A
330
17
100
AcDbEntity
  8
GRAPH
100
AcDbLine
 10
5077.0
 20
320.0
 30
0.0
 11
5077.0
 21
334.0
 31
0.0
  0
LINE
  5
134B
330
17
100
AcDbEntity
  8
GRAPH
100
AcDbLine
 10
5077.0
 20
334.0
 30
0.0
 11
5055.0
 21
334.0
 31
0.0
  0
LINE
  5
134C
330
17
100
AcDbEntity
  8
GRAPH
100
AcDbLine
 10
5055.0
 20
334.0
 30
0.0
 11
5055.0
 21
320.0
 31
0.0
  0
LINE
  5
134D
330
17
100
AcDbEntity
  8
GRAPH
100
AcDbLine
 10
5087.0
 20
320.0
 30
0.0
 11
5109.0
 21
320.0
 31
0.0
  0
LINE
  5
134E
330
17
100
AcDbEntity
  8
GRAPH
100
AcDbLine
 10
5109.0
 20
320.0
 30
0.0
 11
5109.0
 21
334.0
 31
0.0
  0
LINE
  5
134F
330
17
100
AcDbEntity
  8
GRAPH
100
AcDbLine
 10
5109.0
 20
334.0
 30
0.0
 11
5087.0
 21
334.0
 31
0.0
  0
LINE
  5
1350
330
17
100
AcDbEntity
  8
GRAPH
100
AcDbLine
 10
5087.0
 20
334.0
 30
0.0
 11
5087.0
 21
320.0
 31
0.0
  0
LINE
  5
1351
330
17
100
AcDbEntity
  8
GRAPH
100
AcDbLine
 10
5119.0
 20
320.0
 30
0.0
 11
5141.0
 21
320.0
 31
0.0
  0
LINE
  5
1352
330
17
100
AcDbEntity
  8
GRAPH
100
AcDbLine
 10
5141.0
 20
320.0
 30
0.0
 11
5141.0
 21
334.0
 31
0.0
  0
LINE
  5
1353
330
17
100
AcDbEntity
  8
GRAPH
100
AcDbLine
 10
5141.0
 20
334.0
 30
0.0
 11
5119.0
 21
334.0
 31
0.0
  0
LINE
  5
1354
330
17
100
AcDbEntity
  8
GRAPH
100
AcDbLine
 10
5119.0
 20
334.0
 30
0.0
 11
5119.0
 21
320.0
 31
0.0
  0
LINE
  5
1355
330
17
100
AcDbEntity
  8
GRAPH
100
AcDbLine
 10
4927.0
 20
342.0
 30
0.0
 11
4949.0
 21
342.0
 31
0.0
  0
LINE
  5
1356
330
17
100
AcDbEntity
  8
GRAPH
100
AcDbLine
 10
4949.0
 20
342.0
 30
0.0
 11
4949.0
 21
356.0
 31
0.0
  0
LINE
  5
1357
330
17
100
AcDbEntity
  8
GRAPH
100
AcDbLine
 10
4949.0
 20
356.0
 30
0.0
 11
4927.0
 21
356.0
 31
0.0
  0
LINE
  5
1358
330
17
100
AcDbEntity
  8
GRAPH
100
AcDbLine
 10
4927.0
 20
356.0
 30
0.0
 11
4927.0
 21
342.0
 31
0.0
  0
LINE
  5
1359
330
17
100
AcDbEntity
  8
GRAPH
100
AcDbLine
 10
4959.0
 20
342.0
 30
0.0
 11
4981.0
 21
342.0
 31
0.0
  0
LINE
  5
135A
330
17
100
AcDbEntity
  8
GRAPH
100
AcDbLine
 10
4981.0
 20
342.0
 30
0.0
 11
4981.0
 21
356.0
 31
0.0
  0
LINE
  5
135B
330
17
100
AcDbEntity
  8
GRAPH
100
AcDbLine
 10
4981.0
 20
356.0
 30
0.0
 11
4959.0
 21
356.0
 31
0.0
  0
LINE
  5
135C
330
17
100
AcDbEntity
  8
GRAPH
100
AcDbLine
 10
4959.0
 20
356.0
 30
0.0
 11
4959.0
 21
342.0
 31
0.0
  0
LINE
  5
135D
330
17
100
AcDbEntity
  8
GRAPH
100
AcDbLine
 10
4991.0
 20
342.0
 30
0.0
 11
5013.0
 21
342.0
 31
0.0
  0
LINE
  5
135E
330
17
100
AcDbEntity
  8
GRAPH
100
AcDbLine
 10
5013.0
 20
342.0
 30
0.0
 11
5013.0
 21
356.0
 31
0.0
  0
LINE
  5
135F
330
17
100
AcDbEntity
  8
GRAPH
100
AcDbLine
 10
5013.0
 20
356.0
 30
0.0
 11
4991.0
 21
356.0
 31
0.0
  0
LINE
  5
1360
330
17
100
AcDbEntity
  8
GRAPH
100
AcDbLine
 10
4991.0
 20
356.0
 30
0.0
 11
4991.0
 21
342.0
 31
0.0
  0
LINE
  5
1361
330
17
100
AcDbEntity
  8
GRAPH
100
AcDbLine
 10
5023.0
 20
342.0
 30
0.0
 11
5045.0
 21
342.0
 31
0.0
  0
LINE
  5
1362
330
17
100
AcDbEntity
  8
GRAPH
100
AcDbLine
 10
5045.0
 20
342.0
 30
0.0
 11
5045.0
 21
356.0
 31
0.0
  0
LINE
  5
1363
330
17
100
AcDbEntity
  8
GRAPH
100
AcDbLine
 10
5045.0
 20
356.0
 30
0.0
 11
5023.0
 21
356.0
 31
0.0
  0
LINE
  5
1364
330
17
100
AcDbEntity
  8
GRAPH
100
AcDbLine
 10
5023.0
 20
356.0
 30
0.0
 11
5023.0
 21
342.0
 31
0.0
  0
LINE
  5
1365
330
17
100
AcDbEntity
  8
GRAPH
100
AcDbLine
 10
5055.0
 20
342.0
 30
0.0
 11
5077.0
 21
342.0
 31
0.0
  0
LINE
  5
1366
330
17
100
AcDbEntity
  8
GRAPH
100
AcDbLine
 10
5077.0
 20
342.0
 30
0.0
 11
5077.0
 21
356.0
 31
0.0
  0
LINE
  5
1367
330
17
100
AcDbEntity
  8
GRAPH
100
AcDbLine
 10
5077.0
 20
356.0
 30
0.0
 11
5055.0
 21
356.0
 31
0.0
  0
LINE
  5
1368
330
17
100
AcDbEntity
  8
GRAPH
100
AcDbLine
 10
5055.0
 20
356.0
 30
0.0
 11
5055.0
 21
342.0
 31
0.0
  0
LINE
  5
1369
330
17
100
AcDbEntity
  8
GRAPH
100
AcDbLine
 10
5087.0
 20
342.0
 30
0.0
 11
5109.0
 21
342.0
 31
0.0
  0
LINE
  5
136A
330
17
100
AcDbEntity
  8
GRAPH
100
AcDbLine
 10
5109.0
 20
342.0
 30
0.0
 11
5109.0
 21
356.0
 31
0.0
  0
LINE
  5
136B
330
17
100
AcDbEntity
  8
GRAPH
100
AcDbLine
 10
5109.0
 20
356.0
 30
0.0
 11
5087.0
 21
356.0
 31
0.0
  0
LINE
  5
136C
330
17
100
AcDbEntity
  8
GRAPH
100
AcDbLine
 10
5087.0
 20
356.0
 30
0.0
 11
5087.0
 21
342.0
 31
0.0
  0
LINE
  5
136D
330
17
100
AcDbEntity
  8
GRAPH
100
AcDbLine
 10
5119.0
 20
342.0
 30
0.0
 11
5141.0
 21
342.0
 31
0.0
  0
LINE
  5
136E
330
17
100
AcDbEntity
  8
GRAPH
100
AcDbLine
 10
5141.0
 20
342.0
 30
0.0
 11
5141.0
 21
356.0
 31
0.0
  0
LINE
  5
136F
330
17
100
AcDbEntity
  8
GRAPH
100
AcDbLine
 10
5141.0
 20
356.0
 30
0.0
 11
5119.0
 21
356.0
 31
0.0
  0
LINE
  5
1370
330
17
100
AcDbEntity
  8
GRAPH
100
AcDbLine
 10
5119.0
 20
356.0
 30
0.0
 11
5119.0
 21
342.0
 31
0.0
  0
LINE
  5
1371
330
17
100
AcDbEntity
  8
GRAPH
100
AcDbLine
 10
4927.0
 20
364.0
 30
0.0
 11
4949.0
 21
364.0
 31
0.0
  0
LINE
  5
1372
330
17
100
AcDbEntity
  8
GRAPH
100
AcDbLine
 10
4949.0
 20
364.0
 30
0.0
 11
4949.0
 21
378.0
 31
0.0
  0
LINE
  5
1373
330
17
100
AcDbEntity
  8
GRAPH
100
AcDbLine
 10
4949.0
 20
378.0
 30
0.0
 11
4927.0
 21
378.0
 31
0.0
  0
LINE
  5
1374
330
17
100
AcDbEntity
  8
GRAPH
100
AcDbLine
 10
4927.0
 20
378.0
 30
0.0
 11
4927.0
 21
364.0
 31
0.0
  0
LINE
  5
1375
330
17
100
AcDbEntity
  8
GRAPH
100
AcDbLine
 10
4959.0
 20
364.0
 30
0.0
 11
4981.0
 21
364.0
 31
0.0
  0
LINE
  5
1376
330
17
100
AcDbEntity
  8
GRAPH
100
AcDbLine
 10
4981.0
 20
364.0
 30
0.0
 11
4981.0
 21
378.0
 31
0.0
  0
LINE
  5
1377
330
17
100
AcDbEntity
  8
GRAPH
100
AcDbLine
 10
4981.0
 20
378.0
 30
0.0
 11
4959.0
 21
378.0
 31
0.0
  0
LINE
  5
1378
330
17
100
AcDbEntity
  8
GRAPH
100
AcDbLine
 10
4959.0
 20
378.0
 30
0.0
 11
4959.0
 21
364.0
 31
0.0
  0
LINE
  5
1379
330
17
100
AcDbEntity
  8
GRAPH
100
AcDbLine
 10
4991.0
 20
364.0
 30
0.0
 11
5013.0
 21
364.0
 31
0.0
  0
LINE
  5
137A
330
17
100
AcDbEntity
  8
GRAPH
100
AcDbLine
 10
5013.0
 20
364.0
 30
0.0
 11
5013.0
 21
378.0
 31
0.0
  0
LINE
  5
137B
330
17
100
AcDbEntity
  8
GRAPH
100
AcDbLine
 10
5013.0
 20
378.0
 30
0.0
 11
4991.0
 21
378.0
 31
0.0
  0
LINE
  5
137C
330
17
100
AcDbEntity
  8
GRAPH
100
AcDbLine
 10
4991.0
 20
378.0
 30
0.0
 11
4991.0
 21
364.0
 31
0.0
  0
LINE
  5
137D
330
17
100
AcDbEntity
  8
GRAPH
100
AcDbLine
 10
5023.0
 20
364.0
 30
0.0
 11
5045.0
 21
364.0
 31
0.0
  0
LINE
  5
137E
330
17
100
AcDbEntity
  8
GRAPH
100
AcDbLine
 10
5045.0
 20
364.0
 30
0.0
 11
5045.0
 21
378.0
 31
0.0
  0
LINE
  5
137F
330
17
100
AcDbEntity
  8
GRAPH
100
AcDbLine
 10
5045.0
 20
378.0
 30
0.0
 11
5023.0
 21
378.0
 31
0.0
  0
LINE
  5
1380
330
17
100
AcDbEntity
  8
GRAPH
100
AcDbLine
 10
5023.0
 20
378.0
 30
0.0
 11
5023.0
 21
364.0
 31
0.0
  0
LINE
  5
1381
330
17
100
AcDbEntity
  8
GRAPH
100
AcDbLine
 10
5055.0
 20
364.0
 30
0.0
 11
5077.0
 21
364.0
 31
0.0
  0
LINE
  5
1382
330
17
100
AcDbEntity
  8
GRAPH
100
AcDbLine
 10
5077.0
 20
364.0
 30
0.0
 11
5077.0
 21
378.0
 31
0.0
  0
LINE
  5
1383
330
17
100
AcDbEntity
  8
GRAPH
100
AcDbLine
 10
5077.0
 20
378.0
 30
0.0
 11
5055.0
 21
378.0
 31
0.0
  0
LINE
  5
1384
330
17
100
AcDbEntity
  8
GRAPH
100
AcDbLine
 10
5055.0
 20
378.0
 30
0.0
 11
5055.0
 21
364.0
 31
0.0
  0
LINE
  5
1385
330
17
100
AcDbEntity
  8
GRAPH
100
AcDbLine
 10
5087.0
 20
364.0
 30
0.0
 11
5109.0
 21
364.0
 31
0.0
  0
LINE
  5
1386
330
17
100
AcDbEntity
  8
GRAPH
100
AcDbLine
 10
5109.0
 20
364.0
 30
0.0
 11
5109.0
 21
378.0
 31
0.0
  0
LINE
  5
1387
330
17
100
AcDbEntity
  8
GRAPH
100
AcDbLine
 10
5109.0
 20
378.0
 30
0.0
 11
5087.0
 21
378.0
 31
0.0
  0
LINE
  5
1388
330
17
100
AcDbEntity
  8
GRAPH
100
AcDbLine
 10
5087.0
 20
378.0
 30
0.0
 11
5087.0
 21
364.0
 31
0.0
  0
LINE
  5
1389
330
17
100
AcDbEntity
  8
GRAPH
100
AcDbLine
 10
5119.0
 20
364.0
 30
0.0
 11
5141.0
 21
364.0
 31
0.0
  0
LINE
  5
138A
330
17
100
AcDbEntity
  8
GRAPH
100
AcDbLine
 10
5141.0
 20
364.0
 30
0.0
 11
5141.0
 21
378.0
 31
0.0
  0
LINE
  5
138B
330
17
100
AcDbEntity
  8
GRAPH
100
AcDbLine
 10
5141.0
 20
378.0
 30
0.0
 11
5119.0
 21
378.0
 31
0.0
  0
LINE
  5
138C
330
17
100
AcDbEntity
  8
GRAPH
100
AcDbLine
 10
5119.0
 20
378.0
 30
0.0
 11
5119.0
 21
364.0
 31
0.0
  0
LINE
  5
138D
330
17
100
AcDbEntity
  8
GRAPH
100
AcDbLine
 10
4927.0
 20
386.0
 30
0.0
 11
4949.0
 21
386.0
 31
0.0
  0
LINE
  5
138E
330
17
100
AcDbEntity
  8
GRAPH
100
AcDbLine
 10
4949.0
 20
386.0
 30
0.0
 11
4949.0
 21
400.0
 31
0.0
  0
LINE
  5
138F
330
17
100
AcDbEntity
  8
GRAPH
100
AcDbLine
 10
4949.0
 20
400.0
 30
0.0
 11
4927.0
 21
400.0
 31
0.0
  0
LINE
  5
1390
330
17
100
AcDbEntity
  8
GRAPH
100
AcDbLine
 10
4927.0
 20
400.0
 30
0.0
 11
4927.0
 21
386.0
 31
0.0
  0
LINE
  5
1391
330
17
100
AcDbEntity
  8
GRAPH
100
AcDbLine
 10
4959.0
 20
386.0
 30
0.0
 11
4981.0
 21
386.0
 31
0.0
  0
LINE
  5
1392
330
17
100
AcDbEntity
  8
GRAPH
100
AcDbLine
 10
4981.0
 20
386.0
 30
0.0
 11
4981.0
 21
400.0
 31
0.0
  0
LINE
  5
1393
330
17
100
AcDbEntity
  8
GRAPH
100
AcDbLine
 10
4981.0
 20
400.0
 30
0.0
 11
4959.0
 21
400.0
 31
0.0
  0
LINE
  5
1394
330
17
100
AcDbEntity
  8
GRAPH
100
AcDbLine
 10
4959.0
 20
400.0
 30
0.0
 11
4959.0
 21
386.0
 31
0.0
  0
LINE
  5
1395
330
17
100
AcDbEntity
  8
GRAPH
100
AcDbLine
 10
4991.0
 20
386.0
 30
0.0
 11
5013.0
 21
386.0
 31
0.0
  0
LINE
  5
1396
330
17
100
AcDbEntity
  8
GRAPH
100
AcDbLine
 10
5013.0
 20
386.0
 30
0.0
 11
5013.0
 21
400.0
 31
0.0
  0
LINE
  5
1397
330
17
100
AcDbEntity
  8
GRAPH
100
AcDbLine
 10
5013.0
 20
400.0
 30
0.0
 11
4991.0
 21
400.0
 31
0.0
  0
LINE
  5
1398
330
17
100
AcDbEntity
  8
GRAPH
100
AcDbLine
 10
4991.0
 20
400.0
 30
0.0
 11
4991.0
 21
386.0
 31
0.0
  0
LINE
  5
1399
330
17
100
AcDbEntity
  8
GRAPH
100
AcDbLine
 10
5023.0
 20
386.0
 30
0.0
 11
5045.0
 21
386.0
 31
0.0
  0
LINE
  5
139A
330
17
100
AcDbEntity
  8
GRAPH
100
AcDbLine
 10
5045.0
 20
386.0
 30
0.0
 11
5045.0
 21
400.0
 31
0.0
  0
LINE
  5
139B
330
17
100
AcDbEntity
  8
GRAPH
100
AcDbLine
 10
5045.0
 20
400.0
 30
0.0
 11
5023.0
 21
400.0
 31
0.0
  0
LINE
  5
139C
330
17
100
AcDbEntity
  8
GRAPH
100
AcDbLine
 10
5023.0
 20
400.0
 30
0.0
 11
5023.0
 21
386.0
 31
0.0
  0
LINE
  5
139D
330
17
100
AcDbEntity
  8
GRAPH
100
AcDbLine
 10
5055.0
 20
386.0
 30
0.0
 11
5077.0
 21
386.0
 31
0.0
  0
LINE
  5
139E
330
17
100
AcDbEntity
  8
GRAPH
100
AcDbLine
 10
5077.0
 20
386.0
 30
0.0
 11
5077.0
 21
400.0
 31
0.0
  0
LINE
  5
139F
330
17
100
AcDbEntity
  8
GRAPH
100
AcDbLine
 10
5077.0
 20
400.0
 30
0.0
 11
5055.0
 21
400.0
 31
0.0
  0
LINE
  5
13A0
330
17
100
AcDbEntity
  8
GRAPH
100
AcDbLine
 10
5055.0
 20
400.0
 30
0.0
 11
5055.0
 21
386.0
 31
0.0
  0
LINE
  5
13A1
330
17
100
AcDbEntity
  8
GRAPH
100
AcDbLine
 10
5087.0
 20
386.0
 30
0.0
 11
5109.0
 21
386.0
 31
0.0
  0
LINE
  5
13A2
330
17
100
AcDbEntity
  8
GRAPH
100
AcDbLine
 10
5109.0
 20
386.0
 30
0.0
 11
5109.0
 21
400.0
 31
0.0
  0
LINE
  5
13A3
330
17
100
AcDbEntity
  8
GRAPH
100
AcDbLine
 10
5109.0
 20
400.0
 30
0.0
 11
5087.0
 21
400.0
 31
0.0
  0
LINE
  5
13A4
330
17
100
AcDbEntity
  8
GRAPH
100
AcDbLine
 10
5087.0
 20
400.0
 30
0.0
 11
5087.0
 21
386.0
 31
0.0
  0
LINE
  5
13A5
330
17
100
AcDbEntity
  8
GRAPH
100
AcDbLine
 10
5119.0
 20
386.0
 30
0.0
 11
5141.0
 21
386.0
 31
0.0
  0
LINE
  5
13A6
330
17
100
AcDbEntity
  8
GRAPH
100
AcDbLine
 10
5141.0
 20
386.0
 30
0.0
 11
5141.0
 21
400.0
 31
0.0
  0
LINE
  5
13A7
330
17
100
AcDbEntity
  8
GRAPH
100
AcDbLine
 10
5141.0
 20
400.0
 30
0.0
 11
5119.0
 21
400.0
 31
0.0
  0
LINE
  5
13A8
330
17
100
AcDbEntity
  8
GRAPH
100
AcDbLine
 10
5119.0
 20
400.0
 30
0.0
 11
5119.0
 21
386.0
 31
0.0
  0
LINE
  5
13A9
330
17
100
AcDbEntity
  8
GRAPH
100
AcDbLine
 10
4927.0
 20
408.0
 30
0.0
 11
4949.0
 21
408.0
 31
0.0
  0
LINE
  5
13AA
330
17
100
AcDbEntity
  8
GRAPH
100
AcDbLine
 10
4949.0
 20
408.0
 30
0.0
 11
4949.0
 21
422.0
 31
0.0
  0
LINE
  5
13AB
330
17
100
AcDbEntity
  8
GRAPH
100
AcDbLine
 10
4949.0
 20
422.0
 30
0.0
 11
4927.0
 21
422.0
 31
0.0
  0
LINE
  5
13AC
330
17
100
AcDbEntity
  8
GRAPH
100
AcDbLine
 10
4927.0
 20
422.0
 30
0.0
 11
4927.0
 21
408.0
 31
0.0
  0
LINE
  5
13AD
330
17
100
AcDbEntity
  8
GRAPH
100
AcDbLine
 10
4959.0
 20
408.0
 30
0.0
 11
4981.0
 21
408.0
 31
0.0
  0
LINE
  5
13AE
330
17
100
AcDbEntity
  8
GRAPH
100
AcDbLine
 10
4981.0
 20
408.0
 30
0.0
 11
4981.0
 21
422.0
 31
0.0
  0
LINE
  5
13AF
330
17
100
AcDbEntity
  8
GRAPH
100
AcDbLine
 10
4981.0
 20
422.0
 30
0.0
 11
4959.0
 21
422.0
 31
0.0
  0
LINE
  5
13B0
330
17
100
AcDbEntity
  8
GRAPH
100
AcDbLine
 10
4959.0
 20
422.0
 30
0.0
 11
4959.0
 21
408.0
 31
0.0
  0
LINE
  5
13B1
330
17
100
AcDbEntity
  8
GRAPH
100
AcDbLine
 10
4991.0
 20
408.0
 30
0.0
 11
5013.0
 21
408.0
 31
0.0
  0
LINE
  5
13B2
330
17
100
AcDbEntity
  8
GRAPH
100
AcDbLine
 10
5013.0
 20
408.0
 30
0.0
 11
5013.0
 21
422.0
 31
0.0
  0
LINE
  5
13B3
330
17
100
AcDbEntity
  8
GRAPH
100
AcDbLine
 10
5013.0
 20
422.0
 30
0.0
 11
4991.0
 21
422.0
 31
0.0
  0
LINE
  5
13B4
330
17
100
AcDbEntity
  8
GRAPH
100
AcDbLine
 10
4991.0
 20
422.0
 30
0.0
 11
4991.0
 21
408.0
 31
0.0
  0
LINE
  5
13B5
330
17
100
AcDbEntity
  8
GRAPH
100
AcDbLine
 10
5023.0
 20
408.0
 30
0.0
 11
5045.0
 21
408.0
 31
0.0
  0
LINE
  5
13B6
330
17
100
AcDbEntity
  8
GRAPH
100
AcDbLine
 10
5045.0
 20
408.0
 30
0.0
 11
5045.0
 21
422.0
 31
0.0
  0
LINE
  5
13B7
330
17
100
AcDbEntity
  8
GRAPH
100
AcDbLine
 10
5045.0
 20
422.0
 30
0.0
 11
5023.0
 21
422.0
 31
0.0
  0
LINE
  5
13B8
330
17
100
AcDbEntity
  8
GRAPH
100
AcDbLine
 10
5023.0
 20
422.0
 30
0.0
 11
5023.0
 21
408.0
 31
0.0
  0
LINE
  5
13B9
330
17
100
AcDbEntity
  8
GRAPH
100
AcDbLine
 10
5055.0
 20
408.0
 30
0.0
 11
5077.0
 21
408.0
 31
0.0
  0
LINE
  5
13BA
330
17
100
AcDbEntity
  8
GRAPH
100
AcDbLine
 10
5077.0
 20
408.0
 30
0.0
 11
5077.0
 21
422.0
 31
0.0
  0
LINE
  5
13BB
330
17
100
AcDbEntity
  8
GRAPH
100
AcDbLine
 10
5077.0
 20
422.0
 30
0.0
 11
5055.0
 21
422.0
 31
0.0
  0
LINE
  5
13BC
330
17
100
AcDbEntity
  8
GRAPH
100
AcDbLine
 10
5055.0
 20
422.0
 30
0.0
 11
5055.0
 21
408.0
 31
0.0
  0
LINE
  5
13BD
330
17
100
AcDbEntity
  8
GRAPH
100
AcDbLine
 10
5087.0
 20
408.0
 30
0.0
 11
5109.0
 21
408.0
 31
0.0
  0
LINE
  5
13BE
330
17
100
AcDbEntity
  8
GRAPH
100
AcDbLine
 10
5109.0
 20
408.0
 30
0.0
 11
5109.0
 21
422.0
 31
0.0
  0
LINE
  5
13BF
330
17
100
AcDbEntity
  8
GRAPH
100
AcDbLine
 10
5109.0
 20
422.0
 30
0.0
 11
5087.0
 21
422.0
 31
0.0
  0
LINE
  5
13C0
330
17
100
AcDbEntity
  8
GRAPH
100
AcDbLine
 10
5087.0
 20
422.0
 30
0.0
 11
5087.0
 21
408.0
 31
0.0
  0
LINE
  5
13C1
330
17
100
AcDbEntity
  8
GRAPH
100
AcDbLine
 10
5119.0
 20
408.0
 30
0.0
 11
5141.0
 21
408.0
 31
0.0
  0
LINE
  5
13C2
330
17
100
AcDbEntity
  8
GRAPH
100
AcDbLine
 10
5141.0
 20
408.0
 30
0.0
 11
5141.0
 21
422.0
 31
0.0
  0
LINE
  5
13C3
330
17
100
AcDbEntity
  8
GRAPH
100
AcDbLine
 10
5141.0
 20
422.0
 30
0.0
 11
5119.0
 21
422.0
 31
0.0
  0
LINE
  5
13C4
330
17
100
AcDbEntity
  8
GRAPH
100
AcDbLine
 10
5119.0
 20
422.0
 30
0.0
 11
5119.0
 21
408.0
 31
0.0
  0
LINE
  5
13C5
330
17
100
AcDbEntity
  8
GRAPH
100
AcDbLine
 10
4927.0
 20
430.0
 30
0.0
 11
4949.0
 21
430.0
 31
0.0
  0
LINE
  5
13C6
330
17
100
AcDbEntity
  8
GRAPH
100
AcDbLine
 10
4949.0
 20
430.0
 30
0.0
 11
4949.0
 21
444.0
 31
0.0
  0
LINE
  5
13C7
330
17
100
AcDbEntity
  8
GRAPH
100
AcDbLine
 10
4949.0
 20
444.0
 30
0.0
 11
4927.0
 21
444.0
 31
0.0
  0
LINE
  5
13C8
330
17
100
AcDbEntity
  8
GRAPH
100
AcDbLine
 10
4927.0
 20
444.0
 30
0.0
 11
4927.0
 21
430.0
 31
0.0
  0
LINE
  5
13C9
330
17
100
AcDbEntity
  8
GRAPH
100
AcDbLine
 10
4959.0
 20
430.0
 30
0.0
 11
4981.0
 21
430.0
 31
0.0
  0
LINE
  5
13CA
330
17
100
AcDbEntity
  8
GRAPH
100
AcDbLine
 10
4981.0
 20
430.0
 30
0.0
 11
4981.0
 21
444.0
 31
0.0
  0
LINE
  5
13CB
330
17
100
AcDbEntity
  8
GRAPH
100
AcDbLine
 10
4981.0
 20
444.0
 30
0.0
 11
4959.0
 21
444.0
 31
0.0
  0
LINE
  5
13CC
330
17
100
AcDbEntity
  8
GRAPH
100
AcDbLine
 10
4959.0
 20
444.0
 30
0.0
 11
4959.0
 21
430.0
 31
0.0
  0
LINE
  5
13CD
330
17
100
AcDbEntity
  8
GRAPH
100
AcDbLine
 10
4991.0
 20
430.0
 30
0.0
 11
5013.0
 21
430.0
 31
0.0
  0
LINE
  5
13CE
330
17
100
AcDbEntity
  8
GRAPH
100
AcDbLine
 10
5013.0
 20
430.0
 30
0.0
 11
5013.0
 21
444.0
 31
0.0
  0
LINE
  5
13CF
330
17
100
AcDbEntity
  8
GRAPH
100
AcDbLine
 10
5013.0
 20
444.0
 30
0.0
 11
4991.0
 21
444.0
 31
0.0
  0
LINE
  5
13D0
330
17
100
AcDbEntity
  8
GRAPH
100
AcDbLine
 10
4991.0
 20
444.0
 30
0.0
 11
4991.0
 21
430.0
 31
0.0
  0
LINE
  5
13D1
330
17
100
AcDbEntity
  8
GRAPH
100
AcDbLine
 10
5023.0
 20
430.0
 30
0.0
 11
5045.0
 21
430.0
 31
0.0
  0
LINE
  5
13D2
330
17
100
AcDbEntity
  8
GRAPH
100
AcDbLine
 10
5045.0
 20
430.0
 30
0.0
 11
5045.0
 21
444.0
 31
0.0
  0
LINE
  5
13D3
330
17
100
AcDbEntity
  8
GRAPH
100
AcDbLine
 10
5045.0
 20
444.0
 30
0.0
 11
5023.0
 21
444.0
 31
0.0
  0
LINE
  5
13D4
330
17
100
AcDbEntity
  8
GRAPH
100
AcDbLine
 10
5023.0
 20
444.0
 30
0.0
 11
5023.0
 21
430.0
 31
0.0
  0
LINE
  5
13D5
330
17
100
AcDbEntity
  8
GRAPH
100
AcDbLine
 10
5055.0
 20
430.0
 30
0.0
 11
5077.0
 21
430.0
 31
0.0
  0
LINE
  5
13D6
330
17
100
AcDbEntity
  8
GRAPH
100
AcDbLine
 10
5077.0
 20
430.0
 30
0.0
 11
5077.0
 21
444.0
 31
0.0
  0
LINE
  5
13D7
330
17
100
AcDbEntity
  8
GRAPH
100
AcDbLine
 10
5077.0
 20
444.0
 30
0.0
 11
5055.0
 21
444.0
 31
0.0
  0
LINE
  5
13D8
330
17
100
AcDbEntity
  8
GRAPH
100
AcDbLine
 10
5055.0
 20
444.0
 30
0.0
 11
5055.0
 21
430.0
 31
0.0
  0
LINE
  5
13D9
330
17
100
AcDbEntity
  8
GRAPH
100
AcDbLine
 10
5087.0
 20
430.0
 30
0.0
 11
5109.0
 21
430.0
 31
0.0
  0
LINE
  5
13DA
330
17
100
AcDbEntity
  8
GRAPH
100
AcDbLine
 10
5109.0
 20
430.0
 30
0.0
 11
5109.0
 21
444.0
 31
0.0
  0
LINE
  5
13DB
330
17
100
AcDbEntity
  8
GRAPH
100
AcDbLine
 10
5109.0
 20
444.0
 30
0.0
 11
5087.0
 21
444.0
 31
0.0
  0
LINE
  5
13DC
330
17
100
AcDbEntity
  8
GRAPH
100
AcDbLine
 10
5087.0
 20
444.0
 30
0.0
 11
5087.0
 21
430.0
 31
0.0
  0
LINE
  5
13DD
330
17
100
AcDbEntity
  8
GRAPH
100
AcDbLine
 10
5119.0
 20
430.0
 30
0.0
 11
5141.0
 21
430.0
 31
0.0
  0
LINE
  5
13DE
330
17
100
AcDbEntity
  8
GRAPH
100
AcDbLine
 10
5141.0
 20
430.0
 30
0.0
 11
5141.0
 21
444.0
 31
0.0
  0
LINE
  5
13DF
330
17
100
AcDbEntity
  8
GRAPH
100
AcDbLine
 10
5141.0
 20
444.0
 30
0.0
 11
5119.0
 21
444.0
 31
0.0
  0
LINE
  5
13E0
330
17
100
AcDbEntity
  8
GRAPH
100
AcDbLine
 10
5119.0
 20
444.0
 30
0.0
 11
5119.0
 21
430.0
 31
0.0
  0
LINE
  5
13E1
330
17
100
AcDbEntity
  8
GRAPH
100
AcDbLine
 10
4927.0
 20
452.0
 30
0.0
 11
4949.0
 21
452.0
 31
0.0
  0
LINE
  5
13E2
330
17
100
AcDbEntity
  8
GRAPH
100
AcDbLine
 10
4949.0
 20
452.0
 30
0.0
 11
4949.0
 21
466.0
 31
0.0
  0
LINE
  5
13E3
330
17
100
AcDbEntity
  8
GRAPH
100
AcDbLine
 10
4949.0
 20
466.0
 30
0.0
 11
4927.0
 21
466.0
 31
0.0
  0
LINE
  5
13E4
330
17
100
AcDbEntity
  8
GRAPH
100
AcDbLine
 10
4927.0
 20
466.0
 30
0.0
 11
4927.0
 21
452.0
 31
0.0
  0
LINE
  5
13E5
330
17
100
AcDbEntity
  8
GRAPH
100
AcDbLine
 10
4959.0
 20
452.0
 30
0.0
 11
4981.0
 21
452.0
 31
0.0
  0
LINE
  5
13E6
330
17
100
AcDbEntity
  8
GRAPH
100
AcDbLine
 10
4981.0
 20
452.0
 30
0.0
 11
4981.0
 21
466.0
 31
0.0
  0
LINE
  5
13E7
330
17
100
AcDbEntity
  8
GRAPH
100
AcDbLine
 10
4981.0
 20
466.0
 30
0.0
 11
4959.0
 21
466.0
 31
0.0
  0
LINE
  5
13E8
330
17
100
AcDbEntity
  8
GRAPH
100
AcDbLine
 10
4959.0
 20
466.0
 30
0.0
 11
4959.0
 21
452.0
 31
0.0
  0
LINE
  5
13E9
330
17
100
AcDbEntity
  8
GRAPH
100
AcDbLine
 10
4991.0
 20
452.0
 30
0.0
 11
5013.0
 21
452.0
 31
0.0
  0
LINE
  5
13EA
330
17
100
AcDbEntity
  8
GRAPH
100
AcDbLine
 10
5013.0
 20
452.0
 30
0.0
 11
5013.0
 21
466.0
 31
0.0
  0
LINE
  5
13EB
330
17
100
AcDbEntity
  8
GRAPH
100
AcDbLine
 10
5013.0
 20
466.0
 30
0.0
 11
4991.0
 21
466.0
 31
0.0
  0
LINE
  5
13EC
330
17
100
AcDbEntity
  8
GRAPH
100
AcDbLine
 10
4991.0
 20
466.0
 30
0.0
 11
4991.0
 21
452.0
 31
0.0
  0
LINE
  5
13ED
330
17
100
AcDbEntity
  8
GRAPH
100
AcDbLine
 10
5023.0
 20
452.0
 30
0.0
 11
5045.0
 21
452.0
 31
0.0
  0
LINE
  5
13EE
330
17
100
AcDbEntity
  8
GRAPH
100
AcDbLine
 10
5045.0
 20
452.0
 30
0.0
 11
5045.0
 21
466.0
 31
0.0
  0
LINE
  5
13EF
330
17
100
AcDbEntity
  8
GRAPH
100
AcDbLine
 10
5045.0
 20
466.0
 30
0.0
 11
5023.0
 21
466.0
 31
0.0
  0
LINE
  5
13F0
330
17
100
AcDbEntity
  8
GRAPH
100
AcDbLine
 10
5023.0
 20
466.0
 30
0.0
 11
5023.0
 21
452.0
 31
0.0
  0
LINE
  5
13F1
330
17
100
AcDbEntity
  8
GRAPH
100
AcDbLine
 10
5055.0
 20
452.0
 30
0.0
 11
5077.0
 21
452.0
 31
0.0
  0
LINE
  5
13F2
330
17
100
AcDbEntity
  8
GRAPH
100
AcDbLine
 10
5077.0
 20
452.0
 30
0.0
 11
5077.0
 21
466.0
 31
0.0
  0
LINE
  5
13F3
330
17
100
AcDbEntity
  8
GRAPH
100
AcDbLine
 10
5077.0
 20
466.0
 30
0.0
 11
5055.0
 21
466.0
 31
0.0
  0
LINE
  5
13F4
330
17
100
AcDbEntity
  8
GRAPH
100
AcDbLine
 10
5055.0
 20
466.0
 30
0.0
 11
5055.0
 21
452.0
 31
0.0
  0
LINE
  5
13F5
330
17
100
AcDbEntity
  8
GRAPH
100
AcDbLine
 10
5087.0
 20
452.0
 30
0.0
 11
5109.0
 21
452.0
 31
0.0
  0
LINE
  5
13F6
330
17
100
AcDbEntity
  8
GRAPH
100
AcDbLine
 10
5109.0
 20
452.0
 30
0.0
 11
5109.0
 21
466.0
 31
0.0
  0
LINE
  5
13F7
330
17
100
AcDbEntity
  8
GRAPH
100
AcDbLine
 10
5109.0
 20
466.0
 30
0.0
 11
5087.0
 21
466.0
 31
0.0
  0
LINE
  5
13F8
330
17
100
AcDbEntity
  8
GRAPH
100
AcDbLine
 10
5087.0
 20
466.0
 30
0.0
 11
5087.0
 21
452.0
 31
0.0
  0
LINE
  5
13F9
330
17
100
AcDbEntity
  8
GRAPH
100
AcDbLine
 10
5119.0
 20
452.0
 30
0.0
 11
5141.0
 21
452.0
 31
0.0
  0
LINE
  5
13FA
330
17
100
AcDbEntity
  8
GRAPH
100
AcDbLine
 10
5141.0
 20
452.0
 30
0.0
 11
5141.0
 21
466.0
 31
0.0
  0
LINE
  5
13FB
330
17
100
AcDbEntity
  8
GRAPH
100
AcDbLine
 10
5141.0
 20
466.0
 30
0.0
 11
5119.0
 21
466.0
 31
0.0
  0
LINE
  5
13FC
330
17
100
AcDbEntity
  8
GRAPH
100
AcDbLine
 10
5119.0
 20
466.0
 30
0.0
 11
5119.0
 21
452.0
 31
0.0
  0
LINE
  5
13FD
330
17
100
AcDbEntity
  8
GRAPH
100
AcDbLine
 10
4927.0
 20
474.0
 30
0.0
 11
4949.0
 21
474.0
 31
0.0
  0
LINE
  5
13FE
330
17
100
AcDbEntity
  8
GRAPH
100
AcDbLine
 10
4949.0
 20
474.0
 30
0.0
 11
4949.0
 21
488.0
 31
0.0
  0
LINE
  5
13FF
330
17
100
AcDbEntity
  8
GRAPH
100
AcDbLine
 10
4949.0
 20
488.0
 30
0.0
 11
4927.0
 21
488.0
 31
0.0
  0
LINE
  5
1400
330
17
100
AcDbEntity
  8
GRAPH
100
AcDbLine
 10
4927.0
 20
488.0
 30
0.0
 11
4927.0
 21
474.0
 31
0.0
  0
LINE
  5
1401
330
17
100
AcDbEntity
  8
GRAPH
100
AcDbLine
 10
4959.0
 20
474.0
 30
0.0
 11
4981.0
 21
474.0
 31
0.0
  0
LINE
  5
1402
330
17
100
AcDbEntity
  8
GRAPH
100
AcDbLine
 10
4981.0
 20
474.0
 30
0.0
 11
4981.0
 21
488.0
 31
0.0
  0
LINE
  5
1403
330
17
100
AcDbEntity
  8
GRAPH
100
AcDbLine
 10
4981.0
 20
488.0
 30
0.0
 11
4959.0
 21
488.0
 31
0.0
  0
LINE
  5
1404
330
17
100
AcDbEntity
  8
GRAPH
100
AcDbLine
 10
4959.0
 20
488.0
 30
0.0
 11
4959.0
 21
474.0
 31
0.0
  0
LINE
  5
1405
330
17
100
AcDbEntity
  8
GRAPH
100
AcDbLine
 10
4991.0
 20
474.0
 30
0.0
 11
5013.0
 21
474.0
 31
0.0
  0
LINE
  5
1406
330
17
100
AcDbEntity
  8
GRAPH
100
AcDbLine
 10
5013.0
 20
474.0
 30
0.0
 11
5013.0
 21
488.0
 31
0.0
  0
LINE
  5
1407
330
17
100
AcDbEntity
  8
GRAPH
100
AcDbLine
 10
5013.0
 20
488.0
 30
0.0
 11
4991.0
 21
488.0
 31
0.0
  0
LINE
  5
1408
330
17
100
AcDbEntity
  8
GRAPH
100
AcDbLine
 10
4991.0
 20
488.0
 30
0.0
 11
4991.0
 21
474.0
 31
0.0
  0
LINE
  5
1409
330
17
100
AcDbEntity
  8
GRAPH
100
AcDbLine
 10
5023.0
 20
474.0
 30
0.0
 11
5045.0
 21
474.0
 31
0.0
  0
LINE
  5
140A
330
17
100
AcDbEntity
  8
GRAPH
100
AcDbLine
 10
5045.0
 20
474.0
 30
0.0
 11
5045.0
 21
488.0
 31
0.0
  0
LINE
  5
140B
330
17
100
AcDbEntity
  8
GRAPH
100
AcDbLine
 10
5045.0
 20
488.0
 30
0.0
 11
5023.0
 21
488.0
 31
0.0
  0
LINE
  5
140C
330
17
100
AcDbEntity
  8
GRAPH
100
AcDbLine
 10
5023.0
 20
488.0
 30
0.0
 11
5023.0
 21
474.0
 31
0.0
  0
LINE
  5
140D
330
17
100
AcDbEntity
  8
GRAPH
100
AcDbLine
 10
5055.0
 20
474.0
 30
0.0
 11
5077.0
 21
474.0
 31
0.0
  0
LINE
  5
140E
330
17
100
AcDbEntity
  8
GRAPH
100
AcDbLine
 10
5077.0
 20
474.0
 30
0.0
 11
5077.0
 21
488.0
 31
0.0
  0
LINE
  5
140F
330
17
100
AcDbEntity
  8
GRAPH
100
AcDbLine
 10
5077.0
 20
488.0
 30
0.0
 11
5055.0
 21
488.0
 31
0.0
  0
LINE
  5
1410
330
17
100
AcDbEntity
  8
GRAPH
100
AcDbLine
 10
5055.0
 20
488.0
 30
0.0
 11
5055.0
 21
474.0
 31
0.0
  0
LINE
  5
1411
330
17
100
AcDbEntity
  8
GRAPH
100
AcDbLine
 10
5087.0
 20
474.0
 30
0.0
 11
5109.0
 21
474.0
 31
0.0
  0
LINE
  5
1412
330
17
100
AcDbEntity
  8
GRAPH
100
AcDbLine
 10
5109.0
 20
474.0
 30
0.0
 11
5109.0
 21
488.0
 31
0.0
  0
LINE
  5
1413
330
17
100
AcDbEntity
  8
GRAPH
100
AcDbLine
 10
5109.0
 20
488.0
 30
0.0
 11
5087.0
 21
488.0
 31
0.0
  0
LINE
  5
1414
330
17
100
AcDbEntity
  8
GRAPH
100
AcDbLine
 10
5087.0
 20
488.0
 30
0.0
 11
5087.0
 21
474.0
 31
0.0
  0
LINE
  5
1415
330
17
100
AcDbEntity
  8
GRAPH
100
AcDbLine
 10
5119.0
 20
474.0
 30
0.0
 11
5141.0
 21
474.0
 31
0.0
  0
LINE
  5
1416
330
17
100
AcDbEntity
  8
GRAPH
100
AcDbLine
 10
5141.0
 20
474.0
 30
0.0
 11
5141.0
 21
488.0
 31
0.0
  0
LINE
  5
1417
330
17
100
AcDbEntity
  8
GRAPH
100
AcDbLine
 10
5141.0
 20
488.0
 30
0.0
 11
5119.0
 21
488.0
 31
0.0
  0
LINE
  5
1418
330
17
100
AcDbEntity
  8
GRAPH
100
AcDbLine
 10
5119.0
 20
488.0
 30
0.0
 11
5119.0
 21
474.0
 31
0.0
  0
LINE
  5
1419
330
17
100
AcDbEntity
  8
GRAPH
100
AcDbLine
 10
5015.0
 20
122.0
 30
0.0
 11
5043.0
 21
122.0
 31
0.0
  0
LINE
  5
141A
330
17
100
AcDbEntity
  8
GRAPH
100
AcDbLine
 10
5043.0
 20
122.0
 30
0.0
 11
5043.0
 21
162.0
 31
0.0
  0
LINE
  5
141B
330
17
100
AcDbEntity
  8
GRAPH
100
AcDbLine
 10
5043.0
 20
162.0
 30
0.0
 11
5015.0
 21
162.0
 31
0.0
  0
LINE
  5
141C
330
17
100
AcDbEntity
  8
GRAPH
100
AcDbLine
 10
5015.0
 20
162.0
 30
0.0
 11
5015.0
 21
122.0
 31
0.0
  0
TEXT
  5
141D
330
17
100
AcDbEntity
  8
TEXT
100
AcDbText
 10
5019.0
 20
138.0
 30
0.0
 40
2.2
  1
Л3
 11
5019.0
 21
138.0
 31
0.0
100
AcDbText
  0
TEXT
  5
141E
330
17
100
AcDbEntity
  8
DIM
100
AcDbText
 10
5165.0
 20
490.0
 30
0.0
 40
2.4
  1
54.00
 11
5165.0
 21
490.0
 31
0.0
100
AcDbText
  0
TEXT
  5
141F
330
17
100
AcDbEntity
  8
DIM
100
AcDbText
 10
5165.0
 20
470.0
 30
0.0
 40
2.2
  1
51.60
 11
5165.0
 21
470.0
 31
0.0
100
AcDbText
  0
TEXT
  5
1420
330
17
100
AcDbEntity
  8
TEXT
100
AcDbText
 10
4419.0
 20
88.0
 30
0.0
 40
2.8
  1
ПРИМЕЧАНИЯ. Намеренные расхождения:
 11
4419.0
 21
88.0
 31
0.0
100
AcDbText
  0
TEXT
  5
1421
330
17
100
AcDbEntity
  8
TEXT
100
AcDbText
 10
4419.0
 20
80.0
 30
0.0
 40
2.05
  1
1. площадь застройки принята 2450 м2. по расчёту ПЗУ площадь равна 2180 м2.
 11
4419.0
 21
80.0
 31
0.0
100
AcDbText
  0
TEXT
  5
1422
330
17
100
AcDbEntity
  8
TEXT
100
AcDbText
 10
4419.0
 20
75.6
 30
0.0
 40
2.05
  1
2. масштаб чертежа 1:100. в задании указан масштаб 1:200.
 11
4419.0
 21
75.6
 31
0.0
100
AcDbText
  0
TEXT
  5
1423
330
17
100
AcDbEntity
  8
TEXT
100
AcDbText
 10
4419.0
 20
71.2
 30
0.0
 40
2.05
  1
3. длина участка L=12.50 м. по обмеру длина участка L=11.80 м.
 11
4419.0
 21
71.2
 31
0.0
100
AcDbText
  0
TEXT
  5
1424
330
17
100
AcDbEntity
  8
TEXT
100
AcDbText
 10
4419.0
 20
66.8
 30
0.0
 40
2.05
  1
4. счетчик ВСХН-20 количество 7 шт. по заданию требуется 4 шт ВСХН-20.
 11
4419.0
 21
66.8
 31
0.0
100
AcDbText
  0
TEXT
  5
1425
330
17
100
AcDbEntity
  8
TEXT
100
AcDbText
 10
4419.0
 20
62.4
 30
0.0
 40
2.05
  1
5. отметка чистого пола +0.150. в разрезе отметка чистого пола +0.250.
 11
4419.0
 21
62.4
 31
0.0
100
AcDbText
  0
TEXT
  5
1426
330
17
100
AcDbEntity
  8
TEXT
100
AcDbText
 10
4419.0
 20
58.0
 30
0.0
 40
2.05
  1
6. высота здания 54.00 м. по разрезу высота здания 51.60 м.
 11
4419.0
 21
58.0
 31
0.0
100
AcDbText
  0
TEXT
  5
1427
330
17
100
AcDbEntity
  8
TEXT
100
AcDbText
 10
4419.0
 20
53.599999999999994
 30
0.0
 40
2.05
  1
7. машиномест в стилобате 86. по расчёту требуется 72 машиноместа.
 11
4419.0
 21
53.599999999999994
 31
0.0
100
AcDbText
  0
TEXT
  5
1428
330
17
100
AcDbEntity
  8
TEXT
100
AcDbText
 10
4419.0
 20
49.199999999999996
 30
0.0
 40
2.05
  1
8. степень огнестойкости II. в задании степень огнестойкости III.
 11
4419.0
 21
49.199999999999996
 31
0.0
100
AcDbText
  0
TEXT
  5
1429
330
17
100
AcDbEntity
  8
TEXT
100
AcDbText
 10
4419.0
 20
44.8
 30
0.0
 40
2.05
  1
9. грузоподъёмность лифта 1000 кг. по заданию лифт 630 кг.
 11
4419.0
 21
44.8
 31
0.0
100
AcDbText
  0
TEXT
  5
142A
330
17
100
AcDbEntity
  8
TEXT
100
AcDbText
 10
4419.0
 20
40.4
 30
0.0
 40
2.05
  1
10. ввод водопровода Ду100. по ТУ ввод водопровода Ду80.
 11
4419.0
 21
40.4
 31
0.0
100
AcDbText
  0
TEXT
  5
142B
330
17
100
AcDbEntity
  8
TEXT
100
AcDbText
 10
4419.0
 20
36.0
 30
0.0
 40
2.05
  1
11. надземных этажей 17. в задании надземных этажей 16.
 11
4419.0
 21
36.0
 31
0.0
100
AcDbText
  0
TEXT
  5
142C
330
17
100
AcDbEntity
  8
TEXT
100
AcDbText
 10
4419.0
 20
31.599999999999994
 30
0.0
 40
2.05
  1
12. озеленение участка 28 %. по ПЗЗ озеленение не менее 35 %.
 11
4419.0
 21
31.599999999999994
 31
0.0
100
AcDbText
  0
TEXT
  5
142D
330
17
100
AcDbEntity
  8
TEXT
100
AcDbText
 10
4419.0
 20
27.199999999999996
 30
0.0
 40
2.05
  1
13. площадь квартиры 105 равна 38.4 м2. по обмеру квартира 105 равна 42.1 м2.
 11
4419.0
 21
27.199999999999996
 31
0.0
100
AcDbText
  0
TEXT
  5
142E
330
17
100
AcDbEntity
  8
TEXT
100
AcDbText
 10
4419.0
 20
22.799999999999997
 30
0.0
 40
2.05
  1
14. ширина лестничного марша 1.20 м. по нормам ширина марша 1.35 м.
 11
4419.0
 21
22.799999999999997
 31
0.0
100
AcDbText
  0
TEXT
  5
142F
330
17
100
AcDbEntity
  8
TEXT
100
AcDbText
 10
4419.0
 20
18.39999999999999
 30
0.0
 40
2.05
  1
15. расчётная мощность 250 кВт. по ТУ электроснабжения 180 кВт.
 11
4419.0
 21
18.39999999999999
 31
0.0
100
AcDbText
  0
LINE
  5
1430
330
17
100
AcDbEntity
  8
GRAPH
100
AcDbLine
 10
5026.0
 20
14.0
 30
0.0
 11
5226.0
 21
14.0
 31
0.0
  0
LINE
  5
1431
330
17
100
AcDbEntity
  8
GRAPH
100
AcDbLine
 10
5226.0
 20
14.0
 30
0.0
 11
5226.0
 21
84.0
 31
0.0
  0
LINE
  5
1432
330
17
100
AcDbEntity
  8
GRAPH
100
AcDbLine
 10
5226.0
 20
84.0
 30
0.0
 11
5026.0
 21
84.0
 31
0.0
  0
LINE
  5
1433
330
17
100
AcDbEntity
  8
GRAPH
100
AcDbLine
 10
5026.0
 20
84.0
 30
0.0
 11
5026.0
 21
14.0
 31
0.0
  0
LINE
  5
1434
330
17
100
AcDbEntity
  8
GRAPH
100
AcDbLine
 10
5026.0
 20
36.0
 30
0.0
 11
5226.0
 21
36.0
 31
0.0
  0
LINE
  5
1435
330
17
100
AcDbEntity
  8
GRAPH
100
AcDbLine
 10
5026.0
 20
58.0
 30
0.0
 11
5226.0
 21
58.0
 31
0.0
  0
LINE
  5
1436
330
17
100
AcDbEntity
  8
GRAPH
100
AcDbLine
 10
5116.0
 20
14.0
 30
0.0
 11
5116.0
 21
84.0
 31
0.0
  0
TEXT
  5
1437
330
17
100
AcDbEntity
  8
TEXT
100
AcDbText
 10
5030.0
 20
66.0
 30
0.0
 40
2.4
  1
Северный квартал
 11
5030.0
 21
66.0
 31
0.0
100
AcDbText
  0
TEXT
  5
1438
330
17
100
AcDbEntity
  8
TEXT
100
AcDbText
 10
5120.0
 20
66.0
 30
0.0
 40
2.6
  1
Лист 6/8
 11
5120.0
 21
66.0
 31
0.0
100
AcDbText
  0
TEXT
  5
1439
330
17
100
AcDbEntity
  8
TEXT
100
AcDbText
 10
5030.0
 20
44.0
 30
0.0
 40
2.2
  1
Фасад 1-3
 11
5030.0
 21
44.0
 31
0.0
100
AcDbText
  0
TEXT
  5
143A
330
17
100
AcDbEntity
  8
TEXT
100
AcDbText
 10
5120.0
 20
44.0
 30
0.0
 40
2.1
  1
масштаб чертежа 1:100
 11
5120.0
 21
44.0
 31
0.0
100
AcDbText
  0
TEXT
  5
143B
330
17
100
AcDbEntity
  8
TEXT
100
AcDbText
 10
5030.0
 20
24.0
 30
0.0
 40
2.0
  1
в задании указан масштаб 1:200
 11
5030.0
 21
24.0
 31
0.0
100
AcDbText
  0
LWPOLYLINE
  5
143C
330
17
100
AcDbEntity
  8
GRAPH
100
AcDbPolyline
 90
4
 70
1
 10
5286.0
 20
0.0
 10
6127.0
 20
0.0
 10
6127.0
 20
594.0
 10
5286.0
 20
594.0
  0
LINE
  5
143D
330
17
100
AcDbEntity
  8
GRAPH
100
AcDbLine
 10
5292.0
 20
6.0
 30
0.0
 11
6121.0
 21
6.0
 31
0.0
  0
LINE
  5
143E
330
17
100
AcDbEntity
  8
GRAPH
100
AcDbLine
 10
6121.0
 20
6.0
 30
0.0
 11
6121.0
 21
588.0
 31
0.0
  0
LINE
  5
143F
330
17
100
AcDbEntity
  8
GRAPH
100
AcDbLine
 10
6121.0
 20
588.0
 30
0.0
 11
5292.0
 21
588.0
 31
0.0
  0
LINE
  5
1440
330
17
100
AcDbEntity
  8
GRAPH
100
AcDbLine
 10
5292.0
 20
588.0
 30
0.0
 11
5292.0
 21
6.0
 31
0.0
  0
TEXT
  5
1441
330
17
100
AcDbEntity
  8
TEXT
100
AcDbText
 10
5302.0
 20
572.0
 30
0.0
 40
5.5
  1
ТЕХНИКО-ЭКОНОМИЧЕСКИЕ ПОКАЗАТЕЛИ И ВЕДОМОСТЬ
 11
5302.0
 21
572.0
 31
0.0
100
AcDbText
  0
HATCH
  5
1442
330
17
100
AcDbEntity
  8
TABLE_FILL
 62
7
100
AcDbHatch
 10
0.0
 20
0.0
 30
0.0
210
0.0
220
0.0
230
1.0
  2
SOLID
 70
1
 71
0
 91
1
 92
3
 72
0
 73
1
 93
4
 10
5306.0
 20
504.0
 10
5864.0
 20
504.0
 10
5864.0
 20
520.0
 10
5306.0
 20
520.0
 97
0
 75
0
 76
1
 98
0
  0
LINE
  5
1443
330
17
100
AcDbEntity
  8
TABLE
100
AcDbLine
 10
5306.0
 20
504.0
 30
0.0
 11
5864.0
 21
504.0
 31
0.0
  0
LINE
  5
1444
330
17
100
AcDbEntity
  8
TABLE
100
AcDbLine
 10
5864.0
 20
504.0
 30
0.0
 11
5864.0
 21
520.0
 31
0.0
  0
LINE
  5
1445
330
17
100
AcDbEntity
  8
TABLE
100
AcDbLine
 10
5864.0
 20
520.0
 30
0.0
 11
5306.0
 21
520.0
 31
0.0
  0
LINE
  5
1446
330
17
100
AcDbEntity
  8
TABLE
100
AcDbLine
 10
5306.0
 20
520.0
 30
0.0
 11
5306.0
 21
504.0
 31
0.0
  0
TEXT
  5
1447
330
17
100
AcDbEntity
  8
TABLE
100
AcDbText
 10
5310.0
 20
508.5
 30
0.0
 40
2.3
  1
ТЕХНИКО-ЭКОНОМИЧЕСКИЕ ПОКАЗАТЕЛИ И ВЕДОМОСТЬ
 11
5310.0
 21
508.5
 31
0.0
100
AcDbText
  0
HATCH
  5
1448
330
17
100
AcDbEntity
  8
TABLE_FILL
 62
7
100
AcDbHatch
 10
0.0
 20
0.0
 30
0.0
210
0.0
220
0.0
230
1.0
  2
SOLID
 70
1
 71
0
 91
1
 92
3
 72
0
 73
1
 93
4
 10
5306.0
 20
488.0
 10
5864.0
 20
488.0
 10
5864.0
 20
504.0
 10
5306.0
 20
504.0
 97
0
 75
0
 76
1
 98
0
  0
LINE
  5
1449
330
17
100
AcDbEntity
  8
TABLE
100
AcDbLine
 10
5306.0
 20
488.0
 30
0.0
 11
5864.0
 21
488.0
 31
0.0
  0
LINE
  5
144A
330
17
100
AcDbEntity
  8
TABLE
100
AcDbLine
 10
5864.0
 20
488.0
 30
0.0
 11
5864.0
 21
504.0
 31
0.0
  0
LINE
  5
144B
330
17
100
AcDbEntity
  8
TABLE
100
AcDbLine
 10
5864.0
 20
504.0
 30
0.0
 11
5306.0
 21
504.0
 31
0.0
  0
LINE
  5
144C
330
17
100
AcDbEntity
  8
TABLE
100
AcDbLine
 10
5306.0
 20
504.0
 30
0.0
 11
5306.0
 21
488.0
 31
0.0
  0
LINE
  5
144D
330
17
100
AcDbEntity
  8
TABLE
100
AcDbLine
 10
5306.0
 20
488.0
 30
0.0
 11
5306.0
 21
504.0
 31
0.0
  0
TEXT
  5
144E
330
17
100
AcDbEntity
  8
TABLE
100
AcDbText
 10
5309.0
 20
492.5
 30
0.0
 40
2.1
  1
Поз
 11
5309.0
 21
492.5
 31
0.0
100
AcDbText
  0
LINE
  5
144F
330
17
100
AcDbEntity
  8
TABLE
100
AcDbLine
 10
5334.0
 20
488.0
 30
0.0
 11
5334.0
 21
504.0
 31
0.0
  0
TEXT
  5
1450
330
17
100
AcDbEntity
  8
TABLE
100
AcDbText
 10
5337.0
 20
492.5
 30
0.0
 40
2.1
  1
Наименование
 11
5337.0
 21
492.5
 31
0.0
100
AcDbText
  0
LINE
  5
1451
330
17
100
AcDbEntity
  8
TABLE
100
AcDbLine
 10
5614.0
 20
488.0
 30
0.0
 11
5614.0
 21
504.0
 31
0.0
  0
TEXT
  5
1452
330
17
100
AcDbEntity
  8
TABLE
100
AcDbText
 10
5617.0
 20
492.5
 30
0.0
 40
2.1
  1
По проекту
 11
5617.0
 21
492.5
 31
0.0
100
AcDbText
  0
LINE
  5
1453
330
17
100
AcDbEntity
  8
TABLE
100
AcDbLine
 10
5704.0
 20
488.0
 30
0.0
 11
5704.0
 21
504.0
 31
0.0
  0
TEXT
  5
1454
330
17
100
AcDbEntity
  8
TABLE
100
AcDbText
 10
5707.0
 20
492.5
 30
0.0
 40
2.1
  1
По заданию
 11
5707.0
 21
492.5
 31
0.0
100
AcDbText
  0
LINE
  5
1455
330
17
100
AcDbEntity
  8
TABLE
100
AcDbLine
 10
5794.0
 20
488.0
 30
0.0
 11
5794.0
 21
504.0
 31
0.0
  0
TEXT
  5
1456
330
17
100
AcDbEntity
  8
TABLE
100
AcDbText
 10
5797.0
 20
492.5
 30
0.0
 40
2.1
  1
Пом.
 11
5797.0
 21
492.5
 31
0.0
100
AcDbText
  0
HATCH
  5
1457
330
17
100
AcDbEntity
  8
TABLE_FILL
 62
7
100
AcDbHatch
 10
0.0
 20
0.0
 30
0.0
210
0.0
220
0.0
230
1.0
  2
SOLID
 70
1
 71
0
 91
1
 92
3
 72
0
 73
1
 93
4
 10
5306.0
 20
472.0
 10
5864.0
 20
472.0
 10
5864.0
 20
488.0
 10
5306.0
 20
488.0
 97
0
 75
0
 76
1
 98
0
  0
LINE
  5
1458
330
17
100
AcDbEntity
  8
TABLE
100
AcDbLine
 10
5306.0
 20
472.0
 30
0.0
 11
5864.0
 21
472.0
 31
0.0
  0
LINE
  5
1459
330
17
100
AcDbEntity
  8
TABLE
100
AcDbLine
 10
5864.0
 20
472.0
 30
0.0
 11
5864.0
 21
488.0
 31
0.0
  0
LINE
  5
145A
330
17
100
AcDbEntity
  8
TABLE
100
AcDbLine
 10
5864.0
 20
488.0
 30
0.0
 11
5306.0
 21
488.0
 31
0.0
  0
LINE
  5
145B
330
17
100
AcDbEntity
  8
TABLE
100
AcDbLine
 10
5306.0
 20
488.0
 30
0.0
 11
5306.0
 21
472.0
 31
0.0
  0
TEXT
  5
145C
330
17
100
AcDbEntity
  8
TABLE
100
AcDbText
 10
5310.0
 20
476.5
 30
0.0
 40
2.3
  1
1. Площади и объёмы
 11
5310.0
 21
476.5
 31
0.0
100
AcDbText
  0
HATCH
  5
145D
330
17
100
AcDbEntity
  8
TABLE_FILL
 62
7
100
AcDbHatch
 10
0.0
 20
0.0
 30
0.0
210
0.0
220
0.0
230
1.0
  2
SOLID
 70
1
 71
0
 91
1
 92
3
 72
0
 73
1
 93
4
 10
5306.0
 20
456.0
 10
5864.0
 20
456.0
 10
5864.0
 20
472.0
 10
5306.0
 20
472.0
 97
0
 75
0
 76
1
 98
0
  0
LINE
  5
145E
330
17
100
AcDbEntity
  8
TABLE
100
AcDbLine
 10
5306.0
 20
456.0
 30
0.0
 11
5864.0
 21
456.0
 31
0.0
  0
LINE
  5
145F
330
17
100
AcDbEntity
  8
TABLE
100
AcDbLine
 10
5864.0
 20
456.0
 30
0.0
 11
5864.0
 21
472.0
 31
0.0
  0
LINE
  5
1460
330
17
100
AcDbEntity
  8
TABLE
100
AcDbLine
 10
5864.0
 20
472.0
 30
0.0
 11
5306.0
 21
472.0
 31
0.0
  0
LINE
  5
1461
330
17
100
AcDbEntity
  8
TABLE
100
AcDbLine
 10
5306.0
 20
472.0
 30
0.0
 11
5306.0
 21
456.0
 31
0.0
  0
LINE
  5
1462
330
17
100
AcDbEntity
  8
TABLE
100
AcDbLine
 10
5306.0
 20
456.0
 30
0.0
 11
5306.0
 21
472.0
 31
0.0
  0
TEXT
  5
1463
330
17
100
AcDbEntity
  8
TABLE
100
AcDbText
 10
5309.0
 20
460.5
 30
0.0
 40
2.1
  1
1
 11
5309.0
 21
460.5
 31
0.0
100
AcDbText
  0
LINE
  5
1464
330
17
100
AcDbEntity
  8
TABLE
100
AcDbLine
 10
5334.0
 20
456.0
 30
0.0
 11
5334.0
 21
472.0
 31
0.0
  0
TEXT
  5
1465
330
17
100
AcDbEntity
  8
TABLE
100
AcDbText
 10
5337.0
 20
460.5
 30
0.0
 40
2.1
  1
Площадь застройки, м2
 11
5337.0
 21
460.5
 31
0.0
100
AcDbText
  0
LINE
  5
1466
330
17
100
AcDbEntity
  8
TABLE
100
AcDbLine
 10
5614.0
 20
456.0
 30
0.0
 11
5614.0
 21
472.0
 31
0.0
  0
TEXT
  5
1467
330
17
100
AcDbEntity
  8
TABLE
100
AcDbText
 10
5617.0
 20
460.5
 30
0.0
 40
2.1
  1
2450
 11
5617.0
 21
460.5
 31
0.0
100
AcDbText
  0
LINE
  5
1468
330
17
100
AcDbEntity
  8
TABLE
100
AcDbLine
 10
5704.0
 20
456.0
 30
0.0
 11
5704.0
 21
472.0
 31
0.0
  0
TEXT
  5
1469
330
17
100
AcDbEntity
  8
TABLE
100
AcDbText
 10
5707.0
 20
460.5
 30
0.0
 40
2.1
  1
2180
 11
5707.0
 21
460.5
 31
0.0
100
AcDbText
  0
LINE
  5
146A
330
17
100
AcDbEntity
  8
TABLE
100
AcDbLine
 10
5794.0
 20
456.0
 30
0.0
 11
5794.0
 21
472.0
 31
0.0
  0
TEXT
  5
146B
330
17
100
AcDbEntity
  8
TABLE
100
AcDbText
 10
5797.0
 20
460.5
 30
0.0
 40
2.1
  1
ПЗУ
 11
5797.0
 21
460.5
 31
0.0
100
AcDbText
  0
LINE
  5
146C
330
17
100
AcDbEntity
  8
TABLE
100
AcDbLine
 10
5306.0
 20
440.0
 30
0.0
 11
5864.0
 21
440.0
 31
0.0
  0
LINE
  5
146D
330
17
100
AcDbEntity
  8
TABLE
100
AcDbLine
 10
5864.0
 20
440.0
 30
0.0
 11
5864.0
 21
456.0
 31
0.0
  0
LINE
  5
146E
330
17
100
AcDbEntity
  8
TABLE
100
AcDbLine
 10
5864.0
 20
456.0
 30
0.0
 11
5306.0
 21
456.0
 31
0.0
  0
LINE
  5
146F
330
17
100
AcDbEntity
  8
TABLE
100
AcDbLine
 10
5306.0
 20
456.0
 30
0.0
 11
5306.0
 21
440.0
 31
0.0
  0
LINE
  5
1470
330
17
100
AcDbEntity
  8
TABLE
100
AcDbLine
 10
5306.0
 20
440.0
 30
0.0
 11
5306.0
 21
456.0
 31
0.0
  0
TEXT
  5
1471
330
17
100
AcDbEntity
  8
TABLE
100
AcDbText
 10
5309.0
 20
444.5
 30
0.0
 40
2.1
  1
2
 11
5309.0
 21
444.5
 31
0.0
100
AcDbText
  0
LINE
  5
1472
330
17
100
AcDbEntity
  8
TABLE
100
AcDbLine
 10
5334.0
 20
440.0
 30
0.0
 11
5334.0
 21
456.0
 31
0.0
  0
TEXT
  5
1473
330
17
100
AcDbEntity
  8
TABLE
100
AcDbText
 10
5337.0
 20
444.5
 30
0.0
 40
2.1
  1
Высота здания, м
 11
5337.0
 21
444.5
 31
0.0
100
AcDbText
  0
LINE
  5
1474
330
17
100
AcDbEntity
  8
TABLE
100
AcDbLine
 10
5614.0
 20
440.0
 30
0.0
 11
5614.0
 21
456.0
 31
0.0
  0
TEXT
  5
1475
330
17
100
AcDbEntity
  8
TABLE
100
AcDbText
 10
5617.0
 20
444.5
 30
0.0
 40
2.1
  1
54.00
 11
5617.0
 21
444.5
 31
0.0
100
AcDbText
  0
LINE
  5
1476
330
17
100
AcDbEntity
  8
TABLE
100
AcDbLine
 10
5704.0
 20
440.0
 30
0.0
 11
5704.0
 21
456.0
 31
0.0
  0
TEXT
  5
1477
330
17
100
AcDbEntity
  8
TABLE
100
AcDbText
 10
5707.0
 20
444.5
 30
0.0
 40
2.1
  1
51.60
 11
5707.0
 21
444.5
 31
0.0
100
AcDbText
  0
LINE
  5
1478
330
17
100
AcDbEntity
  8
TABLE
100
AcDbLine
 10
5794.0
 20
440.0
 30
0.0
 11
5794.0
 21
456.0
 31
0.0
  0
TEXT
  5
1479
330
17
100
AcDbEntity
  8
TABLE
100
AcDbText
 10
5797.0
 20
444.5
 30
0.0
 40
2.1
  1
фасад
 11
5797.0
 21
444.5
 31
0.0
100
AcDbText
  0
HATCH
  5
147A
330
17
100
AcDbEntity
  8
TABLE_FILL
 62
7
100
AcDbHatch
 10
0.0
 20
0.0
 30
0.0
210
0.0
220
0.0
230
1.0
  2
SOLID
 70
1
 71
0
 91
1
 92
3
 72
0
 73
1
 93
4
 10
5306.0
 20
424.0
 10
5864.0
 20
424.0
 10
5864.0
 20
440.0
 10
5306.0
 20
440.0
 97
0
 75
0
 76
1
 98
0
  0
LINE
  5
147B
330
17
100
AcDbEntity
  8
TABLE
100
AcDbLine
 10
5306.0
 20
424.0
 30
0.0
 11
5864.0
 21
424.0
 31
0.0
  0
LINE
  5
147C
330
17
100
AcDbEntity
  8
TABLE
100
AcDbLine
 10
5864.0
 20
424.0
 30
0.0
 11
5864.0
 21
440.0
 31
0.0
  0
LINE
  5
147D
330
17
100
AcDbEntity
  8
TABLE
100
AcDbLine
 10
5864.0
 20
440.0
 30
0.0
 11
5306.0
 21
440.0
 31
0.0
  0
LINE
  5
147E
330
17
100
AcDbEntity
  8
TABLE
100
AcDbLine
 10
5306.0
 20
440.0
 30
0.0
 11
5306.0
 21
424.0
 31
0.0
  0
TEXT
  5
147F
330
17
100
AcDbEntity
  8
TABLE
100
AcDbText
 10
5310.0
 20
428.5
 30
0.0
 40
2.3
  1
2. Инженерное оборудование
 11
5310.0
 21
428.5
 31
0.0
100
AcDbText
  0
HATCH
  5
1480
330
17
100
AcDbEntity
  8
TABLE_FILL
 62
7
100
AcDbHatch
 10
0.0
 20
0.0
 30
0.0
210
0.0
220
0.0
230
1.0
  2
SOLID
 70
1
 71
0
 91
1
 92
3
 72
0
 73
1
 93
4
 10
5306.0
 20
408.0
 10
5864.0
 20
408.0
 10
5864.0
 20
424.0
 10
5306.0
 20
424.0
 97
0
 75
0
 76
1
 98
0
  0
LINE
  5
1481
330
17
100
AcDbEntity
  8
TABLE
100
AcDbLine
 10
5306.0
 20
408.0
 30
0.0
 11
5864.0
 21
408.0
 31
0.0
  0
LINE
  5
1482
330
17
100
AcDbEntity
  8
TABLE
100
AcDbLine
 10
5864.0
 20
408.0
 30
0.0
 11
5864.0
 21
424.0
 31
0.0
  0
LINE
  5
1483
330
17
100
AcDbEntity
  8
TABLE
100
AcDbLine
 10
5864.0
 20
424.0
 30
0.0
 11
5306.0
 21
424.0
 31
0.0
  0
LINE
  5
1484
330
17
100
AcDbEntity
  8
TABLE
100
AcDbLine
 10
5306.0
 20
424.0
 30
0.0
 11
5306.0
 21
408.0
 31
0.0
  0
LINE
  5
1485
330
17
100
AcDbEntity
  8
TABLE
100
AcDbLine
 10
5306.0
 20
408.0
 30
0.0
 11
5306.0
 21
424.0
 31
0.0
  0
TEXT
  5
1486
330
17
100
AcDbEntity
  8
TABLE
100
AcDbText
 10
5309.0
 20
412.5
 30
0.0
 40
2.1
  1
3
 11
5309.0
 21
412.5
 31
0.0
100
AcDbText
  0
LINE
  5
1487
330
17
100
AcDbEntity
  8
TABLE
100
AcDbLine
 10
5334.0
 20
408.0
 30
0.0
 11
5334.0
 21
424.0
 31
0.0
  0
TEXT
  5
1488
330
17
100
AcDbEntity
  8
TABLE
100
AcDbText
 10
5337.0
 20
412.5
 30
0.0
 40
2.1
  1
счетчик ВСХН-20 количество 7 шт
 11
5337.0
 21
412.5
 31
0.0
100
AcDbText
  0
LINE
  5
1489
330
17
100
AcDbEntity
  8
TABLE
100
AcDbLine
 10
5614.0
 20
408.0
 30
0.0
 11
5614.0
 21
424.0
 31
0.0
  0
TEXT
  5
148A
330
17
100
AcDbEntity
  8
TABLE
100
AcDbText
 10
5617.0
 20
412.5
 30
0.0
 40
2.1
  1
7
 11
5617.0
 21
412.5
 31
0.0
100
AcDbText
  0
LINE
  5
148B
330
17
100
AcDbEntity
  8
TABLE
100
AcDbLine
 10
5704.0
 20
408.0
 30
0.0
 11
5704.0
 21
424.0
 31
0.0
  0
TEXT
  5
148C
330
17
100
AcDbEntity
  8
TABLE
100
AcDbText
 10
5707.0
 20
412.5
 30
0.0
 40
2.1
  1
4
 11
5707.0
 21
412.5
 31
0.0
100
AcDbText
  0
LINE
  5
148D
330
17
100
AcDbEntity
  8
TABLE
100
AcDbLine
 10
5794.0
 20
408.0
 30
0.0
 11
5794.0
 21
424.0
 31
0.0
  0
TEXT
  5
148E
330
17
100
AcDbEntity
  8
TABLE
100
AcDbText
 10
5797.0
 20
412.5
 30
0.0
 40
2.1
  1
ошибка
 11
5797.0
 21
412.5
 31
0.0
100
AcDbText
  0
HATCH
  5
148F
330
17
100
AcDbEntity
  8
TABLE_FILL
 62
7
100
AcDbHatch
 10
0.0
 20
0.0
 30
0.0
210
0.0
220
0.0
230
1.0
  2
SOLID
 70
1
 71
0
 91
1
 92
3
 72
0
 73
1
 93
4
 10
5306.0
 20
392.0
 10
5864.0
 20
392.0
 10
5864.0
 20
408.0
 10
5306.0
 20
408.0
 97
0
 75
0
 76
1
 98
0
  0
LINE
  5
1490
330
17
100
AcDbEntity
  8
TABLE
100
AcDbLine
 10
5306.0
 20
392.0
 30
0.0
 11
5864.0
 21
392.0
 31
0.0
  0
LINE
  5
1491
330
17
100
AcDbEntity
  8
TABLE
100
AcDbLine
 10
5864.0
 20
392.0
 30
0.0
 11
5864.0
 21
408.0
 31
0.0
  0
LINE
  5
1492
330
17
100
AcDbEntity
  8
TABLE
100
AcDbLine
 10
5864.0
 20
408.0
 30
0.0
 11
5306.0
 21
408.0
 31
0.0
  0
LINE
  5
1493
330
17
100
AcDbEntity
  8
TABLE
100
AcDbLine
 10
5306.0
 20
408.0
 30
0.0
 11
5306.0
 21
392.0
 31
0.0
  0
TEXT
  5
1494
330
17
100
AcDbEntity
  8
TABLE
100
AcDbText
 10
5310.0
 20
396.5
 30
0.0
 40
2.3
  1
4  ИТП, ввод водопровода Ду100 / по ТУ Ду80
 11
5310.0
 21
396.5
 31
0.0
100
AcDbText
  0
LINE
  5
1495
330
17
100
AcDbEntity
  8
TABLE
100
AcDbLine
 10
5306.0
 20
376.0
 30
0.0
 11
5864.0
 21
376.0
 31
0.0
  0
LINE
  5
1496
330
17
100
AcDbEntity
  8
TABLE
100
AcDbLine
 10
5864.0
 20
376.0
 30
0.0
 11
5864.0
 21
392.0
 31
0.0
  0
LINE
  5
1497
330
17
100
AcDbEntity
  8
TABLE
100
AcDbLine
 10
5864.0
 20
392.0
 30
0.0
 11
5306.0
 21
392.0
 31
0.0
  0
LINE
  5
1498
330
17
100
AcDbEntity
  8
TABLE
100
AcDbLine
 10
5306.0
 20
392.0
 30
0.0
 11
5306.0
 21
376.0
 31
0.0
  0
LINE
  5
1499
330
17
100
AcDbEntity
  8
TABLE
100
AcDbLine
 10
5306.0
 20
376.0
 30
0.0
 11
5306.0
 21
392.0
 31
0.0
  0
TEXT
  5
149A
330
17
100
AcDbEntity
  8
TABLE
100
AcDbText
 10
5309.0
 20
380.5
 30
0.0
 40
2.1
  1
5
 11
5309.0
 21
380.5
 31
0.0
100
AcDbText
  0
LINE
  5
149B
330
17
100
AcDbEntity
  8
TABLE
100
AcDbLine
 10
5334.0
 20
376.0
 30
0.0
 11
5334.0
 21
392.0
 31
0.0
  0
TEXT
  5
149C
330
17
100
AcDbEntity
  8
TABLE
100
AcDbText
 10
5337.0
 20
380.5
 30
0.0
 40
2.1
  1
Лифт грузопассажирский, кг
 11
5337.0
 21
380.5
 31
0.0
100
AcDbText
  0
LINE
  5
149D
330
17
100
AcDbEntity
  8
TABLE
100
AcDbLine
 10
5614.0
 20
376.0
 30
0.0
 11
5614.0
 21
392.0
 31
0.0
  0
TEXT
  5
149E
330
17
100
AcDbEntity
  8
TABLE
100
AcDbText
 10
5617.0
 20
380.5
 30
0.0
 40
2.1
  1
1000
 11
5617.0
 21
380.5
 31
0.0
100
AcDbText
  0
LINE
  5
149F
330
17
100
AcDbEntity
  8
TABLE
100
AcDbLine
 10
5704.0
 20
376.0
 30
0.0
 11
5704.0
 21
392.0
 31
0.0
  0
TEXT
  5
14A0
330
17
100
AcDbEntity
  8
TABLE
100
AcDbText
 10
5707.0
 20
380.5
 30
0.0
 40
2.1
  1
630
 11
5707.0
 21
380.5
 31
0.0
100
AcDbText
  0
LINE
  5
14A1
330
17
100
AcDbEntity
  8
TABLE
100
AcDbLine
 10
5794.0
 20
376.0
 30
0.0
 11
5794.0
 21
392.0
 31
0.0
  0
TEXT
  5
14A2
330
17
100
AcDbEntity
  8
TABLE
100
AcDbText
 10
5797.0
 20
380.5
 30
0.0
 40
2.1
  1
Л1
 11
5797.0
 21
380.5
 31
0.0
100
AcDbText
  0
HATCH
  5
14A3
330
17
100
AcDbEntity
  8
TABLE_FILL
 62
7
100
AcDbHatch
 10
0.0
 20
0.0
 30
0.0
210
0.0
220
0.0
230
1.0
  2
SOLID
 70
1
 71
0
 91
1
 92
3
 72
0
 73
1
 93
4
 10
5306.0
 20
360.0
 10
5864.0
 20
360.0
 10
5864.0
 20
376.0
 10
5306.0
 20
376.0
 97
0
 75
0
 76
1
 98
0
  0
LINE
  5
14A4
330
17
100
AcDbEntity
  8
TABLE
100
AcDbLine
 10
5306.0
 20
360.0
 30
0.0
 11
5864.0
 21
360.0
 31
0.0
  0
LINE
  5
14A5
330
17
100
AcDbEntity
  8
TABLE
100
AcDbLine
 10
5864.0
 20
360.0
 30
0.0
 11
5864.0
 21
376.0
 31
0.0
  0
LINE
  5
14A6
330
17
100
AcDbEntity
  8
TABLE
100
AcDbLine
 10
5864.0
 20
376.0
 30
0.0
 11
5306.0
 21
376.0
 31
0.0
  0
LINE
  5
14A7
330
17
100
AcDbEntity
  8
TABLE
100
AcDbLine
 10
5306.0
 20
376.0
 30
0.0
 11
5306.0
 21
360.0
 31
0.0
  0
TEXT
  5
14A8
330
17
100
AcDbEntity
  8
TABLE
100
AcDbText
 10
5310.0
 20
364.5
 30
0.0
 40
2.3
  1
3. Технико-экономические показатели
 11
5310.0
 21
364.5
 31
0.0
100
AcDbText
  0
LINE
  5
14A9
330
17
100
AcDbEntity
  8
TABLE
100
AcDbLine
 10
5306.0
 20
344.0
 30
0.0
 11
5864.0
 21
344.0
 31
0.0
  0
LINE
  5
14AA
330
17
100
AcDbEntity
  8
TABLE
100
AcDbLine
 10
5864.0
 20
344.0
 30
0.0
 11
5864.0
 21
360.0
 31
0.0
  0
LINE
  5
14AB
330
17
100
AcDbEntity
  8
TABLE
100
AcDbLine
 10
5864.0
 20
360.0
 30
0.0
 11
5306.0
 21
360.0
 31
0.0
  0
LINE
  5
14AC
330
17
100
AcDbEntity
  8
TABLE
100
AcDbLine
 10
5306.0
 20
360.0
 30
0.0
 11
5306.0
 21
344.0
 31
0.0
  0
LINE
  5
14AD
330
17
100
AcDbEntity
  8
TABLE
100
AcDbLine
 10
5306.0
 20
344.0
 30
0.0
 11
5306.0
 21
360.0
 31
0.0
  0
TEXT
  5
14AE
330
17
100
AcDbEntity
  8
TABLE
100
AcDbText
 10
5309.0
 20
348.5
 30
0.0
 40
2.1
  1
6
 11
5309.0
 21
348.5
 31
0.0
100
AcDbText
  0
LINE
  5
14AF
330
17
100
AcDbEntity
  8
TABLE
100
AcDbLine
 10
5334.0
 20
344.0
 30
0.0
 11
5334.0
 21
360.0
 31
0.0
  0
TEXT
  5
14B0
330
17
100
AcDbEntity
  8
TABLE
100
AcDbText
 10
5337.0
 20
348.5
 30
0.0
 40
2.1
  1
Этажность
 11
5337.0
 21
348.5
 31
0.0
100
AcDbText
  0
LINE
  5
14B1
330
17
100
AcDbEntity
  8
TABLE
100
AcDbLine
 10
5614.0
 20
344.0
 30
0.0
 11
5614.0
 21
360.0
 31
0.0
  0
TEXT
  5
14B2
330
17
100
AcDbEntity
  8
TABLE
100
AcDbText
 10
5617.0
 20
348.5
 30
0.0
 40
2.1
  1
17
 11
5617.0
 21
348.5
 31
0.0
100
AcDbText
  0
LINE
  5
14B3
330
17
100
AcDbEntity
  8
TABLE
100
AcDbLine
 10
5704.0
 20
344.0
 30
0.0
 11
5704.0
 21
360.0
 31
0.0
  0
TEXT
  5
14B4
330
17
100
AcDbEntity
  8
TABLE
100
AcDbText
 10
5707.0
 20
348.5
 30
0.0
 40
2.1
  1
16
 11
5707.0
 21
348.5
 31
0.0
100
AcDbText
  0
LINE
  5
14B5
330
17
100
AcDbEntity
  8
TABLE
100
AcDbLine
 10
5794.0
 20
344.0
 30
0.0
 11
5794.0
 21
360.0
 31
0.0
  0
TEXT
  5
14B6
330
17
100
AcDbEntity
  8
TABLE
100
AcDbText
 10
5797.0
 20
348.5
 30
0.0
 40
2.1
  1
ПЗ
 11
5797.0
 21
348.5
 31
0.0
100
AcDbText
  0
HATCH
  5
14B7
330
17
100
AcDbEntity
  8
TABLE_FILL
 62
7
100
AcDbHatch
 10
0.0
 20
0.0
 30
0.0
210
0.0
220
0.0
230
1.0
  2
SOLID
 70
1
 71
0
 91
1
 92
3
 72
0
 73
1
 93
4
 10
5306.0
 20
328.0
 10
5864.0
 20
328.0
 10
5864.0
 20
344.0
 10
5306.0
 20
344.0
 97
0
 75
0
 76
1
 98
0
  0
LINE
  5
14B8
330
17
100
AcDbEntity
  8
TABLE
100
AcDbLine
 10
5306.0
 20
328.0
 30
0.0
 11
5864.0
 21
328.0
 31
0.0
  0
LINE
  5
14B9
330
17
100
AcDbEntity
  8
TABLE
100
AcDbLine
 10
5864.0
 20
328.0
 30
0.0
 11
5864.0
 21
344.0
 31
0.0
  0
LINE
  5
14BA
330
17
100
AcDbEntity
  8
TABLE
100
AcDbLine
 10
5864.0
 20
344.0
 30
0.0
 11
5306.0
 21
344.0
 31
0.0
  0
LINE
  5
14BB
330
17
100
AcDbEntity
  8
TABLE
100
AcDbLine
 10
5306.0
 20
344.0
 30
0.0
 11
5306.0
 21
328.0
 31
0.0
  0
LINE
  5
14BC
330
17
100
AcDbEntity
  8
TABLE
100
AcDbLine
 10
5306.0
 20
328.0
 30
0.0
 11
5306.0
 21
344.0
 31
0.0
  0
TEXT
  5
14BD
330
17
100
AcDbEntity
  8
TABLE
100
AcDbText
 10
5309.0
 20
332.5
 30
0.0
 40
2.1
  1
7
 11
5309.0
 21
332.5
 31
0.0
100
AcDbText
  0
LINE
  5
14BE
330
17
100
AcDbEntity
  8
TABLE
100
AcDbLine
 10
5334.0
 20
328.0
 30
0.0
 11
5334.0
 21
344.0
 31
0.0
  0
TEXT
  5
14BF
330
17
100
AcDbEntity
  8
TABLE
100
AcDbText
 10
5337.0
 20
332.5
 30
0.0
 40
2.1
  1
Озеленение участка, %
 11
5337.0
 21
332.5
 31
0.0
100
AcDbText
  0
LINE
  5
14C0
330
17
100
AcDbEntity
  8
TABLE
100
AcDbLine
 10
5614.0
 20
328.0
 30
0.0
 11
5614.0
 21
344.0
 31
0.0
  0
TEXT
  5
14C1
330
17
100
AcDbEntity
  8
TABLE
100
AcDbText
 10
5617.0
 20
332.5
 30
0.0
 40
2.1
  1
28
 11
5617.0
 21
332.5
 31
0.0
100
AcDbText
  0
LINE
  5
14C2
330
17
100
AcDbEntity
  8
TABLE
100
AcDbLine
 10
5704.0
 20
328.0
 30
0.0
 11
5704.0
 21
344.0
 31
0.0
  0
TEXT
  5
14C3
330
17
100
AcDbEntity
  8
TABLE
100
AcDbText
 10
5707.0
 20
332.5
 30
0.0
 40
2.1
  1
35
 11
5707.0
 21
332.5
 31
0.0
100
AcDbText
  0
LINE
  5
14C4
330
17
100
AcDbEntity
  8
TABLE
100
AcDbLine
 10
5794.0
 20
328.0
 30
0.0
 11
5794.0
 21
344.0
 31
0.0
  0
TEXT
  5
14C5
330
17
100
AcDbEntity
  8
TABLE
100
AcDbText
 10
5797.0
 20
332.5
 30
0.0
 40
2.1
  1
норма
 11
5797.0
 21
332.5
 31
0.0
100
AcDbText
  0
LINE
  5
14C6
330
17
100
AcDbEntity
  8
TABLE
100
AcDbLine
 10
5306.0
 20
312.0
 30
0.0
 11
5864.0
 21
312.0
 31
0.0
  0
LINE
  5
14C7
330
17
100
AcDbEntity
  8
TABLE
100
AcDbLine
 10
5864.0
 20
312.0
 30
0.0
 11
5864.0
 21
328.0
 31
0.0
  0
LINE
  5
14C8
330
17
100
AcDbEntity
  8
TABLE
100
AcDbLine
 10
5864.0
 20
328.0
 30
0.0
 11
5306.0
 21
328.0
 31
0.0
  0
LINE
  5
14C9
330
17
100
AcDbEntity
  8
TABLE
100
AcDbLine
 10
5306.0
 20
328.0
 30
0.0
 11
5306.0
 21
312.0
 31
0.0
  0
LINE
  5
14CA
330
17
100
AcDbEntity
  8
TABLE
100
AcDbLine
 10
5306.0
 20
312.0
 30
0.0
 11
5306.0
 21
328.0
 31
0.0
  0
TEXT
  5
14CB
330
17
100
AcDbEntity
  8
TABLE
100
AcDbText
 10
5309.0
 20
316.5
 30
0.0
 40
2.1
  1
8
 11
5309.0
 21
316.5
 31
0.0
100
AcDbText
  0
LINE
  5
14CC
330
17
100
AcDbEntity
  8
TABLE
100
AcDbLine
 10
5334.0
 20
312.0
 30
0.0
 11
5334.0
 21
328.0
 31
0.0
  0
TEXT
  5
14CD
330
17
100
AcDbEntity
  8
TABLE
100
AcDbText
 10
5337.0
 20
316.5
 30
0.0
 40
2.1
  1
Установленная мощность, кВт
 11
5337.0
 21
316.5
 31
0.0
100
AcDbText
  0
LINE
  5
14CE
330
17
100
AcDbEntity
  8
TABLE
100
AcDbLine
 10
5614.0
 20
312.0
 30
0.0
 11
5614.0
 21
328.0
 31
0.0
  0
TEXT
  5
14CF
330
17
100
AcDbEntity
  8
TABLE
100
AcDbText
 10
5617.0
 20
316.5
 30
0.0
 40
2.1
  1
250
 11
5617.0
 21
316.5
 31
0.0
100
AcDbText
  0
LINE
  5
14D0
330
17
100
AcDbEntity
  8
TABLE
100
AcDbLine
 10
5704.0
 20
312.0
 30
0.0
 11
5704.0
 21
328.0
 31
0.0
  0
TEXT
  5
14D1
330
17
100
AcDbEntity
  8
TABLE
100
AcDbText
 10
5707.0
 20
316.5
 30
0.0
 40
2.1
  1
180
 11
5707.0
 21
316.5
 31
0.0
100
AcDbText
  0
LINE
  5
14D2
330
17
100
AcDbEntity
  8
TABLE
100
AcDbLine
 10
5794.0
 20
312.0
 30
0.0
 11
5794.0
 21
328.0
 31
0.0
  0
TEXT
  5
14D3
330
17
100
AcDbEntity
  8
TABLE
100
AcDbText
 10
5797.0
 20
316.5
 30
0.0
 40
2.1
  1
ЭОМ
 11
5797.0
 21
316.5
 31
0.0
100
AcDbText
  0
LINE
  5
14D4
330
17
100
AcDbEntity
  8
TABLE
100
AcDbLine
 10
5306.0
 20
296.0
 30
0.0
 11
5864.0
 21
296.0
 31
0.0
  0
LINE
  5
14D5
330
17
100
AcDbEntity
  8
TABLE
100
AcDbLine
 10
5864.0
 20
296.0
 30
0.0
 11
5864.0
 21
312.0
 31
0.0
  0
LINE
  5
14D6
330
17
100
AcDbEntity
  8
TABLE
100
AcDbLine
 10
5864.0
 20
312.0
 30
0.0
 11
5306.0
 21
312.0
 31
0.0
  0
LINE
  5
14D7
330
17
100
AcDbEntity
  8
TABLE
100
AcDbLine
 10
5306.0
 20
312.0
 30
0.0
 11
5306.0
 21
296.0
 31
0.0
  0
LINE
  5
14D8
330
17
100
AcDbEntity
  8
TABLE
100
AcDbLine
 10
5306.0
 20
296.0
 30
0.0
 11
5306.0
 21
312.0
 31
0.0
  0
TEXT
  5
14D9
330
17
100
AcDbEntity
  8
TABLE
100
AcDbText
 10
5309.0
 20
300.5
 30
0.0
 40
2.1
  1
9
 11
5309.0
 21
300.5
 31
0.0
100
AcDbText
  0
LINE
  5
14DA
330
17
100
AcDbEntity
  8
TABLE
100
AcDbLine
 10
5334.0
 20
296.0
 30
0.0
 11
5334.0
 21
312.0
 31
0.0
  0
TEXT
  5
14DB
330
17
100
AcDbEntity
  8
TABLE
100
AcDbText
 10
5337.0
 20
300.5
 30
0.0
 40
2.1
  1
Машиноместа
 11
5337.0
 21
300.5
 31
0.0
100
AcDbText
  0
LINE
  5
14DC
330
17
100
AcDbEntity
  8
TABLE
100
AcDbLine
 10
5614.0
 20
296.0
 30
0.0
 11
5614.0
 21
312.0
 31
0.0
  0
TEXT
  5
14DD
330
17
100
AcDbEntity
  8
TABLE
100
AcDbText
 10
5617.0
 20
300.5
 30
0.0
 40
2.1
  1
86
 11
5617.0
 21
300.5
 31
0.0
100
AcDbText
  0
LINE
  5
14DE
330
17
100
AcDbEntity
  8
TABLE
100
AcDbLine
 10
5704.0
 20
296.0
 30
0.0
 11
5704.0
 21
312.0
 31
0.0
  0
TEXT
  5
14DF
330
17
100
AcDbEntity
  8
TABLE
100
AcDbText
 10
5707.0
 20
300.5
 30
0.0
 40
2.1
  1
72
 11
5707.0
 21
300.5
 31
0.0
100
AcDbText
  0
LINE
  5
14E0
330
17
100
AcDbEntity
  8
TABLE
100
AcDbLine
 10
5794.0
 20
296.0
 30
0.0
 11
5794.0
 21
312.0
 31
0.0
  0
TEXT
  5
14E1
330
17
100
AcDbEntity
  8
TABLE
100
AcDbText
 10
5797.0
 20
300.5
 30
0.0
 40
2.1
  1
ПЗУ
 11
5797.0
 21
300.5
 31
0.0
100
AcDbText
  0
HATCH
  5
14E2
330
17
100
AcDbEntity
  8
TABLE_FILL
 62
7
100
AcDbHatch
 10
0.0
 20
0.0
 30
0.0
210
0.0
220
0.0
230
1.0
  2
SOLID
 70
1
 71
0
 91
1
 92
3
 72
0
 73
1
 93
4
 10
5306.0
 20
280.0
 10
5864.0
 20
280.0
 10
5864.0
 20
296.0
 10
5306.0
 20
296.0
 97
0
 75
0
 76
1
 98
0
  0
LINE
  5
14E3
330
17
100
AcDbEntity
  8
TABLE
100
AcDbLine
 10
5306.0
 20
280.0
 30
0.0
 11
5864.0
 21
280.0
 31
0.0
  0
LINE
  5
14E4
330
17
100
AcDbEntity
  8
TABLE
100
AcDbLine
 10
5864.0
 20
280.0
 30
0.0
 11
5864.0
 21
296.0
 31
0.0
  0
LINE
  5
14E5
330
17
100
AcDbEntity
  8
TABLE
100
AcDbLine
 10
5864.0
 20
296.0
 30
0.0
 11
5306.0
 21
296.0
 31
0.0
  0
LINE
  5
14E6
330
17
100
AcDbEntity
  8
TABLE
100
AcDbLine
 10
5306.0
 20
296.0
 30
0.0
 11
5306.0
 21
280.0
 31
0.0
  0
LINE
  5
14E7
330
17
100
AcDbEntity
  8
TABLE
100
AcDbLine
 10
5306.0
 20
280.0
 30
0.0
 11
5306.0
 21
296.0
 31
0.0
  0
TEXT
  5
14E8
330
17
100
AcDbEntity
  8
TABLE
100
AcDbText
 10
5309.0
 20
284.5
 30
0.0
 40
2.1
  1
10
 11
5309.0
 21
284.5
 31
0.0
100
AcDbText
  0
LINE
  5
14E9
330
17
100
AcDbEntity
  8
TABLE
100
AcDbLine
 10
5334.0
 20
280.0
 30
0.0
 11
5334.0
 21
296.0
 31
0.0
  0
TEXT
  5
14EA
330
17
100
AcDbEntity
  8
TABLE
100
AcDbText
 10
5337.0
 20
284.5
 30
0.0
 40
2.1
  1
Степень огнестойкости II
 11
5337.0
 21
284.5
 31
0.0
100
AcDbText
  0
LINE
  5
14EB
330
17
100
AcDbEntity
  8
TABLE
100
AcDbLine
 10
5614.0
 20
280.0
 30
0.0
 11
5614.0
 21
296.0
 31
0.0
  0
TEXT
  5
14EC
330
17
100
AcDbEntity
  8
TABLE
100
AcDbText
 10
5617.0
 20
284.5
 30
0.0
 40
2.1
  1
II
 11
5617.0
 21
284.5
 31
0.0
100
AcDbText
  0
LINE
  5
14ED
330
17
100
AcDbEntity
  8
TABLE
100
AcDbLine
 10
5704.0
 20
280.0
 30
0.0
 11
5704.0
 21
296.0
 31
0.0
  0
TEXT
  5
14EE
330
17
100
AcDbEntity
  8
TABLE
100
AcDbText
 10
5707.0
 20
284.5
 30
0.0
 40
2.1
  1
III
 11
5707.0
 21
284.5
 31
0.0
100
AcDbText
  0
LINE
  5
14EF
330
17
100
AcDbEntity
  8
TABLE
100
AcDbLine
 10
5794.0
 20
280.0
 30
0.0
 11
5794.0
 21
296.0
 31
0.0
  0
TEXT
  5
14F0
330
17
100
AcDbEntity
  8
TABLE
100
AcDbText
 10
5797.0
 20
284.5
 30
0.0
 40
2.1
  1
ПЗ
 11
5797.0
 21
284.5
 31
0.0
100
AcDbText
  0
HATCH
  5
14F1
330
17
100
AcDbEntity
  8
TABLE_FILL
 62
7
100
AcDbHatch
 10
0.0
 20
0.0
 30
0.0
210
0.0
220
0.0
230
1.0
  2
SOLID
 70
1
 71
0
 91
1
 92
3
 72
0
 73
1
 93
4
 10
5306.0
 20
264.0
 10
5864.0
 20
264.0
 10
5864.0
 20
280.0
 10
5306.0
 20
280.0
 97
0
 75
0
 76
1
 98
0
  0
LINE
  5
14F2
330
17
100
AcDbEntity
  8
TABLE
100
AcDbLine
 10
5306.0
 20
264.0
 30
0.0
 11
5864.0
 21
264.0
 31
0.0
  0
LINE
  5
14F3
330
17
100
AcDbEntity
  8
TABLE
100
AcDbLine
 10
5864.0
 20
264.0
 30
0.0
 11
5864.0
 21
280.0
 31
0.0
  0
LINE
  5
14F4
330
17
100
AcDbEntity
  8
TABLE
100
AcDbLine
 10
5864.0
 20
280.0
 30
0.0
 11
5306.0
 21
280.0
 31
0.0
  0
LINE
  5
14F5
330
17
100
AcDbEntity
  8
TABLE
100
AcDbLine
 10
5306.0
 20
280.0
 30
0.0
 11
5306.0
 21
264.0
 31
0.0
  0
TEXT
  5
14F6
330
17
100
AcDbEntity
  8
TABLE
100
AcDbText
 10
5310.0
 20
268.5
 30
0.0
 40
2.3
  1
Итого единиц оборудования (поз. 3–5): 18 шт
 11
5310.0
 21
268.5
 31
0.0
100
AcDbText
  0
HATCH
  5
14F7
330
17
100
AcDbEntity
  8
TABLE_FILL
 62
7
100
AcDbHatch
 10
0.0
 20
0.0
 30
0.0
210
0.0
220
0.0
230
1.0
  2
SOLID
 70
1
 71
0
 91
1
 92
3
 72
0
 73
1
 93
4
 10
5886.0
 20
160.0
 10
6086.0
 20
160.0
 10
6086.0
 20
420.0
 10
5886.0
 20
420.0
 97
0
 75
0
 76
1
 98
0
  0
LINE
  5
14F8
330
17
100
AcDbEntity
  8
GRAPH
100
AcDbLine
 10
5926.0
 20
240.0
 30
0.0
 11
6046.0
 21
240.0
 31
0.0
  0
LINE
  5
14F9
330
17
100
AcDbEntity
  8
GRAPH
100
AcDbLine
 10
6046.0
 20
240.0
 30
0.0
 11
6046.0
 21
320.0
 31
0.0
  0
LINE
  5
14FA
330
17
100
AcDbEntity
  8
GRAPH
100
AcDbLine
 10
6046.0
 20
320.0
 30
0.0
 11
5926.0
 21
320.0
 31
0.0
  0
LINE
  5
14FB
330
17
100
AcDbEntity
  8
GRAPH
100
AcDbLine
 10
5926.0
 20
320.0
 30
0.0
 11
5926.0
 21
240.0
 31
0.0
  0
TEXT
  5
14FC
330
17
100
AcDbEntity
  8
TEXT
100
AcDbText
 10
5954.0
 20
276.0
 30
0.0
 40
3.2
  1
ЗДАНИЕ А
 11
5954.0
 21
276.0
 31
0.0
100
AcDbText
  0
TEXT
  5
14FD
330
17
100
AcDbEntity
  8
TEXT
100
AcDbText
 10
5890.0
 20
150.0
 30
0.0
 40
2.2
  1
ввод водопровода Ду80
 11
5890.0
 21
150.0
 31
0.0
100
AcDbText
  0
TEXT
  5
14FE
330
17
100
AcDbEntity
  8
TEXT
100
AcDbText
 10
5890.0
 20
142.0
 30
0.0
 40
2.0
  1
ввод водопровода Ду100
 11
5890.0
 21
142.0
 31
0.0
100
AcDbText
  0
TEXT
  5
14FF
330
17
100
AcDbEntity
  8
TEXT
100
AcDbText
 10
5300.0
 20
88.0
 30
0.0
 40
2.8
  1
ПРИМЕЧАНИЯ. Намеренные расхождения:
 11
5300.0
 21
88.0
 31
0.0
100
AcDbText
  0
TEXT
  5
1500
330
17
100
AcDbEntity
  8
TEXT
100
AcDbText
 10
5300.0
 20
80.0
 30
0.0
 40
2.05
  1
1. площадь застройки принята 2450 м2. по расчёту ПЗУ площадь равна 2180 м2.
 11
5300.0
 21
80.0
 31
0.0
100
AcDbText
  0
TEXT
  5
1501
330
17
100
AcDbEntity
  8
TEXT
100
AcDbText
 10
5300.0
 20
75.6
 30
0.0
 40
2.05
  1
2. масштаб чертежа 1:100. в задании указан масштаб 1:200.
 11
5300.0
 21
75.6
 31
0.0
100
AcDbText
  0
TEXT
  5
1502
330
17
100
AcDbEntity
  8
TEXT
100
AcDbText
 10
5300.0
 20
71.2
 30
0.0
 40
2.05
  1
3. длина участка L=12.50 м. по обмеру длина участка L=11.80 м.
 11
5300.0
 21
71.2
 31
0.0
100
AcDbText
  0
TEXT
  5
1503
330
17
100
AcDbEntity
  8
TEXT
100
AcDbText
 10
5300.0
 20
66.8
 30
0.0
 40
2.05
  1
4. счетчик ВСХН-20 количество 7 шт. по заданию требуется 4 шт ВСХН-20.
 11
5300.0
 21
66.8
 31
0.0
100
AcDbText
  0
TEXT
  5
1504
330
17
100
AcDbEntity
  8
TEXT
100
AcDbText
 10
5300.0
 20
62.4
 30
0.0
 40
2.05
  1
5. отметка чистого пола +0.150. в разрезе отметка чистого пола +0.250.
 11
5300.0
 21
62.4
 31
0.0
100
AcDbText
  0
TEXT
  5
1505
330
17
100
AcDbEntity
  8
TEXT
100
AcDbText
 10
5300.0
 20
58.0
 30
0.0
 40
2.05
  1
6. высота здания 54.00 м. по разрезу высота здания 51.60 м.
 11
5300.0
 21
58.0
 31
0.0
100
AcDbText
  0
TEXT
  5
1506
330
17
100
AcDbEntity
  8
TEXT
100
AcDbText
 10
5300.0
 20
53.599999999999994
 30
0.0
 40
2.05
  1
7. машиномест в стилобате 86. по расчёту требуется 72 машиноместа.
 11
5300.0
 21
53.599999999999994
 31
0.0
100
AcDbText
  0
TEXT
  5
1507
330
17
100
AcDbEntity
  8
TEXT
100
AcDbText
 10
5300.0
 20
49.199999999999996
 30
0.0
 40
2.05
  1
8. степень огнестойкости II. в задании степень огнестойкости III.
 11
5300.0
 21
49.199999999999996
 31
0.0
100
AcDbText
  0
TEXT
  5
1508
330
17
100
AcDbEntity
  8
TEXT
100
AcDbText
 10
5300.0
 20
44.8
 30
0.0
 40
2.05
  1
9. грузоподъёмность лифта 1000 кг. по заданию лифт 630 кг.
 11
5300.0
 21
44.8
 31
0.0
100
AcDbText
  0
TEXT
  5
1509
330
17
100
AcDbEntity
  8
TEXT
100
AcDbText
 10
5300.0
 20
40.4
 30
0.0
 40
2.05
  1
10. ввод водопровода Ду100. по ТУ ввод водопровода Ду80.
 11
5300.0
 21
40.4
 31
0.0
100
AcDbText
  0
TEXT
  5
150A
330
17
100
AcDbEntity
  8
TEXT
100
AcDbText
 10
5300.0
 20
36.0
 30
0.0
 40
2.05
  1
11. надземных этажей 17. в задании надземных этажей 16.
 11
5300.0
 21
36.0
 31
0.0
100
AcDbText
  0
TEXT
  5
150B
330
17
100
AcDbEntity
  8
TEXT
100
AcDbText
 10
5300.0
 20
31.599999999999994
 30
0.0
 40
2.05
  1
12. озеленение участка 28 %. по ПЗЗ озеленение не менее 35 %.
 11
5300.0
 21
31.599999999999994
 31
0.0
100
AcDbText
  0
TEXT
  5
150C
330
17
100
AcDbEntity
  8
TEXT
100
AcDbText
 10
5300.0
 20
27.199999999999996
 30
0.0
 40
2.05
  1
13. площадь квартиры 105 равна 38.4 м2. по обмеру квартира 105 равна 42.1 м2.
 11
5300.0
 21
27.199999999999996
 31
0.0
100
AcDbText
  0
TEXT
  5
150D
330
17
100
AcDbEntity
  8
TEXT
100
AcDbText
 10
5300.0
 20
22.799999999999997
 30
0.0
 40
2.05
  1
14. ширина лестничного марша 1.20 м. по нормам ширина марша 1.35 м.
 11
5300.0
 21
22.799999999999997
 31
0.0
100
AcDbText
  0
TEXT
  5
150E
330
17
100
AcDbEntity
  8
TEXT
100
AcDbText
 10
5300.0
 20
18.39999999999999
 30
0.0
 40
2.05
  1
15. расчётная мощность 250 кВт. по ТУ электроснабжения 180 кВт.
 11
5300.0
 21
18.39999999999999
 31
0.0
100
AcDbText
  0
LINE
  5
150F
330
17
100
AcDbEntity
  8
GRAPH
100
AcDbLine
 10
5907.0
 20
14.0
 30
0.0
 11
6107.0
 21
14.0
 31
0.0
  0
LINE
  5
1510
330
17
100
AcDbEntity
  8
GRAPH
100
AcDbLine
 10
6107.0
 20
14.0
 30
0.0
 11
6107.0
 21
84.0
 31
0.0
  0
LINE
  5
1511
330
17
100
AcDbEntity
  8
GRAPH
100
AcDbLine
 10
6107.0
 20
84.0
 30
0.0
 11
5907.0
 21
84.0
 31
0.0
  0
LINE
  5
1512
330
17
100
AcDbEntity
  8
GRAPH
100
AcDbLine
 10
5907.0
 20
84.0
 30
0.0
 11
5907.0
 21
14.0
 31
0.0
  0
LINE
  5
1513
330
17
100
AcDbEntity
  8
GRAPH
100
AcDbLine
 10
5907.0
 20
36.0
 30
0.0
 11
6107.0
 21
36.0
 31
0.0
  0
LINE
  5
1514
330
17
100
AcDbEntity
  8
GRAPH
100
AcDbLine
 10
5907.0
 20
58.0
 30
0.0
 11
6107.0
 21
58.0
 31
0.0
  0
LINE
  5
1515
330
17
100
AcDbEntity
  8
GRAPH
100
AcDbLine
 10
5997.0
 20
14.0
 30
0.0
 11
5997.0
 21
84.0
 31
0.0
  0
TEXT
  5
1516
330
17
100
AcDbEntity
  8
TEXT
100
AcDbText
 10
5911.0
 20
66.0
 30
0.0
 40
2.4
  1
Северный квартал
 11
5911.0
 21
66.0
 31
0.0
100
AcDbText
  0
TEXT
  5
1517
330
17
100
AcDbEntity
  8
TEXT
100
AcDbText
 10
6001.0
 20
66.0
 30
0.0
 40
2.6
  1
Лист 7/8
 11
6001.0
 21
66.0
 31
0.0
100
AcDbText
  0
TEXT
  5
1518
330
17
100
AcDbEntity
  8
TEXT
100
AcDbText
 10
5911.0
 20
44.0
 30
0.0
 40
2.2
  1
ТЭП и ведомость
 11
5911.0
 21
44.0
 31
0.0
100
AcDbText
  0
TEXT
  5
1519
330
17
100
AcDbEntity
  8
TEXT
100
AcDbText
 10
6001.0
 20
44.0
 30
0.0
 40
2.1
  1
масштаб чертежа 1:100
 11
6001.0
 21
44.0
 31
0.0
100
AcDbText
  0
TEXT
  5
151A
330
17
100
AcDbEntity
  8
TEXT
100
AcDbText
 10
5911.0
 20
24.0
 30
0.0
 40
2.0
  1
в задании указан масштаб 1:200
 11
5911.0
 21
24.0
 31
0.0
100
AcDbText
  0
LWPOLYLINE
  5
151B
330
17
100
AcDbEntity
  8
GRAPH
100
AcDbPolyline
 90
4
 70
1
 10
6167.0
 20
0.0
 10
7008.0
 20
0.0
 10
7008.0
 20
594.0
 10
6167.0
 20
594.0
  0
LINE
  5
151C
330
17
100
AcDbEntity
  8
GRAPH
100
AcDbLine
 10
6173.0
 20
6.0
 30
0.0
 11
7002.0
 21
6.0
 31
0.0
  0
LINE
  5
151D
330
17
100
AcDbEntity
  8
GRAPH
100
AcDbLine
 10
7002.0
 20
6.0
 30
0.0
 11
7002.0
 21
588.0
 31
0.0
  0
LINE
  5
151E
330
17
100
AcDbEntity
  8
GRAPH
100
AcDbLine
 10
7002.0
 20
588.0
 30
0.0
 11
6173.0
 21
588.0
 31
0.0
  0
LINE
  5
151F
330
17
100
AcDbEntity
  8
GRAPH
100
AcDbLine
 10
6173.0
 20
588.0
 30
0.0
 11
6173.0
 21
6.0
 31
0.0
  0
TEXT
  5
1520
330
17
100
AcDbEntity
  8
TEXT
100
AcDbText
 10
6183.0
 20
572.0
 30
0.0
 40
5.5
  1
УЗЕЛ УЧЁТА. Обвязка ИТП и ведомость
 11
6183.0
 21
572.0
 31
0.0
100
AcDbText
  0
LINE
  5
1521
330
17
100
AcDbEntity
  8
GRAPH
100
AcDbLine
 10
6187.0
 20
160.0
 30
0.0
 11
6247.0
 21
160.0
 31
0.0
  0
LINE
  5
1522
330
17
100
AcDbEntity
  8
GRAPH
100
AcDbLine
 10
6247.0
 20
160.0
 30
0.0
 11
6247.0
 21
196.0
 31
0.0
  0
LINE
  5
1523
330
17
100
AcDbEntity
  8
GRAPH
100
AcDbLine
 10
6247.0
 20
196.0
 30
0.0
 11
6187.0
 21
196.0
 31
0.0
  0
LINE
  5
1524
330
17
100
AcDbEntity
  8
GRAPH
100
AcDbLine
 10
6187.0
 20
196.0
 30
0.0
 11
6187.0
 21
160.0
 31
0.0
  0
CIRCLE
  5
1525
330
17
100
AcDbEntity
  8
GRAPH
100
AcDbCircle
 10
6197.0
 20
178.0
 30
0.0
 40
3.2
  0
TEXT
  5
1526
330
17
100
AcDbEntity
  8
TEXT
100
AcDbText
 10
6203.0
 20
176.0
 30
0.0
 40
1.8
  1
ПСВ-1
 11
6203.0
 21
176.0
 31
0.0
100
AcDbText
  0
TEXT
  5
1527
330
17
100
AcDbEntity
  8
TEXT
100
AcDbText
 10
6191.0
 20
166.0
 30
0.0
 40
1.6
  1
поз.1
 11
6191.0
 21
166.0
 31
0.0
100
AcDbText
  0
LINE
  5
1528
330
17
100
AcDbEntity
  8
GRAPH
100
AcDbLine
 10
6253.0
 20
160.0
 30
0.0
 11
6313.0
 21
160.0
 31
0.0
  0
LINE
  5
1529
330
17
100
AcDbEntity
  8
GRAPH
100
AcDbLine
 10
6313.0
 20
160.0
 30
0.0
 11
6313.0
 21
196.0
 31
0.0
  0
LINE
  5
152A
330
17
100
AcDbEntity
  8
GRAPH
100
AcDbLine
 10
6313.0
 20
196.0
 30
0.0
 11
6253.0
 21
196.0
 31
0.0
  0
LINE
  5
152B
330
17
100
AcDbEntity
  8
GRAPH
100
AcDbLine
 10
6253.0
 20
196.0
 30
0.0
 11
6253.0
 21
160.0
 31
0.0
  0
CIRCLE
  5
152C
330
17
100
AcDbEntity
  8
GRAPH
100
AcDbCircle
 10
6263.0
 20
178.0
 30
0.0
 40
3.2
  0
TEXT
  5
152D
330
17
100
AcDbEntity
  8
TEXT
100
AcDbText
 10
6269.0
 20
176.0
 30
0.0
 40
1.8
  1
ОП-5-1
 11
6269.0
 21
176.0
 31
0.0
100
AcDbText
  0
TEXT
  5
152E
330
17
100
AcDbEntity
  8
TEXT
100
AcDbText
 10
6257.0
 20
166.0
 30
0.0
 40
1.6
  1
поз.2
 11
6257.0
 21
166.0
 31
0.0
100
AcDbText
  0
LINE
  5
152F
330
17
100
AcDbEntity
  8
GRAPH
100
AcDbLine
 10
6319.0
 20
160.0
 30
0.0
 11
6379.0
 21
160.0
 31
0.0
  0
LINE
  5
1530
330
17
100
AcDbEntity
  8
GRAPH
100
AcDbLine
 10
6379.0
 20
160.0
 30
0.0
 11
6379.0
 21
196.0
 31
0.0
  0
LINE
  5
1531
330
17
100
AcDbEntity
  8
GRAPH
100
AcDbLine
 10
6379.0
 20
196.0
 30
0.0
 11
6319.0
 21
196.0
 31
0.0
  0
LINE
  5
1532
330
17
100
AcDbEntity
  8
GRAPH
100
AcDbLine
 10
6319.0
 20
196.0
 30
0.0
 11
6319.0
 21
160.0
 31
0.0
  0
CIRCLE
  5
1533
330
17
100
AcDbEntity
  8
GRAPH
100
AcDbCircle
 10
6329.0
 20
178.0
 30
0.0
 40
3.2
  0
TEXT
  5
1534
330
17
100
AcDbEntity
  8
TEXT
100
AcDbText
 10
6335.0
 20
176.0
 30
0.0
 40
1.8
  1
АПС-1
 11
6335.0
 21
176.0
 31
0.0
100
AcDbText
  0
TEXT
  5
1535
330
17
100
AcDbEntity
  8
TEXT
100
AcDbText
 10
6323.0
 20
166.0
 30
0.0
 40
1.6
  1
поз.3
 11
6323.0
 21
166.0
 31
0.0
100
AcDbText
  0
LINE
  5
1536
330
17
100
AcDbEntity
  8
GRAPH
100
AcDbLine
 10
6385.0
 20
160.0
 30
0.0
 11
6445.0
 21
160.0
 31
0.0
  0
LINE
  5
1537
330
17
100
AcDbEntity
  8
GRAPH
100
AcDbLine
 10
6445.0
 20
160.0
 30
0.0
 11
6445.0
 21
196.0
 31
0.0
  0
LINE
  5
1538
330
17
100
AcDbEntity
  8
GRAPH
100
AcDbLine
 10
6445.0
 20
196.0
 30
0.0
 11
6385.0
 21
196.0
 31
0.0
  0
LINE
  5
1539
330
17
100
AcDbEntity
  8
GRAPH
100
AcDbLine
 10
6385.0
 20
196.0
 30
0.0
 11
6385.0
 21
160.0
 31
0.0
  0
CIRCLE
  5
153A
330
17
100
AcDbEntity
  8
GRAPH
100
AcDbCircle
 10
6395.0
 20
178.0
 30
0.0
 40
3.2
  0
TEXT
  5
153B
330
17
100
AcDbEntity
  8
TEXT
100
AcDbText
 10
6401.0
 20
176.0
 30
0.0
 40
1.8
  1
Ду15-1
 11
6401.0
 21
176.0
 31
0.0
100
AcDbText
  0
TEXT
  5
153C
330
17
100
AcDbEntity
  8
TEXT
100
AcDbText
 10
6389.0
 20
166.0
 30
0.0
 40
1.6
  1
поз.4
 11
6389.0
 21
166.0
 31
0.0
100
AcDbText
  0
LINE
  5
153D
330
17
100
AcDbEntity
  8
GRAPH
100
AcDbLine
 10
6451.0
 20
160.0
 30
0.0
 11
6511.0
 21
160.0
 31
0.0
  0
LINE
  5
153E
330
17
100
AcDbEntity
  8
GRAPH
100
AcDbLine
 10
6511.0
 20
160.0
 30
0.0
 11
6511.0
 21
196.0
 31
0.0
  0
LINE
  5
153F
330
17
100
AcDbEntity
  8
GRAPH
100
AcDbLine
 10
6511.0
 20
196.0
 30
0.0
 11
6451.0
 21
196.0
 31
0.0
  0
LINE
  5
1540
330
17
100
AcDbEntity
  8
GRAPH
100
AcDbLine
 10
6451.0
 20
196.0
 30
0.0
 11
6451.0
 21
160.0
 31
0.0
  0
CIRCLE
  5
1541
330
17
100
AcDbEntity
  8
GRAPH
100
AcDbCircle
 10
6461.0
 20
178.0
 30
0.0
 40
3.2
  0
TEXT
  5
1542
330
17
100
AcDbEntity
  8
TEXT
100
AcDbText
 10
6467.0
 20
176.0
 30
0.0
 40
1.8
  1
220В-1
 11
6467.0
 21
176.0
 31
0.0
100
AcDbText
  0
TEXT
  5
1543
330
17
100
AcDbEntity
  8
TEXT
100
AcDbText
 10
6455.0
 20
166.0
 30
0.0
 40
1.6
  1
поз.5
 11
6455.0
 21
166.0
 31
0.0
100
AcDbText
  0
LINE
  5
1544
330
17
100
AcDbEntity
  8
GRAPH
100
AcDbLine
 10
6517.0
 20
160.0
 30
0.0
 11
6577.0
 21
160.0
 31
0.0
  0
LINE
  5
1545
330
17
100
AcDbEntity
  8
GRAPH
100
AcDbLine
 10
6577.0
 20
160.0
 30
0.0
 11
6577.0
 21
196.0
 31
0.0
  0
LINE
  5
1546
330
17
100
AcDbEntity
  8
GRAPH
100
AcDbLine
 10
6577.0
 20
196.0
 30
0.0
 11
6517.0
 21
196.0
 31
0.0
  0
LINE
  5
1547
330
17
100
AcDbEntity
  8
GRAPH
100
AcDbLine
 10
6517.0
 20
196.0
 30
0.0
 11
6517.0
 21
160.0
 31
0.0
  0
CIRCLE
  5
1548
330
17
100
AcDbEntity
  8
GRAPH
100
AcDbCircle
 10
6527.0
 20
178.0
 30
0.0
 40
3.2
  0
TEXT
  5
1549
330
17
100
AcDbEntity
  8
TEXT
100
AcDbText
 10
6533.0
 20
176.0
 30
0.0
 40
1.8
  1
Св.-1
 11
6533.0
 21
176.0
 31
0.0
100
AcDbText
  0
TEXT
  5
154A
330
17
100
AcDbEntity
  8
TEXT
100
AcDbText
 10
6521.0
 20
166.0
 30
0.0
 40
1.6
  1
поз.6
 11
6521.0
 21
166.0
 31
0.0
100
AcDbText
  0
LINE
  5
154B
330
17
100
AcDbEntity
  8
GRAPH
100
AcDbLine
 10
6583.0
 20
160.0
 30
0.0
 11
6643.0
 21
160.0
 31
0.0
  0
LINE
  5
154C
330
17
100
AcDbEntity
  8
GRAPH
100
AcDbLine
 10
6643.0
 20
160.0
 30
0.0
 11
6643.0
 21
196.0
 31
0.0
  0
LINE
  5
154D
330
17
100
AcDbEntity
  8
GRAPH
100
AcDbLine
 10
6643.0
 20
196.0
 30
0.0
 11
6583.0
 21
196.0
 31
0.0
  0
LINE
  5
154E
330
17
100
AcDbEntity
  8
GRAPH
100
AcDbLine
 10
6583.0
 20
196.0
 30
0.0
 11
6583.0
 21
160.0
 31
0.0
  0
CIRCLE
  5
154F
330
17
100
AcDbEntity
  8
GRAPH
100
AcDbCircle
 10
6593.0
 20
178.0
 30
0.0
 40
3.2
  0
TEXT
  5
1550
330
17
100
AcDbEntity
  8
TEXT
100
AcDbText
 10
6599.0
 20
176.0
 30
0.0
 40
1.8
  1
ИПР-1
 11
6599.0
 21
176.0
 31
0.0
100
AcDbText
  0
TEXT
  5
1551
330
17
100
AcDbEntity
  8
TEXT
100
AcDbText
 10
6587.0
 20
166.0
 30
0.0
 40
1.6
  1
поз.7
 11
6587.0
 21
166.0
 31
0.0
100
AcDbText
  0
LINE
  5
1552
330
17
100
AcDbEntity
  8
GRAPH
100
AcDbLine
 10
6649.0
 20
160.0
 30
0.0
 11
6709.0
 21
160.0
 31
0.0
  0
LINE
  5
1553
330
17
100
AcDbEntity
  8
GRAPH
100
AcDbLine
 10
6709.0
 20
160.0
 30
0.0
 11
6709.0
 21
196.0
 31
0.0
  0
LINE
  5
1554
330
17
100
AcDbEntity
  8
GRAPH
100
AcDbLine
 10
6709.0
 20
196.0
 30
0.0
 11
6649.0
 21
196.0
 31
0.0
  0
LINE
  5
1555
330
17
100
AcDbEntity
  8
GRAPH
100
AcDbLine
 10
6649.0
 20
196.0
 30
0.0
 11
6649.0
 21
160.0
 31
0.0
  0
CIRCLE
  5
1556
330
17
100
AcDbEntity
  8
GRAPH
100
AcDbCircle
 10
6659.0
 20
178.0
 30
0.0
 40
3.2
  0
TEXT
  5
1557
330
17
100
AcDbEntity
  8
TEXT
100
AcDbText
 10
6665.0
 20
176.0
 30
0.0
 40
1.8
  1
Кран-1
 11
6665.0
 21
176.0
 31
0.0
100
AcDbText
  0
TEXT
  5
1558
330
17
100
AcDbEntity
  8
TEXT
100
AcDbText
 10
6653.0
 20
166.0
 30
0.0
 40
1.6
  1
поз.8
 11
6653.0
 21
166.0
 31
0.0
100
AcDbText
  0
LINE
  5
1559
330
17
100
AcDbEntity
  8
GRAPH
100
AcDbLine
 10
6715.0
 20
160.0
 30
0.0
 11
6775.0
 21
160.0
 31
0.0
  0
LINE
  5
155A
330
17
100
AcDbEntity
  8
GRAPH
100
AcDbLine
 10
6775.0
 20
160.0
 30
0.0
 11
6775.0
 21
196.0
 31
0.0
  0
LINE
  5
155B
330
17
100
AcDbEntity
  8
GRAPH
100
AcDbLine
 10
6775.0
 20
196.0
 30
0.0
 11
6715.0
 21
196.0
 31
0.0
  0
LINE
  5
155C
330
17
100
AcDbEntity
  8
GRAPH
100
AcDbLine
 10
6715.0
 20
196.0
 30
0.0
 11
6715.0
 21
160.0
 31
0.0
  0
CIRCLE
  5
155D
330
17
100
AcDbEntity
  8
GRAPH
100
AcDbCircle
 10
6725.0
 20
178.0
 30
0.0
 40
3.2
  0
TEXT
  5
155E
330
17
100
AcDbEntity
  8
TEXT
100
AcDbText
 10
6731.0
 20
176.0
 30
0.0
 40
1.8
  1
ПСВ-1
 11
6731.0
 21
176.0
 31
0.0
100
AcDbText
  0
TEXT
  5
155F
330
17
100
AcDbEntity
  8
TEXT
100
AcDbText
 10
6719.0
 20
166.0
 30
0.0
 40
1.6
  1
поз.9
 11
6719.0
 21
166.0
 31
0.0
100
AcDbText
  0
LINE
  5
1560
330
17
100
AcDbEntity
  8
GRAPH
100
AcDbLine
 10
6781.0
 20
160.0
 30
0.0
 11
6841.0
 21
160.0
 31
0.0
  0
LINE
  5
1561
330
17
100
AcDbEntity
  8
GRAPH
100
AcDbLine
 10
6841.0
 20
160.0
 30
0.0
 11
6841.0
 21
196.0
 31
0.0
  0
LINE
  5
1562
330
17
100
AcDbEntity
  8
GRAPH
100
AcDbLine
 10
6841.0
 20
196.0
 30
0.0
 11
6781.0
 21
196.0
 31
0.0
  0
LINE
  5
1563
330
17
100
AcDbEntity
  8
GRAPH
100
AcDbLine
 10
6781.0
 20
196.0
 30
0.0
 11
6781.0
 21
160.0
 31
0.0
  0
CIRCLE
  5
1564
330
17
100
AcDbEntity
  8
GRAPH
100
AcDbCircle
 10
6791.0
 20
178.0
 30
0.0
 40
3.2
  0
TEXT
  5
1565
330
17
100
AcDbEntity
  8
TEXT
100
AcDbText
 10
6797.0
 20
176.0
 30
0.0
 40
1.8
  1
ОП-5-1
 11
6797.0
 21
176.0
 31
0.0
100
AcDbText
  0
TEXT
  5
1566
330
17
100
AcDbEntity
  8
TEXT
100
AcDbText
 10
6785.0
 20
166.0
 30
0.0
 40
1.6
  1
поз.10
 11
6785.0
 21
166.0
 31
0.0
100
AcDbText
  0
LINE
  5
1567
330
17
100
AcDbEntity
  8
GRAPH
100
AcDbLine
 10
6847.0
 20
160.0
 30
0.0
 11
6907.0
 21
160.0
 31
0.0
  0
LINE
  5
1568
330
17
100
AcDbEntity
  8
GRAPH
100
AcDbLine
 10
6907.0
 20
160.0
 30
0.0
 11
6907.0
 21
196.0
 31
0.0
  0
LINE
  5
1569
330
17
100
AcDbEntity
  8
GRAPH
100
AcDbLine
 10
6907.0
 20
196.0
 30
0.0
 11
6847.0
 21
196.0
 31
0.0
  0
LINE
  5
156A
330
17
100
AcDbEntity
  8
GRAPH
100
AcDbLine
 10
6847.0
 20
196.0
 30
0.0
 11
6847.0
 21
160.0
 31
0.0
  0
CIRCLE
  5
156B
330
17
100
AcDbEntity
  8
GRAPH
100
AcDbCircle
 10
6857.0
 20
178.0
 30
0.0
 40
3.2
  0
TEXT
  5
156C
330
17
100
AcDbEntity
  8
TEXT
100
AcDbText
 10
6863.0
 20
176.0
 30
0.0
 40
1.8
  1
АПС-1
 11
6863.0
 21
176.0
 31
0.0
100
AcDbText
  0
TEXT
  5
156D
330
17
100
AcDbEntity
  8
TEXT
100
AcDbText
 10
6851.0
 20
166.0
 30
0.0
 40
1.6
  1
поз.11
 11
6851.0
 21
166.0
 31
0.0
100
AcDbText
  0
LINE
  5
156E
330
17
100
AcDbEntity
  8
GRAPH
100
AcDbLine
 10
6913.0
 20
160.0
 30
0.0
 11
6973.0
 21
160.0
 31
0.0
  0
LINE
  5
156F
330
17
100
AcDbEntity
  8
GRAPH
100
AcDbLine
 10
6973.0
 20
160.0
 30
0.0
 11
6973.0
 21
196.0
 31
0.0
  0
LINE
  5
1570
330
17
100
AcDbEntity
  8
GRAPH
100
AcDbLine
 10
6973.0
 20
196.0
 30
0.0
 11
6913.0
 21
196.0
 31
0.0
  0
LINE
  5
1571
330
17
100
AcDbEntity
  8
GRAPH
100
AcDbLine
 10
6913.0
 20
196.0
 30
0.0
 11
6913.0
 21
160.0
 31
0.0
  0
CIRCLE
  5
1572
330
17
100
AcDbEntity
  8
GRAPH
100
AcDbCircle
 10
6923.0
 20
178.0
 30
0.0
 40
3.2
  0
TEXT
  5
1573
330
17
100
AcDbEntity
  8
TEXT
100
AcDbText
 10
6929.0
 20
176.0
 30
0.0
 40
1.8
  1
Ду15-1
 11
6929.0
 21
176.0
 31
0.0
100
AcDbText
  0
TEXT
  5
1574
330
17
100
AcDbEntity
  8
TEXT
100
AcDbText
 10
6917.0
 20
166.0
 30
0.0
 40
1.6
  1
поз.12
 11
6917.0
 21
166.0
 31
0.0
100
AcDbText
  0
LINE
  5
1575
330
17
100
AcDbEntity
  8
GRAPH
100
AcDbLine
 10
6187.0
 20
202.0
 30
0.0
 11
6247.0
 21
202.0
 31
0.0
  0
LINE
  5
1576
330
17
100
AcDbEntity
  8
GRAPH
100
AcDbLine
 10
6247.0
 20
202.0
 30
0.0
 11
6247.0
 21
238.0
 31
0.0
  0
LINE
  5
1577
330
17
100
AcDbEntity
  8
GRAPH
100
AcDbLine
 10
6247.0
 20
238.0
 30
0.0
 11
6187.0
 21
238.0
 31
0.0
  0
LINE
  5
1578
330
17
100
AcDbEntity
  8
GRAPH
100
AcDbLine
 10
6187.0
 20
238.0
 30
0.0
 11
6187.0
 21
202.0
 31
0.0
  0
CIRCLE
  5
1579
330
17
100
AcDbEntity
  8
GRAPH
100
AcDbCircle
 10
6197.0
 20
220.0
 30
0.0
 40
3.2
  0
TEXT
  5
157A
330
17
100
AcDbEntity
  8
TEXT
100
AcDbText
 10
6203.0
 20
218.0
 30
0.0
 40
1.8
  1
ПСВ-2
 11
6203.0
 21
218.0
 31
0.0
100
AcDbText
  0
TEXT
  5
157B
330
17
100
AcDbEntity
  8
TEXT
100
AcDbText
 10
6191.0
 20
208.0
 30
0.0
 40
1.6
  1
поз.13
 11
6191.0
 21
208.0
 31
0.0
100
AcDbText
  0
LINE
  5
157C
330
17
100
AcDbEntity
  8
GRAPH
100
AcDbLine
 10
6253.0
 20
202.0
 30
0.0
 11
6313.0
 21
202.0
 31
0.0
  0
LINE
  5
157D
330
17
100
AcDbEntity
  8
GRAPH
100
AcDbLine
 10
6313.0
 20
202.0
 30
0.0
 11
6313.0
 21
238.0
 31
0.0
  0
LINE
  5
157E
330
17
100
AcDbEntity
  8
GRAPH
100
AcDbLine
 10
6313.0
 20
238.0
 30
0.0
 11
6253.0
 21
238.0
 31
0.0
  0
LINE
  5
157F
330
17
100
AcDbEntity
  8
GRAPH
100
AcDbLine
 10
6253.0
 20
238.0
 30
0.0
 11
6253.0
 21
202.0
 31
0.0
  0
CIRCLE
  5
1580
330
17
100
AcDbEntity
  8
GRAPH
100
AcDbCircle
 10
6263.0
 20
220.0
 30
0.0
 40
3.2
  0
TEXT
  5
1581
330
17
100
AcDbEntity
  8
TEXT
100
AcDbText
 10
6269.0
 20
218.0
 30
0.0
 40
1.8
  1
ОП-5-2
 11
6269.0
 21
218.0
 31
0.0
100
AcDbText
  0
TEXT
  5
1582
330
17
100
AcDbEntity
  8
TEXT
100
AcDbText
 10
6257.0
 20
208.0
 30
0.0
 40
1.6
  1
поз.14
 11
6257.0
 21
208.0
 31
0.0
100
AcDbText
  0
LINE
  5
1583
330
17
100
AcDbEntity
  8
GRAPH
100
AcDbLine
 10
6319.0
 20
202.0
 30
0.0
 11
6379.0
 21
202.0
 31
0.0
  0
LINE
  5
1584
330
17
100
AcDbEntity
  8
GRAPH
100
AcDbLine
 10
6379.0
 20
202.0
 30
0.0
 11
6379.0
 21
238.0
 31
0.0
  0
LINE
  5
1585
330
17
100
AcDbEntity
  8
GRAPH
100
AcDbLine
 10
6379.0
 20
238.0
 30
0.0
 11
6319.0
 21
238.0
 31
0.0
  0
LINE
  5
1586
330
17
100
AcDbEntity
  8
GRAPH
100
AcDbLine
 10
6319.0
 20
238.0
 30
0.0
 11
6319.0
 21
202.0
 31
0.0
  0
CIRCLE
  5
1587
330
17
100
AcDbEntity
  8
GRAPH
100
AcDbCircle
 10
6329.0
 20
220.0
 30
0.0
 40
3.2
  0
TEXT
  5
1588
330
17
100
AcDbEntity
  8
TEXT
100
AcDbText
 10
6335.0
 20
218.0
 30
0.0
 40
1.8
  1
АПС-2
 11
6335.0
 21
218.0
 31
0.0
100
AcDbText
  0
TEXT
  5
1589
330
17
100
AcDbEntity
  8
TEXT
100
AcDbText
 10
6323.0
 20
208.0
 30
0.0
 40
1.6
  1
поз.15
 11
6323.0
 21
208.0
 31
0.0
100
AcDbText
  0
LINE
  5
158A
330
17
100
AcDbEntity
  8
GRAPH
100
AcDbLine
 10
6385.0
 20
202.0
 30
0.0
 11
6445.0
 21
202.0
 31
0.0
  0
LINE
  5
158B
330
17
100
AcDbEntity
  8
GRAPH
100
AcDbLine
 10
6445.0
 20
202.0
 30
0.0
 11
6445.0
 21
238.0
 31
0.0
  0
LINE
  5
158C
330
17
100
AcDbEntity
  8
GRAPH
100
AcDbLine
 10
6445.0
 20
238.0
 30
0.0
 11
6385.0
 21
238.0
 31
0.0
  0
LINE
  5
158D
330
17
100
AcDbEntity
  8
GRAPH
100
AcDbLine
 10
6385.0
 20
238.0
 30
0.0
 11
6385.0
 21
202.0
 31
0.0
  0
CIRCLE
  5
158E
330
17
100
AcDbEntity
  8
GRAPH
100
AcDbCircle
 10
6395.0
 20
220.0
 30
0.0
 40
3.2
  0
TEXT
  5
158F
330
17
100
AcDbEntity
  8
TEXT
100
AcDbText
 10
6401.0
 20
218.0
 30
0.0
 40
1.8
  1
Ду15-2
 11
6401.0
 21
218.0
 31
0.0
100
AcDbText
  0
TEXT
  5
1590
330
17
100
AcDbEntity
  8
TEXT
100
AcDbText
 10
6389.0
 20
208.0
 30
0.0
 40
1.6
  1
поз.16
 11
6389.0
 21
208.0
 31
0.0
100
AcDbText
  0
TEXT
  5
1591
330
17
100
AcDbEntity
  8
TEXT
100
AcDbText
 10
6389.0
 20
228.0
 30
0.0
 40
1.5
  1
расчётная мощность 250 кВт
 11
6389.0
 21
228.0
 31
0.0
100
AcDbText
  0
LINE
  5
1592
330
17
100
AcDbEntity
  8
GRAPH
100
AcDbLine
 10
6451.0
 20
202.0
 30
0.0
 11
6511.0
 21
202.0
 31
0.0
  0
LINE
  5
1593
330
17
100
AcDbEntity
  8
GRAPH
100
AcDbLine
 10
6511.0
 20
202.0
 30
0.0
 11
6511.0
 21
238.0
 31
0.0
  0
LINE
  5
1594
330
17
100
AcDbEntity
  8
GRAPH
100
AcDbLine
 10
6511.0
 20
238.0
 30
0.0
 11
6451.0
 21
238.0
 31
0.0
  0
LINE
  5
1595
330
17
100
AcDbEntity
  8
GRAPH
100
AcDbLine
 10
6451.0
 20
238.0
 30
0.0
 11
6451.0
 21
202.0
 31
0.0
  0
CIRCLE
  5
1596
330
17
100
AcDbEntity
  8
GRAPH
100
AcDbCircle
 10
6461.0
 20
220.0
 30
0.0
 40
3.2
  0
TEXT
  5
1597
330
17
100
AcDbEntity
  8
TEXT
100
AcDbText
 10
6467.0
 20
218.0
 30
0.0
 40
1.8
  1
220В-2
 11
6467.0
 21
218.0
 31
0.0
100
AcDbText
  0
TEXT
  5
1598
330
17
100
AcDbEntity
  8
TEXT
100
AcDbText
 10
6455.0
 20
208.0
 30
0.0
 40
1.6
  1
поз.17
 11
6455.0
 21
208.0
 31
0.0
100
AcDbText
  0
LINE
  5
1599
330
17
100
AcDbEntity
  8
GRAPH
100
AcDbLine
 10
6517.0
 20
202.0
 30
0.0
 11
6577.0
 21
202.0
 31
0.0
  0
LINE
  5
159A
330
17
100
AcDbEntity
  8
GRAPH
100
AcDbLine
 10
6577.0
 20
202.0
 30
0.0
 11
6577.0
 21
238.0
 31
0.0
  0
LINE
  5
159B
330
17
100
AcDbEntity
  8
GRAPH
100
AcDbLine
 10
6577.0
 20
238.0
 30
0.0
 11
6517.0
 21
238.0
 31
0.0
  0
LINE
  5
159C
330
17
100
AcDbEntity
  8
GRAPH
100
AcDbLine
 10
6517.0
 20
238.0
 30
0.0
 11
6517.0
 21
202.0
 31
0.0
  0
CIRCLE
  5
159D
330
17
100
AcDbEntity
  8
GRAPH
100
AcDbCircle
 10
6527.0
 20
220.0
 30
0.0
 40
3.2
  0
TEXT
  5
159E
330
17
100
AcDbEntity
  8
TEXT
100
AcDbText
 10
6533.0
 20
218.0
 30
0.0
 40
1.8
  1
Св.-2
 11
6533.0
 21
218.0
 31
0.0
100
AcDbText
  0
TEXT
  5
159F
330
17
100
AcDbEntity
  8
TEXT
100
AcDbText
 10
6521.0
 20
208.0
 30
0.0
 40
1.6
  1
поз.18
 11
6521.0
 21
208.0
 31
0.0
100
AcDbText
  0
LINE
  5
15A0
330
17
100
AcDbEntity
  8
GRAPH
100
AcDbLine
 10
6583.0
 20
202.0
 30
0.0
 11
6643.0
 21
202.0
 31
0.0
  0
LINE
  5
15A1
330
17
100
AcDbEntity
  8
GRAPH
100
AcDbLine
 10
6643.0
 20
202.0
 30
0.0
 11
6643.0
 21
238.0
 31
0.0
  0
LINE
  5
15A2
330
17
100
AcDbEntity
  8
GRAPH
100
AcDbLine
 10
6643.0
 20
238.0
 30
0.0
 11
6583.0
 21
238.0
 31
0.0
  0
LINE
  5
15A3
330
17
100
AcDbEntity
  8
GRAPH
100
AcDbLine
 10
6583.0
 20
238.0
 30
0.0
 11
6583.0
 21
202.0
 31
0.0
  0
CIRCLE
  5
15A4
330
17
100
AcDbEntity
  8
GRAPH
100
AcDbCircle
 10
6593.0
 20
220.0
 30
0.0
 40
3.2
  0
TEXT
  5
15A5
330
17
100
AcDbEntity
  8
TEXT
100
AcDbText
 10
6599.0
 20
218.0
 30
0.0
 40
1.8
  1
ИПР-2
 11
6599.0
 21
218.0
 31
0.0
100
AcDbText
  0
TEXT
  5
15A6
330
17
100
AcDbEntity
  8
TEXT
100
AcDbText
 10
6587.0
 20
208.0
 30
0.0
 40
1.6
  1
поз.19
 11
6587.0
 21
208.0
 31
0.0
100
AcDbText
  0
LINE
  5
15A7
330
17
100
AcDbEntity
  8
GRAPH
100
AcDbLine
 10
6649.0
 20
202.0
 30
0.0
 11
6709.0
 21
202.0
 31
0.0
  0
LINE
  5
15A8
330
17
100
AcDbEntity
  8
GRAPH
100
AcDbLine
 10
6709.0
 20
202.0
 30
0.0
 11
6709.0
 21
238.0
 31
0.0
  0
LINE
  5
15A9
330
17
100
AcDbEntity
  8
GRAPH
100
AcDbLine
 10
6709.0
 20
238.0
 30
0.0
 11
6649.0
 21
238.0
 31
0.0
  0
LINE
  5
15AA
330
17
100
AcDbEntity
  8
GRAPH
100
AcDbLine
 10
6649.0
 20
238.0
 30
0.0
 11
6649.0
 21
202.0
 31
0.0
  0
CIRCLE
  5
15AB
330
17
100
AcDbEntity
  8
GRAPH
100
AcDbCircle
 10
6659.0
 20
220.0
 30
0.0
 40
3.2
  0
TEXT
  5
15AC
330
17
100
AcDbEntity
  8
TEXT
100
AcDbText
 10
6665.0
 20
218.0
 30
0.0
 40
1.8
  1
Кран-2
 11
6665.0
 21
218.0
 31
0.0
100
AcDbText
  0
TEXT
  5
15AD
330
17
100
AcDbEntity
  8
TEXT
100
AcDbText
 10
6653.0
 20
208.0
 30
0.0
 40
1.6
  1
поз.20
 11
6653.0
 21
208.0
 31
0.0
100
AcDbText
  0
LINE
  5
15AE
330
17
100
AcDbEntity
  8
GRAPH
100
AcDbLine
 10
6715.0
 20
202.0
 30
0.0
 11
6775.0
 21
202.0
 31
0.0
  0
LINE
  5
15AF
330
17
100
AcDbEntity
  8
GRAPH
100
AcDbLine
 10
6775.0
 20
202.0
 30
0.0
 11
6775.0
 21
238.0
 31
0.0
  0
LINE
  5
15B0
330
17
100
AcDbEntity
  8
GRAPH
100
AcDbLine
 10
6775.0
 20
238.0
 30
0.0
 11
6715.0
 21
238.0
 31
0.0
  0
LINE
  5
15B1
330
17
100
AcDbEntity
  8
GRAPH
100
AcDbLine
 10
6715.0
 20
238.0
 30
0.0
 11
6715.0
 21
202.0
 31
0.0
  0
CIRCLE
  5
15B2
330
17
100
AcDbEntity
  8
GRAPH
100
AcDbCircle
 10
6725.0
 20
220.0
 30
0.0
 40
3.2
  0
TEXT
  5
15B3
330
17
100
AcDbEntity
  8
TEXT
100
AcDbText
 10
6731.0
 20
218.0
 30
0.0
 40
1.8
  1
ПСВ-2
 11
6731.0
 21
218.0
 31
0.0
100
AcDbText
  0
TEXT
  5
15B4
330
17
100
AcDbEntity
  8
TEXT
100
AcDbText
 10
6719.0
 20
208.0
 30
0.0
 40
1.6
  1
поз.21
 11
6719.0
 21
208.0
 31
0.0
100
AcDbText
  0
LINE
  5
15B5
330
17
100
AcDbEntity
  8
GRAPH
100
AcDbLine
 10
6781.0
 20
202.0
 30
0.0
 11
6841.0
 21
202.0
 31
0.0
  0
LINE
  5
15B6
330
17
100
AcDbEntity
  8
GRAPH
100
AcDbLine
 10
6841.0
 20
202.0
 30
0.0
 11
6841.0
 21
238.0
 31
0.0
  0
LINE
  5
15B7
330
17
100
AcDbEntity
  8
GRAPH
100
AcDbLine
 10
6841.0
 20
238.0
 30
0.0
 11
6781.0
 21
238.0
 31
0.0
  0
LINE
  5
15B8
330
17
100
AcDbEntity
  8
GRAPH
100
AcDbLine
 10
6781.0
 20
238.0
 30
0.0
 11
6781.0
 21
202.0
 31
0.0
  0
CIRCLE
  5
15B9
330
17
100
AcDbEntity
  8
GRAPH
100
AcDbCircle
 10
6791.0
 20
220.0
 30
0.0
 40
3.2
  0
TEXT
  5
15BA
330
17
100
AcDbEntity
  8
TEXT
100
AcDbText
 10
6797.0
 20
218.0
 30
0.0
 40
1.8
  1
ОП-5-2
 11
6797.0
 21
218.0
 31
0.0
100
AcDbText
  0
TEXT
  5
15BB
330
17
100
AcDbEntity
  8
TEXT
100
AcDbText
 10
6785.0
 20
208.0
 30
0.0
 40
1.6
  1
поз.22
 11
6785.0
 21
208.0
 31
0.0
100
AcDbText
  0
LINE
  5
15BC
330
17
100
AcDbEntity
  8
GRAPH
100
AcDbLine
 10
6847.0
 20
202.0
 30
0.0
 11
6907.0
 21
202.0
 31
0.0
  0
LINE
  5
15BD
330
17
100
AcDbEntity
  8
GRAPH
100
AcDbLine
 10
6907.0
 20
202.0
 30
0.0
 11
6907.0
 21
238.0
 31
0.0
  0
LINE
  5
15BE
330
17
100
AcDbEntity
  8
GRAPH
100
AcDbLine
 10
6907.0
 20
238.0
 30
0.0
 11
6847.0
 21
238.0
 31
0.0
  0
LINE
  5
15BF
330
17
100
AcDbEntity
  8
GRAPH
100
AcDbLine
 10
6847.0
 20
238.0
 30
0.0
 11
6847.0
 21
202.0
 31
0.0
  0
CIRCLE
  5
15C0
330
17
100
AcDbEntity
  8
GRAPH
100
AcDbCircle
 10
6857.0
 20
220.0
 30
0.0
 40
3.2
  0
TEXT
  5
15C1
330
17
100
AcDbEntity
  8
TEXT
100
AcDbText
 10
6863.0
 20
218.0
 30
0.0
 40
1.8
  1
АПС-2
 11
6863.0
 21
218.0
 31
0.0
100
AcDbText
  0
TEXT
  5
15C2
330
17
100
AcDbEntity
  8
TEXT
100
AcDbText
 10
6851.0
 20
208.0
 30
0.0
 40
1.6
  1
поз.23
 11
6851.0
 21
208.0
 31
0.0
100
AcDbText
  0
LINE
  5
15C3
330
17
100
AcDbEntity
  8
GRAPH
100
AcDbLine
 10
6913.0
 20
202.0
 30
0.0
 11
6973.0
 21
202.0
 31
0.0
  0
LINE
  5
15C4
330
17
100
AcDbEntity
  8
GRAPH
100
AcDbLine
 10
6973.0
 20
202.0
 30
0.0
 11
6973.0
 21
238.0
 31
0.0
  0
LINE
  5
15C5
330
17
100
AcDbEntity
  8
GRAPH
100
AcDbLine
 10
6973.0
 20
238.0
 30
0.0
 11
6913.0
 21
238.0
 31
0.0
  0
LINE
  5
15C6
330
17
100
AcDbEntity
  8
GRAPH
100
AcDbLine
 10
6913.0
 20
238.0
 30
0.0
 11
6913.0
 21
202.0
 31
0.0
  0
CIRCLE
  5
15C7
330
17
100
AcDbEntity
  8
GRAPH
100
AcDbCircle
 10
6923.0
 20
220.0
 30
0.0
 40
3.2
  0
TEXT
  5
15C8
330
17
100
AcDbEntity
  8
TEXT
100
AcDbText
 10
6929.0
 20
218.0
 30
0.0
 40
1.8
  1
Ду15-2
 11
6929.0
 21
218.0
 31
0.0
100
AcDbText
  0
TEXT
  5
15C9
330
17
100
AcDbEntity
  8
TEXT
100
AcDbText
 10
6917.0
 20
208.0
 30
0.0
 40
1.6
  1
поз.24
 11
6917.0
 21
208.0
 31
0.0
100
AcDbText
  0
LINE
  5
15CA
330
17
100
AcDbEntity
  8
GRAPH
100
AcDbLine
 10
6187.0
 20
244.0
 30
0.0
 11
6247.0
 21
244.0
 31
0.0
  0
LINE
  5
15CB
330
17
100
AcDbEntity
  8
GRAPH
100
AcDbLine
 10
6247.0
 20
244.0
 30
0.0
 11
6247.0
 21
280.0
 31
0.0
  0
LINE
  5
15CC
330
17
100
AcDbEntity
  8
GRAPH
100
AcDbLine
 10
6247.0
 20
280.0
 30
0.0
 11
6187.0
 21
280.0
 31
0.0
  0
LINE
  5
15CD
330
17
100
AcDbEntity
  8
GRAPH
100
AcDbLine
 10
6187.0
 20
280.0
 30
0.0
 11
6187.0
 21
244.0
 31
0.0
  0
CIRCLE
  5
15CE
330
17
100
AcDbEntity
  8
GRAPH
100
AcDbCircle
 10
6197.0
 20
262.0
 30
0.0
 40
3.2
  0
TEXT
  5
15CF
330
17
100
AcDbEntity
  8
TEXT
100
AcDbText
 10
6203.0
 20
260.0
 30
0.0
 40
1.8
  1
ПСВ-3
 11
6203.0
 21
260.0
 31
0.0
100
AcDbText
  0
TEXT
  5
15D0
330
17
100
AcDbEntity
  8
TEXT
100
AcDbText
 10
6191.0
 20
250.0
 30
0.0
 40
1.6
  1
поз.25
 11
6191.0
 21
250.0
 31
0.0
100
AcDbText
  0
LINE
  5
15D1
330
17
100
AcDbEntity
  8
GRAPH
100
AcDbLine
 10
6253.0
 20
244.0
 30
0.0
 11
6313.0
 21
244.0
 31
0.0
  0
LINE
  5
15D2
330
17
100
AcDbEntity
  8
GRAPH
100
AcDbLine
 10
6313.0
 20
244.0
 30
0.0
 11
6313.0
 21
280.0
 31
0.0
  0
LINE
  5
15D3
330
17
100
AcDbEntity
  8
GRAPH
100
AcDbLine
 10
6313.0
 20
280.0
 30
0.0
 11
6253.0
 21
280.0
 31
0.0
  0
LINE
  5
15D4
330
17
100
AcDbEntity
  8
GRAPH
100
AcDbLine
 10
6253.0
 20
280.0
 30
0.0
 11
6253.0
 21
244.0
 31
0.0
  0
CIRCLE
  5
15D5
330
17
100
AcDbEntity
  8
GRAPH
100
AcDbCircle
 10
6263.0
 20
262.0
 30
0.0
 40
3.2
  0
TEXT
  5
15D6
330
17
100
AcDbEntity
  8
TEXT
100
AcDbText
 10
6269.0
 20
260.0
 30
0.0
 40
1.8
  1
ОП-5-3
 11
6269.0
 21
260.0
 31
0.0
100
AcDbText
  0
TEXT
  5
15D7
330
17
100
AcDbEntity
  8
TEXT
100
AcDbText
 10
6257.0
 20
250.0
 30
0.0
 40
1.6
  1
поз.26
 11
6257.0
 21
250.0
 31
0.0
100
AcDbText
  0
TEXT
  5
15D8
330
17
100
AcDbEntity
  8
TEXT
100
AcDbText
 10
6257.0
 20
270.0
 30
0.0
 40
1.5
  1
счетчик ВСХН-20 количество 7 шт
 11
6257.0
 21
270.0
 31
0.0
100
AcDbText
  0
LINE
  5
15D9
330
17
100
AcDbEntity
  8
GRAPH
100
AcDbLine
 10
6319.0
 20
244.0
 30
0.0
 11
6379.0
 21
244.0
 31
0.0
  0
LINE
  5
15DA
330
17
100
AcDbEntity
  8
GRAPH
100
AcDbLine
 10
6379.0
 20
244.0
 30
0.0
 11
6379.0
 21
280.0
 31
0.0
  0
LINE
  5
15DB
330
17
100
AcDbEntity
  8
GRAPH
100
AcDbLine
 10
6379.0
 20
280.0
 30
0.0
 11
6319.0
 21
280.0
 31
0.0
  0
LINE
  5
15DC
330
17
100
AcDbEntity
  8
GRAPH
100
AcDbLine
 10
6319.0
 20
280.0
 30
0.0
 11
6319.0
 21
244.0
 31
0.0
  0
CIRCLE
  5
15DD
330
17
100
AcDbEntity
  8
GRAPH
100
AcDbCircle
 10
6329.0
 20
262.0
 30
0.0
 40
3.2
  0
TEXT
  5
15DE
330
17
100
AcDbEntity
  8
TEXT
100
AcDbText
 10
6335.0
 20
260.0
 30
0.0
 40
1.8
  1
АПС-3
 11
6335.0
 21
260.0
 31
0.0
100
AcDbText
  0
TEXT
  5
15DF
330
17
100
AcDbEntity
  8
TEXT
100
AcDbText
 10
6323.0
 20
250.0
 30
0.0
 40
1.6
  1
поз.27
 11
6323.0
 21
250.0
 31
0.0
100
AcDbText
  0
LINE
  5
15E0
330
17
100
AcDbEntity
  8
GRAPH
100
AcDbLine
 10
6385.0
 20
244.0
 30
0.0
 11
6445.0
 21
244.0
 31
0.0
  0
LINE
  5
15E1
330
17
100
AcDbEntity
  8
GRAPH
100
AcDbLine
 10
6445.0
 20
244.0
 30
0.0
 11
6445.0
 21
280.0
 31
0.0
  0
LINE
  5
15E2
330
17
100
AcDbEntity
  8
GRAPH
100
AcDbLine
 10
6445.0
 20
280.0
 30
0.0
 11
6385.0
 21
280.0
 31
0.0
  0
LINE
  5
15E3
330
17
100
AcDbEntity
  8
GRAPH
100
AcDbLine
 10
6385.0
 20
280.0
 30
0.0
 11
6385.0
 21
244.0
 31
0.0
  0
CIRCLE
  5
15E4
330
17
100
AcDbEntity
  8
GRAPH
100
AcDbCircle
 10
6395.0
 20
262.0
 30
0.0
 40
3.2
  0
TEXT
  5
15E5
330
17
100
AcDbEntity
  8
TEXT
100
AcDbText
 10
6401.0
 20
260.0
 30
0.0
 40
1.8
  1
Ду15-3
 11
6401.0
 21
260.0
 31
0.0
100
AcDbText
  0
TEXT
  5
15E6
330
17
100
AcDbEntity
  8
TEXT
100
AcDbText
 10
6389.0
 20
250.0
 30
0.0
 40
1.6
  1
поз.28
 11
6389.0
 21
250.0
 31
0.0
100
AcDbText
  0
TEXT
  5
15E7
330
17
100
AcDbEntity
  8
TEXT
100
AcDbText
 10
6389.0
 20
270.0
 30
0.0
 40
1.5
  1
по ТУ электроснабжения 180 кВт
 11
6389.0
 21
270.0
 31
0.0
100
AcDbText
  0
LINE
  5
15E8
330
17
100
AcDbEntity
  8
GRAPH
100
AcDbLine
 10
6451.0
 20
244.0
 30
0.0
 11
6511.0
 21
244.0
 31
0.0
  0
LINE
  5
15E9
330
17
100
AcDbEntity
  8
GRAPH
100
AcDbLine
 10
6511.0
 20
244.0
 30
0.0
 11
6511.0
 21
280.0
 31
0.0
  0
LINE
  5
15EA
330
17
100
AcDbEntity
  8
GRAPH
100
AcDbLine
 10
6511.0
 20
280.0
 30
0.0
 11
6451.0
 21
280.0
 31
0.0
  0
LINE
  5
15EB
330
17
100
AcDbEntity
  8
GRAPH
100
AcDbLine
 10
6451.0
 20
280.0
 30
0.0
 11
6451.0
 21
244.0
 31
0.0
  0
CIRCLE
  5
15EC
330
17
100
AcDbEntity
  8
GRAPH
100
AcDbCircle
 10
6461.0
 20
262.0
 30
0.0
 40
3.2
  0
TEXT
  5
15ED
330
17
100
AcDbEntity
  8
TEXT
100
AcDbText
 10
6467.0
 20
260.0
 30
0.0
 40
1.8
  1
220В-3
 11
6467.0
 21
260.0
 31
0.0
100
AcDbText
  0
TEXT
  5
15EE
330
17
100
AcDbEntity
  8
TEXT
100
AcDbText
 10
6455.0
 20
250.0
 30
0.0
 40
1.6
  1
поз.29
 11
6455.0
 21
250.0
 31
0.0
100
AcDbText
  0
LINE
  5
15EF
330
17
100
AcDbEntity
  8
GRAPH
100
AcDbLine
 10
6517.0
 20
244.0
 30
0.0
 11
6577.0
 21
244.0
 31
0.0
  0
LINE
  5
15F0
330
17
100
AcDbEntity
  8
GRAPH
100
AcDbLine
 10
6577.0
 20
244.0
 30
0.0
 11
6577.0
 21
280.0
 31
0.0
  0
LINE
  5
15F1
330
17
100
AcDbEntity
  8
GRAPH
100
AcDbLine
 10
6577.0
 20
280.0
 30
0.0
 11
6517.0
 21
280.0
 31
0.0
  0
LINE
  5
15F2
330
17
100
AcDbEntity
  8
GRAPH
100
AcDbLine
 10
6517.0
 20
280.0
 30
0.0
 11
6517.0
 21
244.0
 31
0.0
  0
CIRCLE
  5
15F3
330
17
100
AcDbEntity
  8
GRAPH
100
AcDbCircle
 10
6527.0
 20
262.0
 30
0.0
 40
3.2
  0
TEXT
  5
15F4
330
17
100
AcDbEntity
  8
TEXT
100
AcDbText
 10
6533.0
 20
260.0
 30
0.0
 40
1.8
  1
Св.-3
 11
6533.0
 21
260.0
 31
0.0
100
AcDbText
  0
TEXT
  5
15F5
330
17
100
AcDbEntity
  8
TEXT
100
AcDbText
 10
6521.0
 20
250.0
 30
0.0
 40
1.6
  1
поз.30
 11
6521.0
 21
250.0
 31
0.0
100
AcDbText
  0
LINE
  5
15F6
330
17
100
AcDbEntity
  8
GRAPH
100
AcDbLine
 10
6583.0
 20
244.0
 30
0.0
 11
6643.0
 21
244.0
 31
0.0
  0
LINE
  5
15F7
330
17
100
AcDbEntity
  8
GRAPH
100
AcDbLine
 10
6643.0
 20
244.0
 30
0.0
 11
6643.0
 21
280.0
 31
0.0
  0
LINE
  5
15F8
330
17
100
AcDbEntity
  8
GRAPH
100
AcDbLine
 10
6643.0
 20
280.0
 30
0.0
 11
6583.0
 21
280.0
 31
0.0
  0
LINE
  5
15F9
330
17
100
AcDbEntity
  8
GRAPH
100
AcDbLine
 10
6583.0
 20
280.0
 30
0.0
 11
6583.0
 21
244.0
 31
0.0
  0
CIRCLE
  5
15FA
330
17
100
AcDbEntity
  8
GRAPH
100
AcDbCircle
 10
6593.0
 20
262.0
 30
0.0
 40
3.2
  0
TEXT
  5
15FB
330
17
100
AcDbEntity
  8
TEXT
100
AcDbText
 10
6599.0
 20
260.0
 30
0.0
 40
1.8
  1
ИПР-3
 11
6599.0
 21
260.0
 31
0.0
100
AcDbText
  0
TEXT
  5
15FC
330
17
100
AcDbEntity
  8
TEXT
100
AcDbText
 10
6587.0
 20
250.0
 30
0.0
 40
1.6
  1
поз.31
 11
6587.0
 21
250.0
 31
0.0
100
AcDbText
  0
LINE
  5
15FD
330
17
100
AcDbEntity
  8
GRAPH
100
AcDbLine
 10
6649.0
 20
244.0
 30
0.0
 11
6709.0
 21
244.0
 31
0.0
  0
LINE
  5
15FE
330
17
100
AcDbEntity
  8
GRAPH
100
AcDbLine
 10
6709.0
 20
244.0
 30
0.0
 11
6709.0
 21
280.0
 31
0.0
  0
LINE
  5
15FF
330
17
100
AcDbEntity
  8
GRAPH
100
AcDbLine
 10
6709.0
 20
280.0
 30
0.0
 11
6649.0
 21
280.0
 31
0.0
  0
LINE
  5
1600
330
17
100
AcDbEntity
  8
GRAPH
100
AcDbLine
 10
6649.0
 20
280.0
 30
0.0
 11
6649.0
 21
244.0
 31
0.0
  0
CIRCLE
  5
1601
330
17
100
AcDbEntity
  8
GRAPH
100
AcDbCircle
 10
6659.0
 20
262.0
 30
0.0
 40
3.2
  0
TEXT
  5
1602
330
17
100
AcDbEntity
  8
TEXT
100
AcDbText
 10
6665.0
 20
260.0
 30
0.0
 40
1.8
  1
Кран-3
 11
6665.0
 21
260.0
 31
0.0
100
AcDbText
  0
TEXT
  5
1603
330
17
100
AcDbEntity
  8
TEXT
100
AcDbText
 10
6653.0
 20
250.0
 30
0.0
 40
1.6
  1
поз.32
 11
6653.0
 21
250.0
 31
0.0
100
AcDbText
  0
LINE
  5
1604
330
17
100
AcDbEntity
  8
GRAPH
100
AcDbLine
 10
6715.0
 20
244.0
 30
0.0
 11
6775.0
 21
244.0
 31
0.0
  0
LINE
  5
1605
330
17
100
AcDbEntity
  8
GRAPH
100
AcDbLine
 10
6775.0
 20
244.0
 30
0.0
 11
6775.0
 21
280.0
 31
0.0
  0
LINE
  5
1606
330
17
100
AcDbEntity
  8
GRAPH
100
AcDbLine
 10
6775.0
 20
280.0
 30
0.0
 11
6715.0
 21
280.0
 31
0.0
  0
LINE
  5
1607
330
17
100
AcDbEntity
  8
GRAPH
100
AcDbLine
 10
6715.0
 20
280.0
 30
0.0
 11
6715.0
 21
244.0
 31
0.0
  0
CIRCLE
  5
1608
330
17
100
AcDbEntity
  8
GRAPH
100
AcDbCircle
 10
6725.0
 20
262.0
 30
0.0
 40
3.2
  0
TEXT
  5
1609
330
17
100
AcDbEntity
  8
TEXT
100
AcDbText
 10
6731.0
 20
260.0
 30
0.0
 40
1.8
  1
ПСВ-3
 11
6731.0
 21
260.0
 31
0.0
100
AcDbText
  0
TEXT
  5
160A
330
17
100
AcDbEntity
  8
TEXT
100
AcDbText
 10
6719.0
 20
250.0
 30
0.0
 40
1.6
  1
поз.33
 11
6719.0
 21
250.0
 31
0.0
100
AcDbText
  0
LINE
  5
160B
330
17
100
AcDbEntity
  8
GRAPH
100
AcDbLine
 10
6781.0
 20
244.0
 30
0.0
 11
6841.0
 21
244.0
 31
0.0
  0
LINE
  5
160C
330
17
100
AcDbEntity
  8
GRAPH
100
AcDbLine
 10
6841.0
 20
244.0
 30
0.0
 11
6841.0
 21
280.0
 31
0.0
  0
LINE
  5
160D
330
17
100
AcDbEntity
  8
GRAPH
100
AcDbLine
 10
6841.0
 20
280.0
 30
0.0
 11
6781.0
 21
280.0
 31
0.0
  0
LINE
  5
160E
330
17
100
AcDbEntity
  8
GRAPH
100
AcDbLine
 10
6781.0
 20
280.0
 30
0.0
 11
6781.0
 21
244.0
 31
0.0
  0
CIRCLE
  5
160F
330
17
100
AcDbEntity
  8
GRAPH
100
AcDbCircle
 10
6791.0
 20
262.0
 30
0.0
 40
3.2
  0
TEXT
  5
1610
330
17
100
AcDbEntity
  8
TEXT
100
AcDbText
 10
6797.0
 20
260.0
 30
0.0
 40
1.8
  1
ОП-5-3
 11
6797.0
 21
260.0
 31
0.0
100
AcDbText
  0
TEXT
  5
1611
330
17
100
AcDbEntity
  8
TEXT
100
AcDbText
 10
6785.0
 20
250.0
 30
0.0
 40
1.6
  1
поз.34
 11
6785.0
 21
250.0
 31
0.0
100
AcDbText
  0
LINE
  5
1612
330
17
100
AcDbEntity
  8
GRAPH
100
AcDbLine
 10
6847.0
 20
244.0
 30
0.0
 11
6907.0
 21
244.0
 31
0.0
  0
LINE
  5
1613
330
17
100
AcDbEntity
  8
GRAPH
100
AcDbLine
 10
6907.0
 20
244.0
 30
0.0
 11
6907.0
 21
280.0
 31
0.0
  0
LINE
  5
1614
330
17
100
AcDbEntity
  8
GRAPH
100
AcDbLine
 10
6907.0
 20
280.0
 30
0.0
 11
6847.0
 21
280.0
 31
0.0
  0
LINE
  5
1615
330
17
100
AcDbEntity
  8
GRAPH
100
AcDbLine
 10
6847.0
 20
280.0
 30
0.0
 11
6847.0
 21
244.0
 31
0.0
  0
CIRCLE
  5
1616
330
17
100
AcDbEntity
  8
GRAPH
100
AcDbCircle
 10
6857.0
 20
262.0
 30
0.0
 40
3.2
  0
TEXT
  5
1617
330
17
100
AcDbEntity
  8
TEXT
100
AcDbText
 10
6863.0
 20
260.0
 30
0.0
 40
1.8
  1
АПС-3
 11
6863.0
 21
260.0
 31
0.0
100
AcDbText
  0
TEXT
  5
1618
330
17
100
AcDbEntity
  8
TEXT
100
AcDbText
 10
6851.0
 20
250.0
 30
0.0
 40
1.6
  1
поз.35
 11
6851.0
 21
250.0
 31
0.0
100
AcDbText
  0
LINE
  5
1619
330
17
100
AcDbEntity
  8
GRAPH
100
AcDbLine
 10
6913.0
 20
244.0
 30
0.0
 11
6973.0
 21
244.0
 31
0.0
  0
LINE
  5
161A
330
17
100
AcDbEntity
  8
GRAPH
100
AcDbLine
 10
6973.0
 20
244.0
 30
0.0
 11
6973.0
 21
280.0
 31
0.0
  0
LINE
  5
161B
330
17
100
AcDbEntity
  8
GRAPH
100
AcDbLine
 10
6973.0
 20
280.0
 30
0.0
 11
6913.0
 21
280.0
 31
0.0
  0
LINE
  5
161C
330
17
100
AcDbEntity
  8
GRAPH
100
AcDbLine
 10
6913.0
 20
280.0
 30
0.0
 11
6913.0
 21
244.0
 31
0.0
  0
CIRCLE
  5
161D
330
17
100
AcDbEntity
  8
GRAPH
100
AcDbCircle
 10
6923.0
 20
262.0
 30
0.0
 40
3.2
  0
TEXT
  5
161E
330
17
100
AcDbEntity
  8
TEXT
100
AcDbText
 10
6929.0
 20
260.0
 30
0.0
 40
1.8
  1
Ду15-3
 11
6929.0
 21
260.0
 31
0.0
100
AcDbText
  0
TEXT
  5
161F
330
17
100
AcDbEntity
  8
TEXT
100
AcDbText
 10
6917.0
 20
250.0
 30
0.0
 40
1.6
  1
поз.36
 11
6917.0
 21
250.0
 31
0.0
100
AcDbText
  0
LINE
  5
1620
330
17
100
AcDbEntity
  8
GRAPH
100
AcDbLine
 10
6187.0
 20
286.0
 30
0.0
 11
6247.0
 21
286.0
 31
0.0
  0
LINE
  5
1621
330
17
100
AcDbEntity
  8
GRAPH
100
AcDbLine
 10
6247.0
 20
286.0
 30
0.0
 11
6247.0
 21
322.0
 31
0.0
  0
LINE
  5
1622
330
17
100
AcDbEntity
  8
GRAPH
100
AcDbLine
 10
6247.0
 20
322.0
 30
0.0
 11
6187.0
 21
322.0
 31
0.0
  0
LINE
  5
1623
330
17
100
AcDbEntity
  8
GRAPH
100
AcDbLine
 10
6187.0
 20
322.0
 30
0.0
 11
6187.0
 21
286.0
 31
0.0
  0
CIRCLE
  5
1624
330
17
100
AcDbEntity
  8
GRAPH
100
AcDbCircle
 10
6197.0
 20
304.0
 30
0.0
 40
3.2
  0
TEXT
  5
1625
330
17
100
AcDbEntity
  8
TEXT
100
AcDbText
 10
6203.0
 20
302.0
 30
0.0
 40
1.8
  1
ПСВ-4
 11
6203.0
 21
302.0
 31
0.0
100
AcDbText
  0
TEXT
  5
1626
330
17
100
AcDbEntity
  8
TEXT
100
AcDbText
 10
6191.0
 20
292.0
 30
0.0
 40
1.6
  1
поз.37
 11
6191.0
 21
292.0
 31
0.0
100
AcDbText
  0
LINE
  5
1627
330
17
100
AcDbEntity
  8
GRAPH
100
AcDbLine
 10
6253.0
 20
286.0
 30
0.0
 11
6313.0
 21
286.0
 31
0.0
  0
LINE
  5
1628
330
17
100
AcDbEntity
  8
GRAPH
100
AcDbLine
 10
6313.0
 20
286.0
 30
0.0
 11
6313.0
 21
322.0
 31
0.0
  0
LINE
  5
1629
330
17
100
AcDbEntity
  8
GRAPH
100
AcDbLine
 10
6313.0
 20
322.0
 30
0.0
 11
6253.0
 21
322.0
 31
0.0
  0
LINE
  5
162A
330
17
100
AcDbEntity
  8
GRAPH
100
AcDbLine
 10
6253.0
 20
322.0
 30
0.0
 11
6253.0
 21
286.0
 31
0.0
  0
CIRCLE
  5
162B
330
17
100
AcDbEntity
  8
GRAPH
100
AcDbCircle
 10
6263.0
 20
304.0
 30
0.0
 40
3.2
  0
TEXT
  5
162C
330
17
100
AcDbEntity
  8
TEXT
100
AcDbText
 10
6269.0
 20
302.0
 30
0.0
 40
1.8
  1
ОП-5-4
 11
6269.0
 21
302.0
 31
0.0
100
AcDbText
  0
TEXT
  5
162D
330
17
100
AcDbEntity
  8
TEXT
100
AcDbText
 10
6257.0
 20
292.0
 30
0.0
 40
1.6
  1
поз.38
 11
6257.0
 21
292.0
 31
0.0
100
AcDbText
  0
TEXT
  5
162E
330
17
100
AcDbEntity
  8
TEXT
100
AcDbText
 10
6257.0
 20
312.0
 30
0.0
 40
1.5
  1
по заданию требуется 4 шт ВСХН-20
 11
6257.0
 21
312.0
 31
0.0
100
AcDbText
  0
LINE
  5
162F
330
17
100
AcDbEntity
  8
GRAPH
100
AcDbLine
 10
6319.0
 20
286.0
 30
0.0
 11
6379.0
 21
286.0
 31
0.0
  0
LINE
  5
1630
330
17
100
AcDbEntity
  8
GRAPH
100
AcDbLine
 10
6379.0
 20
286.0
 30
0.0
 11
6379.0
 21
322.0
 31
0.0
  0
LINE
  5
1631
330
17
100
AcDbEntity
  8
GRAPH
100
AcDbLine
 10
6379.0
 20
322.0
 30
0.0
 11
6319.0
 21
322.0
 31
0.0
  0
LINE
  5
1632
330
17
100
AcDbEntity
  8
GRAPH
100
AcDbLine
 10
6319.0
 20
322.0
 30
0.0
 11
6319.0
 21
286.0
 31
0.0
  0
CIRCLE
  5
1633
330
17
100
AcDbEntity
  8
GRAPH
100
AcDbCircle
 10
6329.0
 20
304.0
 30
0.0
 40
3.2
  0
TEXT
  5
1634
330
17
100
AcDbEntity
  8
TEXT
100
AcDbText
 10
6335.0
 20
302.0
 30
0.0
 40
1.8
  1
АПС-4
 11
6335.0
 21
302.0
 31
0.0
100
AcDbText
  0
TEXT
  5
1635
330
17
100
AcDbEntity
  8
TEXT
100
AcDbText
 10
6323.0
 20
292.0
 30
0.0
 40
1.6
  1
поз.39
 11
6323.0
 21
292.0
 31
0.0
100
AcDbText
  0
LINE
  5
1636
330
17
100
AcDbEntity
  8
GRAPH
100
AcDbLine
 10
6385.0
 20
286.0
 30
0.0
 11
6445.0
 21
286.0
 31
0.0
  0
LINE
  5
1637
330
17
100
AcDbEntity
  8
GRAPH
100
AcDbLine
 10
6445.0
 20
286.0
 30
0.0
 11
6445.0
 21
322.0
 31
0.0
  0
LINE
  5
1638
330
17
100
AcDbEntity
  8
GRAPH
100
AcDbLine
 10
6445.0
 20
322.0
 30
0.0
 11
6385.0
 21
322.0
 31
0.0
  0
LINE
  5
1639
330
17
100
AcDbEntity
  8
GRAPH
100
AcDbLine
 10
6385.0
 20
322.0
 30
0.0
 11
6385.0
 21
286.0
 31
0.0
  0
CIRCLE
  5
163A
330
17
100
AcDbEntity
  8
GRAPH
100
AcDbCircle
 10
6395.0
 20
304.0
 30
0.0
 40
3.2
  0
TEXT
  5
163B
330
17
100
AcDbEntity
  8
TEXT
100
AcDbText
 10
6401.0
 20
302.0
 30
0.0
 40
1.8
  1
Ду15-4
 11
6401.0
 21
302.0
 31
0.0
100
AcDbText
  0
TEXT
  5
163C
330
17
100
AcDbEntity
  8
TEXT
100
AcDbText
 10
6389.0
 20
292.0
 30
0.0
 40
1.6
  1
поз.40
 11
6389.0
 21
292.0
 31
0.0
100
AcDbText
  0
LINE
  5
163D
330
17
100
AcDbEntity
  8
GRAPH
100
AcDbLine
 10
6451.0
 20
286.0
 30
0.0
 11
6511.0
 21
286.0
 31
0.0
  0
LINE
  5
163E
330
17
100
AcDbEntity
  8
GRAPH
100
AcDbLine
 10
6511.0
 20
286.0
 30
0.0
 11
6511.0
 21
322.0
 31
0.0
  0
LINE
  5
163F
330
17
100
AcDbEntity
  8
GRAPH
100
AcDbLine
 10
6511.0
 20
322.0
 30
0.0
 11
6451.0
 21
322.0
 31
0.0
  0
LINE
  5
1640
330
17
100
AcDbEntity
  8
GRAPH
100
AcDbLine
 10
6451.0
 20
322.0
 30
0.0
 11
6451.0
 21
286.0
 31
0.0
  0
CIRCLE
  5
1641
330
17
100
AcDbEntity
  8
GRAPH
100
AcDbCircle
 10
6461.0
 20
304.0
 30
0.0
 40
3.2
  0
TEXT
  5
1642
330
17
100
AcDbEntity
  8
TEXT
100
AcDbText
 10
6467.0
 20
302.0
 30
0.0
 40
1.8
  1
220В-4
 11
6467.0
 21
302.0
 31
0.0
100
AcDbText
  0
TEXT
  5
1643
330
17
100
AcDbEntity
  8
TEXT
100
AcDbText
 10
6455.0
 20
292.0
 30
0.0
 40
1.6
  1
поз.41
 11
6455.0
 21
292.0
 31
0.0
100
AcDbText
  0
LINE
  5
1644
330
17
100
AcDbEntity
  8
GRAPH
100
AcDbLine
 10
6517.0
 20
286.0
 30
0.0
 11
6577.0
 21
286.0
 31
0.0
  0
LINE
  5
1645
330
17
100
AcDbEntity
  8
GRAPH
100
AcDbLine
 10
6577.0
 20
286.0
 30
0.0
 11
6577.0
 21
322.0
 31
0.0
  0
LINE
  5
1646
330
17
100
AcDbEntity
  8
GRAPH
100
AcDbLine
 10
6577.0
 20
322.0
 30
0.0
 11
6517.0
 21
322.0
 31
0.0
  0
LINE
  5
1647
330
17
100
AcDbEntity
  8
GRAPH
100
AcDbLine
 10
6517.0
 20
322.0
 30
0.0
 11
6517.0
 21
286.0
 31
0.0
  0
CIRCLE
  5
1648
330
17
100
AcDbEntity
  8
GRAPH
100
AcDbCircle
 10
6527.0
 20
304.0
 30
0.0
 40
3.2
  0
TEXT
  5
1649
330
17
100
AcDbEntity
  8
TEXT
100
AcDbText
 10
6533.0
 20
302.0
 30
0.0
 40
1.8
  1
Св.-4
 11
6533.0
 21
302.0
 31
0.0
100
AcDbText
  0
TEXT
  5
164A
330
17
100
AcDbEntity
  8
TEXT
100
AcDbText
 10
6521.0
 20
292.0
 30
0.0
 40
1.6
  1
поз.42
 11
6521.0
 21
292.0
 31
0.0
100
AcDbText
  0
LINE
  5
164B
330
17
100
AcDbEntity
  8
GRAPH
100
AcDbLine
 10
6583.0
 20
286.0
 30
0.0
 11
6643.0
 21
286.0
 31
0.0
  0
LINE
  5
164C
330
17
100
AcDbEntity
  8
GRAPH
100
AcDbLine
 10
6643.0
 20
286.0
 30
0.0
 11
6643.0
 21
322.0
 31
0.0
  0
LINE
  5
164D
330
17
100
AcDbEntity
  8
GRAPH
100
AcDbLine
 10
6643.0
 20
322.0
 30
0.0
 11
6583.0
 21
322.0
 31
0.0
  0
LINE
  5
164E
330
17
100
AcDbEntity
  8
GRAPH
100
AcDbLine
 10
6583.0
 20
322.0
 30
0.0
 11
6583.0
 21
286.0
 31
0.0
  0
CIRCLE
  5
164F
330
17
100
AcDbEntity
  8
GRAPH
100
AcDbCircle
 10
6593.0
 20
304.0
 30
0.0
 40
3.2
  0
TEXT
  5
1650
330
17
100
AcDbEntity
  8
TEXT
100
AcDbText
 10
6599.0
 20
302.0
 30
0.0
 40
1.8
  1
ИПР-4
 11
6599.0
 21
302.0
 31
0.0
100
AcDbText
  0
TEXT
  5
1651
330
17
100
AcDbEntity
  8
TEXT
100
AcDbText
 10
6587.0
 20
292.0
 30
0.0
 40
1.6
  1
поз.43
 11
6587.0
 21
292.0
 31
0.0
100
AcDbText
  0
LINE
  5
1652
330
17
100
AcDbEntity
  8
GRAPH
100
AcDbLine
 10
6649.0
 20
286.0
 30
0.0
 11
6709.0
 21
286.0
 31
0.0
  0
LINE
  5
1653
330
17
100
AcDbEntity
  8
GRAPH
100
AcDbLine
 10
6709.0
 20
286.0
 30
0.0
 11
6709.0
 21
322.0
 31
0.0
  0
LINE
  5
1654
330
17
100
AcDbEntity
  8
GRAPH
100
AcDbLine
 10
6709.0
 20
322.0
 30
0.0
 11
6649.0
 21
322.0
 31
0.0
  0
LINE
  5
1655
330
17
100
AcDbEntity
  8
GRAPH
100
AcDbLine
 10
6649.0
 20
322.0
 30
0.0
 11
6649.0
 21
286.0
 31
0.0
  0
CIRCLE
  5
1656
330
17
100
AcDbEntity
  8
GRAPH
100
AcDbCircle
 10
6659.0
 20
304.0
 30
0.0
 40
3.2
  0
TEXT
  5
1657
330
17
100
AcDbEntity
  8
TEXT
100
AcDbText
 10
6665.0
 20
302.0
 30
0.0
 40
1.8
  1
Кран-4
 11
6665.0
 21
302.0
 31
0.0
100
AcDbText
  0
TEXT
  5
1658
330
17
100
AcDbEntity
  8
TEXT
100
AcDbText
 10
6653.0
 20
292.0
 30
0.0
 40
1.6
  1
поз.44
 11
6653.0
 21
292.0
 31
0.0
100
AcDbText
  0
LINE
  5
1659
330
17
100
AcDbEntity
  8
GRAPH
100
AcDbLine
 10
6715.0
 20
286.0
 30
0.0
 11
6775.0
 21
286.0
 31
0.0
  0
LINE
  5
165A
330
17
100
AcDbEntity
  8
GRAPH
100
AcDbLine
 10
6775.0
 20
286.0
 30
0.0
 11
6775.0
 21
322.0
 31
0.0
  0
LINE
  5
165B
330
17
100
AcDbEntity
  8
GRAPH
100
AcDbLine
 10
6775.0
 20
322.0
 30
0.0
 11
6715.0
 21
322.0
 31
0.0
  0
LINE
  5
165C
330
17
100
AcDbEntity
  8
GRAPH
100
AcDbLine
 10
6715.0
 20
322.0
 30
0.0
 11
6715.0
 21
286.0
 31
0.0
  0
CIRCLE
  5
165D
330
17
100
AcDbEntity
  8
GRAPH
100
AcDbCircle
 10
6725.0
 20
304.0
 30
0.0
 40
3.2
  0
TEXT
  5
165E
330
17
100
AcDbEntity
  8
TEXT
100
AcDbText
 10
6731.0
 20
302.0
 30
0.0
 40
1.8
  1
ПСВ-4
 11
6731.0
 21
302.0
 31
0.0
100
AcDbText
  0
TEXT
  5
165F
330
17
100
AcDbEntity
  8
TEXT
100
AcDbText
 10
6719.0
 20
292.0
 30
0.0
 40
1.6
  1
поз.45
 11
6719.0
 21
292.0
 31
0.0
100
AcDbText
  0
LINE
  5
1660
330
17
100
AcDbEntity
  8
GRAPH
100
AcDbLine
 10
6781.0
 20
286.0
 30
0.0
 11
6841.0
 21
286.0
 31
0.0
  0
LINE
  5
1661
330
17
100
AcDbEntity
  8
GRAPH
100
AcDbLine
 10
6841.0
 20
286.0
 30
0.0
 11
6841.0
 21
322.0
 31
0.0
  0
LINE
  5
1662
330
17
100
AcDbEntity
  8
GRAPH
100
AcDbLine
 10
6841.0
 20
322.0
 30
0.0
 11
6781.0
 21
322.0
 31
0.0
  0
LINE
  5
1663
330
17
100
AcDbEntity
  8
GRAPH
100
AcDbLine
 10
6781.0
 20
322.0
 30
0.0
 11
6781.0
 21
286.0
 31
0.0
  0
CIRCLE
  5
1664
330
17
100
AcDbEntity
  8
GRAPH
100
AcDbCircle
 10
6791.0
 20
304.0
 30
0.0
 40
3.2
  0
TEXT
  5
1665
330
17
100
AcDbEntity
  8
TEXT
100
AcDbText
 10
6797.0
 20
302.0
 30
0.0
 40
1.8
  1
ОП-5-4
 11
6797.0
 21
302.0
 31
0.0
100
AcDbText
  0
TEXT
  5
1666
330
17
100
AcDbEntity
  8
TEXT
100
AcDbText
 10
6785.0
 20
292.0
 30
0.0
 40
1.6
  1
поз.46
 11
6785.0
 21
292.0
 31
0.0
100
AcDbText
  0
LINE
  5
1667
330
17
100
AcDbEntity
  8
GRAPH
100
AcDbLine
 10
6847.0
 20
286.0
 30
0.0
 11
6907.0
 21
286.0
 31
0.0
  0
LINE
  5
1668
330
17
100
AcDbEntity
  8
GRAPH
100
AcDbLine
 10
6907.0
 20
286.0
 30
0.0
 11
6907.0
 21
322.0
 31
0.0
  0
LINE
  5
1669
330
17
100
AcDbEntity
  8
GRAPH
100
AcDbLine
 10
6907.0
 20
322.0
 30
0.0
 11
6847.0
 21
322.0
 31
0.0
  0
LINE
  5
166A
330
17
100
AcDbEntity
  8
GRAPH
100
AcDbLine
 10
6847.0
 20
322.0
 30
0.0
 11
6847.0
 21
286.0
 31
0.0
  0
CIRCLE
  5
166B
330
17
100
AcDbEntity
  8
GRAPH
100
AcDbCircle
 10
6857.0
 20
304.0
 30
0.0
 40
3.2
  0
TEXT
  5
166C
330
17
100
AcDbEntity
  8
TEXT
100
AcDbText
 10
6863.0
 20
302.0
 30
0.0
 40
1.8
  1
АПС-4
 11
6863.0
 21
302.0
 31
0.0
100
AcDbText
  0
TEXT
  5
166D
330
17
100
AcDbEntity
  8
TEXT
100
AcDbText
 10
6851.0
 20
292.0
 30
0.0
 40
1.6
  1
поз.47
 11
6851.0
 21
292.0
 31
0.0
100
AcDbText
  0
LINE
  5
166E
330
17
100
AcDbEntity
  8
GRAPH
100
AcDbLine
 10
6913.0
 20
286.0
 30
0.0
 11
6973.0
 21
286.0
 31
0.0
  0
LINE
  5
166F
330
17
100
AcDbEntity
  8
GRAPH
100
AcDbLine
 10
6973.0
 20
286.0
 30
0.0
 11
6973.0
 21
322.0
 31
0.0
  0
LINE
  5
1670
330
17
100
AcDbEntity
  8
GRAPH
100
AcDbLine
 10
6973.0
 20
322.0
 30
0.0
 11
6913.0
 21
322.0
 31
0.0
  0
LINE
  5
1671
330
17
100
AcDbEntity
  8
GRAPH
100
AcDbLine
 10
6913.0
 20
322.0
 30
0.0
 11
6913.0
 21
286.0
 31
0.0
  0
CIRCLE
  5
1672
330
17
100
AcDbEntity
  8
GRAPH
100
AcDbCircle
 10
6923.0
 20
304.0
 30
0.0
 40
3.2
  0
TEXT
  5
1673
330
17
100
AcDbEntity
  8
TEXT
100
AcDbText
 10
6929.0
 20
302.0
 30
0.0
 40
1.8
  1
Ду15-4
 11
6929.0
 21
302.0
 31
0.0
100
AcDbText
  0
TEXT
  5
1674
330
17
100
AcDbEntity
  8
TEXT
100
AcDbText
 10
6917.0
 20
292.0
 30
0.0
 40
1.6
  1
поз.48
 11
6917.0
 21
292.0
 31
0.0
100
AcDbText
  0
LINE
  5
1675
330
17
100
AcDbEntity
  8
GRAPH
100
AcDbLine
 10
6187.0
 20
328.0
 30
0.0
 11
6247.0
 21
328.0
 31
0.0
  0
LINE
  5
1676
330
17
100
AcDbEntity
  8
GRAPH
100
AcDbLine
 10
6247.0
 20
328.0
 30
0.0
 11
6247.0
 21
364.0
 31
0.0
  0
LINE
  5
1677
330
17
100
AcDbEntity
  8
GRAPH
100
AcDbLine
 10
6247.0
 20
364.0
 30
0.0
 11
6187.0
 21
364.0
 31
0.0
  0
LINE
  5
1678
330
17
100
AcDbEntity
  8
GRAPH
100
AcDbLine
 10
6187.0
 20
364.0
 30
0.0
 11
6187.0
 21
328.0
 31
0.0
  0
CIRCLE
  5
1679
330
17
100
AcDbEntity
  8
GRAPH
100
AcDbCircle
 10
6197.0
 20
346.0
 30
0.0
 40
3.2
  0
TEXT
  5
167A
330
17
100
AcDbEntity
  8
TEXT
100
AcDbText
 10
6203.0
 20
344.0
 30
0.0
 40
1.8
  1
ПСВ-5
 11
6203.0
 21
344.0
 31
0.0
100
AcDbText
  0
TEXT
  5
167B
330
17
100
AcDbEntity
  8
TEXT
100
AcDbText
 10
6191.0
 20
334.0
 30
0.0
 40
1.6
  1
поз.49
 11
6191.0
 21
334.0
 31
0.0
100
AcDbText
  0
LINE
  5
167C
330
17
100
AcDbEntity
  8
GRAPH
100
AcDbLine
 10
6253.0
 20
328.0
 30
0.0
 11
6313.0
 21
328.0
 31
0.0
  0
LINE
  5
167D
330
17
100
AcDbEntity
  8
GRAPH
100
AcDbLine
 10
6313.0
 20
328.0
 30
0.0
 11
6313.0
 21
364.0
 31
0.0
  0
LINE
  5
167E
330
17
100
AcDbEntity
  8
GRAPH
100
AcDbLine
 10
6313.0
 20
364.0
 30
0.0
 11
6253.0
 21
364.0
 31
0.0
  0
LINE
  5
167F
330
17
100
AcDbEntity
  8
GRAPH
100
AcDbLine
 10
6253.0
 20
364.0
 30
0.0
 11
6253.0
 21
328.0
 31
0.0
  0
CIRCLE
  5
1680
330
17
100
AcDbEntity
  8
GRAPH
100
AcDbCircle
 10
6263.0
 20
346.0
 30
0.0
 40
3.2
  0
TEXT
  5
1681
330
17
100
AcDbEntity
  8
TEXT
100
AcDbText
 10
6269.0
 20
344.0
 30
0.0
 40
1.8
  1
ОП-5-5
 11
6269.0
 21
344.0
 31
0.0
100
AcDbText
  0
TEXT
  5
1682
330
17
100
AcDbEntity
  8
TEXT
100
AcDbText
 10
6257.0
 20
334.0
 30
0.0
 40
1.6
  1
поз.50
 11
6257.0
 21
334.0
 31
0.0
100
AcDbText
  0
LINE
  5
1683
330
17
100
AcDbEntity
  8
GRAPH
100
AcDbLine
 10
6319.0
 20
328.0
 30
0.0
 11
6379.0
 21
328.0
 31
0.0
  0
LINE
  5
1684
330
17
100
AcDbEntity
  8
GRAPH
100
AcDbLine
 10
6379.0
 20
328.0
 30
0.0
 11
6379.0
 21
364.0
 31
0.0
  0
LINE
  5
1685
330
17
100
AcDbEntity
  8
GRAPH
100
AcDbLine
 10
6379.0
 20
364.0
 30
0.0
 11
6319.0
 21
364.0
 31
0.0
  0
LINE
  5
1686
330
17
100
AcDbEntity
  8
GRAPH
100
AcDbLine
 10
6319.0
 20
364.0
 30
0.0
 11
6319.0
 21
328.0
 31
0.0
  0
CIRCLE
  5
1687
330
17
100
AcDbEntity
  8
GRAPH
100
AcDbCircle
 10
6329.0
 20
346.0
 30
0.0
 40
3.2
  0
TEXT
  5
1688
330
17
100
AcDbEntity
  8
TEXT
100
AcDbText
 10
6335.0
 20
344.0
 30
0.0
 40
1.8
  1
АПС-5
 11
6335.0
 21
344.0
 31
0.0
100
AcDbText
  0
TEXT
  5
1689
330
17
100
AcDbEntity
  8
TEXT
100
AcDbText
 10
6323.0
 20
334.0
 30
0.0
 40
1.6
  1
поз.51
 11
6323.0
 21
334.0
 31
0.0
100
AcDbText
  0
TEXT
  5
168A
330
17
100
AcDbEntity
  8
TEXT
100
AcDbText
 10
6323.0
 20
354.0
 30
0.0
 40
1.5
  1
ввод водопровода Ду100
 11
6323.0
 21
354.0
 31
0.0
100
AcDbText
  0
LINE
  5
168B
330
17
100
AcDbEntity
  8
GRAPH
100
AcDbLine
 10
6385.0
 20
328.0
 30
0.0
 11
6445.0
 21
328.0
 31
0.0
  0
LINE
  5
168C
330
17
100
AcDbEntity
  8
GRAPH
100
AcDbLine
 10
6445.0
 20
328.0
 30
0.0
 11
6445.0
 21
364.0
 31
0.0
  0
LINE
  5
168D
330
17
100
AcDbEntity
  8
GRAPH
100
AcDbLine
 10
6445.0
 20
364.0
 30
0.0
 11
6385.0
 21
364.0
 31
0.0
  0
LINE
  5
168E
330
17
100
AcDbEntity
  8
GRAPH
100
AcDbLine
 10
6385.0
 20
364.0
 30
0.0
 11
6385.0
 21
328.0
 31
0.0
  0
CIRCLE
  5
168F
330
17
100
AcDbEntity
  8
GRAPH
100
AcDbCircle
 10
6395.0
 20
346.0
 30
0.0
 40
3.2
  0
TEXT
  5
1690
330
17
100
AcDbEntity
  8
TEXT
100
AcDbText
 10
6401.0
 20
344.0
 30
0.0
 40
1.8
  1
Ду15-5
 11
6401.0
 21
344.0
 31
0.0
100
AcDbText
  0
TEXT
  5
1691
330
17
100
AcDbEntity
  8
TEXT
100
AcDbText
 10
6389.0
 20
334.0
 30
0.0
 40
1.6
  1
поз.52
 11
6389.0
 21
334.0
 31
0.0
100
AcDbText
  0
LINE
  5
1692
330
17
100
AcDbEntity
  8
GRAPH
100
AcDbLine
 10
6451.0
 20
328.0
 30
0.0
 11
6511.0
 21
328.0
 31
0.0
  0
LINE
  5
1693
330
17
100
AcDbEntity
  8
GRAPH
100
AcDbLine
 10
6511.0
 20
328.0
 30
0.0
 11
6511.0
 21
364.0
 31
0.0
  0
LINE
  5
1694
330
17
100
AcDbEntity
  8
GRAPH
100
AcDbLine
 10
6511.0
 20
364.0
 30
0.0
 11
6451.0
 21
364.0
 31
0.0
  0
LINE
  5
1695
330
17
100
AcDbEntity
  8
GRAPH
100
AcDbLine
 10
6451.0
 20
364.0
 30
0.0
 11
6451.0
 21
328.0
 31
0.0
  0
CIRCLE
  5
1696
330
17
100
AcDbEntity
  8
GRAPH
100
AcDbCircle
 10
6461.0
 20
346.0
 30
0.0
 40
3.2
  0
TEXT
  5
1697
330
17
100
AcDbEntity
  8
TEXT
100
AcDbText
 10
6467.0
 20
344.0
 30
0.0
 40
1.8
  1
220В-5
 11
6467.0
 21
344.0
 31
0.0
100
AcDbText
  0
TEXT
  5
1698
330
17
100
AcDbEntity
  8
TEXT
100
AcDbText
 10
6455.0
 20
334.0
 30
0.0
 40
1.6
  1
поз.53
 11
6455.0
 21
334.0
 31
0.0
100
AcDbText
  0
LINE
  5
1699
330
17
100
AcDbEntity
  8
GRAPH
100
AcDbLine
 10
6517.0
 20
328.0
 30
0.0
 11
6577.0
 21
328.0
 31
0.0
  0
LINE
  5
169A
330
17
100
AcDbEntity
  8
GRAPH
100
AcDbLine
 10
6577.0
 20
328.0
 30
0.0
 11
6577.0
 21
364.0
 31
0.0
  0
LINE
  5
169B
330
17
100
AcDbEntity
  8
GRAPH
100
AcDbLine
 10
6577.0
 20
364.0
 30
0.0
 11
6517.0
 21
364.0
 31
0.0
  0
LINE
  5
169C
330
17
100
AcDbEntity
  8
GRAPH
100
AcDbLine
 10
6517.0
 20
364.0
 30
0.0
 11
6517.0
 21
328.0
 31
0.0
  0
CIRCLE
  5
169D
330
17
100
AcDbEntity
  8
GRAPH
100
AcDbCircle
 10
6527.0
 20
346.0
 30
0.0
 40
3.2
  0
TEXT
  5
169E
330
17
100
AcDbEntity
  8
TEXT
100
AcDbText
 10
6533.0
 20
344.0
 30
0.0
 40
1.8
  1
Св.-5
 11
6533.0
 21
344.0
 31
0.0
100
AcDbText
  0
TEXT
  5
169F
330
17
100
AcDbEntity
  8
TEXT
100
AcDbText
 10
6521.0
 20
334.0
 30
0.0
 40
1.6
  1
поз.54
 11
6521.0
 21
334.0
 31
0.0
100
AcDbText
  0
LINE
  5
16A0
330
17
100
AcDbEntity
  8
GRAPH
100
AcDbLine
 10
6583.0
 20
328.0
 30
0.0
 11
6643.0
 21
328.0
 31
0.0
  0
LINE
  5
16A1
330
17
100
AcDbEntity
  8
GRAPH
100
AcDbLine
 10
6643.0
 20
328.0
 30
0.0
 11
6643.0
 21
364.0
 31
0.0
  0
LINE
  5
16A2
330
17
100
AcDbEntity
  8
GRAPH
100
AcDbLine
 10
6643.0
 20
364.0
 30
0.0
 11
6583.0
 21
364.0
 31
0.0
  0
LINE
  5
16A3
330
17
100
AcDbEntity
  8
GRAPH
100
AcDbLine
 10
6583.0
 20
364.0
 30
0.0
 11
6583.0
 21
328.0
 31
0.0
  0
CIRCLE
  5
16A4
330
17
100
AcDbEntity
  8
GRAPH
100
AcDbCircle
 10
6593.0
 20
346.0
 30
0.0
 40
3.2
  0
TEXT
  5
16A5
330
17
100
AcDbEntity
  8
TEXT
100
AcDbText
 10
6599.0
 20
344.0
 30
0.0
 40
1.8
  1
ИПР-5
 11
6599.0
 21
344.0
 31
0.0
100
AcDbText
  0
TEXT
  5
16A6
330
17
100
AcDbEntity
  8
TEXT
100
AcDbText
 10
6587.0
 20
334.0
 30
0.0
 40
1.6
  1
поз.55
 11
6587.0
 21
334.0
 31
0.0
100
AcDbText
  0
LINE
  5
16A7
330
17
100
AcDbEntity
  8
GRAPH
100
AcDbLine
 10
6649.0
 20
328.0
 30
0.0
 11
6709.0
 21
328.0
 31
0.0
  0
LINE
  5
16A8
330
17
100
AcDbEntity
  8
GRAPH
100
AcDbLine
 10
6709.0
 20
328.0
 30
0.0
 11
6709.0
 21
364.0
 31
0.0
  0
LINE
  5
16A9
330
17
100
AcDbEntity
  8
GRAPH
100
AcDbLine
 10
6709.0
 20
364.0
 30
0.0
 11
6649.0
 21
364.0
 31
0.0
  0
LINE
  5
16AA
330
17
100
AcDbEntity
  8
GRAPH
100
AcDbLine
 10
6649.0
 20
364.0
 30
0.0
 11
6649.0
 21
328.0
 31
0.0
  0
CIRCLE
  5
16AB
330
17
100
AcDbEntity
  8
GRAPH
100
AcDbCircle
 10
6659.0
 20
346.0
 30
0.0
 40
3.2
  0
TEXT
  5
16AC
330
17
100
AcDbEntity
  8
TEXT
100
AcDbText
 10
6665.0
 20
344.0
 30
0.0
 40
1.8
  1
Кран-5
 11
6665.0
 21
344.0
 31
0.0
100
AcDbText
  0
TEXT
  5
16AD
330
17
100
AcDbEntity
  8
TEXT
100
AcDbText
 10
6653.0
 20
334.0
 30
0.0
 40
1.6
  1
поз.56
 11
6653.0
 21
334.0
 31
0.0
100
AcDbText
  0
LINE
  5
16AE
330
17
100
AcDbEntity
  8
GRAPH
100
AcDbLine
 10
6715.0
 20
328.0
 30
0.0
 11
6775.0
 21
328.0
 31
0.0
  0
LINE
  5
16AF
330
17
100
AcDbEntity
  8
GRAPH
100
AcDbLine
 10
6775.0
 20
328.0
 30
0.0
 11
6775.0
 21
364.0
 31
0.0
  0
LINE
  5
16B0
330
17
100
AcDbEntity
  8
GRAPH
100
AcDbLine
 10
6775.0
 20
364.0
 30
0.0
 11
6715.0
 21
364.0
 31
0.0
  0
LINE
  5
16B1
330
17
100
AcDbEntity
  8
GRAPH
100
AcDbLine
 10
6715.0
 20
364.0
 30
0.0
 11
6715.0
 21
328.0
 31
0.0
  0
CIRCLE
  5
16B2
330
17
100
AcDbEntity
  8
GRAPH
100
AcDbCircle
 10
6725.0
 20
346.0
 30
0.0
 40
3.2
  0
TEXT
  5
16B3
330
17
100
AcDbEntity
  8
TEXT
100
AcDbText
 10
6731.0
 20
344.0
 30
0.0
 40
1.8
  1
ПСВ-5
 11
6731.0
 21
344.0
 31
0.0
100
AcDbText
  0
TEXT
  5
16B4
330
17
100
AcDbEntity
  8
TEXT
100
AcDbText
 10
6719.0
 20
334.0
 30
0.0
 40
1.6
  1
поз.57
 11
6719.0
 21
334.0
 31
0.0
100
AcDbText
  0
LINE
  5
16B5
330
17
100
AcDbEntity
  8
GRAPH
100
AcDbLine
 10
6781.0
 20
328.0
 30
0.0
 11
6841.0
 21
328.0
 31
0.0
  0
LINE
  5
16B6
330
17
100
AcDbEntity
  8
GRAPH
100
AcDbLine
 10
6841.0
 20
328.0
 30
0.0
 11
6841.0
 21
364.0
 31
0.0
  0
LINE
  5
16B7
330
17
100
AcDbEntity
  8
GRAPH
100
AcDbLine
 10
6841.0
 20
364.0
 30
0.0
 11
6781.0
 21
364.0
 31
0.0
  0
LINE
  5
16B8
330
17
100
AcDbEntity
  8
GRAPH
100
AcDbLine
 10
6781.0
 20
364.0
 30
0.0
 11
6781.0
 21
328.0
 31
0.0
  0
CIRCLE
  5
16B9
330
17
100
AcDbEntity
  8
GRAPH
100
AcDbCircle
 10
6791.0
 20
346.0
 30
0.0
 40
3.2
  0
TEXT
  5
16BA
330
17
100
AcDbEntity
  8
TEXT
100
AcDbText
 10
6797.0
 20
344.0
 30
0.0
 40
1.8
  1
ОП-5-5
 11
6797.0
 21
344.0
 31
0.0
100
AcDbText
  0
TEXT
  5
16BB
330
17
100
AcDbEntity
  8
TEXT
100
AcDbText
 10
6785.0
 20
334.0
 30
0.0
 40
1.6
  1
поз.58
 11
6785.0
 21
334.0
 31
0.0
100
AcDbText
  0
LINE
  5
16BC
330
17
100
AcDbEntity
  8
GRAPH
100
AcDbLine
 10
6847.0
 20
328.0
 30
0.0
 11
6907.0
 21
328.0
 31
0.0
  0
LINE
  5
16BD
330
17
100
AcDbEntity
  8
GRAPH
100
AcDbLine
 10
6907.0
 20
328.0
 30
0.0
 11
6907.0
 21
364.0
 31
0.0
  0
LINE
  5
16BE
330
17
100
AcDbEntity
  8
GRAPH
100
AcDbLine
 10
6907.0
 20
364.0
 30
0.0
 11
6847.0
 21
364.0
 31
0.0
  0
LINE
  5
16BF
330
17
100
AcDbEntity
  8
GRAPH
100
AcDbLine
 10
6847.0
 20
364.0
 30
0.0
 11
6847.0
 21
328.0
 31
0.0
  0
CIRCLE
  5
16C0
330
17
100
AcDbEntity
  8
GRAPH
100
AcDbCircle
 10
6857.0
 20
346.0
 30
0.0
 40
3.2
  0
TEXT
  5
16C1
330
17
100
AcDbEntity
  8
TEXT
100
AcDbText
 10
6863.0
 20
344.0
 30
0.0
 40
1.8
  1
АПС-5
 11
6863.0
 21
344.0
 31
0.0
100
AcDbText
  0
TEXT
  5
16C2
330
17
100
AcDbEntity
  8
TEXT
100
AcDbText
 10
6851.0
 20
334.0
 30
0.0
 40
1.6
  1
поз.59
 11
6851.0
 21
334.0
 31
0.0
100
AcDbText
  0
LINE
  5
16C3
330
17
100
AcDbEntity
  8
GRAPH
100
AcDbLine
 10
6913.0
 20
328.0
 30
0.0
 11
6973.0
 21
328.0
 31
0.0
  0
LINE
  5
16C4
330
17
100
AcDbEntity
  8
GRAPH
100
AcDbLine
 10
6973.0
 20
328.0
 30
0.0
 11
6973.0
 21
364.0
 31
0.0
  0
LINE
  5
16C5
330
17
100
AcDbEntity
  8
GRAPH
100
AcDbLine
 10
6973.0
 20
364.0
 30
0.0
 11
6913.0
 21
364.0
 31
0.0
  0
LINE
  5
16C6
330
17
100
AcDbEntity
  8
GRAPH
100
AcDbLine
 10
6913.0
 20
364.0
 30
0.0
 11
6913.0
 21
328.0
 31
0.0
  0
CIRCLE
  5
16C7
330
17
100
AcDbEntity
  8
GRAPH
100
AcDbCircle
 10
6923.0
 20
346.0
 30
0.0
 40
3.2
  0
TEXT
  5
16C8
330
17
100
AcDbEntity
  8
TEXT
100
AcDbText
 10
6929.0
 20
344.0
 30
0.0
 40
1.8
  1
Ду15-5
 11
6929.0
 21
344.0
 31
0.0
100
AcDbText
  0
TEXT
  5
16C9
330
17
100
AcDbEntity
  8
TEXT
100
AcDbText
 10
6917.0
 20
334.0
 30
0.0
 40
1.6
  1
поз.60
 11
6917.0
 21
334.0
 31
0.0
100
AcDbText
  0
LINE
  5
16CA
330
17
100
AcDbEntity
  8
GRAPH
100
AcDbLine
 10
6187.0
 20
370.0
 30
0.0
 11
6247.0
 21
370.0
 31
0.0
  0
LINE
  5
16CB
330
17
100
AcDbEntity
  8
GRAPH
100
AcDbLine
 10
6247.0
 20
370.0
 30
0.0
 11
6247.0
 21
406.0
 31
0.0
  0
LINE
  5
16CC
330
17
100
AcDbEntity
  8
GRAPH
100
AcDbLine
 10
6247.0
 20
406.0
 30
0.0
 11
6187.0
 21
406.0
 31
0.0
  0
LINE
  5
16CD
330
17
100
AcDbEntity
  8
GRAPH
100
AcDbLine
 10
6187.0
 20
406.0
 30
0.0
 11
6187.0
 21
370.0
 31
0.0
  0
CIRCLE
  5
16CE
330
17
100
AcDbEntity
  8
GRAPH
100
AcDbCircle
 10
6197.0
 20
388.0
 30
0.0
 40
3.2
  0
TEXT
  5
16CF
330
17
100
AcDbEntity
  8
TEXT
100
AcDbText
 10
6203.0
 20
386.0
 30
0.0
 40
1.8
  1
ПСВ-6
 11
6203.0
 21
386.0
 31
0.0
100
AcDbText
  0
TEXT
  5
16D0
330
17
100
AcDbEntity
  8
TEXT
100
AcDbText
 10
6191.0
 20
376.0
 30
0.0
 40
1.6
  1
поз.61
 11
6191.0
 21
376.0
 31
0.0
100
AcDbText
  0
LINE
  5
16D1
330
17
100
AcDbEntity
  8
GRAPH
100
AcDbLine
 10
6253.0
 20
370.0
 30
0.0
 11
6313.0
 21
370.0
 31
0.0
  0
LINE
  5
16D2
330
17
100
AcDbEntity
  8
GRAPH
100
AcDbLine
 10
6313.0
 20
370.0
 30
0.0
 11
6313.0
 21
406.0
 31
0.0
  0
LINE
  5
16D3
330
17
100
AcDbEntity
  8
GRAPH
100
AcDbLine
 10
6313.0
 20
406.0
 30
0.0
 11
6253.0
 21
406.0
 31
0.0
  0
LINE
  5
16D4
330
17
100
AcDbEntity
  8
GRAPH
100
AcDbLine
 10
6253.0
 20
406.0
 30
0.0
 11
6253.0
 21
370.0
 31
0.0
  0
CIRCLE
  5
16D5
330
17
100
AcDbEntity
  8
GRAPH
100
AcDbCircle
 10
6263.0
 20
388.0
 30
0.0
 40
3.2
  0
TEXT
  5
16D6
330
17
100
AcDbEntity
  8
TEXT
100
AcDbText
 10
6269.0
 20
386.0
 30
0.0
 40
1.8
  1
ОП-5-6
 11
6269.0
 21
386.0
 31
0.0
100
AcDbText
  0
TEXT
  5
16D7
330
17
100
AcDbEntity
  8
TEXT
100
AcDbText
 10
6257.0
 20
376.0
 30
0.0
 40
1.6
  1
поз.62
 11
6257.0
 21
376.0
 31
0.0
100
AcDbText
  0
LINE
  5
16D8
330
17
100
AcDbEntity
  8
GRAPH
100
AcDbLine
 10
6319.0
 20
370.0
 30
0.0
 11
6379.0
 21
370.0
 31
0.0
  0
LINE
  5
16D9
330
17
100
AcDbEntity
  8
GRAPH
100
AcDbLine
 10
6379.0
 20
370.0
 30
0.0
 11
6379.0
 21
406.0
 31
0.0
  0
LINE
  5
16DA
330
17
100
AcDbEntity
  8
GRAPH
100
AcDbLine
 10
6379.0
 20
406.0
 30
0.0
 11
6319.0
 21
406.0
 31
0.0
  0
LINE
  5
16DB
330
17
100
AcDbEntity
  8
GRAPH
100
AcDbLine
 10
6319.0
 20
406.0
 30
0.0
 11
6319.0
 21
370.0
 31
0.0
  0
CIRCLE
  5
16DC
330
17
100
AcDbEntity
  8
GRAPH
100
AcDbCircle
 10
6329.0
 20
388.0
 30
0.0
 40
3.2
  0
TEXT
  5
16DD
330
17
100
AcDbEntity
  8
TEXT
100
AcDbText
 10
6335.0
 20
386.0
 30
0.0
 40
1.8
  1
АПС-6
 11
6335.0
 21
386.0
 31
0.0
100
AcDbText
  0
TEXT
  5
16DE
330
17
100
AcDbEntity
  8
TEXT
100
AcDbText
 10
6323.0
 20
376.0
 30
0.0
 40
1.6
  1
поз.63
 11
6323.0
 21
376.0
 31
0.0
100
AcDbText
  0
TEXT
  5
16DF
330
17
100
AcDbEntity
  8
TEXT
100
AcDbText
 10
6323.0
 20
396.0
 30
0.0
 40
1.5
  1
по ТУ ввод водопровода Ду80
 11
6323.0
 21
396.0
 31
0.0
100
AcDbText
  0
LINE
  5
16E0
330
17
100
AcDbEntity
  8
GRAPH
100
AcDbLine
 10
6385.0
 20
370.0
 30
0.0
 11
6445.0
 21
370.0
 31
0.0
  0
LINE
  5
16E1
330
17
100
AcDbEntity
  8
GRAPH
100
AcDbLine
 10
6445.0
 20
370.0
 30
0.0
 11
6445.0
 21
406.0
 31
0.0
  0
LINE
  5
16E2
330
17
100
AcDbEntity
  8
GRAPH
100
AcDbLine
 10
6445.0
 20
406.0
 30
0.0
 11
6385.0
 21
406.0
 31
0.0
  0
LINE
  5
16E3
330
17
100
AcDbEntity
  8
GRAPH
100
AcDbLine
 10
6385.0
 20
406.0
 30
0.0
 11
6385.0
 21
370.0
 31
0.0
  0
CIRCLE
  5
16E4
330
17
100
AcDbEntity
  8
GRAPH
100
AcDbCircle
 10
6395.0
 20
388.0
 30
0.0
 40
3.2
  0
TEXT
  5
16E5
330
17
100
AcDbEntity
  8
TEXT
100
AcDbText
 10
6401.0
 20
386.0
 30
0.0
 40
1.8
  1
Ду15-6
 11
6401.0
 21
386.0
 31
0.0
100
AcDbText
  0
TEXT
  5
16E6
330
17
100
AcDbEntity
  8
TEXT
100
AcDbText
 10
6389.0
 20
376.0
 30
0.0
 40
1.6
  1
поз.64
 11
6389.0
 21
376.0
 31
0.0
100
AcDbText
  0
LINE
  5
16E7
330
17
100
AcDbEntity
  8
GRAPH
100
AcDbLine
 10
6451.0
 20
370.0
 30
0.0
 11
6511.0
 21
370.0
 31
0.0
  0
LINE
  5
16E8
330
17
100
AcDbEntity
  8
GRAPH
100
AcDbLine
 10
6511.0
 20
370.0
 30
0.0
 11
6511.0
 21
406.0
 31
0.0
  0
LINE
  5
16E9
330
17
100
AcDbEntity
  8
GRAPH
100
AcDbLine
 10
6511.0
 20
406.0
 30
0.0
 11
6451.0
 21
406.0
 31
0.0
  0
LINE
  5
16EA
330
17
100
AcDbEntity
  8
GRAPH
100
AcDbLine
 10
6451.0
 20
406.0
 30
0.0
 11
6451.0
 21
370.0
 31
0.0
  0
CIRCLE
  5
16EB
330
17
100
AcDbEntity
  8
GRAPH
100
AcDbCircle
 10
6461.0
 20
388.0
 30
0.0
 40
3.2
  0
TEXT
  5
16EC
330
17
100
AcDbEntity
  8
TEXT
100
AcDbText
 10
6467.0
 20
386.0
 30
0.0
 40
1.8
  1
220В-6
 11
6467.0
 21
386.0
 31
0.0
100
AcDbText
  0
TEXT
  5
16ED
330
17
100
AcDbEntity
  8
TEXT
100
AcDbText
 10
6455.0
 20
376.0
 30
0.0
 40
1.6
  1
поз.65
 11
6455.0
 21
376.0
 31
0.0
100
AcDbText
  0
LINE
  5
16EE
330
17
100
AcDbEntity
  8
GRAPH
100
AcDbLine
 10
6517.0
 20
370.0
 30
0.0
 11
6577.0
 21
370.0
 31
0.0
  0
LINE
  5
16EF
330
17
100
AcDbEntity
  8
GRAPH
100
AcDbLine
 10
6577.0
 20
370.0
 30
0.0
 11
6577.0
 21
406.0
 31
0.0
  0
LINE
  5
16F0
330
17
100
AcDbEntity
  8
GRAPH
100
AcDbLine
 10
6577.0
 20
406.0
 30
0.0
 11
6517.0
 21
406.0
 31
0.0
  0
LINE
  5
16F1
330
17
100
AcDbEntity
  8
GRAPH
100
AcDbLine
 10
6517.0
 20
406.0
 30
0.0
 11
6517.0
 21
370.0
 31
0.0
  0
CIRCLE
  5
16F2
330
17
100
AcDbEntity
  8
GRAPH
100
AcDbCircle
 10
6527.0
 20
388.0
 30
0.0
 40
3.2
  0
TEXT
  5
16F3
330
17
100
AcDbEntity
  8
TEXT
100
AcDbText
 10
6533.0
 20
386.0
 30
0.0
 40
1.8
  1
Св.-6
 11
6533.0
 21
386.0
 31
0.0
100
AcDbText
  0
TEXT
  5
16F4
330
17
100
AcDbEntity
  8
TEXT
100
AcDbText
 10
6521.0
 20
376.0
 30
0.0
 40
1.6
  1
поз.66
 11
6521.0
 21
376.0
 31
0.0
100
AcDbText
  0
LINE
  5
16F5
330
17
100
AcDbEntity
  8
GRAPH
100
AcDbLine
 10
6583.0
 20
370.0
 30
0.0
 11
6643.0
 21
370.0
 31
0.0
  0
LINE
  5
16F6
330
17
100
AcDbEntity
  8
GRAPH
100
AcDbLine
 10
6643.0
 20
370.0
 30
0.0
 11
6643.0
 21
406.0
 31
0.0
  0
LINE
  5
16F7
330
17
100
AcDbEntity
  8
GRAPH
100
AcDbLine
 10
6643.0
 20
406.0
 30
0.0
 11
6583.0
 21
406.0
 31
0.0
  0
LINE
  5
16F8
330
17
100
AcDbEntity
  8
GRAPH
100
AcDbLine
 10
6583.0
 20
406.0
 30
0.0
 11
6583.0
 21
370.0
 31
0.0
  0
CIRCLE
  5
16F9
330
17
100
AcDbEntity
  8
GRAPH
100
AcDbCircle
 10
6593.0
 20
388.0
 30
0.0
 40
3.2
  0
TEXT
  5
16FA
330
17
100
AcDbEntity
  8
TEXT
100
AcDbText
 10
6599.0
 20
386.0
 30
0.0
 40
1.8
  1
ИПР-6
 11
6599.0
 21
386.0
 31
0.0
100
AcDbText
  0
TEXT
  5
16FB
330
17
100
AcDbEntity
  8
TEXT
100
AcDbText
 10
6587.0
 20
376.0
 30
0.0
 40
1.6
  1
поз.67
 11
6587.0
 21
376.0
 31
0.0
100
AcDbText
  0
LINE
  5
16FC
330
17
100
AcDbEntity
  8
GRAPH
100
AcDbLine
 10
6649.0
 20
370.0
 30
0.0
 11
6709.0
 21
370.0
 31
0.0
  0
LINE
  5
16FD
330
17
100
AcDbEntity
  8
GRAPH
100
AcDbLine
 10
6709.0
 20
370.0
 30
0.0
 11
6709.0
 21
406.0
 31
0.0
  0
LINE
  5
16FE
330
17
100
AcDbEntity
  8
GRAPH
100
AcDbLine
 10
6709.0
 20
406.0
 30
0.0
 11
6649.0
 21
406.0
 31
0.0
  0
LINE
  5
16FF
330
17
100
AcDbEntity
  8
GRAPH
100
AcDbLine
 10
6649.0
 20
406.0
 30
0.0
 11
6649.0
 21
370.0
 31
0.0
  0
CIRCLE
  5
1700
330
17
100
AcDbEntity
  8
GRAPH
100
AcDbCircle
 10
6659.0
 20
388.0
 30
0.0
 40
3.2
  0
TEXT
  5
1701
330
17
100
AcDbEntity
  8
TEXT
100
AcDbText
 10
6665.0
 20
386.0
 30
0.0
 40
1.8
  1
Кран-6
 11
6665.0
 21
386.0
 31
0.0
100
AcDbText
  0
TEXT
  5
1702
330
17
100
AcDbEntity
  8
TEXT
100
AcDbText
 10
6653.0
 20
376.0
 30
0.0
 40
1.6
  1
поз.68
 11
6653.0
 21
376.0
 31
0.0
100
AcDbText
  0
LINE
  5
1703
330
17
100
AcDbEntity
  8
GRAPH
100
AcDbLine
 10
6715.0
 20
370.0
 30
0.0
 11
6775.0
 21
370.0
 31
0.0
  0
LINE
  5
1704
330
17
100
AcDbEntity
  8
GRAPH
100
AcDbLine
 10
6775.0
 20
370.0
 30
0.0
 11
6775.0
 21
406.0
 31
0.0
  0
LINE
  5
1705
330
17
100
AcDbEntity
  8
GRAPH
100
AcDbLine
 10
6775.0
 20
406.0
 30
0.0
 11
6715.0
 21
406.0
 31
0.0
  0
LINE
  5
1706
330
17
100
AcDbEntity
  8
GRAPH
100
AcDbLine
 10
6715.0
 20
406.0
 30
0.0
 11
6715.0
 21
370.0
 31
0.0
  0
CIRCLE
  5
1707
330
17
100
AcDbEntity
  8
GRAPH
100
AcDbCircle
 10
6725.0
 20
388.0
 30
0.0
 40
3.2
  0
TEXT
  5
1708
330
17
100
AcDbEntity
  8
TEXT
100
AcDbText
 10
6731.0
 20
386.0
 30
0.0
 40
1.8
  1
ПСВ-6
 11
6731.0
 21
386.0
 31
0.0
100
AcDbText
  0
TEXT
  5
1709
330
17
100
AcDbEntity
  8
TEXT
100
AcDbText
 10
6719.0
 20
376.0
 30
0.0
 40
1.6
  1
поз.69
 11
6719.0
 21
376.0
 31
0.0
100
AcDbText
  0
LINE
  5
170A
330
17
100
AcDbEntity
  8
GRAPH
100
AcDbLine
 10
6781.0
 20
370.0
 30
0.0
 11
6841.0
 21
370.0
 31
0.0
  0
LINE
  5
170B
330
17
100
AcDbEntity
  8
GRAPH
100
AcDbLine
 10
6841.0
 20
370.0
 30
0.0
 11
6841.0
 21
406.0
 31
0.0
  0
LINE
  5
170C
330
17
100
AcDbEntity
  8
GRAPH
100
AcDbLine
 10
6841.0
 20
406.0
 30
0.0
 11
6781.0
 21
406.0
 31
0.0
  0
LINE
  5
170D
330
17
100
AcDbEntity
  8
GRAPH
100
AcDbLine
 10
6781.0
 20
406.0
 30
0.0
 11
6781.0
 21
370.0
 31
0.0
  0
CIRCLE
  5
170E
330
17
100
AcDbEntity
  8
GRAPH
100
AcDbCircle
 10
6791.0
 20
388.0
 30
0.0
 40
3.2
  0
TEXT
  5
170F
330
17
100
AcDbEntity
  8
TEXT
100
AcDbText
 10
6797.0
 20
386.0
 30
0.0
 40
1.8
  1
ОП-5-6
 11
6797.0
 21
386.0
 31
0.0
100
AcDbText
  0
TEXT
  5
1710
330
17
100
AcDbEntity
  8
TEXT
100
AcDbText
 10
6785.0
 20
376.0
 30
0.0
 40
1.6
  1
поз.70
 11
6785.0
 21
376.0
 31
0.0
100
AcDbText
  0
LINE
  5
1711
330
17
100
AcDbEntity
  8
GRAPH
100
AcDbLine
 10
6847.0
 20
370.0
 30
0.0
 11
6907.0
 21
370.0
 31
0.0
  0
LINE
  5
1712
330
17
100
AcDbEntity
  8
GRAPH
100
AcDbLine
 10
6907.0
 20
370.0
 30
0.0
 11
6907.0
 21
406.0
 31
0.0
  0
LINE
  5
1713
330
17
100
AcDbEntity
  8
GRAPH
100
AcDbLine
 10
6907.0
 20
406.0
 30
0.0
 11
6847.0
 21
406.0
 31
0.0
  0
LINE
  5
1714
330
17
100
AcDbEntity
  8
GRAPH
100
AcDbLine
 10
6847.0
 20
406.0
 30
0.0
 11
6847.0
 21
370.0
 31
0.0
  0
CIRCLE
  5
1715
330
17
100
AcDbEntity
  8
GRAPH
100
AcDbCircle
 10
6857.0
 20
388.0
 30
0.0
 40
3.2
  0
TEXT
  5
1716
330
17
100
AcDbEntity
  8
TEXT
100
AcDbText
 10
6863.0
 20
386.0
 30
0.0
 40
1.8
  1
АПС-6
 11
6863.0
 21
386.0
 31
0.0
100
AcDbText
  0
TEXT
  5
1717
330
17
100
AcDbEntity
  8
TEXT
100
AcDbText
 10
6851.0
 20
376.0
 30
0.0
 40
1.6
  1
поз.71
 11
6851.0
 21
376.0
 31
0.0
100
AcDbText
  0
LINE
  5
1718
330
17
100
AcDbEntity
  8
GRAPH
100
AcDbLine
 10
6913.0
 20
370.0
 30
0.0
 11
6973.0
 21
370.0
 31
0.0
  0
LINE
  5
1719
330
17
100
AcDbEntity
  8
GRAPH
100
AcDbLine
 10
6973.0
 20
370.0
 30
0.0
 11
6973.0
 21
406.0
 31
0.0
  0
LINE
  5
171A
330
17
100
AcDbEntity
  8
GRAPH
100
AcDbLine
 10
6973.0
 20
406.0
 30
0.0
 11
6913.0
 21
406.0
 31
0.0
  0
LINE
  5
171B
330
17
100
AcDbEntity
  8
GRAPH
100
AcDbLine
 10
6913.0
 20
406.0
 30
0.0
 11
6913.0
 21
370.0
 31
0.0
  0
CIRCLE
  5
171C
330
17
100
AcDbEntity
  8
GRAPH
100
AcDbCircle
 10
6923.0
 20
388.0
 30
0.0
 40
3.2
  0
TEXT
  5
171D
330
17
100
AcDbEntity
  8
TEXT
100
AcDbText
 10
6929.0
 20
386.0
 30
0.0
 40
1.8
  1
Ду15-6
 11
6929.0
 21
386.0
 31
0.0
100
AcDbText
  0
TEXT
  5
171E
330
17
100
AcDbEntity
  8
TEXT
100
AcDbText
 10
6917.0
 20
376.0
 30
0.0
 40
1.6
  1
поз.72
 11
6917.0
 21
376.0
 31
0.0
100
AcDbText
  0
LINE
  5
171F
330
17
100
AcDbEntity
  8
GRAPH
100
AcDbLine
 10
6187.0
 20
412.0
 30
0.0
 11
6247.0
 21
412.0
 31
0.0
  0
LINE
  5
1720
330
17
100
AcDbEntity
  8
GRAPH
100
AcDbLine
 10
6247.0
 20
412.0
 30
0.0
 11
6247.0
 21
448.0
 31
0.0
  0
LINE
  5
1721
330
17
100
AcDbEntity
  8
GRAPH
100
AcDbLine
 10
6247.0
 20
448.0
 30
0.0
 11
6187.0
 21
448.0
 31
0.0
  0
LINE
  5
1722
330
17
100
AcDbEntity
  8
GRAPH
100
AcDbLine
 10
6187.0
 20
448.0
 30
0.0
 11
6187.0
 21
412.0
 31
0.0
  0
CIRCLE
  5
1723
330
17
100
AcDbEntity
  8
GRAPH
100
AcDbCircle
 10
6197.0
 20
430.0
 30
0.0
 40
3.2
  0
TEXT
  5
1724
330
17
100
AcDbEntity
  8
TEXT
100
AcDbText
 10
6203.0
 20
428.0
 30
0.0
 40
1.8
  1
ПСВ-7
 11
6203.0
 21
428.0
 31
0.0
100
AcDbText
  0
TEXT
  5
1725
330
17
100
AcDbEntity
  8
TEXT
100
AcDbText
 10
6191.0
 20
418.0
 30
0.0
 40
1.6
  1
поз.73
 11
6191.0
 21
418.0
 31
0.0
100
AcDbText
  0
LINE
  5
1726
330
17
100
AcDbEntity
  8
GRAPH
100
AcDbLine
 10
6253.0
 20
412.0
 30
0.0
 11
6313.0
 21
412.0
 31
0.0
  0
LINE
  5
1727
330
17
100
AcDbEntity
  8
GRAPH
100
AcDbLine
 10
6313.0
 20
412.0
 30
0.0
 11
6313.0
 21
448.0
 31
0.0
  0
LINE
  5
1728
330
17
100
AcDbEntity
  8
GRAPH
100
AcDbLine
 10
6313.0
 20
448.0
 30
0.0
 11
6253.0
 21
448.0
 31
0.0
  0
LINE
  5
1729
330
17
100
AcDbEntity
  8
GRAPH
100
AcDbLine
 10
6253.0
 20
448.0
 30
0.0
 11
6253.0
 21
412.0
 31
0.0
  0
CIRCLE
  5
172A
330
17
100
AcDbEntity
  8
GRAPH
100
AcDbCircle
 10
6263.0
 20
430.0
 30
0.0
 40
3.2
  0
TEXT
  5
172B
330
17
100
AcDbEntity
  8
TEXT
100
AcDbText
 10
6269.0
 20
428.0
 30
0.0
 40
1.8
  1
ОП-5-7
 11
6269.0
 21
428.0
 31
0.0
100
AcDbText
  0
TEXT
  5
172C
330
17
100
AcDbEntity
  8
TEXT
100
AcDbText
 10
6257.0
 20
418.0
 30
0.0
 40
1.6
  1
поз.74
 11
6257.0
 21
418.0
 31
0.0
100
AcDbText
  0
LINE
  5
172D
330
17
100
AcDbEntity
  8
GRAPH
100
AcDbLine
 10
6319.0
 20
412.0
 30
0.0
 11
6379.0
 21
412.0
 31
0.0
  0
LINE
  5
172E
330
17
100
AcDbEntity
  8
GRAPH
100
AcDbLine
 10
6379.0
 20
412.0
 30
0.0
 11
6379.0
 21
448.0
 31
0.0
  0
LINE
  5
172F
330
17
100
AcDbEntity
  8
GRAPH
100
AcDbLine
 10
6379.0
 20
448.0
 30
0.0
 11
6319.0
 21
448.0
 31
0.0
  0
LINE
  5
1730
330
17
100
AcDbEntity
  8
GRAPH
100
AcDbLine
 10
6319.0
 20
448.0
 30
0.0
 11
6319.0
 21
412.0
 31
0.0
  0
CIRCLE
  5
1731
330
17
100
AcDbEntity
  8
GRAPH
100
AcDbCircle
 10
6329.0
 20
430.0
 30
0.0
 40
3.2
  0
TEXT
  5
1732
330
17
100
AcDbEntity
  8
TEXT
100
AcDbText
 10
6335.0
 20
428.0
 30
0.0
 40
1.8
  1
АПС-7
 11
6335.0
 21
428.0
 31
0.0
100
AcDbText
  0
TEXT
  5
1733
330
17
100
AcDbEntity
  8
TEXT
100
AcDbText
 10
6323.0
 20
418.0
 30
0.0
 40
1.6
  1
поз.75
 11
6323.0
 21
418.0
 31
0.0
100
AcDbText
  0
LINE
  5
1734
330
17
100
AcDbEntity
  8
GRAPH
100
AcDbLine
 10
6385.0
 20
412.0
 30
0.0
 11
6445.0
 21
412.0
 31
0.0
  0
LINE
  5
1735
330
17
100
AcDbEntity
  8
GRAPH
100
AcDbLine
 10
6445.0
 20
412.0
 30
0.0
 11
6445.0
 21
448.0
 31
0.0
  0
LINE
  5
1736
330
17
100
AcDbEntity
  8
GRAPH
100
AcDbLine
 10
6445.0
 20
448.0
 30
0.0
 11
6385.0
 21
448.0
 31
0.0
  0
LINE
  5
1737
330
17
100
AcDbEntity
  8
GRAPH
100
AcDbLine
 10
6385.0
 20
448.0
 30
0.0
 11
6385.0
 21
412.0
 31
0.0
  0
CIRCLE
  5
1738
330
17
100
AcDbEntity
  8
GRAPH
100
AcDbCircle
 10
6395.0
 20
430.0
 30
0.0
 40
3.2
  0
TEXT
  5
1739
330
17
100
AcDbEntity
  8
TEXT
100
AcDbText
 10
6401.0
 20
428.0
 30
0.0
 40
1.8
  1
Ду15-7
 11
6401.0
 21
428.0
 31
0.0
100
AcDbText
  0
TEXT
  5
173A
330
17
100
AcDbEntity
  8
TEXT
100
AcDbText
 10
6389.0
 20
418.0
 30
0.0
 40
1.6
  1
поз.76
 11
6389.0
 21
418.0
 31
0.0
100
AcDbText
  0
LINE
  5
173B
330
17
100
AcDbEntity
  8
GRAPH
100
AcDbLine
 10
6451.0
 20
412.0
 30
0.0
 11
6511.0
 21
412.0
 31
0.0
  0
LINE
  5
173C
330
17
100
AcDbEntity
  8
GRAPH
100
AcDbLine
 10
6511.0
 20
412.0
 30
0.0
 11
6511.0
 21
448.0
 31
0.0
  0
LINE
  5
173D
330
17
100
AcDbEntity
  8
GRAPH
100
AcDbLine
 10
6511.0
 20
448.0
 30
0.0
 11
6451.0
 21
448.0
 31
0.0
  0
LINE
  5
173E
330
17
100
AcDbEntity
  8
GRAPH
100
AcDbLine
 10
6451.0
 20
448.0
 30
0.0
 11
6451.0
 21
412.0
 31
0.0
  0
CIRCLE
  5
173F
330
17
100
AcDbEntity
  8
GRAPH
100
AcDbCircle
 10
6461.0
 20
430.0
 30
0.0
 40
3.2
  0
TEXT
  5
1740
330
17
100
AcDbEntity
  8
TEXT
100
AcDbText
 10
6467.0
 20
428.0
 30
0.0
 40
1.8
  1
220В-7
 11
6467.0
 21
428.0
 31
0.0
100
AcDbText
  0
TEXT
  5
1741
330
17
100
AcDbEntity
  8
TEXT
100
AcDbText
 10
6455.0
 20
418.0
 30
0.0
 40
1.6
  1
поз.77
 11
6455.0
 21
418.0
 31
0.0
100
AcDbText
  0
LINE
  5
1742
330
17
100
AcDbEntity
  8
GRAPH
100
AcDbLine
 10
6517.0
 20
412.0
 30
0.0
 11
6577.0
 21
412.0
 31
0.0
  0
LINE
  5
1743
330
17
100
AcDbEntity
  8
GRAPH
100
AcDbLine
 10
6577.0
 20
412.0
 30
0.0
 11
6577.0
 21
448.0
 31
0.0
  0
LINE
  5
1744
330
17
100
AcDbEntity
  8
GRAPH
100
AcDbLine
 10
6577.0
 20
448.0
 30
0.0
 11
6517.0
 21
448.0
 31
0.0
  0
LINE
  5
1745
330
17
100
AcDbEntity
  8
GRAPH
100
AcDbLine
 10
6517.0
 20
448.0
 30
0.0
 11
6517.0
 21
412.0
 31
0.0
  0
CIRCLE
  5
1746
330
17
100
AcDbEntity
  8
GRAPH
100
AcDbCircle
 10
6527.0
 20
430.0
 30
0.0
 40
3.2
  0
TEXT
  5
1747
330
17
100
AcDbEntity
  8
TEXT
100
AcDbText
 10
6533.0
 20
428.0
 30
0.0
 40
1.8
  1
Св.-7
 11
6533.0
 21
428.0
 31
0.0
100
AcDbText
  0
TEXT
  5
1748
330
17
100
AcDbEntity
  8
TEXT
100
AcDbText
 10
6521.0
 20
418.0
 30
0.0
 40
1.6
  1
поз.78
 11
6521.0
 21
418.0
 31
0.0
100
AcDbText
  0
LINE
  5
1749
330
17
100
AcDbEntity
  8
GRAPH
100
AcDbLine
 10
6583.0
 20
412.0
 30
0.0
 11
6643.0
 21
412.0
 31
0.0
  0
LINE
  5
174A
330
17
100
AcDbEntity
  8
GRAPH
100
AcDbLine
 10
6643.0
 20
412.0
 30
0.0
 11
6643.0
 21
448.0
 31
0.0
  0
LINE
  5
174B
330
17
100
AcDbEntity
  8
GRAPH
100
AcDbLine
 10
6643.0
 20
448.0
 30
0.0
 11
6583.0
 21
448.0
 31
0.0
  0
LINE
  5
174C
330
17
100
AcDbEntity
  8
GRAPH
100
AcDbLine
 10
6583.0
 20
448.0
 30
0.0
 11
6583.0
 21
412.0
 31
0.0
  0
CIRCLE
  5
174D
330
17
100
AcDbEntity
  8
GRAPH
100
AcDbCircle
 10
6593.0
 20
430.0
 30
0.0
 40
3.2
  0
TEXT
  5
174E
330
17
100
AcDbEntity
  8
TEXT
100
AcDbText
 10
6599.0
 20
428.0
 30
0.0
 40
1.8
  1
ИПР-7
 11
6599.0
 21
428.0
 31
0.0
100
AcDbText
  0
TEXT
  5
174F
330
17
100
AcDbEntity
  8
TEXT
100
AcDbText
 10
6587.0
 20
418.0
 30
0.0
 40
1.6
  1
поз.79
 11
6587.0
 21
418.0
 31
0.0
100
AcDbText
  0
LINE
  5
1750
330
17
100
AcDbEntity
  8
GRAPH
100
AcDbLine
 10
6649.0
 20
412.0
 30
0.0
 11
6709.0
 21
412.0
 31
0.0
  0
LINE
  5
1751
330
17
100
AcDbEntity
  8
GRAPH
100
AcDbLine
 10
6709.0
 20
412.0
 30
0.0
 11
6709.0
 21
448.0
 31
0.0
  0
LINE
  5
1752
330
17
100
AcDbEntity
  8
GRAPH
100
AcDbLine
 10
6709.0
 20
448.0
 30
0.0
 11
6649.0
 21
448.0
 31
0.0
  0
LINE
  5
1753
330
17
100
AcDbEntity
  8
GRAPH
100
AcDbLine
 10
6649.0
 20
448.0
 30
0.0
 11
6649.0
 21
412.0
 31
0.0
  0
CIRCLE
  5
1754
330
17
100
AcDbEntity
  8
GRAPH
100
AcDbCircle
 10
6659.0
 20
430.0
 30
0.0
 40
3.2
  0
TEXT
  5
1755
330
17
100
AcDbEntity
  8
TEXT
100
AcDbText
 10
6665.0
 20
428.0
 30
0.0
 40
1.8
  1
Кран-7
 11
6665.0
 21
428.0
 31
0.0
100
AcDbText
  0
TEXT
  5
1756
330
17
100
AcDbEntity
  8
TEXT
100
AcDbText
 10
6653.0
 20
418.0
 30
0.0
 40
1.6
  1
поз.80
 11
6653.0
 21
418.0
 31
0.0
100
AcDbText
  0
LINE
  5
1757
330
17
100
AcDbEntity
  8
GRAPH
100
AcDbLine
 10
6715.0
 20
412.0
 30
0.0
 11
6775.0
 21
412.0
 31
0.0
  0
LINE
  5
1758
330
17
100
AcDbEntity
  8
GRAPH
100
AcDbLine
 10
6775.0
 20
412.0
 30
0.0
 11
6775.0
 21
448.0
 31
0.0
  0
LINE
  5
1759
330
17
100
AcDbEntity
  8
GRAPH
100
AcDbLine
 10
6775.0
 20
448.0
 30
0.0
 11
6715.0
 21
448.0
 31
0.0
  0
LINE
  5
175A
330
17
100
AcDbEntity
  8
GRAPH
100
AcDbLine
 10
6715.0
 20
448.0
 30
0.0
 11
6715.0
 21
412.0
 31
0.0
  0
CIRCLE
  5
175B
330
17
100
AcDbEntity
  8
GRAPH
100
AcDbCircle
 10
6725.0
 20
430.0
 30
0.0
 40
3.2
  0
TEXT
  5
175C
330
17
100
AcDbEntity
  8
TEXT
100
AcDbText
 10
6731.0
 20
428.0
 30
0.0
 40
1.8
  1
ПСВ-7
 11
6731.0
 21
428.0
 31
0.0
100
AcDbText
  0
TEXT
  5
175D
330
17
100
AcDbEntity
  8
TEXT
100
AcDbText
 10
6719.0
 20
418.0
 30
0.0
 40
1.6
  1
поз.81
 11
6719.0
 21
418.0
 31
0.0
100
AcDbText
  0
LINE
  5
175E
330
17
100
AcDbEntity
  8
GRAPH
100
AcDbLine
 10
6781.0
 20
412.0
 30
0.0
 11
6841.0
 21
412.0
 31
0.0
  0
LINE
  5
175F
330
17
100
AcDbEntity
  8
GRAPH
100
AcDbLine
 10
6841.0
 20
412.0
 30
0.0
 11
6841.0
 21
448.0
 31
0.0
  0
LINE
  5
1760
330
17
100
AcDbEntity
  8
GRAPH
100
AcDbLine
 10
6841.0
 20
448.0
 30
0.0
 11
6781.0
 21
448.0
 31
0.0
  0
LINE
  5
1761
330
17
100
AcDbEntity
  8
GRAPH
100
AcDbLine
 10
6781.0
 20
448.0
 30
0.0
 11
6781.0
 21
412.0
 31
0.0
  0
CIRCLE
  5
1762
330
17
100
AcDbEntity
  8
GRAPH
100
AcDbCircle
 10
6791.0
 20
430.0
 30
0.0
 40
3.2
  0
TEXT
  5
1763
330
17
100
AcDbEntity
  8
TEXT
100
AcDbText
 10
6797.0
 20
428.0
 30
0.0
 40
1.8
  1
ОП-5-7
 11
6797.0
 21
428.0
 31
0.0
100
AcDbText
  0
TEXT
  5
1764
330
17
100
AcDbEntity
  8
TEXT
100
AcDbText
 10
6785.0
 20
418.0
 30
0.0
 40
1.6
  1
поз.82
 11
6785.0
 21
418.0
 31
0.0
100
AcDbText
  0
LINE
  5
1765
330
17
100
AcDbEntity
  8
GRAPH
100
AcDbLine
 10
6847.0
 20
412.0
 30
0.0
 11
6907.0
 21
412.0
 31
0.0
  0
LINE
  5
1766
330
17
100
AcDbEntity
  8
GRAPH
100
AcDbLine
 10
6907.0
 20
412.0
 30
0.0
 11
6907.0
 21
448.0
 31
0.0
  0
LINE
  5
1767
330
17
100
AcDbEntity
  8
GRAPH
100
AcDbLine
 10
6907.0
 20
448.0
 30
0.0
 11
6847.0
 21
448.0
 31
0.0
  0
LINE
  5
1768
330
17
100
AcDbEntity
  8
GRAPH
100
AcDbLine
 10
6847.0
 20
448.0
 30
0.0
 11
6847.0
 21
412.0
 31
0.0
  0
CIRCLE
  5
1769
330
17
100
AcDbEntity
  8
GRAPH
100
AcDbCircle
 10
6857.0
 20
430.0
 30
0.0
 40
3.2
  0
TEXT
  5
176A
330
17
100
AcDbEntity
  8
TEXT
100
AcDbText
 10
6863.0
 20
428.0
 30
0.0
 40
1.8
  1
АПС-7
 11
6863.0
 21
428.0
 31
0.0
100
AcDbText
  0
TEXT
  5
176B
330
17
100
AcDbEntity
  8
TEXT
100
AcDbText
 10
6851.0
 20
418.0
 30
0.0
 40
1.6
  1
поз.83
 11
6851.0
 21
418.0
 31
0.0
100
AcDbText
  0
LINE
  5
176C
330
17
100
AcDbEntity
  8
GRAPH
100
AcDbLine
 10
6913.0
 20
412.0
 30
0.0
 11
6973.0
 21
412.0
 31
0.0
  0
LINE
  5
176D
330
17
100
AcDbEntity
  8
GRAPH
100
AcDbLine
 10
6973.0
 20
412.0
 30
0.0
 11
6973.0
 21
448.0
 31
0.0
  0
LINE
  5
176E
330
17
100
AcDbEntity
  8
GRAPH
100
AcDbLine
 10
6973.0
 20
448.0
 30
0.0
 11
6913.0
 21
448.0
 31
0.0
  0
LINE
  5
176F
330
17
100
AcDbEntity
  8
GRAPH
100
AcDbLine
 10
6913.0
 20
448.0
 30
0.0
 11
6913.0
 21
412.0
 31
0.0
  0
CIRCLE
  5
1770
330
17
100
AcDbEntity
  8
GRAPH
100
AcDbCircle
 10
6923.0
 20
430.0
 30
0.0
 40
3.2
  0
TEXT
  5
1771
330
17
100
AcDbEntity
  8
TEXT
100
AcDbText
 10
6929.0
 20
428.0
 30
0.0
 40
1.8
  1
Ду15-7
 11
6929.0
 21
428.0
 31
0.0
100
AcDbText
  0
TEXT
  5
1772
330
17
100
AcDbEntity
  8
TEXT
100
AcDbText
 10
6917.0
 20
418.0
 30
0.0
 40
1.6
  1
поз.84
 11
6917.0
 21
418.0
 31
0.0
100
AcDbText
  0
LINE
  5
1773
330
17
100
AcDbEntity
  8
GRAPH
100
AcDbLine
 10
6187.0
 20
454.0
 30
0.0
 11
6247.0
 21
454.0
 31
0.0
  0
LINE
  5
1774
330
17
100
AcDbEntity
  8
GRAPH
100
AcDbLine
 10
6247.0
 20
454.0
 30
0.0
 11
6247.0
 21
490.0
 31
0.0
  0
LINE
  5
1775
330
17
100
AcDbEntity
  8
GRAPH
100
AcDbLine
 10
6247.0
 20
490.0
 30
0.0
 11
6187.0
 21
490.0
 31
0.0
  0
LINE
  5
1776
330
17
100
AcDbEntity
  8
GRAPH
100
AcDbLine
 10
6187.0
 20
490.0
 30
0.0
 11
6187.0
 21
454.0
 31
0.0
  0
CIRCLE
  5
1777
330
17
100
AcDbEntity
  8
GRAPH
100
AcDbCircle
 10
6197.0
 20
472.0
 30
0.0
 40
3.2
  0
TEXT
  5
1778
330
17
100
AcDbEntity
  8
TEXT
100
AcDbText
 10
6203.0
 20
470.0
 30
0.0
 40
1.8
  1
ПСВ-8
 11
6203.0
 21
470.0
 31
0.0
100
AcDbText
  0
TEXT
  5
1779
330
17
100
AcDbEntity
  8
TEXT
100
AcDbText
 10
6191.0
 20
460.0
 30
0.0
 40
1.6
  1
поз.85
 11
6191.0
 21
460.0
 31
0.0
100
AcDbText
  0
LINE
  5
177A
330
17
100
AcDbEntity
  8
GRAPH
100
AcDbLine
 10
6253.0
 20
454.0
 30
0.0
 11
6313.0
 21
454.0
 31
0.0
  0
LINE
  5
177B
330
17
100
AcDbEntity
  8
GRAPH
100
AcDbLine
 10
6313.0
 20
454.0
 30
0.0
 11
6313.0
 21
490.0
 31
0.0
  0
LINE
  5
177C
330
17
100
AcDbEntity
  8
GRAPH
100
AcDbLine
 10
6313.0
 20
490.0
 30
0.0
 11
6253.0
 21
490.0
 31
0.0
  0
LINE
  5
177D
330
17
100
AcDbEntity
  8
GRAPH
100
AcDbLine
 10
6253.0
 20
490.0
 30
0.0
 11
6253.0
 21
454.0
 31
0.0
  0
CIRCLE
  5
177E
330
17
100
AcDbEntity
  8
GRAPH
100
AcDbCircle
 10
6263.0
 20
472.0
 30
0.0
 40
3.2
  0
TEXT
  5
177F
330
17
100
AcDbEntity
  8
TEXT
100
AcDbText
 10
6269.0
 20
470.0
 30
0.0
 40
1.8
  1
ОП-5-8
 11
6269.0
 21
470.0
 31
0.0
100
AcDbText
  0
TEXT
  5
1780
330
17
100
AcDbEntity
  8
TEXT
100
AcDbText
 10
6257.0
 20
460.0
 30
0.0
 40
1.6
  1
поз.86
 11
6257.0
 21
460.0
 31
0.0
100
AcDbText
  0
LINE
  5
1781
330
17
100
AcDbEntity
  8
GRAPH
100
AcDbLine
 10
6319.0
 20
454.0
 30
0.0
 11
6379.0
 21
454.0
 31
0.0
  0
LINE
  5
1782
330
17
100
AcDbEntity
  8
GRAPH
100
AcDbLine
 10
6379.0
 20
454.0
 30
0.0
 11
6379.0
 21
490.0
 31
0.0
  0
LINE
  5
1783
330
17
100
AcDbEntity
  8
GRAPH
100
AcDbLine
 10
6379.0
 20
490.0
 30
0.0
 11
6319.0
 21
490.0
 31
0.0
  0
LINE
  5
1784
330
17
100
AcDbEntity
  8
GRAPH
100
AcDbLine
 10
6319.0
 20
490.0
 30
0.0
 11
6319.0
 21
454.0
 31
0.0
  0
CIRCLE
  5
1785
330
17
100
AcDbEntity
  8
GRAPH
100
AcDbCircle
 10
6329.0
 20
472.0
 30
0.0
 40
3.2
  0
TEXT
  5
1786
330
17
100
AcDbEntity
  8
TEXT
100
AcDbText
 10
6335.0
 20
470.0
 30
0.0
 40
1.8
  1
АПС-8
 11
6335.0
 21
470.0
 31
0.0
100
AcDbText
  0
TEXT
  5
1787
330
17
100
AcDbEntity
  8
TEXT
100
AcDbText
 10
6323.0
 20
460.0
 30
0.0
 40
1.6
  1
поз.87
 11
6323.0
 21
460.0
 31
0.0
100
AcDbText
  0
LINE
  5
1788
330
17
100
AcDbEntity
  8
GRAPH
100
AcDbLine
 10
6385.0
 20
454.0
 30
0.0
 11
6445.0
 21
454.0
 31
0.0
  0
LINE
  5
1789
330
17
100
AcDbEntity
  8
GRAPH
100
AcDbLine
 10
6445.0
 20
454.0
 30
0.0
 11
6445.0
 21
490.0
 31
0.0
  0
LINE
  5
178A
330
17
100
AcDbEntity
  8
GRAPH
100
AcDbLine
 10
6445.0
 20
490.0
 30
0.0
 11
6385.0
 21
490.0
 31
0.0
  0
LINE
  5
178B
330
17
100
AcDbEntity
  8
GRAPH
100
AcDbLine
 10
6385.0
 20
490.0
 30
0.0
 11
6385.0
 21
454.0
 31
0.0
  0
CIRCLE
  5
178C
330
17
100
AcDbEntity
  8
GRAPH
100
AcDbCircle
 10
6395.0
 20
472.0
 30
0.0
 40
3.2
  0
TEXT
  5
178D
330
17
100
AcDbEntity
  8
TEXT
100
AcDbText
 10
6401.0
 20
470.0
 30
0.0
 40
1.8
  1
Ду15-8
 11
6401.0
 21
470.0
 31
0.0
100
AcDbText
  0
TEXT
  5
178E
330
17
100
AcDbEntity
  8
TEXT
100
AcDbText
 10
6389.0
 20
460.0
 30
0.0
 40
1.6
  1
поз.88
 11
6389.0
 21
460.0
 31
0.0
100
AcDbText
  0
LINE
  5
178F
330
17
100
AcDbEntity
  8
GRAPH
100
AcDbLine
 10
6451.0
 20
454.0
 30
0.0
 11
6511.0
 21
454.0
 31
0.0
  0
LINE
  5
1790
330
17
100
AcDbEntity
  8
GRAPH
100
AcDbLine
 10
6511.0
 20
454.0
 30
0.0
 11
6511.0
 21
490.0
 31
0.0
  0
LINE
  5
1791
330
17
100
AcDbEntity
  8
GRAPH
100
AcDbLine
 10
6511.0
 20
490.0
 30
0.0
 11
6451.0
 21
490.0
 31
0.0
  0
LINE
  5
1792
330
17
100
AcDbEntity
  8
GRAPH
100
AcDbLine
 10
6451.0
 20
490.0
 30
0.0
 11
6451.0
 21
454.0
 31
0.0
  0
CIRCLE
  5
1793
330
17
100
AcDbEntity
  8
GRAPH
100
AcDbCircle
 10
6461.0
 20
472.0
 30
0.0
 40
3.2
  0
TEXT
  5
1794
330
17
100
AcDbEntity
  8
TEXT
100
AcDbText
 10
6467.0
 20
470.0
 30
0.0
 40
1.8
  1
220В-8
 11
6467.0
 21
470.0
 31
0.0
100
AcDbText
  0
TEXT
  5
1795
330
17
100
AcDbEntity
  8
TEXT
100
AcDbText
 10
6455.0
 20
460.0
 30
0.0
 40
1.6
  1
поз.89
 11
6455.0
 21
460.0
 31
0.0
100
AcDbText
  0
LINE
  5
1796
330
17
100
AcDbEntity
  8
GRAPH
100
AcDbLine
 10
6517.0
 20
454.0
 30
0.0
 11
6577.0
 21
454.0
 31
0.0
  0
LINE
  5
1797
330
17
100
AcDbEntity
  8
GRAPH
100
AcDbLine
 10
6577.0
 20
454.0
 30
0.0
 11
6577.0
 21
490.0
 31
0.0
  0
LINE
  5
1798
330
17
100
AcDbEntity
  8
GRAPH
100
AcDbLine
 10
6577.0
 20
490.0
 30
0.0
 11
6517.0
 21
490.0
 31
0.0
  0
LINE
  5
1799
330
17
100
AcDbEntity
  8
GRAPH
100
AcDbLine
 10
6517.0
 20
490.0
 30
0.0
 11
6517.0
 21
454.0
 31
0.0
  0
CIRCLE
  5
179A
330
17
100
AcDbEntity
  8
GRAPH
100
AcDbCircle
 10
6527.0
 20
472.0
 30
0.0
 40
3.2
  0
TEXT
  5
179B
330
17
100
AcDbEntity
  8
TEXT
100
AcDbText
 10
6533.0
 20
470.0
 30
0.0
 40
1.8
  1
Св.-8
 11
6533.0
 21
470.0
 31
0.0
100
AcDbText
  0
TEXT
  5
179C
330
17
100
AcDbEntity
  8
TEXT
100
AcDbText
 10
6521.0
 20
460.0
 30
0.0
 40
1.6
  1
поз.90
 11
6521.0
 21
460.0
 31
0.0
100
AcDbText
  0
LINE
  5
179D
330
17
100
AcDbEntity
  8
GRAPH
100
AcDbLine
 10
6583.0
 20
454.0
 30
0.0
 11
6643.0
 21
454.0
 31
0.0
  0
LINE
  5
179E
330
17
100
AcDbEntity
  8
GRAPH
100
AcDbLine
 10
6643.0
 20
454.0
 30
0.0
 11
6643.0
 21
490.0
 31
0.0
  0
LINE
  5
179F
330
17
100
AcDbEntity
  8
GRAPH
100
AcDbLine
 10
6643.0
 20
490.0
 30
0.0
 11
6583.0
 21
490.0
 31
0.0
  0
LINE
  5
17A0
330
17
100
AcDbEntity
  8
GRAPH
100
AcDbLine
 10
6583.0
 20
490.0
 30
0.0
 11
6583.0
 21
454.0
 31
0.0
  0
CIRCLE
  5
17A1
330
17
100
AcDbEntity
  8
GRAPH
100
AcDbCircle
 10
6593.0
 20
472.0
 30
0.0
 40
3.2
  0
TEXT
  5
17A2
330
17
100
AcDbEntity
  8
TEXT
100
AcDbText
 10
6599.0
 20
470.0
 30
0.0
 40
1.8
  1
ИПР-8
 11
6599.0
 21
470.0
 31
0.0
100
AcDbText
  0
TEXT
  5
17A3
330
17
100
AcDbEntity
  8
TEXT
100
AcDbText
 10
6587.0
 20
460.0
 30
0.0
 40
1.6
  1
поз.91
 11
6587.0
 21
460.0
 31
0.0
100
AcDbText
  0
LINE
  5
17A4
330
17
100
AcDbEntity
  8
GRAPH
100
AcDbLine
 10
6649.0
 20
454.0
 30
0.0
 11
6709.0
 21
454.0
 31
0.0
  0
LINE
  5
17A5
330
17
100
AcDbEntity
  8
GRAPH
100
AcDbLine
 10
6709.0
 20
454.0
 30
0.0
 11
6709.0
 21
490.0
 31
0.0
  0
LINE
  5
17A6
330
17
100
AcDbEntity
  8
GRAPH
100
AcDbLine
 10
6709.0
 20
490.0
 30
0.0
 11
6649.0
 21
490.0
 31
0.0
  0
LINE
  5
17A7
330
17
100
AcDbEntity
  8
GRAPH
100
AcDbLine
 10
6649.0
 20
490.0
 30
0.0
 11
6649.0
 21
454.0
 31
0.0
  0
CIRCLE
  5
17A8
330
17
100
AcDbEntity
  8
GRAPH
100
AcDbCircle
 10
6659.0
 20
472.0
 30
0.0
 40
3.2
  0
TEXT
  5
17A9
330
17
100
AcDbEntity
  8
TEXT
100
AcDbText
 10
6665.0
 20
470.0
 30
0.0
 40
1.8
  1
Кран-8
 11
6665.0
 21
470.0
 31
0.0
100
AcDbText
  0
TEXT
  5
17AA
330
17
100
AcDbEntity
  8
TEXT
100
AcDbText
 10
6653.0
 20
460.0
 30
0.0
 40
1.6
  1
поз.92
 11
6653.0
 21
460.0
 31
0.0
100
AcDbText
  0
LINE
  5
17AB
330
17
100
AcDbEntity
  8
GRAPH
100
AcDbLine
 10
6715.0
 20
454.0
 30
0.0
 11
6775.0
 21
454.0
 31
0.0
  0
LINE
  5
17AC
330
17
100
AcDbEntity
  8
GRAPH
100
AcDbLine
 10
6775.0
 20
454.0
 30
0.0
 11
6775.0
 21
490.0
 31
0.0
  0
LINE
  5
17AD
330
17
100
AcDbEntity
  8
GRAPH
100
AcDbLine
 10
6775.0
 20
490.0
 30
0.0
 11
6715.0
 21
490.0
 31
0.0
  0
LINE
  5
17AE
330
17
100
AcDbEntity
  8
GRAPH
100
AcDbLine
 10
6715.0
 20
490.0
 30
0.0
 11
6715.0
 21
454.0
 31
0.0
  0
CIRCLE
  5
17AF
330
17
100
AcDbEntity
  8
GRAPH
100
AcDbCircle
 10
6725.0
 20
472.0
 30
0.0
 40
3.2
  0
TEXT
  5
17B0
330
17
100
AcDbEntity
  8
TEXT
100
AcDbText
 10
6731.0
 20
470.0
 30
0.0
 40
1.8
  1
ПСВ-8
 11
6731.0
 21
470.0
 31
0.0
100
AcDbText
  0
TEXT
  5
17B1
330
17
100
AcDbEntity
  8
TEXT
100
AcDbText
 10
6719.0
 20
460.0
 30
0.0
 40
1.6
  1
поз.93
 11
6719.0
 21
460.0
 31
0.0
100
AcDbText
  0
LINE
  5
17B2
330
17
100
AcDbEntity
  8
GRAPH
100
AcDbLine
 10
6781.0
 20
454.0
 30
0.0
 11
6841.0
 21
454.0
 31
0.0
  0
LINE
  5
17B3
330
17
100
AcDbEntity
  8
GRAPH
100
AcDbLine
 10
6841.0
 20
454.0
 30
0.0
 11
6841.0
 21
490.0
 31
0.0
  0
LINE
  5
17B4
330
17
100
AcDbEntity
  8
GRAPH
100
AcDbLine
 10
6841.0
 20
490.0
 30
0.0
 11
6781.0
 21
490.0
 31
0.0
  0
LINE
  5
17B5
330
17
100
AcDbEntity
  8
GRAPH
100
AcDbLine
 10
6781.0
 20
490.0
 30
0.0
 11
6781.0
 21
454.0
 31
0.0
  0
CIRCLE
  5
17B6
330
17
100
AcDbEntity
  8
GRAPH
100
AcDbCircle
 10
6791.0
 20
472.0
 30
0.0
 40
3.2
  0
TEXT
  5
17B7
330
17
100
AcDbEntity
  8
TEXT
100
AcDbText
 10
6797.0
 20
470.0
 30
0.0
 40
1.8
  1
ОП-5-8
 11
6797.0
 21
470.0
 31
0.0
100
AcDbText
  0
TEXT
  5
17B8
330
17
100
AcDbEntity
  8
TEXT
100
AcDbText
 10
6785.0
 20
460.0
 30
0.0
 40
1.6
  1
поз.94
 11
6785.0
 21
460.0
 31
0.0
100
AcDbText
  0
LINE
  5
17B9
330
17
100
AcDbEntity
  8
GRAPH
100
AcDbLine
 10
6847.0
 20
454.0
 30
0.0
 11
6907.0
 21
454.0
 31
0.0
  0
LINE
  5
17BA
330
17
100
AcDbEntity
  8
GRAPH
100
AcDbLine
 10
6907.0
 20
454.0
 30
0.0
 11
6907.0
 21
490.0
 31
0.0
  0
LINE
  5
17BB
330
17
100
AcDbEntity
  8
GRAPH
100
AcDbLine
 10
6907.0
 20
490.0
 30
0.0
 11
6847.0
 21
490.0
 31
0.0
  0
LINE
  5
17BC
330
17
100
AcDbEntity
  8
GRAPH
100
AcDbLine
 10
6847.0
 20
490.0
 30
0.0
 11
6847.0
 21
454.0
 31
0.0
  0
CIRCLE
  5
17BD
330
17
100
AcDbEntity
  8
GRAPH
100
AcDbCircle
 10
6857.0
 20
472.0
 30
0.0
 40
3.2
  0
TEXT
  5
17BE
330
17
100
AcDbEntity
  8
TEXT
100
AcDbText
 10
6863.0
 20
470.0
 30
0.0
 40
1.8
  1
АПС-8
 11
6863.0
 21
470.0
 31
0.0
100
AcDbText
  0
TEXT
  5
17BF
330
17
100
AcDbEntity
  8
TEXT
100
AcDbText
 10
6851.0
 20
460.0
 30
0.0
 40
1.6
  1
поз.95
 11
6851.0
 21
460.0
 31
0.0
100
AcDbText
  0
LINE
  5
17C0
330
17
100
AcDbEntity
  8
GRAPH
100
AcDbLine
 10
6913.0
 20
454.0
 30
0.0
 11
6973.0
 21
454.0
 31
0.0
  0
LINE
  5
17C1
330
17
100
AcDbEntity
  8
GRAPH
100
AcDbLine
 10
6973.0
 20
454.0
 30
0.0
 11
6973.0
 21
490.0
 31
0.0
  0
LINE
  5
17C2
330
17
100
AcDbEntity
  8
GRAPH
100
AcDbLine
 10
6973.0
 20
490.0
 30
0.0
 11
6913.0
 21
490.0
 31
0.0
  0
LINE
  5
17C3
330
17
100
AcDbEntity
  8
GRAPH
100
AcDbLine
 10
6913.0
 20
490.0
 30
0.0
 11
6913.0
 21
454.0
 31
0.0
  0
CIRCLE
  5
17C4
330
17
100
AcDbEntity
  8
GRAPH
100
AcDbCircle
 10
6923.0
 20
472.0
 30
0.0
 40
3.2
  0
TEXT
  5
17C5
330
17
100
AcDbEntity
  8
TEXT
100
AcDbText
 10
6929.0
 20
470.0
 30
0.0
 40
1.8
  1
Ду15-8
 11
6929.0
 21
470.0
 31
0.0
100
AcDbText
  0
TEXT
  5
17C6
330
17
100
AcDbEntity
  8
TEXT
100
AcDbText
 10
6917.0
 20
460.0
 30
0.0
 40
1.6
  1
поз.96
 11
6917.0
 21
460.0
 31
0.0
100
AcDbText
  0
TEXT
  5
17C7
330
17
100
AcDbEntity
  8
TEXT
100
AcDbText
 10
6181.0
 20
88.0
 30
0.0
 40
2.8
  1
ПРИМЕЧАНИЯ. Намеренные расхождения:
 11
6181.0
 21
88.0
 31
0.0
100
AcDbText
  0
TEXT
  5
17C8
330
17
100
AcDbEntity
  8
TEXT
100
AcDbText
 10
6181.0
 20
80.0
 30
0.0
 40
2.05
  1
1. площадь застройки принята 2450 м2. по расчёту ПЗУ площадь равна 2180 м2.
 11
6181.0
 21
80.0
 31
0.0
100
AcDbText
  0
TEXT
  5
17C9
330
17
100
AcDbEntity
  8
TEXT
100
AcDbText
 10
6181.0
 20
75.6
 30
0.0
 40
2.05
  1
2. масштаб чертежа 1:100. в задании указан масштаб 1:200.
 11
6181.0
 21
75.6
 31
0.0
100
AcDbText
  0
TEXT
  5
17CA
330
17
100
AcDbEntity
  8
TEXT
100
AcDbText
 10
6181.0
 20
71.2
 30
0.0
 40
2.05
  1
3. длина участка L=12.50 м. по обмеру длина участка L=11.80 м.
 11
6181.0
 21
71.2
 31
0.0
100
AcDbText
  0
TEXT
  5
17CB
330
17
100
AcDbEntity
  8
TEXT
100
AcDbText
 10
6181.0
 20
66.8
 30
0.0
 40
2.05
  1
4. счетчик ВСХН-20 количество 7 шт. по заданию требуется 4 шт ВСХН-20.
 11
6181.0
 21
66.8
 31
0.0
100
AcDbText
  0
TEXT
  5
17CC
330
17
100
AcDbEntity
  8
TEXT
100
AcDbText
 10
6181.0
 20
62.4
 30
0.0
 40
2.05
  1
5. отметка чистого пола +0.150. в разрезе отметка чистого пола +0.250.
 11
6181.0
 21
62.4
 31
0.0
100
AcDbText
  0
TEXT
  5
17CD
330
17
100
AcDbEntity
  8
TEXT
100
AcDbText
 10
6181.0
 20
58.0
 30
0.0
 40
2.05
  1
6. высота здания 54.00 м. по разрезу высота здания 51.60 м.
 11
6181.0
 21
58.0
 31
0.0
100
AcDbText
  0
TEXT
  5
17CE
330
17
100
AcDbEntity
  8
TEXT
100
AcDbText
 10
6181.0
 20
53.599999999999994
 30
0.0
 40
2.05
  1
7. машиномест в стилобате 86. по расчёту требуется 72 машиноместа.
 11
6181.0
 21
53.599999999999994
 31
0.0
100
AcDbText
  0
TEXT
  5
17CF
330
17
100
AcDbEntity
  8
TEXT
100
AcDbText
 10
6181.0
 20
49.199999999999996
 30
0.0
 40
2.05
  1
8. степень огнестойкости II. в задании степень огнестойкости III.
 11
6181.0
 21
49.199999999999996
 31
0.0
100
AcDbText
  0
TEXT
  5
17D0
330
17
100
AcDbEntity
  8
TEXT
100
AcDbText
 10
6181.0
 20
44.8
 30
0.0
 40
2.05
  1
9. грузоподъёмность лифта 1000 кг. по заданию лифт 630 кг.
 11
6181.0
 21
44.8
 31
0.0
100
AcDbText
  0
TEXT
  5
17D1
330
17
100
AcDbEntity
  8
TEXT
100
AcDbText
 10
6181.0
 20
40.4
 30
0.0
 40
2.05
  1
10. ввод водопровода Ду100. по ТУ ввод водопровода Ду80.
 11
6181.0
 21
40.4
 31
0.0
100
AcDbText
  0
TEXT
  5
17D2
330
17
100
AcDbEntity
  8
TEXT
100
AcDbText
 10
6181.0
 20
36.0
 30
0.0
 40
2.05
  1
11. надземных этажей 17. в задании надземных этажей 16.
 11
6181.0
 21
36.0
 31
0.0
100
AcDbText
  0
TEXT
  5
17D3
330
17
100
AcDbEntity
  8
TEXT
100
AcDbText
 10
6181.0
 20
31.599999999999994
 30
0.0
 40
2.05
  1
12. озеленение участка 28 %. по ПЗЗ озеленение не менее 35 %.
 11
6181.0
 21
31.599999999999994
 31
0.0
100
AcDbText
  0
TEXT
  5
17D4
330
17
100
AcDbEntity
  8
TEXT
100
AcDbText
 10
6181.0
 20
27.199999999999996
 30
0.0
 40
2.05
  1
13. площадь квартиры 105 равна 38.4 м2. по обмеру квартира 105 равна 42.1 м2.
 11
6181.0
 21
27.199999999999996
 31
0.0
100
AcDbText
  0
TEXT
  5
17D5
330
17
100
AcDbEntity
  8
TEXT
100
AcDbText
 10
6181.0
 20
22.799999999999997
 30
0.0
 40
2.05
  1
14. ширина лестничного марша 1.20 м. по нормам ширина марша 1.35 м.
 11
6181.0
 21
22.799999999999997
 31
0.0
100
AcDbText
  0
TEXT
  5
17D6
330
17
100
AcDbEntity
  8
TEXT
100
AcDbText
 10
6181.0
 20
18.39999999999999
 30
0.0
 40
2.05
  1
15. расчётная мощность 250 кВт. по ТУ электроснабжения 180 кВт.
 11
6181.0
 21
18.39999999999999
 31
0.0
100
AcDbText
  0
LINE
  5
17D7
330
17
100
AcDbEntity
  8
GRAPH
100
AcDbLine
 10
6788.0
 20
14.0
 30
0.0
 11
6988.0
 21
14.0
 31
0.0
  0
LINE
  5
17D8
330
17
100
AcDbEntity
  8
GRAPH
100
AcDbLine
 10
6988.0
 20
14.0
 30
0.0
 11
6988.0
 21
84.0
 31
0.0
  0
LINE
  5
17D9
330
17
100
AcDbEntity
  8
GRAPH
100
AcDbLine
 10
6988.0
 20
84.0
 30
0.0
 11
6788.0
 21
84.0
 31
0.0
  0
LINE
  5
17DA
330
17
100
AcDbEntity
  8
GRAPH
100
AcDbLine
 10
6788.0
 20
84.0
 30
0.0
 11
6788.0
 21
14.0
 31
0.0
  0
LINE
  5
17DB
330
17
100
AcDbEntity
  8
GRAPH
100
AcDbLine
 10
6788.0
 20
36.0
 30
0.0
 11
6988.0
 21
36.0
 31
0.0
  0
LINE
  5
17DC
330
17
100
AcDbEntity
  8
GRAPH
100
AcDbLine
 10
6788.0
 20
58.0
 30
0.0
 11
6988.0
 21
58.0
 31
0.0
  0
LINE
  5
17DD
330
17
100
AcDbEntity
  8
GRAPH
100
AcDbLine
 10
6878.0
 20
14.0
 30
0.0
 11
6878.0
 21
84.0
 31
0.0
  0
TEXT
  5
17DE
330
17
100
AcDbEntity
  8
TEXT
100
AcDbText
 10
6792.0
 20
66.0
 30
0.0
 40
2.4
  1
Северный квартал
 11
6792.0
 21
66.0
 31
0.0
100
AcDbText
  0
TEXT
  5
17DF
330
17
100
AcDbEntity
  8
TEXT
100
AcDbText
 10
6882.0
 20
66.0
 30
0.0
 40
2.6
  1
Лист 8/8
 11
6882.0
 21
66.0
 31
0.0
100
AcDbText
  0
TEXT
  5
17E0
330
17
100
AcDbEntity
  8
TEXT
100
AcDbText
 10
6792.0
 20
44.0
 30
0.0
 40
2.2
  1
Узел учёта ИТП
 11
6792.0
 21
44.0
 31
0.0
100
AcDbText
  0
TEXT
  5
17E1
330
17
100
AcDbEntity
  8
TEXT
100
AcDbText
 10
6882.0
 20
44.0
 30
0.0
 40
2.1
  1
масштаб чертежа 1:100
 11
6882.0
 21
44.0
 31
0.0
100
AcDbText
  0
TEXT
  5
17E2
330
17
100
AcDbEntity
  8
TEXT
100
AcDbText
 10
6792.0
 20
24.0
 30
0.0
 40
2.0
  1
в задании указан масштаб 1:200
 11
6792.0
 21
24.0
 31
0.0
100
AcDbText
  0
ENDSEC
  0
SECTION
  2
OBJECTS
  0
DICTIONARY
  5
A
330
0
100
AcDbDictionary
281
1
  3
ACAD_COLOR
350
B
  3
ACAD_GROUP
350
C
  3
ACAD_LAYOUT
350
D
  3
ACAD_MATERIAL
350
E
  3
ACAD_MLEADERSTYLE
350
F
  3
ACAD_MLINESTYLE
350
10
  3
ACAD_PLOTSETTINGS
350
11
  3
ACAD_PLOTSTYLENAME
350
12
  3
ACAD_SCALELIST
350
14
  3
ACAD_TABLESTYLE
350
15
  3
ACAD_VISUALSTYLE
350
16
  3
EZDXF_META
350
2D
  0
DICTIONARY
  5
B
330
A
100
AcDbDictionary
281
1
  0
DICTIONARY
  5
C
330
A
100
AcDbDictionary
281
1
  0
DICTIONARY
  5
D
330
A
100
AcDbDictionary
281
1
  3
Model
350
1A
  3
Layout1
350
1E
  0
DICTIONARY
  5
E
330
A
100
AcDbDictionary
281
1
  3
ByBlock
350
1F
  3
ByLayer
350
20
  3
Global
350
21
  0
DICTIONARY
  5
F
330
A
100
AcDbDictionary
281
1
  3
Standard
350
2C
  0
DICTIONARY
  5
10
330
A
100
AcDbDictionary
281
1
  3
Standard
350
22
  0
DICTIONARY
  5
11
330
A
100
AcDbDictionary
281
1
  0
ACDBDICTIONARYWDFLT
  5
12
330
A
100
AcDbDictionary
281
1
  3
Normal
350
13
100
AcDbDictionaryWithDefault
340
13
  0
ACDBPLACEHOLDER
  5
13
330
12
  0
DICTIONARY
  5
14
330
A
100
AcDbDictionary
281
1
  0
DICTIONARY
  5
15
330
A
100
AcDbDictionary
281
1
  0
DICTIONARY
  5
16
330
A
100
AcDbDictionary
281
1
  3
2dWireframe
350
5A
  3
Basic
350
5B
  3
Brighten
350
5C
  3
ColorChange
350
5D
  3
Conceptual
350
5E
  3
Dim
350
5F
  3
EdgeColorOff
350
60
  3
Facepattern
350
61
  3
Flat
350
62
  3
FlatWithEdges
350
63
  3
Gouraud
350
64
  3
GouraudWithEdges
350
65
  3
Hidden
350
66
  3
JitterOff
350
67
  3
Linepattern
350
68
  3
Modeling
350
69
  3
OverhangOff
350
6A
  3
Realistic
350
6B
  3
Shaded
350
6C
  3
Shaded with edges
350
6D
  3
Shades of Gray
350
6E
  3
Sketchy
350
6F
  3
Thicken
350
70
  3
Wireframe
350
71
  3
X-Ray
350
72
  0
LAYOUT
  5
1A
330
D
100
AcDbPlotSettings
  1

  4
A3
  6

 40
7.5
 41
20.0
 42
7.5
 43
20.0
 44
420.0
 45
297.0
 46
0.0
 47
0.0
 48
0.0
 49
0.0
140
0.0
141
0.0
142
1.0
143
1.0
 70
1024
 72
1
 73
0
 74
5
  7

 75
16
 76
0
 77
2
 78
300
147
1.0
148
0.0
149
0.0
100
AcDbLayout
  1
Model
 70
1
 71
0
 10
0.0
 20
0.0
 11
420.0
 21
297.0
 12
0.0
 22
0.0
 32
0.0
 14
1e+20
 24
1e+20
 34
1e+20
 15
-1e+20
 25
-1e+20
 35
-1e+20
146
0.0
 13
0.0
 23
0.0
 33
0.0
 16
1.0
 26
0.0
 36
0.0
 17
0.0
 27
1.0
 37
0.0
 76
1
330
17
  0
LAYOUT
  5
1E
330
D
100
AcDbPlotSettings
  1

  4
A3
  6

 40
7.5
 41
20.0
 42
7.5
 43
20.0
 44
420.0
 45
297.0
 46
0.0
 47
0.0
 48
0.0
 49
0.0
140
0.0
141
0.0
142
1.0
143
1.0
 70
0
 72
1
 73
0
 74
5
  7

 75
16
 76
0
 77
2
 78
300
147
1.0
148
0.0
149
0.0
100
AcDbLayout
  1
Layout1
 70
1
 71
1
 10
0.0
 20
0.0
 11
420.0
 21
297.0
 12
0.0
 22
0.0
 32
0.0
 14
1e+20
 24
1e+20
 34
1e+20
 15
-1e+20
 25
-1e+20
 35
-1e+20
146
0.0
 13
0.0
 23
0.0
 33
0.0
 16
1.0
 26
0.0
 36
0.0
 17
0.0
 27
1.0
 37
0.0
 76
1
330
1B
  0
MATERIAL
  5
1F
102
{ACAD_REACTORS
330
E
102
}
330
E
100
AcDbMaterial
  1
ByBlock
  2

 70
0
 40
1.0
 71
1
 41
1.0
 91
-1023410177
 42
1.0
 72
1
  3

 73
1
 74
1
 75
1
 44
0.5
 73
0
 45
1.0
 46
1.0
 77
1
  4

 78
1
 79
1
170
1
 48
1.0
171
1
  6

172
1
173
1
174
1
140
1.0
141
1.0
175
1
  7

176
1
177
1
178
1
143
1.0
179
1
  8

270
1
271
1
272
1
145
1.0
146
1.0
273
1
  9

274
1
275
1
276
1
 42
1.0
 72
1
  3

 73
1
 74
1
 75
1
 94
63
  0
MATERIAL
  5
20
102
{ACAD_REACTORS
330
E
102
}
330
E
100
AcDbMaterial
  1
ByLayer
  2

 70
0
 40
1.0
 71
1
 41
1.0
 91
-1023410177
 42
1.0
 72
1
  3

 73
1
 74
1
 75
1
 44
0.5
 73
0
 45
1.0
 46
1.0
 77
1
  4

 78
1
 79
1
170
1
 48
1.0
171
1
  6

172
1
173
1
174
1
140
1.0
141
1.0
175
1
  7

176
1
177
1
178
1
143
1.0
179
1
  8

270
1
271
1
272
1
145
1.0
146
1.0
273
1
  9

274
1
275
1
276
1
 42
1.0
 72
1
  3

 73
1
 74
1
 75
1
 94
63
  0
MATERIAL
  5
21
102
{ACAD_REACTORS
330
E
102
}
330
E
100
AcDbMaterial
  1
Global
  2

 70
0
 40
1.0
 71
1
 41
1.0
 91
-1023410177
 42
1.0
 72
1
  3

 73
1
 74
1
 75
1
 44
0.5
 73
0
 45
1.0
 46
1.0
 77
1
  4

 78
1
 79
1
170
1
 48
1.0
171
1
  6

172
1
173
1
174
1
140
1.0
141
1.0
175
1
  7

176
1
177
1
178
1
143
1.0
179
1
  8

270
1
271
1
272
1
145
1.0
146
1.0
273
1
  9

274
1
275
1
276
1
 42
1.0
 72
1
  3

 73
1
 74
1
 75
1
 94
63
  0
MLINESTYLE
  5
22
102
{ACAD_REACTORS
330
10
102
}
330
10
100
AcDbMlineStyle
  2
Standard
 70
0
  3

 62
256
 51
90.0
 52
90.0
 71
2
 49
0.5
 62
256
  6
BYLAYER
 49
-0.5
 62
256
  6
BYLAYER
  0
MLEADERSTYLE
  5
2C
102
{ACAD_REACTORS
330
F
102
}
330
F
100
AcDbMLeaderStyle
179
2
170
2
171
1
172
0
 90
2
 40
0.0
 41
0.0
173
1
 91
-1056964608
 92
-2
290
1
 42
2.0
291
1
 43
8.0
  3
Standard
 44
4.0
300

342
29
174
1
175
1
176
0
178
1
 93
-1056964608
 45
4.0
292
0
297
0
 46
4.0
 94
-1056964608
 47
1.0
 49
1.0
140
1.0
294
1
141
0.0
177
0
142
1.0
295
0
296
0
143
3.75
271
0
272
9
273
9
  0
DICTIONARY
  5
2D
330
A
100
AcDbDictionary
280
1
281
1
  3
CREATED_BY_EZDXF
350
2E
  3
WRITTEN_BY_EZDXF
350
17E5
  0
DICTIONARYVAR
  5
2E
330
2D
100
DictionaryVariables
280
0
  1
1.4.4 @ 2026-09-19T08:00:02.582928+00:00
  0
VISUALSTYLE
  5
5A
102
{ACAD_REACTORS
330
16
102
}
330
16
100
AcDbVisualStyle
  2
2dWireframe
 70
4
 90
0
 40
0.6
 62
7
290
0
291
0
  0
VISUALSTYLE
  5
5B
102
{ACAD_REACTORS
330
16
102
}
330
16
100
AcDbVisualStyle
  2
Basic
 70
7
 90
1
 40
0.6
 62
7
290
0
291
1
  0
VISUALSTYLE
  5
5C
102
{ACAD_REACTORS
330
16
102
}
330
16
100
AcDbVisualStyle
  2
Brighten
 70
12
 90
2
 40
0.6
 62
7
290
0
291
1
  0
VISUALSTYLE
  5
5D
102
{ACAD_REACTORS
330
16
102
}
330
16
100
AcDbVisualStyle
  2
ColorChange
 70
16
 90
2
 40
0.6
 62
8
290
0
291
1
  0
VISUALSTYLE
  5
5E
102
{ACAD_REACTORS
330
16
102
}
330
16
100
AcDbVisualStyle
  2
Conceptual
 70
9
 90
3
 40
0.6
 62
7
290
0
291
0
  0
VISUALSTYLE
  5
5F
102
{ACAD_REACTORS
330
16
102
}
330
16
100
AcDbVisualStyle
  2
Dim
 70
11
 90
2
 40
0.6
 62
7
290
0
291
1
  0
VISUALSTYLE
  5
60
102
{ACAD_REACTORS
330
16
102
}
330
16
100
AcDbVisualStyle
  2
EdgeColorOff
 70
22
 90
2
 40
0.6
 62
7
290
0
291
1
  0
VISUALSTYLE
  5
61
102
{ACAD_REACTORS
330
16
102
}
330
16
100
AcDbVisualStyle
  2
Facepattern
 70
15
 90
2
 40
0.6
 62
7
290
0
291
1
  0
VISUALSTYLE
  5
62
102
{ACAD_REACTORS
330
16
102
}
330
16
100
AcDbVisualStyle
  2
Flat
 70
0
 90
2
 40
0.6
 62
7
290
0
291
1
  0
VISUALSTYLE
  5
63
102
{ACAD_REACTORS
330
16
102
}
330
16
100
AcDbVisualStyle
  2
FlatWithEdges
 70
1
 90
2
 40
0.6
 62
7
290
0
291
1
  0
VISUALSTYLE
  5
64
102
{ACAD_REACTORS
330
16
102
}
330
16
100
AcDbVisualStyle
  2
Gouraud
 70
2
 90
2
 40
0.6
 62
7
290
0
291
1
  0
VISUALSTYLE
  5
65
102
{ACAD_REACTORS
330
16
102
}
330
16
100
AcDbVisualStyle
  2
GouraudWithEdges
 70
3
 90
2
 40
0.6
 62
7
290
0
291
1
  0
VISUALSTYLE
  5
66
102
{ACAD_REACTORS
330
16
102
}
330
16
100
AcDbVisualStyle
  2
Hidden
 70
6
 90
1
 40
0.6
 62
7
290
0
291
0
  0
VISUALSTYLE
  5
67
102
{ACAD_REACTORS
330
16
102
}
330
16
100
AcDbVisualStyle
  2
JitterOff
 70
20
 90
2
 40
0.6
 62
7
290
0
291
1
  0
VISUALSTYLE
  5
68
102
{ACAD_REACTORS
330
16
102
}
330
16
100
AcDbVisualStyle
  2
Linepattern
 70
14
 90
2
 40
0.6
 62
7
290
0
291
1
  0
VISUALSTYLE
  5
69
102
{ACAD_REACTORS
330
16
102
}
330
16
100
AcDbVisualStyle
  2
Modeling
 70
10
 90
2
 40
0.6
 62
7
290
0
291
0
  0
VISUALSTYLE
  5
6A
102
{ACAD_REACTORS
330
16
102
}
330
16
100
AcDbVisualStyle
  2
OverhangOff
 70
21
 90
2
 40
0.6
 62
7
290
0
291
1
  0
VISUALSTYLE
  5
6B
102
{ACAD_REACTORS
330
16
102
}
330
16
100
AcDbVisualStyle
  2
Realistic
 70
8
 90
2
 40
0.6
 62
7
290
0
291
0
  0
VISUALSTYLE
  5
6C
102
{ACAD_REACTORS
330
16
102
}
330
16
100
AcDbVisualStyle
  2
Shaded
 70
27
 90
2
 40
0.6
 62
7
290
0
291
0
  0
VISUALSTYLE
  5
6D
102
{ACAD_REACTORS
330
16
102
}
330
16
100
AcDbVisualStyle
  2
Shaded with edges
 70
26
 90
2
 40
0.6
 62
7
290
0
291
0
  0
VISUALSTYLE
  5
6E
102
{ACAD_REACTORS
330
16
102
}
330
16
100
AcDbVisualStyle
  2
Shades of Gray
 70
23
 90
2
 40
0.6
 62
7
290
0
291
0
  0
VISUALSTYLE
  5
6F
102
{ACAD_REACTORS
330
16
102
}
330
16
100
AcDbVisualStyle
  2
Sketchy
 70
24
 90
1
 40
0.6
 62
7
290
0
291
0
  0
VISUALSTYLE
  5
70
102
{ACAD_REACTORS
330
16
102
}
330
16
100
AcDbVisualStyle
  2
Thicken
 70
13
 90
2
 40
0.6
 62
7
290
0
291
1
  0
VISUALSTYLE
  5
71
102
{ACAD_REACTORS
330
16
102
}
330
16
100
AcDbVisualStyle
  2
Wireframe
 70
5
 90
0
 40
0.6
 62
7
290
0
291
0
  0
VISUALSTYLE
  5
72
102
{ACAD_REACTORS
330
16
102
}
330
16
100
AcDbVisualStyle
  2
X-Ray
 70
25
 90
2
 40
0.5
 62
7
290
0
291
0
  0
DICTIONARYVAR
  5
17E5
330
2D
100
DictionaryVariables
280
0
  1
1.4.4 @ 2026-09-19T08:00:02.782601+00:00
  0
ENDSEC
  0
EOF
