  0
SECTION
  2
HEADER
  9
$ACADVER
  1
AC1015
  9
$ACADMAINTVER
 70
6
  9
$DWGCODEPAGE
  3
ANSI_1251
  9
$INSBASE
 10
0.0
 20
0.0
 30
0.0
  9
$EXTMIN
 10
1e+20
 20
1e+20
 30
1e+20
  9
$EXTMAX
 10
-1e+20
 20
-1e+20
 30
-1e+20
  9
$LIMMIN
 10
0.0
 20
0.0
  9
$LIMMAX
 10
420.0
 20
297.0
  9
$ORTHOMODE
 70
0
  9
$REGENMODE
 70
1
  9
$FILLMODE
 70
1
  9
$QTEXTMODE
 70
0
  9
$MIRRTEXT
 70
1
  9
$LTSCALE
 40
1.0
  9
$ATTMODE
 70
1
  9
$TEXTSIZE
 40
2.5
  9
$TRACEWID
 40
1.0
  9
$TEXTSTYLE
  7
OpenSans
  9
$CLAYER
  8
0
  9
$CELTYPE
  6
ByLayer
  9
$CECOLOR
 62
256
  9
$CELTSCALE
 40
1.0
  9
$DISPSILH
 70
0
  9
$DIMSCALE
 40
1.0
  9
$DIMASZ
 40
0.175
  9
$DIMEXO
 40
0.125
  9
$DIMDLI
 40
3.75
  9
$DIMRND
 40
0.0
  9
$DIMDLE
 40
0.0
  9
$DIMEXE
 40
0.375
  9
$DIMTP
 40
0.0
  9
$DIMTM
 40
0.0
  9
$DIMTXT
 40
0.25
  9
$DIMCEN
 40
2.5
  9
$DIMTSZ
 40
0.0
  9
$DIMTOL
 70
0
  9
$DIMLIM
 70
0
  9
$DIMTIH
 70
0
  9
$DIMTOH
 70
0
  9
$DIMSE1
 70
0
  9
$DIMSE2
 70
0
  9
$DIMTAD
 70
1
  9
$DIMZIN
 70
12
  9
$DIMBLK
  1
ARCHTICK
  9
$DIMASO
 70
1
  9
$DIMSHO
 70
1
  9
$DIMPOST
  1

  9
$DIMAPOST
  1

  9
$DIMALT
 70
0
  9
$DIMALTD
 70
3
  9
$DIMALTF
 40
0.03937007874
  9
$DIMLFAC
 40
100.0
  9
$DIMTOFL
 70
1
  9
$DIMTVP
 40
0.0
  9
$DIMTIX
 70
0
  9
$DIMSOXD
 70
0
  9
$DIMSAH
 70
0
  9
$DIMBLK1
  1

  9
$DIMBLK2
  1

  9
$DIMSTYLE
  2
EZDXF
  9
$DIMCLRD
 70
0
  9
$DIMCLRE
 70
0
  9
$DIMCLRT
 70
0
  9
$DIMTFAC
 40
0.5
  9
$DIMGAP
 40
0.1
  9
$DIMJUST
 70
0
  9
$DIMSD1
 70
0
  9
$DIMSD2
 70
0
  9
$DIMTOLJ
 70
0
  9
$DIMTZIN
 70
8
  9
$DIMALTZ
 70
0
  9
$DIMALTTZ
 70
0
  9
$DIMUPT
 70
1
  9
$DIMDEC
 70
2
  9
$DIMTDEC
 70
2
  9
$DIMALTU
 70
2
  9
$DIMALTTD
 70
3
  9
$DIMTXSTY
  7
OpenSansCondensed-Light
  9
$DIMAUNIT
 70
0
  9
$DIMADEC
 70
2
  9
$DIMALTRND
 40
0.0
  9
$DIMAZIN
 70
3
  9
$DIMDSEP
 70
46
  9
$DIMATFIT
 70
3
  9
$DIMFRAC
 70
0
  9
$DIMLDRBLK
  1

  9
$DIMLUNIT
 70
2
  9
$DIMLWD
 70
-2
  9
$DIMLWE
 70
-2
  9
$DIMTMOVE
 70
2
  9
$LUNITS
 70
2
  9
$LUPREC
 70
4
  9
$SKETCHINC
 40
1.0
  9
$FILLETRAD
 40
10.0
  9
$AUNITS
 70
0
  9
$AUPREC
 70
2
  9
$MENU
  1
.
  9
$ELEVATION
 40
0.0
  9
$PELEVATION
 40
0.0
  9
$THICKNESS
 40
0.0
  9
$LIMCHECK
 70
0
  9
$CHAMFERA
 40
0.0
  9
$CHAMFERB
 40
0.0
  9
$CHAMFERC
 40
0.0
  9
$CHAMFERD
 40
0.0
  9
$SKPOLY
 70
0
  9
$TDCREATE
 40
2461303.6087152776
  9
$TDUCREATE
 40
2458532.153996898
  9
$TDUPDATE
 40
2461303.6087152776
  9
$TDUUPDATE
 40
2458532.1544311
  9
$TDINDWG
 40
0.0
  9
$TDUSRTIMER
 40
0.0
  9
$USRTIMER
 70
1
  9
$ANGBASE
 50
0.0
  9
$ANGDIR
 70
0
  9
$PDMODE
 70
0
  9
$PDSIZE
 40
0.0
  9
$PLINEWID
 40
0.0
  9
$SPLFRAME
 70
0
  9
$SPLINETYPE
 70
6
  9
$SPLINESEGS
 70
8
  9
$HANDSEED
  5
C3C
  9
$SURFTAB1
 70
6
  9
$SURFTAB2
 70
6
  9
$SURFTYPE
 70
6
  9
$SURFU
 70
6
  9
$SURFV
 70
6
  9
$UCSBASE
  2

  9
$UCSNAME
  2

  9
$UCSORG
 10
0.0
 20
0.0
 30
0.0
  9
$UCSXDIR
 10
1.0
 20
0.0
 30
0.0
  9
$UCSYDIR
 10
0.0
 20
1.0
 30
0.0
  9
$UCSORTHOREF
  2

  9
$UCSORTHOVIEW
 70
0
  9
$UCSORGTOP
 10
0.0
 20
0.0
 30
0.0
  9
$UCSORGBOTTOM
 10
0.0
 20
0.0
 30
0.0
  9
$UCSORGLEFT
 10
0.0
 20
0.0
 30
0.0
  9
$UCSORGRIGHT
 10
0.0
 20
0.0
 30
0.0
  9
$UCSORGFRONT
 10
0.0
 20
0.0
 30
0.0
  9
$UCSORGBACK
 10
0.0
 20
0.0
 30
0.0
  9
$PUCSBASE
  2

  9
$PUCSNAME
  2

  9
$PUCSORG
 10
0.0
 20
0.0
 30
0.0
  9
$PUCSXDIR
 10
1.0
 20
0.0
 30
0.0
  9
$PUCSYDIR
 10
0.0
 20
1.0
 30
0.0
  9
$PUCSORTHOREF
  2

  9
$PUCSORTHOVIEW
 70
0
  9
$PUCSORGTOP
 10
0.0
 20
0.0
 30
0.0
  9
$PUCSORGBOTTOM
 10
0.0
 20
0.0
 30
0.0
  9
$PUCSORGLEFT
 10
0.0
 20
0.0
 30
0.0
  9
$PUCSORGRIGHT
 10
0.0
 20
0.0
 30
0.0
  9
$PUCSORGFRONT
 10
0.0
 20
0.0
 30
0.0
  9
$PUCSORGBACK
 10
0.0
 20
0.0
 30
0.0
  9
$USERI1
 70
0
  9
$USERI2
 70
0
  9
$USERI3
 70
0
  9
$USERI4
 70
0
  9
$USERI5
 70
0
  9
$USERR1
 40
0.0
  9
$USERR2
 40
0.0
  9
$USERR3
 40
0.0
  9
$USERR4
 40
0.0
  9
$USERR5
 40
0.0
  9
$WORLDVIEW
 70
1
  9
$SHADEDGE
 70
3
  9
$SHADEDIF
 70
70
  9
$TILEMODE
 70
1
  9
$MAXACTVP
 70
64
  9
$PINSBASE
 10
0.0
 20
0.0
 30
0.0
  9
$PLIMCHECK
 70
0
  9
$PEXTMIN
 10
1e+20
 20
1e+20
 30
1e+20
  9
$PEXTMAX
 10
-1e+20
 20
-1e+20
 30
-1e+20
  9
$PLIMMIN
 10
0.0
 20
0.0
  9
$PLIMMAX
 10
420.0
 20
297.0
  9
$UNITMODE
 70
0
  9
$VISRETAIN
 70
1
  9
$PLINEGEN
 70
0
  9
$PSLTSCALE
 70
1
  9
$TREEDEPTH
 70
3020
  9
$CMLSTYLE
  2
Standard
  9
$CMLJUST
 70
0
  9
$CMLSCALE
 40
20.0
  9
$PROXYGRAPHICS
 70
1
  9
$MEASUREMENT
 70
1
  9
$CELWEIGHT
370
-1
  9
$ENDCAPS
280
0
  9
$JOINSTYLE
280
0
  9
$LWDISPLAY
290
0
  9
$INSUNITS
 70
4
  9
$HYPERLINKBASE
  1

  9
$STYLESHEET
  1

  9
$XEDIT
290
1
  9
$CEPSNTYPE
380
0
  9
$PSTYLEMODE
290
1
  9
$FINGERPRINTGUID
  2
{6A987667-88CC-43B5-82AE-355F4DAD1BD8}
  9
$VERSIONGUID
  2
{A5D6D339-EDEE-4CB7-9EE9-156E171C5F92}
  9
$EXTNAMES
290
1
  9
$PSVPSCALE
 40
0.0
  9
$OLESTARTUP
290
0
  0
ENDSEC
  0
SECTION
  2
CLASSES
  0
CLASS
  1
ACDBDICTIONARYWDFLT
  2
AcDbDictionaryWithDefault
  3
ObjectDBX Classes
 90
0
280
0
281
0
  0
CLASS
  1
SUN
  2
AcDbSun
  3
SCENEOE
 90
1153
280
0
281
0
  0
CLASS
  1
VISUALSTYLE
  2
AcDbVisualStyle
  3
ObjectDBX Classes
 90
4095
280
0
281
0
  0
CLASS
  1
MATERIAL
  2
AcDbMaterial
  3
ObjectDBX Classes
 90
1153
280
0
281
0
  0
CLASS
  1
SCALE
  2
AcDbScale
  3
ObjectDBX Classes
 90
1153
280
0
281
0
  0
CLASS
  1
TABLESTYLE
  2
AcDbTableStyle
  3
ObjectDBX Classes
 90
4095
280
0
281
0
  0
CLASS
  1
MLEADERSTYLE
  2
AcDbMLeaderStyle
  3
ACDB_MLEADERSTYLE_CLASS
 90
4095
280
0
281
0
  0
CLASS
  1
DICTIONARYVAR
  2
AcDbDictionaryVar
  3
ObjectDBX Classes
 90
0
280
0
281
0
  0
CLASS
  1
CELLSTYLEMAP
  2
AcDbCellStyleMap
  3
ObjectDBX Classes
 90
1152
280
0
281
0
  0
CLASS
  1
MENTALRAYRENDERSETTINGS
  2
AcDbMentalRayRenderSettings
  3
SCENEOE
 90
1024
280
0
281
0
  0
CLASS
  1
ACDBDETAILVIEWSTYLE
  2
AcDbDetailViewStyle
  3
ObjectDBX Classes
 90
1025
280
0
281
0
  0
CLASS
  1
ACDBSECTIONVIEWSTYLE
  2
AcDbSectionViewStyle
  3
ObjectDBX Classes
 90
1025
280
0
281
0
  0
CLASS
  1
RASTERVARIABLES
  2
AcDbRasterVariables
  3
ISM
 90
0
280
0
281
0
  0
CLASS
  1
ACDBPLACEHOLDER
  2
AcDbPlaceHolder
  3
ObjectDBX Classes
 90
0
280
0
281
0
  0
CLASS
  1
LAYOUT
  2
AcDbLayout
  3
ObjectDBX Classes
 90
0
280
0
281
0
  0
ENDSEC
  0
SECTION
  2
TABLES
  0
TABLE
  2
VPORT
  5
8
330
0
100
AcDbSymbolTable
 70
1
  0
VPORT
  5
23
330
8
100
AcDbSymbolTableRecord
100
AcDbViewportTableRecord
  2
*Active
 70
0
 10
0.0
 20
0.0
 11
1.0
 21
1.0
 12
0.0
 22
0.0
 13
0.0
 23
0.0
 14
0.5
 24
0.5
 15
0.5
 25
0.5
 16
0.0
 26
0.0
 36
1.0
 17
0.0
 27
0.0
 37
0.0
 40
1000.0
 41
1.34
 42
50.0
 43
0.0
 44
0.0
 50
0.0
 51
0.0
 71
0
 72
1000
 73
1
 74
3
 75
0
 76
0
 77
0
 78
0
281
0
 65
0
146
0.0
  0
ENDTAB
  0
TABLE
  2
LTYPE
  5
2
330
0
100
AcDbSymbolTable
 70
21
  0
LTYPE
  5
24
330
2
100
AcDbSymbolTableRecord
100
AcDbLinetypeTableRecord
  2
ByBlock
 70
0
  3

 72
65
 73
0
 40
0.0
  0
LTYPE
  5
25
330
2
100
AcDbSymbolTableRecord
100
AcDbLinetypeTableRecord
  2
ByLayer
 70
0
  3

 72
65
 73
0
 40
0.0
  0
LTYPE
  5
26
330
2
100
AcDbSymbolTableRecord
100
AcDbLinetypeTableRecord
  2
Continuous
 70
0
  3

 72
65
 73
0
 40
0.0
  0
LTYPE
  5
2F
330
2
100
AcDbSymbolTableRecord
100
AcDbLinetypeTableRecord
  2
CENTER
 70
0
  3
Center ____ _ ____ _ ____ _ ____ _ ____ _ ____
 72
65
 73
4
 40
5.08
 49
3.175
 74
0
 49
-0.635
 74
0
 49
0.635
 74
0
 49
-0.635
 74
0
  0
LTYPE
  5
30
330
2
100
AcDbSymbolTableRecord
100
AcDbLinetypeTableRecord
  2
CENTERX2
 70
0
  3
Center (2x) ________  __  ________  __  ________
 72
65
 73
4
 40
8.89
 49
6.35
 74
0
 49
-0.635
 74
0
 49
1.27
 74
0
 49
-0.635
 74
0
  0
LTYPE
  5
31
330
2
100
AcDbSymbolTableRecord
100
AcDbLinetypeTableRecord
  2
CENTER2
 70
0
  3
Center (.5x) ____ _ ____ _ ____ _ ____ _ ____
 72
65
 73
4
 40
2.54
 49
1.587
 74
0
 49
-0.318
 74
0
 49
0.318
 74
0
 49
-0.318
 74
0
  0
LTYPE
  5
32
330
2
100
AcDbSymbolTableRecord
100
AcDbLinetypeTableRecord
  2
DASHED
 70
0
  3
Dashed __ __ __ __ __ __ __ __ __ __ __ __ __ _
 72
65
 73
2
 40
1.524
 49
1.27
 74
0
 49
-0.254
 74
0
  0
LTYPE
  5
33
330
2
100
AcDbSymbolTableRecord
100
AcDbLinetypeTableRecord
  2
DASHEDX2
 70
0
  3
Dashed (2x) ____  ____  ____  ____  ____  ____
 72
65
 73
2
 40
3.048
 49
2.54
 74
0
 49
-0.508
 74
0
  0
LTYPE
  5
34
330
2
100
AcDbSymbolTableRecord
100
AcDbLinetypeTableRecord
  2
DASHED2
 70
0
  3
Dashed (.5x) _ _ _ _ _ _ _ _ _ _ _ _ _ _
 72
65
 73
2
 40
0.762
 49
0.635
 74
0
 49
-0.127
 74
0
  0
LTYPE
  5
35
330
2
100
AcDbSymbolTableRecord
100
AcDbLinetypeTableRecord
  2
PHANTOM
 70
0
  3
Phantom ______  __  __  ______  __  __  ______
 72
65
 73
6
 40
6.35
 49
3.175
 74
0
 49
-0.635
 74
0
 49
0.635
 74
0
 49
-0.635
 74
0
 49
0.635
 74
0
 49
-0.635
 74
0
  0
LTYPE
  5
36
330
2
100
AcDbSymbolTableRecord
100
AcDbLinetypeTableRecord
  2
PHANTOMX2
 70
0
  3
Phantom (2x)____________    ____    ____    ____________
 72
65
 73
6
 40
10.795
 49
6.35
 74
0
 49
-0.635
 74
0
 49
1.27
 74
0
 49
-0.635
 74
0
 49
1.27
 74
0
 49
-0.635
 74
0
  0
LTYPE
  5
37
330
2
100
AcDbSymbolTableRecord
100
AcDbLinetypeTableRecord
  2
PHANTOM2
 70
0
  3
Phantom (.5x) ___ _ _ ___ _ _ ___ _ _ ___ _ _ ___
 72
65
 73
6
 40
3.175
 49
1.587
 74
0
 49
-0.318
 74
0
 49
0.318
 74
0
 49
-0.318
 74
0
 49
0.318
 74
0
 49
-0.318
 74
0
  0
LTYPE
  5
38
330
2
100
AcDbSymbolTableRecord
100
AcDbLinetypeTableRecord
  2
DASHDOT
 70
0
  3
Dash dot __ . __ . __ . __ . __ . __ . __ . __
 72
65
 73
4
 40
3.556
 49
2.54
 74
0
 49
-0.508
 74
0
 49
0.0
 74
0
 49
-0.508
 74
0
  0
LTYPE
  5
39
330
2
100
AcDbSymbolTableRecord
100
AcDbLinetypeTableRecord
  2
DASHDOTX2
 70
0
  3
Dash dot (2x) ____  .  ____  .  ____  .  ____
 72
65
 73
4
 40
6.096
 49
5.08
 74
0
 49
-0.508
 74
0
 49
0.0
 74
0
 49
-0.508
 74
0
  0
LTYPE
  5
3A
330
2
100
AcDbSymbolTableRecord
100
AcDbLinetypeTableRecord
  2
DASHDOT2
 70
0
  3
Dash dot (.5x) _ . _ . _ . _ . _ . _ . _ . _
 72
65
 73
4
 40
1.778
 49
1.27
 74
0
 49
-0.254
 74
0
 49
0.0
 74
0
 49
-0.254
 74
0
  0
LTYPE
  5
3B
330
2
100
AcDbSymbolTableRecord
100
AcDbLinetypeTableRecord
  2
DOT
 70
0
  3
Dot .  .  .  .  .  .  .  .  .  .  .  .  .  .  .  .
 72
65
 73
2
 40
0.508
 49
0.0
 74
0
 49
-0.508
 74
0
  0
LTYPE
  5
3C
330
2
100
AcDbSymbolTableRecord
100
AcDbLinetypeTableRecord
  2
DOTX2
 70
0
  3
Dot (2x) .    .    .    .    .    .    .    . 
 72
65
 73
2
 40
1.016
 49
0.0
 74
0
 49
-1.016
 74
0
  0
LTYPE
  5
3D
330
2
100
AcDbSymbolTableRecord
100
AcDbLinetypeTableRecord
  2
DOT2
 70
0
  3
Dot (.5) . . . . . . . . . . . . . . . . . . . 
 72
65
 73
2
 40
0.254
 49
0.0
 74
0
 49
-0.254
 74
0
  0
LTYPE
  5
3E
330
2
100
AcDbSymbolTableRecord
100
AcDbLinetypeTableRecord
  2
DIVIDE
 70
0
  3
Divide __ . . __ . . __ . . __ . . __ . . __
 72
65
 73
6
 40
4.064
 49
2.54
 74
0
 49
-0.508
 74
0
 49
0.0
 74
0
 49
-0.508
 74
0
 49
0.0
 74
0
 49
-0.508
 74
0
  0
LTYPE
  5
3F
330
2
100
AcDbSymbolTableRecord
100
AcDbLinetypeTableRecord
  2
DIVIDEX2
 70
0
  3
Divide (2x) ____  . .  ____  . .  ____  . .  ____
 72
65
 73
6
 40
6.604
 49
5.08
 74
0
 49
-0.508
 74
0
 49
0.0
 74
0
 49
-0.508
 74
0
 49
0.0
 74
0
 49
-0.508
 74
0
  0
LTYPE
  5
40
330
2
100
AcDbSymbolTableRecord
100
AcDbLinetypeTableRecord
  2
DIVIDE2
 70
0
  3
Divide(.5x) _ . _ . _ . _ . _ . _ . _ . _
 72
65
 73
6
 40
2.032
 49
1.27
 74
0
 49
-0.254
 74
0
 49
0.0
 74
0
 49
-0.254
 74
0
 49
0.0
 74
0
 49
-0.254
 74
0
  0
ENDTAB
  0
TABLE
  2
LAYER
  5
1
330
0
100
AcDbSymbolTable
 70
7
  0
LAYER
  5
27
330
1
100
AcDbSymbolTableRecord
100
AcDbLayerTableRecord
  2
0
 70
0
 62
7
  6
Continuous
370
-3
390
13
  0
LAYER
  5
28
330
1
100
AcDbSymbolTableRecord
100
AcDbLayerTableRecord
  2
Defpoints
 70
0
 62
7
  6
Continuous
290
0
370
-3
390
13
  0
LAYER
  5
8A
330
1
100
AcDbSymbolTableRecord
100
AcDbLayerTableRecord
  2
GRAPH
 70
0
 62
7
  6
Continuous
370
-3
390
13
  0
LAYER
  5
8B
330
1
100
AcDbSymbolTableRecord
100
AcDbLayerTableRecord
  2
DIM
 70
0
 62
3
  6
Continuous
370
-3
390
13
  0
LAYER
  5
8C
330
1
100
AcDbSymbolTableRecord
100
AcDbLayerTableRecord
  2
TEXT
 70
0
 62
2
  6
Continuous
370
-3
390
13
  0
LAYER
  5
8D
330
1
100
AcDbSymbolTableRecord
100
AcDbLayerTableRecord
  2
TABLE
 70
0
 62
5
  6
Continuous
370
-3
390
13
  0
LAYER
  5
8E
330
1
100
AcDbSymbolTableRecord
100
AcDbLayerTableRecord
  2
TABLE_FILL
 70
0
 62
8
  6
Continuous
370
-3
390
13
  0
ENDTAB
  0
TABLE
  2
STYLE
  5
5
330
0
100
AcDbSymbolTable
 70
26
  0
STYLE
  5
29
330
5
100
AcDbSymbolTableRecord
100
AcDbTextStyleTableRecord
  2
Standard
 70
0
 40
0.0
 41
1.0
 50
0.0
 71
0
 42
2.5
  3
arial.ttf
  4

  0
STYLE
  5
41
330
5
100
AcDbSymbolTableRecord
100
AcDbTextStyleTableRecord
  2
OpenSans-Light
 70
0
 40
0.0
 41
1.0
 50
0.0
 71
0
 42
2.5
  3
OpenSans-Light.ttf
  4

  0
STYLE
  5
42
330
5
100
AcDbSymbolTableRecord
100
AcDbTextStyleTableRecord
  2
OpenSans-Light-Italic
 70
0
 40
0.0
 41
1.0
 50
0.0
 71
0
 42
2.5
  3
OpenSans-LightItalic.ttf
  4

  0
STYLE
  5
43
330
5
100
AcDbSymbolTableRecord
100
AcDbTextStyleTableRecord
  2
OpenSans
 70
0
 40
0.0
 41
1.0
 50
0.0
 71
0
 42
2.5
  3
OpenSans-Regular.ttf
  4

  0
STYLE
  5
44
330
5
100
AcDbSymbolTableRecord
100
AcDbTextStyleTableRecord
  2
OpenSans-Italic
 70
0
 40
0.0
 41
1.0
 50
0.0
 71
0
 42
2.5
  3
OpenSans-Italic.ttf
  4

  0
STYLE
  5
45
330
5
100
AcDbSymbolTableRecord
100
AcDbTextStyleTableRecord
  2
OpenSans-SemiBold
 70
0
 40
0.0
 41
1.0
 50
0.0
 71
0
 42
2.5
  3
OpenSans-SemiBold.ttf
  4

  0
STYLE
  5
46
330
5
100
AcDbSymbolTableRecord
100
AcDbTextStyleTableRecord
  2
OpenSans-SemiBoldItalic
 70
0
 40
0.0
 41
1.0
 50
0.0
 71
0
 42
2.5
  3
OpenSans-SemiBoldItalic.ttf
  4

  0
STYLE
  5
47
330
5
100
AcDbSymbolTableRecord
100
AcDbTextStyleTableRecord
  2
OpenSans-Bold
 70
0
 40
0.0
 41
1.0
 50
0.0
 71
0
 42
2.5
  3
OpenSans-Bold.ttf
  4

  0
STYLE
  5
48
330
5
100
AcDbSymbolTableRecord
100
AcDbTextStyleTableRecord
  2
OpenSans-BoldItalic
 70
0
 40
0.0
 41
1.0
 50
0.0
 71
0
 42
2.5
  3
OpenSans-BoldItalic.ttf
  4

  0
STYLE
  5
49
330
5
100
AcDbSymbolTableRecord
100
AcDbTextStyleTableRecord
  2
OpenSans-ExtraBold
 70
0
 40
0.0
 41
1.0
 50
0.0
 71
0
 42
2.5
  3
OpenSans-ExtraBold.ttf
  4

  0
STYLE
  5
4A
330
5
100
AcDbSymbolTableRecord
100
AcDbTextStyleTableRecord
  2
OpenSans-ExtraBoldItalic
 70
0
 40
0.0
 41
1.0
 50
0.0
 71
0
 42
2.5
  3
OpenSans-ExtraBoldItalic.ttf
  4

  0
STYLE
  5
4B
330
5
100
AcDbSymbolTableRecord
100
AcDbTextStyleTableRecord
  2
OpenSansCondensed-Bold
 70
0
 40
0.0
 41
1.0
 50
0.0
 71
0
 42
2.5
  3
OpenSansCondensed-Bold.ttf
  4

  0
STYLE
  5
4C
330
5
100
AcDbSymbolTableRecord
100
AcDbTextStyleTableRecord
  2
OpenSansCondensed-Light
 70
0
 40
0.0
 41
1.0
 50
0.0
 71
0
 42
2.5
  3
OpenSansCondensed-Light.ttf
  4

  0
STYLE
  5
4D
330
5
100
AcDbSymbolTableRecord
100
AcDbTextStyleTableRecord
  2
OpenSansCondensed-Italic
 70
0
 40
0.0
 41
1.0
 50
0.0
 71
0
 42
2.5
  3
OpenSansCondensed-LightItalic.ttf
  4

  0
STYLE
  5
4E
330
5
100
AcDbSymbolTableRecord
100
AcDbTextStyleTableRecord
  2
LiberationSans
 70
0
 40
0.0
 41
1.0
 50
0.0
 71
0
 42
2.5
  3
LiberationSans-Regular.ttf
  4

  0
STYLE
  5
4F
330
5
100
AcDbSymbolTableRecord
100
AcDbTextStyleTableRecord
  2
LiberationSans-Bold
 70
0
 40
0.0
 41
1.0
 50
0.0
 71
0
 42
2.5
  3
LiberationSans-Bold.ttf
  4

  0
STYLE
  5
50
330
5
100
AcDbSymbolTableRecord
100
AcDbTextStyleTableRecord
  2
LiberationSans-BoldItalic
 70
0
 40
0.0
 41
1.0
 50
0.0
 71
0
 42
2.5
  3
LiberationSans-BoldItalic.ttf
  4

  0
STYLE
  5
51
330
5
100
AcDbSymbolTableRecord
100
AcDbTextStyleTableRecord
  2
LiberationSans-Italic
 70
0
 40
0.0
 41
1.0
 50
0.0
 71
0
 42
2.5
  3
LiberationSans-Italic.ttf
  4

  0
STYLE
  5
52
330
5
100
AcDbSymbolTableRecord
100
AcDbTextStyleTableRecord
  2
LiberationSerif
 70
0
 40
0.0
 41
1.0
 50
0.0
 71
0
 42
2.5
  3
LiberationSerif-Regular.ttf
  4

  0
STYLE
  5
53
330
5
100
AcDbSymbolTableRecord
100
AcDbTextStyleTableRecord
  2
LiberationSerif-Bold
 70
0
 40
0.0
 41
1.0
 50
0.0
 71
0
 42
2.5
  3
LiberationSerif-Bold.ttf
  4

  0
STYLE
  5
54
330
5
100
AcDbSymbolTableRecord
100
AcDbTextStyleTableRecord
  2
LiberationSerif-BoldItalic
 70
0
 40
0.0
 41
1.0
 50
0.0
 71
0
 42
2.5
  3
LiberationSerif-BoldItalic.ttf
  4

  0
STYLE
  5
55
330
5
100
AcDbSymbolTableRecord
100
AcDbTextStyleTableRecord
  2
LiberationSerif-Italic
 70
0
 40
0.0
 41
1.0
 50
0.0
 71
0
 42
2.5
  3
LiberationSerif-Italic.ttf
  4

  0
STYLE
  5
56
330
5
100
AcDbSymbolTableRecord
100
AcDbTextStyleTableRecord
  2
LiberationMono
 70
0
 40
0.0
 41
1.0
 50
0.0
 71
0
 42
2.5
  3
LiberationMono-Regular.ttf
  4

  0
STYLE
  5
57
330
5
100
AcDbSymbolTableRecord
100
AcDbTextStyleTableRecord
  2
LiberationMono-Bold
 70
0
 40
0.0
 41
1.0
 50
0.0
 71
0
 42
2.5
  3
LiberationMono-Bold.ttf
  4

  0
STYLE
  5
58
330
5
100
AcDbSymbolTableRecord
100
AcDbTextStyleTableRecord
  2
LiberationMono-BoldItalic
 70
0
 40
0.0
 41
1.0
 50
0.0
 71
0
 42
2.5
  3
LiberationMono-BoldItalic.ttf
  4

  0
STYLE
  5
59
330
5
100
AcDbSymbolTableRecord
100
AcDbTextStyleTableRecord
  2
LiberationMono-Italic
 70
0
 40
0.0
 41
1.0
 50
0.0
 71
0
 42
2.5
  3
LiberationMono-Italic.ttf
  4

  0
ENDTAB
  0
TABLE
  2
VIEW
  5
7
330
0
100
AcDbSymbolTable
 70
0
  0
ENDTAB
  0
TABLE
  2
UCS
  5
6
330
0
100
AcDbSymbolTable
 70
0
  0
ENDTAB
  0
TABLE
  2
APPID
  5
3
330
0
100
AcDbSymbolTable
 70
3
  0
APPID
  5
2A
330
3
100
AcDbSymbolTableRecord
100
AcDbRegAppTableRecord
  2
ACAD
 70
0
  0
APPID
  5
C39
330
3
100
AcDbSymbolTableRecord
100
AcDbRegAppTableRecord
  2
HATCHBACKGROUNDCOLOR
 70
0
  0
APPID
  5
C3A
330
3
100
AcDbSymbolTableRecord
100
AcDbRegAppTableRecord
  2
EZDXF
 70
0
  0
ENDTAB
  0
TABLE
  2
DIMSTYLE
  5
4
330
0
100
AcDbSymbolTable
 70
12
100
AcDbDimStyleTable
  0
DIMSTYLE
105
2B
330
4
100
AcDbSymbolTableRecord
100
AcDbDimStyleTableRecord
  2
Standard
 70
0
  3

  4

 40
1.0
 41
2.5
 42
0.625
 43
3.75
 44
1.25
 45
0.0
 46
0.0
 47
0.0
 48
0.0
140
2.5
141
2.5
142
0.0
143
0.03937007874
144
1.0
145
0.0
146
1.0
147
0.625
148
0.0
 71
0
 72
0
 73
0
 74
0
 75
0
 76
0
 77
1
 78
8
 79
3
170
0
171
3
172
1
173
0
174
0
175
0
176
0
177
0
178
0
179
2
271
2
272
2
273
2
274
3
275
0
276
0
277
2
278
44
279
0
280
0
281
0
282
0
283
0
284
8
285
0
286
0
288
0
289
3
371
-2
372
-2
  0
DIMSTYLE
105
73
330
4
100
AcDbSymbolTableRecord
100
AcDbDimStyleTableRecord
  2
EZDXF
 70
0
  3

  4

 40
1.0
 41
0.175
 42
0.125
 43
3.75
 44
0.375
 45
0.0
 46
0.0
 47
0.0
 48
0.0
140
0.25
141
2.5
142
0.0
143
0.03937007874
144
100.0
145
0.0
146
0.5
147
0.1
148
0.0
 71
0
 72
0
 73
0
 74
0
 75
0
 76
0
 77
1
 78
12
 79
3
170
0
171
3
172
1
173
0
174
0
175
0
176
0
177
0
178
0
179
2
271
2
272
2
273
2
274
3
275
0
276
0
277
2
278
46
279
2
280
0
281
0
282
0
283
0
284
8
285
0
286
0
288
1
289
3
340
4C
342
74
371
-2
372
-2
  0
DIMSTYLE
105
7C
330
4
100
AcDbSymbolTableRecord
100
AcDbDimStyleTableRecord
  2
EZ_M_100_H25_CM
 70
0
  3

  4

 40
1.0
 41
0.25
 42
0.125
 43
3.75
 44
0.375
 45
0.0
 46
0.0
 47
0.0
 48
0.0
140
0.25
141
2.5
142
0.125
143
0.03937007874
144
100.0
145
0.0
146
0.5
147
0.1
148
0.0
 71
0
 72
0
 73
0
 74
0
 75
0
 76
0
 77
1
 78
12
 79
3
170
0
171
3
172
1
173
0
174
0
175
0
176
0
177
0
178
0
179
2
271
2
272
2
273
2
274
3
275
0
276
0
277
2
278
46
279
2
280
0
281
0
282
0
283
0
284
8
285
0
286
0
288
1
289
3
340
4C
371
-2
372
-2
  0
DIMSTYLE
105
7D
330
4
100
AcDbSymbolTableRecord
100
AcDbDimStyleTableRecord
  2
EZ_M_50_H25_CM
 70
0
  3

  4

 40
1.0
 41
0.125
 42
0.0625
 43
3.75
 44
0.1875
 45
0.0
 46
0.0
 47
0.0
 48
0.0
140
0.125
141
2.5
142
0.0625
143
0.03937007874
144
100.0
145
0.0
146
0.5
147
0.05
148
0.0
 71
0
 72
0
 73
0
 74
0
 75
0
 76
0
 77
1
 78
12
 79
3
170
0
171
3
172
1
173
0
174
0
175
0
176
0
177
0
178
0
179
2
271
2
272
2
273
2
274
3
275
0
276
0
277
2
278
46
279
2
280
0
281
0
282
0
283
0
284
8
285
0
286
0
288
1
289
3
340
4C
371
-2
372
-2
  0
DIMSTYLE
105
7E
330
4
100
AcDbSymbolTableRecord
100
AcDbDimStyleTableRecord
  2
EZ_M_25_H25_CM
 70
0
  3

  4

 40
1.0
 41
0.0625
 42
0.03125
 43
3.75
 44
0.09375
 45
0.0
 46
0.0
 47
0.0
 48
0.0
140
0.0625
141
2.5
142
0.03125
143
0.03937007874
144
100.0
145
0.0
146
0.5
147
0.025
148
0.0
 71
0
 72
0
 73
0
 74
0
 75
0
 76
0
 77
1
 78
12
 79
3
170
0
171
3
172
1
173
0
174
0
175
0
176
0
177
0
178
0
179
2
271
2
272
2
273
2
274
3
275
0
276
0
277
2
278
46
279
2
280
0
281
0
282
0
283
0
284
8
285
0
286
0
288
1
289
3
340
4C
371
-2
372
-2
  0
DIMSTYLE
105
7F
330
4
100
AcDbSymbolTableRecord
100
AcDbDimStyleTableRecord
  2
EZ_M_20_H25_CM
 70
0
  3

  4

 40
1.0
 41
0.05
 42
0.025
 43
3.75
 44
0.07500000000000001
 45
0.0
 46
0.0
 47
0.0
 48
0.0
140
0.05
141
2.5
142
0.025
143
0.03937007874
144
100.0
145
0.0
146
0.5
147
0.020000000000000004
148
0.0
 71
0
 72
0
 73
0
 74
0
 75
0
 76
0
 77
1
 78
12
 79
3
170
0
171
3
172
1
173
0
174
0
175
0
176
0
177
0
178
0
179
2
271
2
272
2
273
2
274
3
275
0
276
0
277
2
278
46
279
2
280
0
281
0
282
0
283
0
284
8
285
0
286
0
288
1
289
3
340
4C
371
-2
372
-2
  0
DIMSTYLE
105
80
330
4
100
AcDbSymbolTableRecord
100
AcDbDimStyleTableRecord
  2
EZ_M_10_H25_CM
 70
0
  3

  4

 40
1.0
 41
0.025
 42
0.0125
 43
3.75
 44
0.037500000000000006
 45
0.0
 46
0.0
 47
0.0
 48
0.0
140
0.025
141
2.5
142
0.0125
143
0.03937007874
144
100.0
145
0.0
146
0.5
147
0.010000000000000002
148
0.0
 71
0
 72
0
 73
0
 74
0
 75
0
 76
0
 77
1
 78
12
 79
3
170
0
171
3
172
1
173
0
174
0
175
0
176
0
177
0
178
0
179
2
271
2
272
2
273
2
274
3
275
0
276
0
277
2
278
46
279
2
280
0
281
0
282
0
283
0
284
8
285
0
286
0
288
1
289
3
340
4C
371
-2
372
-2
  0
DIMSTYLE
105
81
330
4
100
AcDbSymbolTableRecord
100
AcDbDimStyleTableRecord
  2
EZ_M_5_H25_CM
 70
0
  3

  4

 40
1.0
 41
0.0125
 42
0.00625
 43
3.75
 44
0.018750000000000003
 45
0.0
 46
0.0
 47
0.0
 48
0.0
140
0.0125
141
2.5
142
0.00625
143
0.03937007874
144
100.0
145
0.0
146
0.5
147
0.005000000000000001
148
0.0
 71
0
 72
0
 73
0
 74
0
 75
0
 76
0
 77
1
 78
12
 79
3
170
0
171
3
172
1
173
0
174
0
175
0
176
0
177
0
178
0
179
2
271
2
272
2
273
2
274
3
275
0
276
0
277
2
278
46
279
2
280
0
281
0
282
0
283
0
284
8
285
0
286
0
288
1
289
3
340
4C
371
-2
372
-2
  0
DIMSTYLE
105
82
330
4
100
AcDbSymbolTableRecord
100
AcDbDimStyleTableRecord
  2
EZ_M_1_H25_CM
 70
0
  3

  4

 40
1.0
 41
0.0025
 42
0.00125
 43
3.75
 44
0.00375
 45
0.0
 46
0.0
 47
0.0
 48
0.0
140
0.0025
141
2.5
142
0.00125
143
0.03937007874
144
100.0
145
0.0
146
0.5
147
0.001
148
0.0
 71
0
 72
0
 73
0
 74
0
 75
0
 76
0
 77
1
 78
12
 79
3
170
0
171
3
172
1
173
0
174
0
175
0
176
0
177
0
178
0
179
2
271
2
272
2
273
2
274
3
275
0
276
0
277
2
278
46
279
2
280
0
281
0
282
0
283
0
284
8
285
0
286
0
288
1
289
3
340
4C
371
-2
372
-2
  0
DIMSTYLE
105
83
330
4
100
AcDbSymbolTableRecord
100
AcDbDimStyleTableRecord
  2
EZ_RADIUS
 70
0
  3

  4

 40
1.0
 41
0.25
 42
0.125
 43
3.75
 44
0.375
 45
0.0
 46
0.0
 47
0.0
 48
0.0
140
0.25
141
0.0
142
0.0
143
0.03937007874
144
100.0
145
0.0
146
0.5
147
0.1
148
0.0
 71
0
 72
0
 73
0
 74
0
 75
0
 76
0
 77
1
 78
12
 79
3
170
0
171
3
172
0
173
0
174
0
175
0
176
0
177
0
178
0
179
2
271
2
272
2
273
2
274
3
275
0
276
0
277
2
278
46
279
1
280
0
281
0
282
0
283
0
284
8
285
0
286
0
288
1
289
3
340
4C
342
84
371
-2
372
-2
  0
DIMSTYLE
105
88
330
4
100
AcDbSymbolTableRecord
100
AcDbDimStyleTableRecord
  2
EZ_RADIUS_INSIDE
 70
0
  3

  4

 40
1.0
 41
0.25
 42
0.125
 43
3.75
 44
0.375
 45
0.0
 46
0.0
 47
0.0
 48
0.0
140
0.25
141
0.0
142
0.0
143
0.03937007874
144
100.0
145
0.0
146
0.5
147
0.1
148
0.0
 71
0
 72
0
 73
0
 74
0
 75
0
 76
0
 77
0
 78
12
 79
3
170
0
171
3
172
0
173
0
174
1
175
0
176
0
177
0
178
0
179
2
271
2
272
2
273
2
274
3
275
0
276
0
277
2
278
46
279
0
280
0
281
0
282
0
283
0
284
8
285
0
286
0
288
1
289
0
340
4C
342
84
371
-2
372
-2
  0
DIMSTYLE
105
89
330
4
100
AcDbSymbolTableRecord
100
AcDbDimStyleTableRecord
  2
EZ_CURVED
 70
0
  3

  4

 40
1.0
 41
0.25
 42
0.125
 43
3.75
 44
0.375
 45
0.0
 46
0.0
 47
0.0
 48
0.0
140
0.25
141
2.5
142
0.0
143
0.03937007874
144
100.0
145
0.0
146
0.5
147
0.1
148
0.0
 71
0
 72
0
 73
0
 74
0
 75
0
 76
0
 77
1
 78
12
 79
2
 90
2
170
0
171
3
172
1
173
0
174
0
175
0
176
0
177
0
178
0
179
2
271
2
272
2
273
2
274
3
275
0
276
0
277
2
278
46
279
2
280
0
281
0
282
0
283
0
284
8
285
0
286
0
288
1
289
3
340
4C
371
-2
372
-2
  0
ENDTAB
  0
TABLE
  2
BLOCK_RECORD
  5
9
330
0
100
AcDbSymbolTable
 70
5
  0
BLOCK_RECORD
  5
17
330
9
100
AcDbSymbolTableRecord
100
AcDbBlockTableRecord
  2
*Model_Space
340
1A
  0
BLOCK_RECORD
  5
1B
330
9
100
AcDbSymbolTableRecord
100
AcDbBlockTableRecord
  2
*Paper_Space
340
1E
  0
BLOCK_RECORD
  5
74
330
9
100
AcDbSymbolTableRecord
100
AcDbBlockTableRecord
  2
_ARCHTICK
340
0
  0
BLOCK_RECORD
  5
78
330
9
100
AcDbSymbolTableRecord
100
AcDbBlockTableRecord
  2
_CLOSEDFILLED
340
0
  0
BLOCK_RECORD
  5
84
330
9
100
AcDbSymbolTableRecord
100
AcDbBlockTableRecord
  2
_CLOSEDBLANK
340
0
  0
ENDTAB
  0
ENDSEC
  0
SECTION
  2
BLOCKS
  0
BLOCK
  5
18
330
17
100
AcDbEntity
  8
0
100
AcDbBlockBegin
  2
*Model_Space
 70
0
 10
0.0
 20
0.0
 30
0.0
  3
*Model_Space
  1

  0
ENDBLK
  5
19
330
17
100
AcDbEntity
  8
0
100
AcDbBlockEnd
  0
BLOCK
  5
1C
330
1B
100
AcDbEntity
  8
0
100
AcDbBlockBegin
  2
*Paper_Space
 70
0
 10
0.0
 20
0.0
 30
0.0
  3
*Paper_Space
  1

  0
ENDBLK
  5
1D
330
1B
100
AcDbEntity
  8
0
100
AcDbBlockEnd
  0
BLOCK
  5
75
330
74
100
AcDbEntity
  8
0
100
AcDbBlockBegin
  2
_ARCHTICK
 70
0
 10
0.0
 20
0.0
 30
0.0
  3
_ARCHTICK
  1

  0
LWPOLYLINE
  5
77
330
74
100
AcDbEntity
  8
0
  6
BYBLOCK
 62
0
100
AcDbPolyline
 90
2
 70
0
 43
0.15
 10
-0.5
 20
-0.5
 10
0.5
 20
0.5
  0
ENDBLK
  5
76
330
74
100
AcDbEntity
  8
0
100
AcDbBlockEnd
  0
BLOCK
  5
79
330
78
100
AcDbEntity
  8
0
100
AcDbBlockBegin
  2
_CLOSEDFILLED
 70
0
 10
0.0
 20
0.0
 30
0.0
  3
_CLOSEDFILLED
  1

  0
SOLID
  5
7B
330
78
100
AcDbEntity
  8
0
  6
BYBLOCK
 62
0
100
AcDbTrace
 10
-1.0
 20
0.16439898372402537
 30
0.0
 11
0.0
 21
0.0
 31
0.0
 12
-1.0
 22
-0.16439898372402537
 32
0.0
 13
-1.0
 23
-0.16439898372402537
 33
0.0
  0
ENDBLK
  5
7A
330
78
100
AcDbEntity
  8
0
100
AcDbBlockEnd
  0
BLOCK
  5
85
330
84
100
AcDbEntity
  8
0
100
AcDbBlockBegin
  2
_CLOSEDBLANK
 70
0
 10
0.0
 20
0.0
 30
0.0
  3
_CLOSEDBLANK
  1

  0
LWPOLYLINE
  5
87
330
84
100
AcDbEntity
  8
0
  6
BYBLOCK
 62
0
100
AcDbPolyline
 90
3
 70
1
 10
-1.0
 20
0.16439898372402537
 10
0.0
 20
0.0
 10
-1.0
 20
-0.16439898372402537
  0
ENDBLK
  5
86
330
84
100
AcDbEntity
  8
0
100
AcDbBlockEnd
  0
ENDSEC
  0
SECTION
  2
ENTITIES
  0
LINE
  5
8F
330
17
100
AcDbEntity
  8
GRAPH
100
AcDbLine
 10
5.0
 20
5.0
 30
0.0
 11
415.0
 21
5.0
 31
0.0
  0
LINE
  5
90
330
17
100
AcDbEntity
  8
GRAPH
100
AcDbLine
 10
415.0
 20
5.0
 30
0.0
 11
415.0
 21
292.0
 31
0.0
  0
LINE
  5
91
330
17
100
AcDbEntity
  8
GRAPH
100
AcDbLine
 10
415.0
 20
292.0
 30
0.0
 11
5.0
 21
292.0
 31
0.0
  0
LINE
  5
92
330
17
100
AcDbEntity
  8
GRAPH
100
AcDbLine
 10
5.0
 20
292.0
 30
0.0
 11
5.0
 21
5.0
 31
0.0
  0
LINE
  5
93
330
17
100
AcDbEntity
  8
GRAPH
100
AcDbLine
 10
10.0
 20
10.0
 30
0.0
 11
410.0
 21
10.0
 31
0.0
  0
LINE
  5
94
330
17
100
AcDbEntity
  8
GRAPH
100
AcDbLine
 10
410.0
 20
10.0
 30
0.0
 11
410.0
 21
287.0
 31
0.0
  0
LINE
  5
95
330
17
100
AcDbEntity
  8
GRAPH
100
AcDbLine
 10
410.0
 20
287.0
 30
0.0
 11
10.0
 21
287.0
 31
0.0
  0
LINE
  5
96
330
17
100
AcDbEntity
  8
GRAPH
100
AcDbLine
 10
10.0
 20
287.0
 30
0.0
 11
10.0
 21
10.0
 31
0.0
  0
LINE
  5
97
330
17
100
AcDbEntity
  8
GRAPH
100
AcDbLine
 10
24.0
 20
118.0
 30
0.0
 11
252.0
 21
118.0
 31
0.0
  0
LINE
  5
98
330
17
100
AcDbEntity
  8
GRAPH
100
AcDbLine
 10
252.0
 20
118.0
 30
0.0
 11
252.0
 21
278.0
 31
0.0
  0
LINE
  5
99
330
17
100
AcDbEntity
  8
GRAPH
100
AcDbLine
 10
252.0
 20
278.0
 30
0.0
 11
24.0
 21
278.0
 31
0.0
  0
LINE
  5
9A
330
17
100
AcDbEntity
  8
GRAPH
100
AcDbLine
 10
24.0
 20
278.0
 30
0.0
 11
24.0
 21
118.0
 31
0.0
  0
TEXT
  5
9B
330
17
100
AcDbEntity
  8
TEXT
100
AcDbText
 10
28.0
 20
266.0
 30
0.0
 40
5.0
  1
ГЕНПЛАН УЧАСТКА. ЗДАНИЕ А
 11
28.0
 21
266.0
 31
0.0
100
AcDbText
  0
TEXT
  5
9C
330
17
100
AcDbEntity
  8
DIM
100
AcDbText
 10
28.0
 20
256.0
 30
0.0
 40
2.2
  1
отметка чистого пола +0.150, в разрезе +0.250
 11
28.0
 21
256.0
 31
0.0
100
AcDbText
  0
LINE
  5
9D
330
17
100
AcDbEntity
  8
GRAPH
100
AcDbLine
 10
54.0
 20
150.0
 30
0.0
 11
204.0
 21
150.0
 31
0.0
  0
LINE
  5
9E
330
17
100
AcDbEntity
  8
GRAPH
100
AcDbLine
 10
204.0
 20
150.0
 30
0.0
 11
204.0
 21
228.0
 31
0.0
  0
LINE
  5
9F
330
17
100
AcDbEntity
  8
GRAPH
100
AcDbLine
 10
204.0
 20
228.0
 30
0.0
 11
54.0
 21
228.0
 31
0.0
  0
LINE
  5
A0
330
17
100
AcDbEntity
  8
GRAPH
100
AcDbLine
 10
54.0
 20
228.0
 30
0.0
 11
54.0
 21
150.0
 31
0.0
  0
LINE
  5
A1
330
17
100
AcDbEntity
  8
GRAPH
100
AcDbLine
 10
54.0
 20
189.0
 30
0.0
 11
204.0
 21
189.0
 31
0.0
  0
TEXT
  5
A2
330
17
100
AcDbEntity
  8
TEXT
100
AcDbText
 10
129.0
 20
186.0
 30
0.0
 40
4.0
  1
ЗДАНИЕ А
 11
129.0
 21
186.0
 31
0.0
100
AcDbText
  0
TEXT
  5
A3
330
17
100
AcDbEntity
  8
DIM
100
AcDbText
 10
129.0
 20
176.0
 30
0.0
 40
2.0
  1
высота здания 54.00 м, по разрезу 51.60 м
 11
129.0
 21
176.0
 31
0.0
100
AcDbText
  0
TEXT
  5
A4
330
17
100
AcDbEntity
  8
DIM
100
AcDbText
 10
28.0
 20
230.0
 30
0.0
 40
2.2
  1
ось А
 11
28.0
 21
230.0
 31
0.0
100
AcDbText
  0
TEXT
  5
A5
330
17
100
AcDbEntity
  8
DIM
100
AcDbText
 10
210.0
 20
230.0
 30
0.0
 40
2.2
  1
ось Б
 11
210.0
 21
230.0
 31
0.0
100
AcDbText
  0
LINE
  5
A6
330
17
100
AcDbEntity
  8
DIM
100
AcDbLine
 10
54.0
 20
138.0
 30
0.0
 11
204.0
 21
138.0
 31
0.0
  0
LINE
  5
A7
330
17
100
AcDbEntity
  8
DIM
100
AcDbLine
 10
54.0
 20
134.0
 30
0.0
 11
54.0
 21
142.0
 31
0.0
  0
LINE
  5
A8
330
17
100
AcDbEntity
  8
DIM
100
AcDbLine
 10
204.0
 20
134.0
 30
0.0
 11
204.0
 21
142.0
 31
0.0
  0
TEXT
  5
A9
330
17
100
AcDbEntity
  8
DIM
100
AcDbText
 10
129.0
 20
134.0
 30
0.0
 40
2.1
  1
длина участка L=12.50 м, по обмеру L=11.80 м
 11
129.0
 21
134.0
 31
0.0
100
AcDbText
  0
LINE
  5
AA
330
17
100
AcDbEntity
  8
GRAPH
100
AcDbLine
 10
24.0
 20
168.0
 30
0.0
 11
54.0
 21
168.0
 31
0.0
  0
TEXT
  5
AB
330
17
100
AcDbEntity
  8
TEXT
100
AcDbText
 10
26.0
 20
170.0
 30
0.0
 40
2.0
  1
ввод водопровода принят Ду100, по ТУ Ду80
 11
26.0
 21
170.0
 31
0.0
100
AcDbText
  0
LINE
  5
AC
330
17
100
AcDbEntity
  8
GRAPH
100
AcDbLine
 10
168.0
 20
150.0
 30
0.0
 11
190.0
 21
150.0
 31
0.0
  0
LINE
  5
AD
330
17
100
AcDbEntity
  8
GRAPH
100
AcDbLine
 10
190.0
 20
150.0
 30
0.0
 11
190.0
 21
178.0
 31
0.0
  0
LINE
  5
AE
330
17
100
AcDbEntity
  8
GRAPH
100
AcDbLine
 10
190.0
 20
178.0
 30
0.0
 11
168.0
 21
178.0
 31
0.0
  0
LINE
  5
AF
330
17
100
AcDbEntity
  8
GRAPH
100
AcDbLine
 10
168.0
 20
178.0
 30
0.0
 11
168.0
 21
150.0
 31
0.0
  0
LINE
  5
B0
330
17
100
AcDbEntity
  8
GRAPH
100
AcDbLine
 10
168.0
 20
157.0
 30
0.0
 11
190.0
 21
157.0
 31
0.0
  0
LINE
  5
B1
330
17
100
AcDbEntity
  8
GRAPH
100
AcDbLine
 10
168.0
 20
164.0
 30
0.0
 11
190.0
 21
164.0
 31
0.0
  0
LINE
  5
B2
330
17
100
AcDbEntity
  8
GRAPH
100
AcDbLine
 10
168.0
 20
171.0
 30
0.0
 11
190.0
 21
171.0
 31
0.0
  0
TEXT
  5
B3
330
17
100
AcDbEntity
  8
DIM
100
AcDbText
 10
179.0
 20
144.0
 30
0.0
 40
1.55
  1
ширина лестничного марша принята 1.20 м, по нормам 1.35 м
 11
179.0
 21
144.0
 31
0.0
100
AcDbText
  0
TEXT
  5
B4
330
17
100
AcDbEntity
  8
TEXT
100
AcDbText
 10
24.0
 20
108.0
 30
0.0
 40
3.4
  1
ПРИМЕЧАНИЯ
 11
24.0
 21
108.0
 31
0.0
100
AcDbText
  0
TEXT
  5
B5
330
17
100
AcDbEntity
  8
TEXT
100
AcDbText
 10
24.0
 20
102.0
 30
0.0
 40
2.15
  1
1. площадь застройки принята 2450 м2, по расчёту ПЗУ 2180 м2.
 11
24.0
 21
102.0
 31
0.0
100
AcDbText
  0
TEXT
  5
B6
330
17
100
AcDbEntity
  8
TEXT
100
AcDbText
 10
24.0
 20
96.4
 30
0.0
 40
2.15
  1
2. масштаб чертежа 1:100, в задании указан масштаб 1:200.
 11
24.0
 21
96.4
 31
0.0
100
AcDbText
  0
TEXT
  5
B7
330
17
100
AcDbEntity
  8
TEXT
100
AcDbText
 10
24.0
 20
90.80000000000001
 30
0.0
 40
2.15
  1
3. длина участка L=12.50 м, по обмеру L=11.80 м.
 11
24.0
 21
90.80000000000001
 31
0.0
100
AcDbText
  0
TEXT
  5
B8
330
17
100
AcDbEntity
  8
TEXT
100
AcDbText
 10
24.0
 20
85.20000000000002
 30
0.0
 40
2.15
  1
4. счетчик ВСХН-20: принято 7 шт, по заданию 4 шт.
 11
24.0
 21
85.20000000000002
 31
0.0
100
AcDbText
  0
TEXT
  5
B9
330
17
100
AcDbEntity
  8
TEXT
100
AcDbText
 10
24.0
 20
79.60000000000002
 30
0.0
 40
2.15
  1
5. отметка чистого пола +0.150, в разрезе +0.250.
 11
24.0
 21
79.60000000000002
 31
0.0
100
AcDbText
  0
TEXT
  5
BA
330
17
100
AcDbEntity
  8
TEXT
100
AcDbText
 10
24.0
 20
74.00000000000003
 30
0.0
 40
2.15
  1
6. высота здания 54.00 м, по разрезу 51.60 м.
 11
24.0
 21
74.00000000000003
 31
0.0
100
AcDbText
  0
TEXT
  5
BB
330
17
100
AcDbEntity
  8
TEXT
100
AcDbText
 10
24.0
 20
68.40000000000003
 30
0.0
 40
2.15
  1
7. машиномест в стилобате 86, по расчёту требуется 72.
 11
24.0
 21
68.40000000000003
 31
0.0
100
AcDbText
  0
TEXT
  5
BC
330
17
100
AcDbEntity
  8
TEXT
100
AcDbText
 10
24.0
 20
62.80000000000003
 30
0.0
 40
2.15
  1
8. степень огнестойкости принята II, в задании III.
 11
24.0
 21
62.80000000000003
 31
0.0
100
AcDbText
  0
TEXT
  5
BD
330
17
100
AcDbEntity
  8
TEXT
100
AcDbText
 10
24.0
 20
57.20000000000003
 30
0.0
 40
2.15
  1
9. лифт 1000 кг, по заданию 630 кг.
 11
24.0
 21
57.20000000000003
 31
0.0
100
AcDbText
  0
TEXT
  5
BE
330
17
100
AcDbEntity
  8
TEXT
100
AcDbText
 10
24.0
 20
51.60000000000003
 30
0.0
 40
2.15
  1
10. ввод водопровода принят Ду100, по ТУ Ду80.
 11
24.0
 21
51.60000000000003
 31
0.0
100
AcDbText
  0
TEXT
  5
BF
330
17
100
AcDbEntity
  8
TEXT
100
AcDbText
 10
24.0
 20
46.00000000000003
 30
0.0
 40
2.15
  1
11. надземных этажей 17, в задании 16.
 11
24.0
 21
46.00000000000003
 31
0.0
100
AcDbText
  0
TEXT
  5
C0
330
17
100
AcDbEntity
  8
TEXT
100
AcDbText
 10
24.0
 20
40.40000000000003
 30
0.0
 40
2.15
  1
12. озеленение участка 28 %, по ПЗЗ не менее 35 %.
 11
24.0
 21
40.40000000000003
 31
0.0
100
AcDbText
  0
TEXT
  5
C1
330
17
100
AcDbEntity
  8
TEXT
100
AcDbText
 10
24.0
 20
34.800000000000026
 30
0.0
 40
2.15
  1
13. площадь квартиры 105 равна 38.4 м2, по обмеру 42.1 м2.
 11
24.0
 21
34.800000000000026
 31
0.0
100
AcDbText
  0
TEXT
  5
C2
330
17
100
AcDbEntity
  8
TEXT
100
AcDbText
 10
24.0
 20
29.200000000000024
 30
0.0
 40
2.15
  1
14. ширина лестничного марша принята 1.20 м, по нормам 1.35 м.
 11
24.0
 21
29.200000000000024
 31
0.0
100
AcDbText
  0
TEXT
  5
C3
330
17
100
AcDbEntity
  8
TEXT
100
AcDbText
 10
24.0
 20
23.600000000000023
 30
0.0
 40
2.15
  1
15. расчётная мощность 250 кВт, по ТУ 180 кВт.
 11
24.0
 21
23.600000000000023
 31
0.0
100
AcDbText
  0
TEXT
  5
C4
330
17
100
AcDbEntity
  8
TEXT
100
AcDbText
 10
24.0
 20
18.00000000000002
 30
0.0
 40
2.15
  1
16. итого единиц оборудования 18 шт, сумма строк 12.
 11
24.0
 21
18.00000000000002
 31
0.0
100
AcDbText
  0
HATCH
  5
C5
330
17
100
AcDbEntity
  8
TABLE_FILL
 62
7
100
AcDbHatch
 10
0.0
 20
0.0
 30
0.0
210
0.0
220
0.0
230
1.0
  2
SOLID
 70
1
 71
0
 91
1
 92
3
 72
0
 73
1
 93
4
 10
258.0
 20
259.8
 10
404.0
 20
259.8
 10
404.0
 20
268.0
 10
258.0
 20
268.0
 97
0
 75
0
 76
1
 98
0
  0
LINE
  5
C6
330
17
100
AcDbEntity
  8
TABLE
100
AcDbLine
 10
258.0
 20
259.8
 30
0.0
 11
404.0
 21
259.8
 31
0.0
  0
LINE
  5
C7
330
17
100
AcDbEntity
  8
TABLE
100
AcDbLine
 10
404.0
 20
259.8
 30
0.0
 11
404.0
 21
268.0
 31
0.0
  0
LINE
  5
C8
330
17
100
AcDbEntity
  8
TABLE
100
AcDbLine
 10
404.0
 20
268.0
 30
0.0
 11
258.0
 21
268.0
 31
0.0
  0
LINE
  5
C9
330
17
100
AcDbEntity
  8
TABLE
100
AcDbLine
 10
258.0
 20
268.0
 30
0.0
 11
258.0
 21
259.8
 31
0.0
  0
TEXT
  5
CA
330
17
100
AcDbEntity
  8
TABLE
100
AcDbText
 10
331.0
 20
262.2
 30
0.0
 40
2.2
  1
ТЕХНИКО-ЭКОНОМИЧЕСКИЕ ПОКАЗАТЕЛИ И ВЕДОМОСТЬ
 11
331.0
 21
262.2
 31
0.0
100
AcDbText
  0
HATCH
  5
CB
330
17
100
AcDbEntity
  8
TABLE_FILL
 62
7
100
AcDbHatch
 10
0.0
 20
0.0
 30
0.0
210
0.0
220
0.0
230
1.0
  2
SOLID
 70
1
 71
0
 91
1
 92
3
 72
0
 73
1
 93
4
 10
258.0
 20
251.6
 10
404.0
 20
251.6
 10
404.0
 20
259.8
 10
258.0
 20
259.8
 97
0
 75
0
 76
1
 98
0
  0
LINE
  5
CC
330
17
100
AcDbEntity
  8
TABLE
100
AcDbLine
 10
258.0
 20
251.6
 30
0.0
 11
272.0
 21
251.6
 31
0.0
  0
LINE
  5
CD
330
17
100
AcDbEntity
  8
TABLE
100
AcDbLine
 10
272.0
 20
251.6
 30
0.0
 11
272.0
 21
259.8
 31
0.0
  0
LINE
  5
CE
330
17
100
AcDbEntity
  8
TABLE
100
AcDbLine
 10
272.0
 20
259.8
 30
0.0
 11
258.0
 21
259.8
 31
0.0
  0
LINE
  5
CF
330
17
100
AcDbEntity
  8
TABLE
100
AcDbLine
 10
258.0
 20
259.8
 30
0.0
 11
258.0
 21
251.6
 31
0.0
  0
TEXT
  5
D0
330
17
100
AcDbEntity
  8
TABLE
100
AcDbText
 10
265.0
 20
254.0
 30
0.0
 40
2.0
  1
Поз
 11
265.0
 21
254.0
 31
0.0
100
AcDbText
  0
LINE
  5
D1
330
17
100
AcDbEntity
  8
TABLE
100
AcDbLine
 10
272.0
 20
251.6
 30
0.0
 11
334.0
 21
251.6
 31
0.0
  0
LINE
  5
D2
330
17
100
AcDbEntity
  8
TABLE
100
AcDbLine
 10
334.0
 20
251.6
 30
0.0
 11
334.0
 21
259.8
 31
0.0
  0
LINE
  5
D3
330
17
100
AcDbEntity
  8
TABLE
100
AcDbLine
 10
334.0
 20
259.8
 30
0.0
 11
272.0
 21
259.8
 31
0.0
  0
LINE
  5
D4
330
17
100
AcDbEntity
  8
TABLE
100
AcDbLine
 10
272.0
 20
259.8
 30
0.0
 11
272.0
 21
251.6
 31
0.0
  0
TEXT
  5
D5
330
17
100
AcDbEntity
  8
TABLE
100
AcDbText
 10
303.0
 20
254.0
 30
0.0
 40
2.0
  1
Наименование
 11
303.0
 21
254.0
 31
0.0
100
AcDbText
  0
LINE
  5
D6
330
17
100
AcDbEntity
  8
TABLE
100
AcDbLine
 10
334.0
 20
251.6
 30
0.0
 11
360.0
 21
251.6
 31
0.0
  0
LINE
  5
D7
330
17
100
AcDbEntity
  8
TABLE
100
AcDbLine
 10
360.0
 20
251.6
 30
0.0
 11
360.0
 21
259.8
 31
0.0
  0
LINE
  5
D8
330
17
100
AcDbEntity
  8
TABLE
100
AcDbLine
 10
360.0
 20
259.8
 30
0.0
 11
334.0
 21
259.8
 31
0.0
  0
LINE
  5
D9
330
17
100
AcDbEntity
  8
TABLE
100
AcDbLine
 10
334.0
 20
259.8
 30
0.0
 11
334.0
 21
251.6
 31
0.0
  0
TEXT
  5
DA
330
17
100
AcDbEntity
  8
TABLE
100
AcDbText
 10
347.0
 20
254.0
 30
0.0
 40
2.0
  1
По проекту
 11
347.0
 21
254.0
 31
0.0
100
AcDbText
  0
LINE
  5
DB
330
17
100
AcDbEntity
  8
TABLE
100
AcDbLine
 10
360.0
 20
251.6
 30
0.0
 11
386.0
 21
251.6
 31
0.0
  0
LINE
  5
DC
330
17
100
AcDbEntity
  8
TABLE
100
AcDbLine
 10
386.0
 20
251.6
 30
0.0
 11
386.0
 21
259.8
 31
0.0
  0
LINE
  5
DD
330
17
100
AcDbEntity
  8
TABLE
100
AcDbLine
 10
386.0
 20
259.8
 30
0.0
 11
360.0
 21
259.8
 31
0.0
  0
LINE
  5
DE
330
17
100
AcDbEntity
  8
TABLE
100
AcDbLine
 10
360.0
 20
259.8
 30
0.0
 11
360.0
 21
251.6
 31
0.0
  0
TEXT
  5
DF
330
17
100
AcDbEntity
  8
TABLE
100
AcDbText
 10
373.0
 20
254.0
 30
0.0
 40
2.0
  1
По заданию
 11
373.0
 21
254.0
 31
0.0
100
AcDbText
  0
LINE
  5
E0
330
17
100
AcDbEntity
  8
TABLE
100
AcDbLine
 10
386.0
 20
251.6
 30
0.0
 11
404.0
 21
251.6
 31
0.0
  0
LINE
  5
E1
330
17
100
AcDbEntity
  8
TABLE
100
AcDbLine
 10
404.0
 20
251.6
 30
0.0
 11
404.0
 21
259.8
 31
0.0
  0
LINE
  5
E2
330
17
100
AcDbEntity
  8
TABLE
100
AcDbLine
 10
404.0
 20
259.8
 30
0.0
 11
386.0
 21
259.8
 31
0.0
  0
LINE
  5
E3
330
17
100
AcDbEntity
  8
TABLE
100
AcDbLine
 10
386.0
 20
259.8
 30
0.0
 11
386.0
 21
251.6
 31
0.0
  0
TEXT
  5
E4
330
17
100
AcDbEntity
  8
TABLE
100
AcDbText
 10
395.0
 20
254.0
 30
0.0
 40
2.0
  1
Пом.
 11
395.0
 21
254.0
 31
0.0
100
AcDbText
  0
HATCH
  5
E5
330
17
100
AcDbEntity
  8
TABLE_FILL
 62
7
100
AcDbHatch
 10
0.0
 20
0.0
 30
0.0
210
0.0
220
0.0
230
1.0
  2
SOLID
 70
1
 71
0
 91
1
 92
3
 72
0
 73
1
 93
4
 10
258.0
 20
243.4
 10
404.0
 20
243.4
 10
404.0
 20
251.6
 10
258.0
 20
251.6
 97
0
 75
0
 76
1
 98
0
  0
LINE
  5
E6
330
17
100
AcDbEntity
  8
TABLE
100
AcDbLine
 10
258.0
 20
243.4
 30
0.0
 11
404.0
 21
243.4
 31
0.0
  0
LINE
  5
E7
330
17
100
AcDbEntity
  8
TABLE
100
AcDbLine
 10
404.0
 20
243.4
 30
0.0
 11
404.0
 21
251.6
 31
0.0
  0
LINE
  5
E8
330
17
100
AcDbEntity
  8
TABLE
100
AcDbLine
 10
404.0
 20
251.6
 30
0.0
 11
258.0
 21
251.6
 31
0.0
  0
LINE
  5
E9
330
17
100
AcDbEntity
  8
TABLE
100
AcDbLine
 10
258.0
 20
251.6
 30
0.0
 11
258.0
 21
243.4
 31
0.0
  0
TEXT
  5
EA
330
17
100
AcDbEntity
  8
TABLE
100
AcDbText
 10
259.4
 20
245.8
 30
0.0
 40
2.1
  1
1. Площади и объёмы
 11
259.4
 21
245.8
 31
0.0
100
AcDbText
  0
HATCH
  5
EB
330
17
100
AcDbEntity
  8
TABLE_FILL
 62
7
100
AcDbHatch
 10
0.0
 20
0.0
 30
0.0
210
0.0
220
0.0
230
1.0
  2
SOLID
 70
1
 71
0
 91
1
 92
3
 72
0
 73
1
 93
4
 10
334.0
 20
235.2
 10
360.0
 20
235.2
 10
360.0
 20
243.39999999999998
 10
334.0
 20
243.39999999999998
 97
0
 75
0
 76
1
 98
0
  0
HATCH
  5
EC
330
17
100
AcDbEntity
  8
TABLE_FILL
 62
7
100
AcDbHatch
 10
0.0
 20
0.0
 30
0.0
210
0.0
220
0.0
230
1.0
  2
SOLID
 70
1
 71
0
 91
1
 92
3
 72
0
 73
1
 93
4
 10
360.0
 20
235.2
 10
386.0
 20
235.2
 10
386.0
 20
243.39999999999998
 10
360.0
 20
243.39999999999998
 97
0
 75
0
 76
1
 98
0
  0
LINE
  5
ED
330
17
100
AcDbEntity
  8
TABLE
100
AcDbLine
 10
258.0
 20
235.2
 30
0.0
 11
272.0
 21
235.2
 31
0.0
  0
LINE
  5
EE
330
17
100
AcDbEntity
  8
TABLE
100
AcDbLine
 10
272.0
 20
235.2
 30
0.0
 11
272.0
 21
243.39999999999998
 31
0.0
  0
LINE
  5
EF
330
17
100
AcDbEntity
  8
TABLE
100
AcDbLine
 10
272.0
 20
243.39999999999998
 30
0.0
 11
258.0
 21
243.39999999999998
 31
0.0
  0
LINE
  5
F0
330
17
100
AcDbEntity
  8
TABLE
100
AcDbLine
 10
258.0
 20
243.39999999999998
 30
0.0
 11
258.0
 21
235.2
 31
0.0
  0
LINE
  5
F1
330
17
100
AcDbEntity
  8
TABLE
100
AcDbLine
 10
272.0
 20
235.2
 30
0.0
 11
334.0
 21
235.2
 31
0.0
  0
LINE
  5
F2
330
17
100
AcDbEntity
  8
TABLE
100
AcDbLine
 10
334.0
 20
235.2
 30
0.0
 11
334.0
 21
243.39999999999998
 31
0.0
  0
LINE
  5
F3
330
17
100
AcDbEntity
  8
TABLE
100
AcDbLine
 10
334.0
 20
243.39999999999998
 30
0.0
 11
272.0
 21
243.39999999999998
 31
0.0
  0
LINE
  5
F4
330
17
100
AcDbEntity
  8
TABLE
100
AcDbLine
 10
272.0
 20
243.39999999999998
 30
0.0
 11
272.0
 21
235.2
 31
0.0
  0
LINE
  5
F5
330
17
100
AcDbEntity
  8
TABLE
100
AcDbLine
 10
334.0
 20
235.2
 30
0.0
 11
360.0
 21
235.2
 31
0.0
  0
LINE
  5
F6
330
17
100
AcDbEntity
  8
TABLE
100
AcDbLine
 10
360.0
 20
235.2
 30
0.0
 11
360.0
 21
243.39999999999998
 31
0.0
  0
LINE
  5
F7
330
17
100
AcDbEntity
  8
TABLE
100
AcDbLine
 10
360.0
 20
243.39999999999998
 30
0.0
 11
334.0
 21
243.39999999999998
 31
0.0
  0
LINE
  5
F8
330
17
100
AcDbEntity
  8
TABLE
100
AcDbLine
 10
334.0
 20
243.39999999999998
 30
0.0
 11
334.0
 21
235.2
 31
0.0
  0
LINE
  5
F9
330
17
100
AcDbEntity
  8
TABLE
100
AcDbLine
 10
360.0
 20
235.2
 30
0.0
 11
386.0
 21
235.2
 31
0.0
  0
LINE
  5
FA
330
17
100
AcDbEntity
  8
TABLE
100
AcDbLine
 10
386.0
 20
235.2
 30
0.0
 11
386.0
 21
243.39999999999998
 31
0.0
  0
LINE
  5
FB
330
17
100
AcDbEntity
  8
TABLE
100
AcDbLine
 10
386.0
 20
243.39999999999998
 30
0.0
 11
360.0
 21
243.39999999999998
 31
0.0
  0
LINE
  5
FC
330
17
100
AcDbEntity
  8
TABLE
100
AcDbLine
 10
360.0
 20
243.39999999999998
 30
0.0
 11
360.0
 21
235.2
 31
0.0
  0
LINE
  5
FD
330
17
100
AcDbEntity
  8
TABLE
100
AcDbLine
 10
386.0
 20
235.2
 30
0.0
 11
404.0
 21
235.2
 31
0.0
  0
LINE
  5
FE
330
17
100
AcDbEntity
  8
TABLE
100
AcDbLine
 10
404.0
 20
235.2
 30
0.0
 11
404.0
 21
243.39999999999998
 31
0.0
  0
LINE
  5
FF
330
17
100
AcDbEntity
  8
TABLE
100
AcDbLine
 10
404.0
 20
243.39999999999998
 30
0.0
 11
386.0
 21
243.39999999999998
 31
0.0
  0
LINE
  5
100
330
17
100
AcDbEntity
  8
TABLE
100
AcDbLine
 10
386.0
 20
243.39999999999998
 30
0.0
 11
386.0
 21
235.2
 31
0.0
  0
TEXT
  5
101
330
17
100
AcDbEntity
  8
TABLE
100
AcDbText
 10
265.0
 20
237.6
 30
0.0
 40
2.0
  1
1
 11
265.0
 21
237.6
 31
0.0
100
AcDbText
  0
TEXT
  5
102
330
17
100
AcDbEntity
  8
TABLE
100
AcDbText
 10
273.4
 20
237.6
 30
0.0
 40
1.55
  1
площадь застройки принята 2450 м2, по расчёту 2180
 11
273.4
 21
237.6
 31
0.0
100
AcDbText
  0
TEXT
  5
103
330
17
100
AcDbEntity
  8
TABLE
100
AcDbText
 10
347.0
 20
237.6
 30
0.0
 40
2.1
  1
2450
 11
347.0
 21
237.6
 31
0.0
100
AcDbText
  0
TEXT
  5
104
330
17
100
AcDbEntity
  8
TABLE
100
AcDbText
 10
373.0
 20
237.6
 30
0.0
 40
2.1
  1
2180
 11
373.0
 21
237.6
 31
0.0
100
AcDbText
  0
TEXT
  5
105
330
17
100
AcDbEntity
  8
TABLE
100
AcDbText
 10
395.0
 20
237.6
 30
0.0
 40
1.9
  1
ПЗУ
 11
395.0
 21
237.6
 31
0.0
100
AcDbText
  0
HATCH
  5
106
330
17
100
AcDbEntity
  8
TABLE_FILL
 62
7
100
AcDbHatch
 10
0.0
 20
0.0
 30
0.0
210
0.0
220
0.0
230
1.0
  2
SOLID
 70
1
 71
0
 91
1
 92
3
 72
0
 73
1
 93
4
 10
334.0
 20
227.0
 10
360.0
 20
227.0
 10
360.0
 20
235.2
 10
334.0
 20
235.2
 97
0
 75
0
 76
1
 98
0
  0
LINE
  5
107
330
17
100
AcDbEntity
  8
TABLE
100
AcDbLine
 10
258.0
 20
227.0
 30
0.0
 11
272.0
 21
227.0
 31
0.0
  0
LINE
  5
108
330
17
100
AcDbEntity
  8
TABLE
100
AcDbLine
 10
272.0
 20
227.0
 30
0.0
 11
272.0
 21
235.2
 31
0.0
  0
LINE
  5
109
330
17
100
AcDbEntity
  8
TABLE
100
AcDbLine
 10
272.0
 20
235.2
 30
0.0
 11
258.0
 21
235.2
 31
0.0
  0
LINE
  5
10A
330
17
100
AcDbEntity
  8
TABLE
100
AcDbLine
 10
258.0
 20
235.2
 30
0.0
 11
258.0
 21
227.0
 31
0.0
  0
LINE
  5
10B
330
17
100
AcDbEntity
  8
TABLE
100
AcDbLine
 10
272.0
 20
227.0
 30
0.0
 11
334.0
 21
227.0
 31
0.0
  0
LINE
  5
10C
330
17
100
AcDbEntity
  8
TABLE
100
AcDbLine
 10
334.0
 20
227.0
 30
0.0
 11
334.0
 21
235.2
 31
0.0
  0
LINE
  5
10D
330
17
100
AcDbEntity
  8
TABLE
100
AcDbLine
 10
334.0
 20
235.2
 30
0.0
 11
272.0
 21
235.2
 31
0.0
  0
LINE
  5
10E
330
17
100
AcDbEntity
  8
TABLE
100
AcDbLine
 10
272.0
 20
235.2
 30
0.0
 11
272.0
 21
227.0
 31
0.0
  0
LINE
  5
10F
330
17
100
AcDbEntity
  8
TABLE
100
AcDbLine
 10
334.0
 20
227.0
 30
0.0
 11
360.0
 21
227.0
 31
0.0
  0
LINE
  5
110
330
17
100
AcDbEntity
  8
TABLE
100
AcDbLine
 10
360.0
 20
227.0
 30
0.0
 11
360.0
 21
235.2
 31
0.0
  0
LINE
  5
111
330
17
100
AcDbEntity
  8
TABLE
100
AcDbLine
 10
360.0
 20
235.2
 30
0.0
 11
334.0
 21
235.2
 31
0.0
  0
LINE
  5
112
330
17
100
AcDbEntity
  8
TABLE
100
AcDbLine
 10
334.0
 20
235.2
 30
0.0
 11
334.0
 21
227.0
 31
0.0
  0
LINE
  5
113
330
17
100
AcDbEntity
  8
TABLE
100
AcDbLine
 10
360.0
 20
227.0
 30
0.0
 11
386.0
 21
227.0
 31
0.0
  0
LINE
  5
114
330
17
100
AcDbEntity
  8
TABLE
100
AcDbLine
 10
386.0
 20
227.0
 30
0.0
 11
386.0
 21
235.2
 31
0.0
  0
LINE
  5
115
330
17
100
AcDbEntity
  8
TABLE
100
AcDbLine
 10
386.0
 20
235.2
 30
0.0
 11
360.0
 21
235.2
 31
0.0
  0
LINE
  5
116
330
17
100
AcDbEntity
  8
TABLE
100
AcDbLine
 10
360.0
 20
235.2
 30
0.0
 11
360.0
 21
227.0
 31
0.0
  0
LINE
  5
117
330
17
100
AcDbEntity
  8
TABLE
100
AcDbLine
 10
386.0
 20
227.0
 30
0.0
 11
404.0
 21
227.0
 31
0.0
  0
LINE
  5
118
330
17
100
AcDbEntity
  8
TABLE
100
AcDbLine
 10
404.0
 20
227.0
 30
0.0
 11
404.0
 21
235.2
 31
0.0
  0
LINE
  5
119
330
17
100
AcDbEntity
  8
TABLE
100
AcDbLine
 10
404.0
 20
235.2
 30
0.0
 11
386.0
 21
235.2
 31
0.0
  0
LINE
  5
11A
330
17
100
AcDbEntity
  8
TABLE
100
AcDbLine
 10
386.0
 20
235.2
 30
0.0
 11
386.0
 21
227.0
 31
0.0
  0
TEXT
  5
11B
330
17
100
AcDbEntity
  8
TABLE
100
AcDbText
 10
265.0
 20
229.4
 30
0.0
 40
2.0
  1
2
 11
265.0
 21
229.4
 31
0.0
100
AcDbText
  0
TEXT
  5
11C
330
17
100
AcDbEntity
  8
TABLE
100
AcDbText
 10
273.4
 20
229.4
 30
0.0
 40
1.55
  1
высота здания 54.00 м, по разрезу 51.60 м
 11
273.4
 21
229.4
 31
0.0
100
AcDbText
  0
TEXT
  5
11D
330
17
100
AcDbEntity
  8
TABLE
100
AcDbText
 10
347.0
 20
229.4
 30
0.0
 40
2.1
  1
54.00
 11
347.0
 21
229.4
 31
0.0
100
AcDbText
  0
TEXT
  5
11E
330
17
100
AcDbEntity
  8
TABLE
100
AcDbText
 10
373.0
 20
229.4
 30
0.0
 40
2.1
  1
51.60
 11
373.0
 21
229.4
 31
0.0
100
AcDbText
  0
TEXT
  5
11F
330
17
100
AcDbEntity
  8
TABLE
100
AcDbText
 10
395.0
 20
229.4
 30
0.0
 40
1.9
  1
фасад
 11
395.0
 21
229.4
 31
0.0
100
AcDbText
  0
HATCH
  5
120
330
17
100
AcDbEntity
  8
TABLE_FILL
 62
7
100
AcDbHatch
 10
0.0
 20
0.0
 30
0.0
210
0.0
220
0.0
230
1.0
  2
SOLID
 70
1
 71
0
 91
1
 92
3
 72
0
 73
1
 93
4
 10
258.0
 20
218.8
 10
404.0
 20
218.8
 10
404.0
 20
227.0
 10
258.0
 20
227.0
 97
0
 75
0
 76
1
 98
0
  0
LINE
  5
121
330
17
100
AcDbEntity
  8
TABLE
100
AcDbLine
 10
258.0
 20
218.8
 30
0.0
 11
404.0
 21
218.8
 31
0.0
  0
LINE
  5
122
330
17
100
AcDbEntity
  8
TABLE
100
AcDbLine
 10
404.0
 20
218.8
 30
0.0
 11
404.0
 21
227.0
 31
0.0
  0
LINE
  5
123
330
17
100
AcDbEntity
  8
TABLE
100
AcDbLine
 10
404.0
 20
227.0
 30
0.0
 11
258.0
 21
227.0
 31
0.0
  0
LINE
  5
124
330
17
100
AcDbEntity
  8
TABLE
100
AcDbLine
 10
258.0
 20
227.0
 30
0.0
 11
258.0
 21
218.8
 31
0.0
  0
TEXT
  5
125
330
17
100
AcDbEntity
  8
TABLE
100
AcDbText
 10
259.4
 20
221.20000000000002
 30
0.0
 40
2.1
  1
2. Инженерное оборудование
 11
259.4
 21
221.20000000000002
 31
0.0
100
AcDbText
  0
HATCH
  5
126
330
17
100
AcDbEntity
  8
TABLE_FILL
 62
7
100
AcDbHatch
 10
0.0
 20
0.0
 30
0.0
210
0.0
220
0.0
230
1.0
  2
SOLID
 70
1
 71
0
 91
1
 92
3
 72
0
 73
1
 93
4
 10
258.0
 20
210.60000000000002
 10
404.0
 20
210.60000000000002
 10
404.0
 20
218.8
 10
258.0
 20
218.8
 97
0
 75
0
 76
1
 98
0
  0
LINE
  5
127
330
17
100
AcDbEntity
  8
TABLE
100
AcDbLine
 10
258.0
 20
210.60000000000002
 30
0.0
 11
272.0
 21
210.60000000000002
 31
0.0
  0
LINE
  5
128
330
17
100
AcDbEntity
  8
TABLE
100
AcDbLine
 10
272.0
 20
210.60000000000002
 30
0.0
 11
272.0
 21
218.8
 31
0.0
  0
LINE
  5
129
330
17
100
AcDbEntity
  8
TABLE
100
AcDbLine
 10
272.0
 20
218.8
 30
0.0
 11
258.0
 21
218.8
 31
0.0
  0
LINE
  5
12A
330
17
100
AcDbEntity
  8
TABLE
100
AcDbLine
 10
258.0
 20
218.8
 30
0.0
 11
258.0
 21
210.60000000000002
 31
0.0
  0
LINE
  5
12B
330
17
100
AcDbEntity
  8
TABLE
100
AcDbLine
 10
272.0
 20
210.60000000000002
 30
0.0
 11
334.0
 21
210.60000000000002
 31
0.0
  0
LINE
  5
12C
330
17
100
AcDbEntity
  8
TABLE
100
AcDbLine
 10
334.0
 20
210.60000000000002
 30
0.0
 11
334.0
 21
218.8
 31
0.0
  0
LINE
  5
12D
330
17
100
AcDbEntity
  8
TABLE
100
AcDbLine
 10
334.0
 20
218.8
 30
0.0
 11
272.0
 21
218.8
 31
0.0
  0
LINE
  5
12E
330
17
100
AcDbEntity
  8
TABLE
100
AcDbLine
 10
272.0
 20
218.8
 30
0.0
 11
272.0
 21
210.60000000000002
 31
0.0
  0
LINE
  5
12F
330
17
100
AcDbEntity
  8
TABLE
100
AcDbLine
 10
334.0
 20
210.60000000000002
 30
0.0
 11
360.0
 21
210.60000000000002
 31
0.0
  0
LINE
  5
130
330
17
100
AcDbEntity
  8
TABLE
100
AcDbLine
 10
360.0
 20
210.60000000000002
 30
0.0
 11
360.0
 21
218.8
 31
0.0
  0
LINE
  5
131
330
17
100
AcDbEntity
  8
TABLE
100
AcDbLine
 10
360.0
 20
218.8
 30
0.0
 11
334.0
 21
218.8
 31
0.0
  0
LINE
  5
132
330
17
100
AcDbEntity
  8
TABLE
100
AcDbLine
 10
334.0
 20
218.8
 30
0.0
 11
334.0
 21
210.60000000000002
 31
0.0
  0
LINE
  5
133
330
17
100
AcDbEntity
  8
TABLE
100
AcDbLine
 10
360.0
 20
210.60000000000002
 30
0.0
 11
386.0
 21
210.60000000000002
 31
0.0
  0
LINE
  5
134
330
17
100
AcDbEntity
  8
TABLE
100
AcDbLine
 10
386.0
 20
210.60000000000002
 30
0.0
 11
386.0
 21
218.8
 31
0.0
  0
LINE
  5
135
330
17
100
AcDbEntity
  8
TABLE
100
AcDbLine
 10
386.0
 20
218.8
 30
0.0
 11
360.0
 21
218.8
 31
0.0
  0
LINE
  5
136
330
17
100
AcDbEntity
  8
TABLE
100
AcDbLine
 10
360.0
 20
218.8
 30
0.0
 11
360.0
 21
210.60000000000002
 31
0.0
  0
LINE
  5
137
330
17
100
AcDbEntity
  8
TABLE
100
AcDbLine
 10
386.0
 20
210.60000000000002
 30
0.0
 11
404.0
 21
210.60000000000002
 31
0.0
  0
LINE
  5
138
330
17
100
AcDbEntity
  8
TABLE
100
AcDbLine
 10
404.0
 20
210.60000000000002
 30
0.0
 11
404.0
 21
218.8
 31
0.0
  0
LINE
  5
139
330
17
100
AcDbEntity
  8
TABLE
100
AcDbLine
 10
404.0
 20
218.8
 30
0.0
 11
386.0
 21
218.8
 31
0.0
  0
LINE
  5
13A
330
17
100
AcDbEntity
  8
TABLE
100
AcDbLine
 10
386.0
 20
218.8
 30
0.0
 11
386.0
 21
210.60000000000002
 31
0.0
  0
TEXT
  5
13B
330
17
100
AcDbEntity
  8
TABLE
100
AcDbText
 10
265.0
 20
213.00000000000003
 30
0.0
 40
2.0
  1
3
 11
265.0
 21
213.00000000000003
 31
0.0
100
AcDbText
  0
TEXT
  5
13C
330
17
100
AcDbEntity
  8
TABLE
100
AcDbText
 10
273.4
 20
213.00000000000003
 30
0.0
 40
1.5
  1
счетчик ВСХН-20: принято 7 шт, по заданию 4 шт
 11
273.4
 21
213.00000000000003
 31
0.0
100
AcDbText
  0
TEXT
  5
13D
330
17
100
AcDbEntity
  8
TABLE
100
AcDbText
 10
347.0
 20
213.00000000000003
 30
0.0
 40
2.1
  1
7
 11
347.0
 21
213.00000000000003
 31
0.0
100
AcDbText
  0
TEXT
  5
13E
330
17
100
AcDbEntity
  8
TABLE
100
AcDbText
 10
373.0
 20
213.00000000000003
 30
0.0
 40
2.1
  1
4
 11
373.0
 21
213.00000000000003
 31
0.0
100
AcDbText
  0
TEXT
  5
13F
330
17
100
AcDbEntity
  8
TABLE
100
AcDbText
 10
395.0
 20
213.00000000000003
 30
0.0
 40
1.8
  1
ошибка
 11
395.0
 21
213.00000000000003
 31
0.0
100
AcDbText
  0
HATCH
  5
140
330
17
100
AcDbEntity
  8
TABLE_FILL
 62
7
100
AcDbHatch
 10
0.0
 20
0.0
 30
0.0
210
0.0
220
0.0
230
1.0
  2
SOLID
 70
1
 71
0
 91
1
 92
3
 72
0
 73
1
 93
4
 10
272.0
 20
194.2
 10
334.0
 20
194.2
 10
334.0
 20
210.6
 10
272.0
 20
210.6
 97
0
 75
0
 76
1
 98
0
  0
LINE
  5
141
330
17
100
AcDbEntity
  8
TABLE
100
AcDbLine
 10
258.0
 20
194.2
 30
0.0
 11
272.0
 21
194.2
 31
0.0
  0
LINE
  5
142
330
17
100
AcDbEntity
  8
TABLE
100
AcDbLine
 10
272.0
 20
194.2
 30
0.0
 11
272.0
 21
210.6
 31
0.0
  0
LINE
  5
143
330
17
100
AcDbEntity
  8
TABLE
100
AcDbLine
 10
272.0
 20
210.6
 30
0.0
 11
258.0
 21
210.6
 31
0.0
  0
LINE
  5
144
330
17
100
AcDbEntity
  8
TABLE
100
AcDbLine
 10
258.0
 20
210.6
 30
0.0
 11
258.0
 21
194.2
 31
0.0
  0
LINE
  5
145
330
17
100
AcDbEntity
  8
TABLE
100
AcDbLine
 10
272.0
 20
194.2
 30
0.0
 11
334.0
 21
194.2
 31
0.0
  0
LINE
  5
146
330
17
100
AcDbEntity
  8
TABLE
100
AcDbLine
 10
334.0
 20
194.2
 30
0.0
 11
334.0
 21
210.6
 31
0.0
  0
LINE
  5
147
330
17
100
AcDbEntity
  8
TABLE
100
AcDbLine
 10
334.0
 20
210.6
 30
0.0
 11
272.0
 21
210.6
 31
0.0
  0
LINE
  5
148
330
17
100
AcDbEntity
  8
TABLE
100
AcDbLine
 10
272.0
 20
210.6
 30
0.0
 11
272.0
 21
194.2
 31
0.0
  0
LINE
  5
149
330
17
100
AcDbEntity
  8
TABLE
100
AcDbLine
 10
334.0
 20
194.2
 30
0.0
 11
360.0
 21
194.2
 31
0.0
  0
LINE
  5
14A
330
17
100
AcDbEntity
  8
TABLE
100
AcDbLine
 10
360.0
 20
194.2
 30
0.0
 11
360.0
 21
210.6
 31
0.0
  0
LINE
  5
14B
330
17
100
AcDbEntity
  8
TABLE
100
AcDbLine
 10
360.0
 20
210.6
 30
0.0
 11
334.0
 21
210.6
 31
0.0
  0
LINE
  5
14C
330
17
100
AcDbEntity
  8
TABLE
100
AcDbLine
 10
334.0
 20
210.6
 30
0.0
 11
334.0
 21
194.2
 31
0.0
  0
LINE
  5
14D
330
17
100
AcDbEntity
  8
TABLE
100
AcDbLine
 10
360.0
 20
194.2
 30
0.0
 11
386.0
 21
194.2
 31
0.0
  0
LINE
  5
14E
330
17
100
AcDbEntity
  8
TABLE
100
AcDbLine
 10
386.0
 20
194.2
 30
0.0
 11
386.0
 21
210.6
 31
0.0
  0
LINE
  5
14F
330
17
100
AcDbEntity
  8
TABLE
100
AcDbLine
 10
386.0
 20
210.6
 30
0.0
 11
360.0
 21
210.6
 31
0.0
  0
LINE
  5
150
330
17
100
AcDbEntity
  8
TABLE
100
AcDbLine
 10
360.0
 20
210.6
 30
0.0
 11
360.0
 21
194.2
 31
0.0
  0
LINE
  5
151
330
17
100
AcDbEntity
  8
TABLE
100
AcDbLine
 10
386.0
 20
194.2
 30
0.0
 11
404.0
 21
194.2
 31
0.0
  0
LINE
  5
152
330
17
100
AcDbEntity
  8
TABLE
100
AcDbLine
 10
404.0
 20
194.2
 30
0.0
 11
404.0
 21
210.6
 31
0.0
  0
LINE
  5
153
330
17
100
AcDbEntity
  8
TABLE
100
AcDbLine
 10
404.0
 20
210.6
 30
0.0
 11
386.0
 21
210.6
 31
0.0
  0
LINE
  5
154
330
17
100
AcDbEntity
  8
TABLE
100
AcDbLine
 10
386.0
 20
210.6
 30
0.0
 11
386.0
 21
194.2
 31
0.0
  0
TEXT
  5
155
330
17
100
AcDbEntity
  8
TABLE
100
AcDbText
 10
265.0
 20
196.6
 30
0.0
 40
2.0
  1
4
 11
265.0
 21
196.6
 31
0.0
100
AcDbText
  0
TEXT
  5
156
330
17
100
AcDbEntity
  8
TABLE
100
AcDbText
 10
273.4
 20
196.6
 30
0.0
 40
1.7
  1
ввод водопровода принят Ду100, по ТУ Ду80
 11
273.4
 21
196.6
 31
0.0
100
AcDbText
  0
TEXT
  5
157
330
17
100
AcDbEntity
  8
TABLE
100
AcDbText
 10
347.0
 20
196.6
 30
0.0
 40
2.1
  1
Ду100
 11
347.0
 21
196.6
 31
0.0
100
AcDbText
  0
TEXT
  5
158
330
17
100
AcDbEntity
  8
TABLE
100
AcDbText
 10
373.0
 20
196.6
 30
0.0
 40
2.1
  1
Ду80
 11
373.0
 21
196.6
 31
0.0
100
AcDbText
  0
TEXT
  5
159
330
17
100
AcDbEntity
  8
TABLE
100
AcDbText
 10
395.0
 20
196.6
 30
0.0
 40
1.9
  1
ИТП
 11
395.0
 21
196.6
 31
0.0
100
AcDbText
  0
HATCH
  5
15A
330
17
100
AcDbEntity
  8
TABLE_FILL
 62
7
100
AcDbHatch
 10
0.0
 20
0.0
 30
0.0
210
0.0
220
0.0
230
1.0
  2
SOLID
 70
1
 71
0
 91
1
 92
3
 72
0
 73
1
 93
4
 10
334.0
 20
186.0
 10
360.0
 20
186.0
 10
360.0
 20
194.2
 10
334.0
 20
194.2
 97
0
 75
0
 76
1
 98
0
  0
LINE
  5
15B
330
17
100
AcDbEntity
  8
TABLE
100
AcDbLine
 10
258.0
 20
186.0
 30
0.0
 11
272.0
 21
186.0
 31
0.0
  0
LINE
  5
15C
330
17
100
AcDbEntity
  8
TABLE
100
AcDbLine
 10
272.0
 20
186.0
 30
0.0
 11
272.0
 21
194.2
 31
0.0
  0
LINE
  5
15D
330
17
100
AcDbEntity
  8
TABLE
100
AcDbLine
 10
272.0
 20
194.2
 30
0.0
 11
258.0
 21
194.2
 31
0.0
  0
LINE
  5
15E
330
17
100
AcDbEntity
  8
TABLE
100
AcDbLine
 10
258.0
 20
194.2
 30
0.0
 11
258.0
 21
186.0
 31
0.0
  0
LINE
  5
15F
330
17
100
AcDbEntity
  8
TABLE
100
AcDbLine
 10
272.0
 20
186.0
 30
0.0
 11
334.0
 21
186.0
 31
0.0
  0
LINE
  5
160
330
17
100
AcDbEntity
  8
TABLE
100
AcDbLine
 10
334.0
 20
186.0
 30
0.0
 11
334.0
 21
194.2
 31
0.0
  0
LINE
  5
161
330
17
100
AcDbEntity
  8
TABLE
100
AcDbLine
 10
334.0
 20
194.2
 30
0.0
 11
272.0
 21
194.2
 31
0.0
  0
LINE
  5
162
330
17
100
AcDbEntity
  8
TABLE
100
AcDbLine
 10
272.0
 20
194.2
 30
0.0
 11
272.0
 21
186.0
 31
0.0
  0
LINE
  5
163
330
17
100
AcDbEntity
  8
TABLE
100
AcDbLine
 10
334.0
 20
186.0
 30
0.0
 11
360.0
 21
186.0
 31
0.0
  0
LINE
  5
164
330
17
100
AcDbEntity
  8
TABLE
100
AcDbLine
 10
360.0
 20
186.0
 30
0.0
 11
360.0
 21
194.2
 31
0.0
  0
LINE
  5
165
330
17
100
AcDbEntity
  8
TABLE
100
AcDbLine
 10
360.0
 20
194.2
 30
0.0
 11
334.0
 21
194.2
 31
0.0
  0
LINE
  5
166
330
17
100
AcDbEntity
  8
TABLE
100
AcDbLine
 10
334.0
 20
194.2
 30
0.0
 11
334.0
 21
186.0
 31
0.0
  0
LINE
  5
167
330
17
100
AcDbEntity
  8
TABLE
100
AcDbLine
 10
360.0
 20
186.0
 30
0.0
 11
386.0
 21
186.0
 31
0.0
  0
LINE
  5
168
330
17
100
AcDbEntity
  8
TABLE
100
AcDbLine
 10
386.0
 20
186.0
 30
0.0
 11
386.0
 21
194.2
 31
0.0
  0
LINE
  5
169
330
17
100
AcDbEntity
  8
TABLE
100
AcDbLine
 10
386.0
 20
194.2
 30
0.0
 11
360.0
 21
194.2
 31
0.0
  0
LINE
  5
16A
330
17
100
AcDbEntity
  8
TABLE
100
AcDbLine
 10
360.0
 20
194.2
 30
0.0
 11
360.0
 21
186.0
 31
0.0
  0
LINE
  5
16B
330
17
100
AcDbEntity
  8
TABLE
100
AcDbLine
 10
386.0
 20
186.0
 30
0.0
 11
404.0
 21
186.0
 31
0.0
  0
LINE
  5
16C
330
17
100
AcDbEntity
  8
TABLE
100
AcDbLine
 10
404.0
 20
186.0
 30
0.0
 11
404.0
 21
194.2
 31
0.0
  0
LINE
  5
16D
330
17
100
AcDbEntity
  8
TABLE
100
AcDbLine
 10
404.0
 20
194.2
 30
0.0
 11
386.0
 21
194.2
 31
0.0
  0
LINE
  5
16E
330
17
100
AcDbEntity
  8
TABLE
100
AcDbLine
 10
386.0
 20
194.2
 30
0.0
 11
386.0
 21
186.0
 31
0.0
  0
TEXT
  5
16F
330
17
100
AcDbEntity
  8
TABLE
100
AcDbText
 10
265.0
 20
188.4
 30
0.0
 40
2.0
  1
5
 11
265.0
 21
188.4
 31
0.0
100
AcDbText
  0
TEXT
  5
170
330
17
100
AcDbEntity
  8
TABLE
100
AcDbText
 10
273.4
 20
188.4
 30
0.0
 40
1.55
  1
лифт 1000 кг, по заданию 630 кг
 11
273.4
 21
188.4
 31
0.0
100
AcDbText
  0
TEXT
  5
171
330
17
100
AcDbEntity
  8
TABLE
100
AcDbText
 10
347.0
 20
188.4
 30
0.0
 40
2.1
  1
1000
 11
347.0
 21
188.4
 31
0.0
100
AcDbText
  0
TEXT
  5
172
330
17
100
AcDbEntity
  8
TABLE
100
AcDbText
 10
373.0
 20
188.4
 30
0.0
 40
2.1
  1
630
 11
373.0
 21
188.4
 31
0.0
100
AcDbText
  0
TEXT
  5
173
330
17
100
AcDbEntity
  8
TABLE
100
AcDbText
 10
395.0
 20
188.4
 30
0.0
 40
1.9
  1
Л1
 11
395.0
 21
188.4
 31
0.0
100
AcDbText
  0
HATCH
  5
174
330
17
100
AcDbEntity
  8
TABLE_FILL
 62
7
100
AcDbHatch
 10
0.0
 20
0.0
 30
0.0
210
0.0
220
0.0
230
1.0
  2
SOLID
 70
1
 71
0
 91
1
 92
3
 72
0
 73
1
 93
4
 10
258.0
 20
177.8
 10
404.0
 20
177.8
 10
404.0
 20
186.0
 10
258.0
 20
186.0
 97
0
 75
0
 76
1
 98
0
  0
LINE
  5
175
330
17
100
AcDbEntity
  8
TABLE
100
AcDbLine
 10
258.0
 20
177.8
 30
0.0
 11
404.0
 21
177.8
 31
0.0
  0
LINE
  5
176
330
17
100
AcDbEntity
  8
TABLE
100
AcDbLine
 10
404.0
 20
177.8
 30
0.0
 11
404.0
 21
186.0
 31
0.0
  0
LINE
  5
177
330
17
100
AcDbEntity
  8
TABLE
100
AcDbLine
 10
404.0
 20
186.0
 30
0.0
 11
258.0
 21
186.0
 31
0.0
  0
LINE
  5
178
330
17
100
AcDbEntity
  8
TABLE
100
AcDbLine
 10
258.0
 20
186.0
 30
0.0
 11
258.0
 21
177.8
 31
0.0
  0
TEXT
  5
179
330
17
100
AcDbEntity
  8
TABLE
100
AcDbText
 10
259.4
 20
180.20000000000002
 30
0.0
 40
2.1
  1
3. Технико-экономические показатели
 11
259.4
 21
180.20000000000002
 31
0.0
100
AcDbText
  0
LINE
  5
17A
330
17
100
AcDbEntity
  8
TABLE
100
AcDbLine
 10
258.0
 20
169.60000000000002
 30
0.0
 11
272.0
 21
169.60000000000002
 31
0.0
  0
LINE
  5
17B
330
17
100
AcDbEntity
  8
TABLE
100
AcDbLine
 10
272.0
 20
169.60000000000002
 30
0.0
 11
272.0
 21
177.8
 31
0.0
  0
LINE
  5
17C
330
17
100
AcDbEntity
  8
TABLE
100
AcDbLine
 10
272.0
 20
177.8
 30
0.0
 11
258.0
 21
177.8
 31
0.0
  0
LINE
  5
17D
330
17
100
AcDbEntity
  8
TABLE
100
AcDbLine
 10
258.0
 20
177.8
 30
0.0
 11
258.0
 21
169.60000000000002
 31
0.0
  0
LINE
  5
17E
330
17
100
AcDbEntity
  8
TABLE
100
AcDbLine
 10
272.0
 20
169.60000000000002
 30
0.0
 11
334.0
 21
169.60000000000002
 31
0.0
  0
LINE
  5
17F
330
17
100
AcDbEntity
  8
TABLE
100
AcDbLine
 10
334.0
 20
169.60000000000002
 30
0.0
 11
334.0
 21
177.8
 31
0.0
  0
LINE
  5
180
330
17
100
AcDbEntity
  8
TABLE
100
AcDbLine
 10
334.0
 20
177.8
 30
0.0
 11
272.0
 21
177.8
 31
0.0
  0
LINE
  5
181
330
17
100
AcDbEntity
  8
TABLE
100
AcDbLine
 10
272.0
 20
177.8
 30
0.0
 11
272.0
 21
169.60000000000002
 31
0.0
  0
LINE
  5
182
330
17
100
AcDbEntity
  8
TABLE
100
AcDbLine
 10
334.0
 20
169.60000000000002
 30
0.0
 11
360.0
 21
169.60000000000002
 31
0.0
  0
LINE
  5
183
330
17
100
AcDbEntity
  8
TABLE
100
AcDbLine
 10
360.0
 20
169.60000000000002
 30
0.0
 11
360.0
 21
177.8
 31
0.0
  0
LINE
  5
184
330
17
100
AcDbEntity
  8
TABLE
100
AcDbLine
 10
360.0
 20
177.8
 30
0.0
 11
334.0
 21
177.8
 31
0.0
  0
LINE
  5
185
330
17
100
AcDbEntity
  8
TABLE
100
AcDbLine
 10
334.0
 20
177.8
 30
0.0
 11
334.0
 21
169.60000000000002
 31
0.0
  0
LINE
  5
186
330
17
100
AcDbEntity
  8
TABLE
100
AcDbLine
 10
360.0
 20
169.60000000000002
 30
0.0
 11
386.0
 21
169.60000000000002
 31
0.0
  0
LINE
  5
187
330
17
100
AcDbEntity
  8
TABLE
100
AcDbLine
 10
386.0
 20
169.60000000000002
 30
0.0
 11
386.0
 21
177.8
 31
0.0
  0
LINE
  5
188
330
17
100
AcDbEntity
  8
TABLE
100
AcDbLine
 10
386.0
 20
177.8
 30
0.0
 11
360.0
 21
177.8
 31
0.0
  0
LINE
  5
189
330
17
100
AcDbEntity
  8
TABLE
100
AcDbLine
 10
360.0
 20
177.8
 30
0.0
 11
360.0
 21
169.60000000000002
 31
0.0
  0
LINE
  5
18A
330
17
100
AcDbEntity
  8
TABLE
100
AcDbLine
 10
386.0
 20
169.60000000000002
 30
0.0
 11
404.0
 21
169.60000000000002
 31
0.0
  0
LINE
  5
18B
330
17
100
AcDbEntity
  8
TABLE
100
AcDbLine
 10
404.0
 20
169.60000000000002
 30
0.0
 11
404.0
 21
177.8
 31
0.0
  0
LINE
  5
18C
330
17
100
AcDbEntity
  8
TABLE
100
AcDbLine
 10
404.0
 20
177.8
 30
0.0
 11
386.0
 21
177.8
 31
0.0
  0
LINE
  5
18D
330
17
100
AcDbEntity
  8
TABLE
100
AcDbLine
 10
386.0
 20
177.8
 30
0.0
 11
386.0
 21
169.60000000000002
 31
0.0
  0
TEXT
  5
18E
330
17
100
AcDbEntity
  8
TABLE
100
AcDbText
 10
265.0
 20
172.00000000000003
 30
0.0
 40
2.0
  1
6
 11
265.0
 21
172.00000000000003
 31
0.0
100
AcDbText
  0
TEXT
  5
18F
330
17
100
AcDbEntity
  8
TABLE
100
AcDbText
 10
273.4
 20
172.00000000000003
 30
0.0
 40
1.55
  1
надземных этажей 17, в задании 16
 11
273.4
 21
172.00000000000003
 31
0.0
100
AcDbText
  0
TEXT
  5
190
330
17
100
AcDbEntity
  8
TABLE
100
AcDbText
 10
347.0
 20
172.00000000000003
 30
0.0
 40
2.1
  1
17
 11
347.0
 21
172.00000000000003
 31
0.0
100
AcDbText
  0
TEXT
  5
191
330
17
100
AcDbEntity
  8
TABLE
100
AcDbText
 10
373.0
 20
172.00000000000003
 30
0.0
 40
2.1
  1
16
 11
373.0
 21
172.00000000000003
 31
0.0
100
AcDbText
  0
TEXT
  5
192
330
17
100
AcDbEntity
  8
TABLE
100
AcDbText
 10
395.0
 20
172.00000000000003
 30
0.0
 40
1.9
  1
ПЗ
 11
395.0
 21
172.00000000000003
 31
0.0
100
AcDbText
  0
HATCH
  5
193
330
17
100
AcDbEntity
  8
TABLE_FILL
 62
7
100
AcDbHatch
 10
0.0
 20
0.0
 30
0.0
210
0.0
220
0.0
230
1.0
  2
SOLID
 70
1
 71
0
 91
1
 92
3
 72
0
 73
1
 93
4
 10
334.0
 20
161.4
 10
360.0
 20
161.4
 10
360.0
 20
169.6
 10
334.0
 20
169.6
 97
0
 75
0
 76
1
 98
0
  0
HATCH
  5
194
330
17
100
AcDbEntity
  8
TABLE_FILL
 62
7
100
AcDbHatch
 10
0.0
 20
0.0
 30
0.0
210
0.0
220
0.0
230
1.0
  2
SOLID
 70
1
 71
0
 91
1
 92
3
 72
0
 73
1
 93
4
 10
360.0
 20
161.4
 10
386.0
 20
161.4
 10
386.0
 20
169.6
 10
360.0
 20
169.6
 97
0
 75
0
 76
1
 98
0
  0
LINE
  5
195
330
17
100
AcDbEntity
  8
TABLE
100
AcDbLine
 10
258.0
 20
161.4
 30
0.0
 11
272.0
 21
161.4
 31
0.0
  0
LINE
  5
196
330
17
100
AcDbEntity
  8
TABLE
100
AcDbLine
 10
272.0
 20
161.4
 30
0.0
 11
272.0
 21
169.6
 31
0.0
  0
LINE
  5
197
330
17
100
AcDbEntity
  8
TABLE
100
AcDbLine
 10
272.0
 20
169.6
 30
0.0
 11
258.0
 21
169.6
 31
0.0
  0
LINE
  5
198
330
17
100
AcDbEntity
  8
TABLE
100
AcDbLine
 10
258.0
 20
169.6
 30
0.0
 11
258.0
 21
161.4
 31
0.0
  0
LINE
  5
199
330
17
100
AcDbEntity
  8
TABLE
100
AcDbLine
 10
272.0
 20
161.4
 30
0.0
 11
334.0
 21
161.4
 31
0.0
  0
LINE
  5
19A
330
17
100
AcDbEntity
  8
TABLE
100
AcDbLine
 10
334.0
 20
161.4
 30
0.0
 11
334.0
 21
169.6
 31
0.0
  0
LINE
  5
19B
330
17
100
AcDbEntity
  8
TABLE
100
AcDbLine
 10
334.0
 20
169.6
 30
0.0
 11
272.0
 21
169.6
 31
0.0
  0
LINE
  5
19C
330
17
100
AcDbEntity
  8
TABLE
100
AcDbLine
 10
272.0
 20
169.6
 30
0.0
 11
272.0
 21
161.4
 31
0.0
  0
LINE
  5
19D
330
17
100
AcDbEntity
  8
TABLE
100
AcDbLine
 10
334.0
 20
161.4
 30
0.0
 11
360.0
 21
161.4
 31
0.0
  0
LINE
  5
19E
330
17
100
AcDbEntity
  8
TABLE
100
AcDbLine
 10
360.0
 20
161.4
 30
0.0
 11
360.0
 21
169.6
 31
0.0
  0
LINE
  5
19F
330
17
100
AcDbEntity
  8
TABLE
100
AcDbLine
 10
360.0
 20
169.6
 30
0.0
 11
334.0
 21
169.6
 31
0.0
  0
LINE
  5
1A0
330
17
100
AcDbEntity
  8
TABLE
100
AcDbLine
 10
334.0
 20
169.6
 30
0.0
 11
334.0
 21
161.4
 31
0.0
  0
LINE
  5
1A1
330
17
100
AcDbEntity
  8
TABLE
100
AcDbLine
 10
360.0
 20
161.4
 30
0.0
 11
386.0
 21
161.4
 31
0.0
  0
LINE
  5
1A2
330
17
100
AcDbEntity
  8
TABLE
100
AcDbLine
 10
386.0
 20
161.4
 30
0.0
 11
386.0
 21
169.6
 31
0.0
  0
LINE
  5
1A3
330
17
100
AcDbEntity
  8
TABLE
100
AcDbLine
 10
386.0
 20
169.6
 30
0.0
 11
360.0
 21
169.6
 31
0.0
  0
LINE
  5
1A4
330
17
100
AcDbEntity
  8
TABLE
100
AcDbLine
 10
360.0
 20
169.6
 30
0.0
 11
360.0
 21
161.4
 31
0.0
  0
LINE
  5
1A5
330
17
100
AcDbEntity
  8
TABLE
100
AcDbLine
 10
386.0
 20
161.4
 30
0.0
 11
404.0
 21
161.4
 31
0.0
  0
LINE
  5
1A6
330
17
100
AcDbEntity
  8
TABLE
100
AcDbLine
 10
404.0
 20
161.4
 30
0.0
 11
404.0
 21
169.6
 31
0.0
  0
LINE
  5
1A7
330
17
100
AcDbEntity
  8
TABLE
100
AcDbLine
 10
404.0
 20
169.6
 30
0.0
 11
386.0
 21
169.6
 31
0.0
  0
LINE
  5
1A8
330
17
100
AcDbEntity
  8
TABLE
100
AcDbLine
 10
386.0
 20
169.6
 30
0.0
 11
386.0
 21
161.4
 31
0.0
  0
TEXT
  5
1A9
330
17
100
AcDbEntity
  8
TABLE
100
AcDbText
 10
265.0
 20
163.8
 30
0.0
 40
2.0
  1
7
 11
265.0
 21
163.8
 31
0.0
100
AcDbText
  0
TEXT
  5
1AA
330
17
100
AcDbEntity
  8
TABLE
100
AcDbText
 10
273.4
 20
163.8
 30
0.0
 40
1.5
  1
озеленение участка 28 %, по ПЗЗ не менее 35 %
 11
273.4
 21
163.8
 31
0.0
100
AcDbText
  0
TEXT
  5
1AB
330
17
100
AcDbEntity
  8
TABLE
100
AcDbText
 10
347.0
 20
163.8
 30
0.0
 40
2.1
  1
28
 11
347.0
 21
163.8
 31
0.0
100
AcDbText
  0
TEXT
  5
1AC
330
17
100
AcDbEntity
  8
TABLE
100
AcDbText
 10
373.0
 20
163.8
 30
0.0
 40
2.1
  1
35
 11
373.0
 21
163.8
 31
0.0
100
AcDbText
  0
TEXT
  5
1AD
330
17
100
AcDbEntity
  8
TABLE
100
AcDbText
 10
395.0
 20
163.8
 30
0.0
 40
1.8
  1
норма
 11
395.0
 21
163.8
 31
0.0
100
AcDbText
  0
HATCH
  5
1AE
330
17
100
AcDbEntity
  8
TABLE_FILL
 62
7
100
AcDbHatch
 10
0.0
 20
0.0
 30
0.0
210
0.0
220
0.0
230
1.0
  2
SOLID
 70
1
 71
0
 91
1
 92
3
 72
0
 73
1
 93
4
 10
334.0
 20
153.20000000000002
 10
360.0
 20
153.20000000000002
 10
360.0
 20
161.4
 10
334.0
 20
161.4
 97
0
 75
0
 76
1
 98
0
  0
LINE
  5
1AF
330
17
100
AcDbEntity
  8
TABLE
100
AcDbLine
 10
258.0
 20
153.20000000000002
 30
0.0
 11
272.0
 21
153.20000000000002
 31
0.0
  0
LINE
  5
1B0
330
17
100
AcDbEntity
  8
TABLE
100
AcDbLine
 10
272.0
 20
153.20000000000002
 30
0.0
 11
272.0
 21
161.4
 31
0.0
  0
LINE
  5
1B1
330
17
100
AcDbEntity
  8
TABLE
100
AcDbLine
 10
272.0
 20
161.4
 30
0.0
 11
258.0
 21
161.4
 31
0.0
  0
LINE
  5
1B2
330
17
100
AcDbEntity
  8
TABLE
100
AcDbLine
 10
258.0
 20
161.4
 30
0.0
 11
258.0
 21
153.20000000000002
 31
0.0
  0
LINE
  5
1B3
330
17
100
AcDbEntity
  8
TABLE
100
AcDbLine
 10
272.0
 20
153.20000000000002
 30
0.0
 11
334.0
 21
153.20000000000002
 31
0.0
  0
LINE
  5
1B4
330
17
100
AcDbEntity
  8
TABLE
100
AcDbLine
 10
334.0
 20
153.20000000000002
 30
0.0
 11
334.0
 21
161.4
 31
0.0
  0
LINE
  5
1B5
330
17
100
AcDbEntity
  8
TABLE
100
AcDbLine
 10
334.0
 20
161.4
 30
0.0
 11
272.0
 21
161.4
 31
0.0
  0
LINE
  5
1B6
330
17
100
AcDbEntity
  8
TABLE
100
AcDbLine
 10
272.0
 20
161.4
 30
0.0
 11
272.0
 21
153.20000000000002
 31
0.0
  0
LINE
  5
1B7
330
17
100
AcDbEntity
  8
TABLE
100
AcDbLine
 10
334.0
 20
153.20000000000002
 30
0.0
 11
360.0
 21
153.20000000000002
 31
0.0
  0
LINE
  5
1B8
330
17
100
AcDbEntity
  8
TABLE
100
AcDbLine
 10
360.0
 20
153.20000000000002
 30
0.0
 11
360.0
 21
161.4
 31
0.0
  0
LINE
  5
1B9
330
17
100
AcDbEntity
  8
TABLE
100
AcDbLine
 10
360.0
 20
161.4
 30
0.0
 11
334.0
 21
161.4
 31
0.0
  0
LINE
  5
1BA
330
17
100
AcDbEntity
  8
TABLE
100
AcDbLine
 10
334.0
 20
161.4
 30
0.0
 11
334.0
 21
153.20000000000002
 31
0.0
  0
LINE
  5
1BB
330
17
100
AcDbEntity
  8
TABLE
100
AcDbLine
 10
360.0
 20
153.20000000000002
 30
0.0
 11
386.0
 21
153.20000000000002
 31
0.0
  0
LINE
  5
1BC
330
17
100
AcDbEntity
  8
TABLE
100
AcDbLine
 10
386.0
 20
153.20000000000002
 30
0.0
 11
386.0
 21
161.4
 31
0.0
  0
LINE
  5
1BD
330
17
100
AcDbEntity
  8
TABLE
100
AcDbLine
 10
386.0
 20
161.4
 30
0.0
 11
360.0
 21
161.4
 31
0.0
  0
LINE
  5
1BE
330
17
100
AcDbEntity
  8
TABLE
100
AcDbLine
 10
360.0
 20
161.4
 30
0.0
 11
360.0
 21
153.20000000000002
 31
0.0
  0
LINE
  5
1BF
330
17
100
AcDbEntity
  8
TABLE
100
AcDbLine
 10
386.0
 20
153.20000000000002
 30
0.0
 11
404.0
 21
153.20000000000002
 31
0.0
  0
LINE
  5
1C0
330
17
100
AcDbEntity
  8
TABLE
100
AcDbLine
 10
404.0
 20
153.20000000000002
 30
0.0
 11
404.0
 21
161.4
 31
0.0
  0
LINE
  5
1C1
330
17
100
AcDbEntity
  8
TABLE
100
AcDbLine
 10
404.0
 20
161.4
 30
0.0
 11
386.0
 21
161.4
 31
0.0
  0
LINE
  5
1C2
330
17
100
AcDbEntity
  8
TABLE
100
AcDbLine
 10
386.0
 20
161.4
 30
0.0
 11
386.0
 21
153.20000000000002
 31
0.0
  0
TEXT
  5
1C3
330
17
100
AcDbEntity
  8
TABLE
100
AcDbText
 10
265.0
 20
155.60000000000002
 30
0.0
 40
2.0
  1
8
 11
265.0
 21
155.60000000000002
 31
0.0
100
AcDbText
  0
TEXT
  5
1C4
330
17
100
AcDbEntity
  8
TABLE
100
AcDbText
 10
273.4
 20
155.60000000000002
 30
0.0
 40
1.5
  1
расчётная мощность 250 кВт, по ТУ 180 кВт
 11
273.4
 21
155.60000000000002
 31
0.0
100
AcDbText
  0
TEXT
  5
1C5
330
17
100
AcDbEntity
  8
TABLE
100
AcDbText
 10
347.0
 20
155.60000000000002
 30
0.0
 40
2.1
  1
250
 11
347.0
 21
155.60000000000002
 31
0.0
100
AcDbText
  0
TEXT
  5
1C6
330
17
100
AcDbEntity
  8
TABLE
100
AcDbText
 10
373.0
 20
155.60000000000002
 30
0.0
 40
2.1
  1
180
 11
373.0
 21
155.60000000000002
 31
0.0
100
AcDbText
  0
TEXT
  5
1C7
330
17
100
AcDbEntity
  8
TABLE
100
AcDbText
 10
395.0
 20
155.60000000000002
 30
0.0
 40
1.9
  1
ЭОМ
 11
395.0
 21
155.60000000000002
 31
0.0
100
AcDbText
  0
HATCH
  5
1C8
330
17
100
AcDbEntity
  8
TABLE_FILL
 62
7
100
AcDbHatch
 10
0.0
 20
0.0
 30
0.0
210
0.0
220
0.0
230
1.0
  2
SOLID
 70
1
 71
0
 91
1
 92
3
 72
0
 73
1
 93
4
 10
334.0
 20
145.0
 10
360.0
 20
145.0
 10
360.0
 20
153.2
 10
334.0
 20
153.2
 97
0
 75
0
 76
1
 98
0
  0
LINE
  5
1C9
330
17
100
AcDbEntity
  8
TABLE
100
AcDbLine
 10
258.0
 20
145.0
 30
0.0
 11
272.0
 21
145.0
 31
0.0
  0
LINE
  5
1CA
330
17
100
AcDbEntity
  8
TABLE
100
AcDbLine
 10
272.0
 20
145.0
 30
0.0
 11
272.0
 21
153.2
 31
0.0
  0
LINE
  5
1CB
330
17
100
AcDbEntity
  8
TABLE
100
AcDbLine
 10
272.0
 20
153.2
 30
0.0
 11
258.0
 21
153.2
 31
0.0
  0
LINE
  5
1CC
330
17
100
AcDbEntity
  8
TABLE
100
AcDbLine
 10
258.0
 20
153.2
 30
0.0
 11
258.0
 21
145.0
 31
0.0
  0
LINE
  5
1CD
330
17
100
AcDbEntity
  8
TABLE
100
AcDbLine
 10
272.0
 20
145.0
 30
0.0
 11
334.0
 21
145.0
 31
0.0
  0
LINE
  5
1CE
330
17
100
AcDbEntity
  8
TABLE
100
AcDbLine
 10
334.0
 20
145.0
 30
0.0
 11
334.0
 21
153.2
 31
0.0
  0
LINE
  5
1CF
330
17
100
AcDbEntity
  8
TABLE
100
AcDbLine
 10
334.0
 20
153.2
 30
0.0
 11
272.0
 21
153.2
 31
0.0
  0
LINE
  5
1D0
330
17
100
AcDbEntity
  8
TABLE
100
AcDbLine
 10
272.0
 20
153.2
 30
0.0
 11
272.0
 21
145.0
 31
0.0
  0
LINE
  5
1D1
330
17
100
AcDbEntity
  8
TABLE
100
AcDbLine
 10
334.0
 20
145.0
 30
0.0
 11
360.0
 21
145.0
 31
0.0
  0
LINE
  5
1D2
330
17
100
AcDbEntity
  8
TABLE
100
AcDbLine
 10
360.0
 20
145.0
 30
0.0
 11
360.0
 21
153.2
 31
0.0
  0
LINE
  5
1D3
330
17
100
AcDbEntity
  8
TABLE
100
AcDbLine
 10
360.0
 20
153.2
 30
0.0
 11
334.0
 21
153.2
 31
0.0
  0
LINE
  5
1D4
330
17
100
AcDbEntity
  8
TABLE
100
AcDbLine
 10
334.0
 20
153.2
 30
0.0
 11
334.0
 21
145.0
 31
0.0
  0
LINE
  5
1D5
330
17
100
AcDbEntity
  8
TABLE
100
AcDbLine
 10
360.0
 20
145.0
 30
0.0
 11
386.0
 21
145.0
 31
0.0
  0
LINE
  5
1D6
330
17
100
AcDbEntity
  8
TABLE
100
AcDbLine
 10
386.0
 20
145.0
 30
0.0
 11
386.0
 21
153.2
 31
0.0
  0
LINE
  5
1D7
330
17
100
AcDbEntity
  8
TABLE
100
AcDbLine
 10
386.0
 20
153.2
 30
0.0
 11
360.0
 21
153.2
 31
0.0
  0
LINE
  5
1D8
330
17
100
AcDbEntity
  8
TABLE
100
AcDbLine
 10
360.0
 20
153.2
 30
0.0
 11
360.0
 21
145.0
 31
0.0
  0
LINE
  5
1D9
330
17
100
AcDbEntity
  8
TABLE
100
AcDbLine
 10
386.0
 20
145.0
 30
0.0
 11
404.0
 21
145.0
 31
0.0
  0
LINE
  5
1DA
330
17
100
AcDbEntity
  8
TABLE
100
AcDbLine
 10
404.0
 20
145.0
 30
0.0
 11
404.0
 21
153.2
 31
0.0
  0
LINE
  5
1DB
330
17
100
AcDbEntity
  8
TABLE
100
AcDbLine
 10
404.0
 20
153.2
 30
0.0
 11
386.0
 21
153.2
 31
0.0
  0
LINE
  5
1DC
330
17
100
AcDbEntity
  8
TABLE
100
AcDbLine
 10
386.0
 20
153.2
 30
0.0
 11
386.0
 21
145.0
 31
0.0
  0
TEXT
  5
1DD
330
17
100
AcDbEntity
  8
TABLE
100
AcDbText
 10
265.0
 20
147.4
 30
0.0
 40
2.0
  1
9
 11
265.0
 21
147.4
 31
0.0
100
AcDbText
  0
TEXT
  5
1DE
330
17
100
AcDbEntity
  8
TABLE
100
AcDbText
 10
273.4
 20
147.4
 30
0.0
 40
1.45
  1
машиномест в стилобате 86, по расчёту требуется 72
 11
273.4
 21
147.4
 31
0.0
100
AcDbText
  0
TEXT
  5
1DF
330
17
100
AcDbEntity
  8
TABLE
100
AcDbText
 10
347.0
 20
147.4
 30
0.0
 40
2.1
  1
86
 11
347.0
 21
147.4
 31
0.0
100
AcDbText
  0
TEXT
  5
1E0
330
17
100
AcDbEntity
  8
TABLE
100
AcDbText
 10
373.0
 20
147.4
 30
0.0
 40
2.1
  1
72
 11
373.0
 21
147.4
 31
0.0
100
AcDbText
  0
TEXT
  5
1E1
330
17
100
AcDbEntity
  8
TABLE
100
AcDbText
 10
395.0
 20
147.4
 30
0.0
 40
1.9
  1
ПЗУ
 11
395.0
 21
147.4
 31
0.0
100
AcDbText
  0
HATCH
  5
1E2
330
17
100
AcDbEntity
  8
TABLE_FILL
 62
7
100
AcDbHatch
 10
0.0
 20
0.0
 30
0.0
210
0.0
220
0.0
230
1.0
  2
SOLID
 70
1
 71
0
 91
1
 92
3
 72
0
 73
1
 93
4
 10
272.0
 20
136.8
 10
360.0
 20
136.8
 10
360.0
 20
145.0
 10
272.0
 20
145.0
 97
0
 75
0
 76
1
 98
0
  0
LINE
  5
1E3
330
17
100
AcDbEntity
  8
TABLE
100
AcDbLine
 10
258.0
 20
136.8
 30
0.0
 11
272.0
 21
136.8
 31
0.0
  0
LINE
  5
1E4
330
17
100
AcDbEntity
  8
TABLE
100
AcDbLine
 10
272.0
 20
136.8
 30
0.0
 11
272.0
 21
145.0
 31
0.0
  0
LINE
  5
1E5
330
17
100
AcDbEntity
  8
TABLE
100
AcDbLine
 10
272.0
 20
145.0
 30
0.0
 11
258.0
 21
145.0
 31
0.0
  0
LINE
  5
1E6
330
17
100
AcDbEntity
  8
TABLE
100
AcDbLine
 10
258.0
 20
145.0
 30
0.0
 11
258.0
 21
136.8
 31
0.0
  0
LINE
  5
1E7
330
17
100
AcDbEntity
  8
TABLE
100
AcDbLine
 10
272.0
 20
136.8
 30
0.0
 11
360.0
 21
136.8
 31
0.0
  0
LINE
  5
1E8
330
17
100
AcDbEntity
  8
TABLE
100
AcDbLine
 10
360.0
 20
136.8
 30
0.0
 11
360.0
 21
145.0
 31
0.0
  0
LINE
  5
1E9
330
17
100
AcDbEntity
  8
TABLE
100
AcDbLine
 10
360.0
 20
145.0
 30
0.0
 11
272.0
 21
145.0
 31
0.0
  0
LINE
  5
1EA
330
17
100
AcDbEntity
  8
TABLE
100
AcDbLine
 10
272.0
 20
145.0
 30
0.0
 11
272.0
 21
136.8
 31
0.0
  0
LINE
  5
1EB
330
17
100
AcDbEntity
  8
TABLE
100
AcDbLine
 10
360.0
 20
136.8
 30
0.0
 11
386.0
 21
136.8
 31
0.0
  0
LINE
  5
1EC
330
17
100
AcDbEntity
  8
TABLE
100
AcDbLine
 10
386.0
 20
136.8
 30
0.0
 11
386.0
 21
145.0
 31
0.0
  0
LINE
  5
1ED
330
17
100
AcDbEntity
  8
TABLE
100
AcDbLine
 10
386.0
 20
145.0
 30
0.0
 11
360.0
 21
145.0
 31
0.0
  0
LINE
  5
1EE
330
17
100
AcDbEntity
  8
TABLE
100
AcDbLine
 10
360.0
 20
145.0
 30
0.0
 11
360.0
 21
136.8
 31
0.0
  0
LINE
  5
1EF
330
17
100
AcDbEntity
  8
TABLE
100
AcDbLine
 10
386.0
 20
136.8
 30
0.0
 11
404.0
 21
136.8
 31
0.0
  0
LINE
  5
1F0
330
17
100
AcDbEntity
  8
TABLE
100
AcDbLine
 10
404.0
 20
136.8
 30
0.0
 11
404.0
 21
145.0
 31
0.0
  0
LINE
  5
1F1
330
17
100
AcDbEntity
  8
TABLE
100
AcDbLine
 10
404.0
 20
145.0
 30
0.0
 11
386.0
 21
145.0
 31
0.0
  0
LINE
  5
1F2
330
17
100
AcDbEntity
  8
TABLE
100
AcDbLine
 10
386.0
 20
145.0
 30
0.0
 11
386.0
 21
136.8
 31
0.0
  0
TEXT
  5
1F3
330
17
100
AcDbEntity
  8
TABLE
100
AcDbText
 10
265.0
 20
139.20000000000002
 30
0.0
 40
2.0
  1
10
 11
265.0
 21
139.20000000000002
 31
0.0
100
AcDbText
  0
TEXT
  5
1F4
330
17
100
AcDbEntity
  8
TABLE
100
AcDbText
 10
273.4
 20
139.20000000000002
 30
0.0
 40
1.55
  1
степень огнестойкости принята II, в задании III
 11
273.4
 21
139.20000000000002
 31
0.0
100
AcDbText
  0
TEXT
  5
1F5
330
17
100
AcDbEntity
  8
TABLE
100
AcDbText
 10
373.0
 20
139.20000000000002
 30
0.0
 40
2.1
  1
III
 11
373.0
 21
139.20000000000002
 31
0.0
100
AcDbText
  0
TEXT
  5
1F6
330
17
100
AcDbEntity
  8
TABLE
100
AcDbText
 10
395.0
 20
139.20000000000002
 30
0.0
 40
1.9
  1
ПЗ
 11
395.0
 21
139.20000000000002
 31
0.0
100
AcDbText
  0
HATCH
  5
1F7
330
17
100
AcDbEntity
  8
TABLE_FILL
 62
7
100
AcDbHatch
 10
0.0
 20
0.0
 30
0.0
210
0.0
220
0.0
230
1.0
  2
SOLID
 70
1
 71
0
 91
1
 92
3
 72
0
 73
1
 93
4
 10
258.0
 20
128.60000000000002
 10
404.0
 20
128.60000000000002
 10
404.0
 20
136.8
 10
258.0
 20
136.8
 97
0
 75
0
 76
1
 98
0
  0
LINE
  5
1F8
330
17
100
AcDbEntity
  8
TABLE
100
AcDbLine
 10
258.0
 20
128.60000000000002
 30
0.0
 11
404.0
 21
128.60000000000002
 31
0.0
  0
LINE
  5
1F9
330
17
100
AcDbEntity
  8
TABLE
100
AcDbLine
 10
404.0
 20
128.60000000000002
 30
0.0
 11
404.0
 21
136.8
 31
0.0
  0
LINE
  5
1FA
330
17
100
AcDbEntity
  8
TABLE
100
AcDbLine
 10
404.0
 20
136.8
 30
0.0
 11
258.0
 21
136.8
 31
0.0
  0
LINE
  5
1FB
330
17
100
AcDbEntity
  8
TABLE
100
AcDbLine
 10
258.0
 20
136.8
 30
0.0
 11
258.0
 21
128.60000000000002
 31
0.0
  0
TEXT
  5
1FC
330
17
100
AcDbEntity
  8
TABLE
100
AcDbText
 10
259.4
 20
131.00000000000003
 30
0.0
 40
2.0
  1
итого единиц оборудования 18 шт, сумма строк 12
 11
259.4
 21
131.00000000000003
 31
0.0
100
AcDbText
  0
LINE
  5
1FD
330
17
100
AcDbEntity
  8
GRAPH
100
AcDbLine
 10
258.0
 20
18.0
 30
0.0
 11
404.0
 21
18.0
 31
0.0
  0
LINE
  5
1FE
330
17
100
AcDbEntity
  8
GRAPH
100
AcDbLine
 10
404.0
 20
18.0
 30
0.0
 11
404.0
 21
62.0
 31
0.0
  0
LINE
  5
1FF
330
17
100
AcDbEntity
  8
GRAPH
100
AcDbLine
 10
404.0
 20
62.0
 30
0.0
 11
258.0
 21
62.0
 31
0.0
  0
LINE
  5
200
330
17
100
AcDbEntity
  8
GRAPH
100
AcDbLine
 10
258.0
 20
62.0
 30
0.0
 11
258.0
 21
18.0
 31
0.0
  0
LINE
  5
201
330
17
100
AcDbEntity
  8
GRAPH
100
AcDbLine
 10
258.0
 20
32.0
 30
0.0
 11
404.0
 21
32.0
 31
0.0
  0
LINE
  5
202
330
17
100
AcDbEntity
  8
GRAPH
100
AcDbLine
 10
258.0
 20
46.0
 30
0.0
 11
404.0
 21
46.0
 31
0.0
  0
LINE
  5
203
330
17
100
AcDbEntity
  8
GRAPH
100
AcDbLine
 10
310.0
 20
18.0
 30
0.0
 11
310.0
 21
62.0
 31
0.0
  0
TEXT
  5
204
330
17
100
AcDbEntity
  8
TEXT
100
AcDbText
 10
261.0
 20
50.0
 30
0.0
 40
2.3
  1
Объект
 11
261.0
 21
50.0
 31
0.0
100
AcDbText
  0
TEXT
  5
205
330
17
100
AcDbEntity
  8
TEXT
100
AcDbText
 10
314.0
 20
50.0
 30
0.0
 40
2.2
  1
Жилой дом Северный квартал
 11
314.0
 21
50.0
 31
0.0
100
AcDbText
  0
TEXT
  5
206
330
17
100
AcDbEntity
  8
TEXT
100
AcDbText
 10
261.0
 20
36.0
 30
0.0
 40
2.3
  1
Лист
 11
261.0
 21
36.0
 31
0.0
100
AcDbText
  0
TEXT
  5
207
330
17
100
AcDbEntity
  8
TEXT
100
AcDbText
 10
314.0
 20
36.0
 30
0.0
 40
2.3
  1
1/8
 11
314.0
 21
36.0
 31
0.0
100
AcDbText
  0
TEXT
  5
208
330
17
100
AcDbEntity
  8
TEXT
100
AcDbText
 10
261.0
 20
23.0
 30
0.0
 40
2.1
  1
Стадия
 11
261.0
 21
23.0
 31
0.0
100
AcDbText
  0
TEXT
  5
209
330
17
100
AcDbEntity
  8
TEXT
100
AcDbText
 10
314.0
 20
23.0
 30
0.0
 40
2.1
  1
П
 11
314.0
 21
23.0
 31
0.0
100
AcDbText
  0
LWPOLYLINE
  5
20A
330
17
100
AcDbEntity
  8
GRAPH
100
AcDbPolyline
 90
4
 70
1
 10
5.0
 20
5.0
 10
415.0
 20
5.0
 10
415.0
 20
292.0
 10
5.0
 20
292.0
  0
LWPOLYLINE
  5
20B
330
17
100
AcDbEntity
  8
GRAPH
100
AcDbPolyline
 90
4
 70
1
 10
435.0
 20
5.0
 10
845.0
 20
5.0
 10
845.0
 20
292.0
 10
435.0
 20
292.0
  0
LINE
  5
20C
330
17
100
AcDbEntity
  8
GRAPH
100
AcDbLine
 10
440.0
 20
10.0
 30
0.0
 11
840.0
 21
10.0
 31
0.0
  0
LINE
  5
20D
330
17
100
AcDbEntity
  8
GRAPH
100
AcDbLine
 10
840.0
 20
10.0
 30
0.0
 11
840.0
 21
287.0
 31
0.0
  0
LINE
  5
20E
330
17
100
AcDbEntity
  8
GRAPH
100
AcDbLine
 10
840.0
 20
287.0
 30
0.0
 11
440.0
 21
287.0
 31
0.0
  0
LINE
  5
20F
330
17
100
AcDbEntity
  8
GRAPH
100
AcDbLine
 10
440.0
 20
287.0
 30
0.0
 11
440.0
 21
10.0
 31
0.0
  0
TEXT
  5
210
330
17
100
AcDbEntity
  8
TEXT
100
AcDbText
 10
446.0
 20
268.0
 30
0.0
 40
4.2
  1
ПЛАН 1 ЭТАЖА. Секции 1–3
 11
446.0
 21
268.0
 31
0.0
100
AcDbText
  0
TEXT
  5
211
330
17
100
AcDbEntity
  8
DIM
100
AcDbText
 10
446.0
 20
258.0
 30
0.0
 40
2.0
  1
отметка чистого пола +0.150, в разрезе +0.250
 11
446.0
 21
258.0
 31
0.0
100
AcDbText
  0
HATCH
  5
212
330
17
100
AcDbEntity
  8
TABLE_FILL
 62
7
100
AcDbHatch
 10
0.0
 20
0.0
 30
0.0
210
0.0
220
0.0
230
1.0
  2
SOLID
 70
1
 71
0
 91
1
 92
3
 72
0
 73
1
 93
4
 10
454.0
 20
168.0
 10
566.0
 20
168.0
 10
566.0
 20
210.0
 10
454.0
 20
210.0
 97
0
 75
0
 76
1
 98
0
  0
LINE
  5
213
330
17
100
AcDbEntity
  8
GRAPH
100
AcDbLine
 10
454.0
 20
168.0
 30
0.0
 11
566.0
 21
168.0
 31
0.0
  0
LINE
  5
214
330
17
100
AcDbEntity
  8
GRAPH
100
AcDbLine
 10
566.0
 20
168.0
 30
0.0
 11
566.0
 21
210.0
 31
0.0
  0
LINE
  5
215
330
17
100
AcDbEntity
  8
GRAPH
100
AcDbLine
 10
566.0
 20
210.0
 30
0.0
 11
454.0
 21
210.0
 31
0.0
  0
LINE
  5
216
330
17
100
AcDbEntity
  8
GRAPH
100
AcDbLine
 10
454.0
 20
210.0
 30
0.0
 11
454.0
 21
168.0
 31
0.0
  0
TEXT
  5
217
330
17
100
AcDbEntity
  8
TEXT
100
AcDbText
 10
458.0
 20
196.0
 30
0.0
 40
2.3
  1
101 Студия
 11
458.0
 21
196.0
 31
0.0
100
AcDbText
  0
TEXT
  5
218
330
17
100
AcDbEntity
  8
TEXT
100
AcDbText
 10
458.0
 20
186.0
 30
0.0
 40
2.0
  1
S=22.0 м2
 11
458.0
 21
186.0
 31
0.0
100
AcDbText
  0
HATCH
  5
219
330
17
100
AcDbEntity
  8
TABLE_FILL
 62
7
100
AcDbHatch
 10
0.0
 20
0.0
 30
0.0
210
0.0
220
0.0
230
1.0
  2
SOLID
 70
1
 71
0
 91
1
 92
3
 72
0
 73
1
 93
4
 10
574.0
 20
168.0
 10
686.0
 20
168.0
 10
686.0
 20
210.0
 10
574.0
 20
210.0
 97
0
 75
0
 76
1
 98
0
  0
LINE
  5
21A
330
17
100
AcDbEntity
  8
GRAPH
100
AcDbLine
 10
574.0
 20
168.0
 30
0.0
 11
686.0
 21
168.0
 31
0.0
  0
LINE
  5
21B
330
17
100
AcDbEntity
  8
GRAPH
100
AcDbLine
 10
686.0
 20
168.0
 30
0.0
 11
686.0
 21
210.0
 31
0.0
  0
LINE
  5
21C
330
17
100
AcDbEntity
  8
GRAPH
100
AcDbLine
 10
686.0
 20
210.0
 30
0.0
 11
574.0
 21
210.0
 31
0.0
  0
LINE
  5
21D
330
17
100
AcDbEntity
  8
GRAPH
100
AcDbLine
 10
574.0
 20
210.0
 30
0.0
 11
574.0
 21
168.0
 31
0.0
  0
TEXT
  5
21E
330
17
100
AcDbEntity
  8
TEXT
100
AcDbText
 10
578.0
 20
196.0
 30
0.0
 40
2.3
  1
102 1-комн.
 11
578.0
 21
196.0
 31
0.0
100
AcDbText
  0
TEXT
  5
21F
330
17
100
AcDbEntity
  8
TEXT
100
AcDbText
 10
578.0
 20
186.0
 30
0.0
 40
2.0
  1
S=38.4 м2
 11
578.0
 21
186.0
 31
0.0
100
AcDbText
  0
HATCH
  5
220
330
17
100
AcDbEntity
  8
TABLE_FILL
 62
7
100
AcDbHatch
 10
0.0
 20
0.0
 30
0.0
210
0.0
220
0.0
230
1.0
  2
SOLID
 70
1
 71
0
 91
1
 92
3
 72
0
 73
1
 93
4
 10
694.0
 20
168.0
 10
806.0
 20
168.0
 10
806.0
 20
210.0
 10
694.0
 20
210.0
 97
0
 75
0
 76
1
 98
0
  0
LINE
  5
221
330
17
100
AcDbEntity
  8
GRAPH
100
AcDbLine
 10
694.0
 20
168.0
 30
0.0
 11
806.0
 21
168.0
 31
0.0
  0
LINE
  5
222
330
17
100
AcDbEntity
  8
GRAPH
100
AcDbLine
 10
806.0
 20
168.0
 30
0.0
 11
806.0
 21
210.0
 31
0.0
  0
LINE
  5
223
330
17
100
AcDbEntity
  8
GRAPH
100
AcDbLine
 10
806.0
 20
210.0
 30
0.0
 11
694.0
 21
210.0
 31
0.0
  0
LINE
  5
224
330
17
100
AcDbEntity
  8
GRAPH
100
AcDbLine
 10
694.0
 20
210.0
 30
0.0
 11
694.0
 21
168.0
 31
0.0
  0
TEXT
  5
225
330
17
100
AcDbEntity
  8
TEXT
100
AcDbText
 10
698.0
 20
196.0
 30
0.0
 40
2.3
  1
103 2-комн.
 11
698.0
 21
196.0
 31
0.0
100
AcDbText
  0
TEXT
  5
226
330
17
100
AcDbEntity
  8
TEXT
100
AcDbText
 10
698.0
 20
186.0
 30
0.0
 40
2.0
  1
S=54.1 м2
 11
698.0
 21
186.0
 31
0.0
100
AcDbText
  0
HATCH
  5
227
330
17
100
AcDbEntity
  8
TABLE_FILL
 62
7
100
AcDbHatch
 10
0.0
 20
0.0
 30
0.0
210
0.0
220
0.0
230
1.0
  2
SOLID
 70
1
 71
0
 91
1
 92
3
 72
0
 73
1
 93
4
 10
454.0
 20
120.0
 10
566.0
 20
120.0
 10
566.0
 20
162.0
 10
454.0
 20
162.0
 97
0
 75
0
 76
1
 98
0
  0
LINE
  5
228
330
17
100
AcDbEntity
  8
GRAPH
100
AcDbLine
 10
454.0
 20
120.0
 30
0.0
 11
566.0
 21
120.0
 31
0.0
  0
LINE
  5
229
330
17
100
AcDbEntity
  8
GRAPH
100
AcDbLine
 10
566.0
 20
120.0
 30
0.0
 11
566.0
 21
162.0
 31
0.0
  0
LINE
  5
22A
330
17
100
AcDbEntity
  8
GRAPH
100
AcDbLine
 10
566.0
 20
162.0
 30
0.0
 11
454.0
 21
162.0
 31
0.0
  0
LINE
  5
22B
330
17
100
AcDbEntity
  8
GRAPH
100
AcDbLine
 10
454.0
 20
162.0
 30
0.0
 11
454.0
 21
120.0
 31
0.0
  0
TEXT
  5
22C
330
17
100
AcDbEntity
  8
TEXT
100
AcDbText
 10
458.0
 20
148.0
 30
0.0
 40
2.3
  1
104 ИТП
 11
458.0
 21
148.0
 31
0.0
100
AcDbText
  0
TEXT
  5
22D
330
17
100
AcDbEntity
  8
TEXT
100
AcDbText
 10
458.0
 20
138.0
 30
0.0
 40
2.0
  1
S=12.0 м2
 11
458.0
 21
138.0
 31
0.0
100
AcDbText
  0
HATCH
  5
22E
330
17
100
AcDbEntity
  8
TABLE_FILL
 62
7
100
AcDbHatch
 10
0.0
 20
0.0
 30
0.0
210
0.0
220
0.0
230
1.0
  2
SOLID
 70
1
 71
0
 91
1
 92
3
 72
0
 73
1
 93
4
 10
574.0
 20
120.0
 10
686.0
 20
120.0
 10
686.0
 20
162.0
 10
574.0
 20
162.0
 97
0
 75
0
 76
1
 98
0
  0
LINE
  5
22F
330
17
100
AcDbEntity
  8
GRAPH
100
AcDbLine
 10
574.0
 20
120.0
 30
0.0
 11
686.0
 21
120.0
 31
0.0
  0
LINE
  5
230
330
17
100
AcDbEntity
  8
GRAPH
100
AcDbLine
 10
686.0
 20
120.0
 30
0.0
 11
686.0
 21
162.0
 31
0.0
  0
LINE
  5
231
330
17
100
AcDbEntity
  8
GRAPH
100
AcDbLine
 10
686.0
 20
162.0
 30
0.0
 11
574.0
 21
162.0
 31
0.0
  0
LINE
  5
232
330
17
100
AcDbEntity
  8
GRAPH
100
AcDbLine
 10
574.0
 20
162.0
 30
0.0
 11
574.0
 21
120.0
 31
0.0
  0
TEXT
  5
233
330
17
100
AcDbEntity
  8
TEXT
100
AcDbText
 10
578.0
 20
148.0
 30
0.0
 40
2.3
  1
105 1-комн.
 11
578.0
 21
148.0
 31
0.0
100
AcDbText
  0
TEXT
  5
234
330
17
100
AcDbEntity
  8
TEXT
100
AcDbText
 10
578.0
 20
138.0
 30
0.0
 40
2.0
  1
S=38.4 м2
 11
578.0
 21
138.0
 31
0.0
100
AcDbText
  0
TEXT
  5
235
330
17
100
AcDbEntity
  8
TEXT
100
AcDbText
 10
578.0
 20
128.0
 30
0.0
 40
1.55
  1
площадь квартиры 105 равна 38.4 м2, по обмеру 42.1 м2
 11
578.0
 21
128.0
 31
0.0
100
AcDbText
  0
HATCH
  5
236
330
17
100
AcDbEntity
  8
TABLE_FILL
 62
7
100
AcDbHatch
 10
0.0
 20
0.0
 30
0.0
210
0.0
220
0.0
230
1.0
  2
SOLID
 70
1
 71
0
 91
1
 92
3
 72
0
 73
1
 93
4
 10
694.0
 20
120.0
 10
806.0
 20
120.0
 10
806.0
 20
162.0
 10
694.0
 20
162.0
 97
0
 75
0
 76
1
 98
0
  0
LINE
  5
237
330
17
100
AcDbEntity
  8
GRAPH
100
AcDbLine
 10
694.0
 20
120.0
 30
0.0
 11
806.0
 21
120.0
 31
0.0
  0
LINE
  5
238
330
17
100
AcDbEntity
  8
GRAPH
100
AcDbLine
 10
806.0
 20
120.0
 30
0.0
 11
806.0
 21
162.0
 31
0.0
  0
LINE
  5
239
330
17
100
AcDbEntity
  8
GRAPH
100
AcDbLine
 10
806.0
 20
162.0
 30
0.0
 11
694.0
 21
162.0
 31
0.0
  0
LINE
  5
23A
330
17
100
AcDbEntity
  8
GRAPH
100
AcDbLine
 10
694.0
 20
162.0
 30
0.0
 11
694.0
 21
120.0
 31
0.0
  0
TEXT
  5
23B
330
17
100
AcDbEntity
  8
TEXT
100
AcDbText
 10
698.0
 20
148.0
 30
0.0
 40
2.3
  1
106 С/у
 11
698.0
 21
148.0
 31
0.0
100
AcDbText
  0
TEXT
  5
23C
330
17
100
AcDbEntity
  8
TEXT
100
AcDbText
 10
698.0
 20
138.0
 30
0.0
 40
2.0
  1
S=4.2 м2
 11
698.0
 21
138.0
 31
0.0
100
AcDbText
  0
HATCH
  5
23D
330
17
100
AcDbEntity
  8
TABLE_FILL
 62
7
100
AcDbHatch
 10
0.0
 20
0.0
 30
0.0
210
0.0
220
0.0
230
1.0
  2
SOLID
 70
1
 71
0
 91
1
 92
3
 72
0
 73
1
 93
4
 10
454.0
 20
72.0
 10
566.0
 20
72.0
 10
566.0
 20
114.0
 10
454.0
 20
114.0
 97
0
 75
0
 76
1
 98
0
  0
LINE
  5
23E
330
17
100
AcDbEntity
  8
GRAPH
100
AcDbLine
 10
454.0
 20
72.0
 30
0.0
 11
566.0
 21
72.0
 31
0.0
  0
LINE
  5
23F
330
17
100
AcDbEntity
  8
GRAPH
100
AcDbLine
 10
566.0
 20
72.0
 30
0.0
 11
566.0
 21
114.0
 31
0.0
  0
LINE
  5
240
330
17
100
AcDbEntity
  8
GRAPH
100
AcDbLine
 10
566.0
 20
114.0
 30
0.0
 11
454.0
 21
114.0
 31
0.0
  0
LINE
  5
241
330
17
100
AcDbEntity
  8
GRAPH
100
AcDbLine
 10
454.0
 20
114.0
 30
0.0
 11
454.0
 21
72.0
 31
0.0
  0
TEXT
  5
242
330
17
100
AcDbEntity
  8
TEXT
100
AcDbText
 10
458.0
 20
100.0
 30
0.0
 40
2.3
  1
107 3-комн.
 11
458.0
 21
100.0
 31
0.0
100
AcDbText
  0
TEXT
  5
243
330
17
100
AcDbEntity
  8
TEXT
100
AcDbText
 10
458.0
 20
90.0
 30
0.0
 40
2.0
  1
S=68.0 м2
 11
458.0
 21
90.0
 31
0.0
100
AcDbText
  0
HATCH
  5
244
330
17
100
AcDbEntity
  8
TABLE_FILL
 62
7
100
AcDbHatch
 10
0.0
 20
0.0
 30
0.0
210
0.0
220
0.0
230
1.0
  2
SOLID
 70
1
 71
0
 91
1
 92
3
 72
0
 73
1
 93
4
 10
574.0
 20
72.0
 10
686.0
 20
72.0
 10
686.0
 20
114.0
 10
574.0
 20
114.0
 97
0
 75
0
 76
1
 98
0
  0
LINE
  5
245
330
17
100
AcDbEntity
  8
GRAPH
100
AcDbLine
 10
574.0
 20
72.0
 30
0.0
 11
686.0
 21
72.0
 31
0.0
  0
LINE
  5
246
330
17
100
AcDbEntity
  8
GRAPH
100
AcDbLine
 10
686.0
 20
72.0
 30
0.0
 11
686.0
 21
114.0
 31
0.0
  0
LINE
  5
247
330
17
100
AcDbEntity
  8
GRAPH
100
AcDbLine
 10
686.0
 20
114.0
 30
0.0
 11
574.0
 21
114.0
 31
0.0
  0
LINE
  5
248
330
17
100
AcDbEntity
  8
GRAPH
100
AcDbLine
 10
574.0
 20
114.0
 30
0.0
 11
574.0
 21
72.0
 31
0.0
  0
TEXT
  5
249
330
17
100
AcDbEntity
  8
TEXT
100
AcDbText
 10
578.0
 20
100.0
 30
0.0
 40
2.3
  1
108 Кладовая
 11
578.0
 21
100.0
 31
0.0
100
AcDbText
  0
TEXT
  5
24A
330
17
100
AcDbEntity
  8
TEXT
100
AcDbText
 10
578.0
 20
90.0
 30
0.0
 40
2.0
  1
S=6.1 м2
 11
578.0
 21
90.0
 31
0.0
100
AcDbText
  0
HATCH
  5
24B
330
17
100
AcDbEntity
  8
TABLE_FILL
 62
7
100
AcDbHatch
 10
0.0
 20
0.0
 30
0.0
210
0.0
220
0.0
230
1.0
  2
SOLID
 70
1
 71
0
 91
1
 92
3
 72
0
 73
1
 93
4
 10
694.0
 20
72.0
 10
806.0
 20
72.0
 10
806.0
 20
114.0
 10
694.0
 20
114.0
 97
0
 75
0
 76
1
 98
0
  0
LINE
  5
24C
330
17
100
AcDbEntity
  8
GRAPH
100
AcDbLine
 10
694.0
 20
72.0
 30
0.0
 11
806.0
 21
72.0
 31
0.0
  0
LINE
  5
24D
330
17
100
AcDbEntity
  8
GRAPH
100
AcDbLine
 10
806.0
 20
72.0
 30
0.0
 11
806.0
 21
114.0
 31
0.0
  0
LINE
  5
24E
330
17
100
AcDbEntity
  8
GRAPH
100
AcDbLine
 10
806.0
 20
114.0
 30
0.0
 11
694.0
 21
114.0
 31
0.0
  0
LINE
  5
24F
330
17
100
AcDbEntity
  8
GRAPH
100
AcDbLine
 10
694.0
 20
114.0
 30
0.0
 11
694.0
 21
72.0
 31
0.0
  0
TEXT
  5
250
330
17
100
AcDbEntity
  8
TEXT
100
AcDbText
 10
698.0
 20
100.0
 30
0.0
 40
2.3
  1
109 Кухня
 11
698.0
 21
100.0
 31
0.0
100
AcDbText
  0
TEXT
  5
251
330
17
100
AcDbEntity
  8
TEXT
100
AcDbText
 10
698.0
 20
90.0
 30
0.0
 40
2.0
  1
S=11.4 м2
 11
698.0
 21
90.0
 31
0.0
100
AcDbText
  0
LINE
  5
252
330
17
100
AcDbEntity
  8
GRAPH
100
AcDbLine
 10
454.0
 20
88.0
 30
0.0
 11
490.0
 21
88.0
 31
0.0
  0
LINE
  5
253
330
17
100
AcDbEntity
  8
GRAPH
100
AcDbLine
 10
490.0
 20
88.0
 30
0.0
 11
490.0
 21
158.0
 31
0.0
  0
LINE
  5
254
330
17
100
AcDbEntity
  8
GRAPH
100
AcDbLine
 10
490.0
 20
158.0
 30
0.0
 11
454.0
 21
158.0
 31
0.0
  0
LINE
  5
255
330
17
100
AcDbEntity
  8
GRAPH
100
AcDbLine
 10
454.0
 20
158.0
 30
0.0
 11
454.0
 21
88.0
 31
0.0
  0
LINE
  5
256
330
17
100
AcDbEntity
  8
GRAPH
100
AcDbLine
 10
458.0
 20
94.0
 30
0.0
 11
486.0
 21
94.0
 31
0.0
  0
LINE
  5
257
330
17
100
AcDbEntity
  8
GRAPH
100
AcDbLine
 10
458.0
 20
102.0
 30
0.0
 11
486.0
 21
102.0
 31
0.0
  0
LINE
  5
258
330
17
100
AcDbEntity
  8
GRAPH
100
AcDbLine
 10
458.0
 20
110.0
 30
0.0
 11
486.0
 21
110.0
 31
0.0
  0
LINE
  5
259
330
17
100
AcDbEntity
  8
GRAPH
100
AcDbLine
 10
458.0
 20
118.0
 30
0.0
 11
486.0
 21
118.0
 31
0.0
  0
LINE
  5
25A
330
17
100
AcDbEntity
  8
GRAPH
100
AcDbLine
 10
458.0
 20
126.0
 30
0.0
 11
486.0
 21
126.0
 31
0.0
  0
LINE
  5
25B
330
17
100
AcDbEntity
  8
GRAPH
100
AcDbLine
 10
458.0
 20
134.0
 30
0.0
 11
486.0
 21
134.0
 31
0.0
  0
LINE
  5
25C
330
17
100
AcDbEntity
  8
GRAPH
100
AcDbLine
 10
458.0
 20
142.0
 30
0.0
 11
486.0
 21
142.0
 31
0.0
  0
LINE
  5
25D
330
17
100
AcDbEntity
  8
GRAPH
100
AcDbLine
 10
458.0
 20
150.0
 30
0.0
 11
486.0
 21
150.0
 31
0.0
  0
TEXT
  5
25E
330
17
100
AcDbEntity
  8
DIM
100
AcDbText
 10
456.0
 20
80.0
 30
0.0
 40
1.7
  1
ширина лестничного марша принята 1.20 м, по нормам 1.35 м
 11
456.0
 21
80.0
 31
0.0
100
AcDbText
  0
LINE
  5
25F
330
17
100
AcDbEntity
  8
GRAPH
100
AcDbLine
 10
498.0
 20
100.0
 30
0.0
 11
526.0
 21
100.0
 31
0.0
  0
LINE
  5
260
330
17
100
AcDbEntity
  8
GRAPH
100
AcDbLine
 10
526.0
 20
100.0
 30
0.0
 11
526.0
 21
140.0
 31
0.0
  0
LINE
  5
261
330
17
100
AcDbEntity
  8
GRAPH
100
AcDbLine
 10
526.0
 20
140.0
 30
0.0
 11
498.0
 21
140.0
 31
0.0
  0
LINE
  5
262
330
17
100
AcDbEntity
  8
GRAPH
100
AcDbLine
 10
498.0
 20
140.0
 30
0.0
 11
498.0
 21
100.0
 31
0.0
  0
TEXT
  5
263
330
17
100
AcDbEntity
  8
TEXT
100
AcDbText
 10
500.0
 20
118.0
 30
0.0
 40
1.7
  1
лифт 1000 кг, по заданию 630 кг
 11
500.0
 21
118.0
 31
0.0
100
AcDbText
  0
TEXT
  5
264
330
17
100
AcDbEntity
  8
TEXT
100
AcDbText
 10
446.0
 20
48.0
 30
0.0
 40
2.0
  1
надземных этажей 17, в задании 16
 11
446.0
 21
48.0
 31
0.0
100
AcDbText
  0
TEXT
  5
265
330
17
100
AcDbEntity
  8
TABLE
100
AcDbText
 10
446.0
 20
40.0
 30
0.0
 40
1.8
  1
счетчик ВСХН-20: принято 7 шт, по заданию 4 шт
 11
446.0
 21
40.0
 31
0.0
100
AcDbText
  0
TEXT
  5
266
330
17
100
AcDbEntity
  8
TEXT
100
AcDbText
 10
684.0
 20
28.0
 30
0.0
 40
1.8
  1
Лист 2/8
 11
684.0
 21
28.0
 31
0.0
100
AcDbText
  0
LWPOLYLINE
  5
267
330
17
100
AcDbEntity
  8
GRAPH
100
AcDbPolyline
 90
4
 70
1
 10
860.0
 20
5.0
 10
1270.0
 20
5.0
 10
1270.0
 20
292.0
 10
860.0
 20
292.0
  0
LINE
  5
268
330
17
100
AcDbEntity
  8
GRAPH
100
AcDbLine
 10
865.0
 20
10.0
 30
0.0
 11
1265.0
 21
10.0
 31
0.0
  0
LINE
  5
269
330
17
100
AcDbEntity
  8
GRAPH
100
AcDbLine
 10
1265.0
 20
10.0
 30
0.0
 11
1265.0
 21
287.0
 31
0.0
  0
LINE
  5
26A
330
17
100
AcDbEntity
  8
GRAPH
100
AcDbLine
 10
1265.0
 20
287.0
 30
0.0
 11
865.0
 21
287.0
 31
0.0
  0
LINE
  5
26B
330
17
100
AcDbEntity
  8
GRAPH
100
AcDbLine
 10
865.0
 20
287.0
 30
0.0
 11
865.0
 21
10.0
 31
0.0
  0
TEXT
  5
26C
330
17
100
AcDbEntity
  8
TEXT
100
AcDbText
 10
871.0
 20
268.0
 30
0.0
 40
4.2
  1
РАЗРЕЗ 1–1. Лестничная клетка Л1
 11
871.0
 21
268.0
 31
0.0
100
AcDbText
  0
TEXT
  5
26D
330
17
100
AcDbEntity
  8
DIM
100
AcDbText
 10
871.0
 20
258.0
 30
0.0
 40
2.0
  1
высота здания 54.00 м, по разрезу 51.60 м
 11
871.0
 21
258.0
 31
0.0
100
AcDbText
  0
LINE
  5
26E
330
17
100
AcDbEntity
  8
GRAPH
100
AcDbLine
 10
895.0
 20
40.0
 30
0.0
 11
1115.0
 21
40.0
 31
0.0
  0
LINE
  5
26F
330
17
100
AcDbEntity
  8
GRAPH
100
AcDbLine
 10
895.0
 20
52.0
 30
0.0
 11
1115.0
 21
52.0
 31
0.0
  0
LINE
  5
270
330
17
100
AcDbEntity
  8
DIM
100
AcDbLine
 10
895.0
 20
52.0
 30
0.0
 11
1115.0
 21
52.0
 31
0.0
  0
TEXT
  5
271
330
17
100
AcDbEntity
  8
DIM
100
AcDbText
 10
1119.0
 20
52.0
 30
0.0
 40
1.8
  1
отметка чистого пола +0.150
 11
1119.0
 21
52.0
 31
0.0
100
AcDbText
  0
LINE
  5
272
330
17
100
AcDbEntity
  8
GRAPH
100
AcDbLine
 10
975.0
 20
52.0
 30
0.0
 11
993.0
 21
52.0
 31
0.0
  0
LINE
  5
273
330
17
100
AcDbEntity
  8
GRAPH
100
AcDbLine
 10
993.0
 20
52.0
 30
0.0
 11
993.0
 21
64.0
 31
0.0
  0
LINE
  5
274
330
17
100
AcDbEntity
  8
GRAPH
100
AcDbLine
 10
993.0
 20
64.0
 30
0.0
 11
975.0
 21
64.0
 31
0.0
  0
LINE
  5
275
330
17
100
AcDbEntity
  8
GRAPH
100
AcDbLine
 10
975.0
 20
64.0
 30
0.0
 11
975.0
 21
52.0
 31
0.0
  0
LINE
  5
276
330
17
100
AcDbEntity
  8
GRAPH
100
AcDbLine
 10
977.0
 20
55.0
 30
0.0
 11
991.0
 21
55.0
 31
0.0
  0
LINE
  5
277
330
17
100
AcDbEntity
  8
GRAPH
100
AcDbLine
 10
977.0
 20
58.0
 30
0.0
 11
991.0
 21
58.0
 31
0.0
  0
LINE
  5
278
330
17
100
AcDbEntity
  8
GRAPH
100
AcDbLine
 10
977.0
 20
61.0
 30
0.0
 11
991.0
 21
61.0
 31
0.0
  0
LINE
  5
279
330
17
100
AcDbEntity
  8
GRAPH
100
AcDbLine
 10
895.0
 20
64.0
 30
0.0
 11
1115.0
 21
64.0
 31
0.0
  0
TEXT
  5
27A
330
17
100
AcDbEntity
  8
DIM
100
AcDbText
 10
1119.0
 20
64.0
 30
0.0
 40
1.7
  1
в разрезе отметка чистого пола +0.250
 11
1119.0
 21
64.0
 31
0.0
100
AcDbText
  0
LINE
  5
27B
330
17
100
AcDbEntity
  8
GRAPH
100
AcDbLine
 10
975.0
 20
64.0
 30
0.0
 11
993.0
 21
64.0
 31
0.0
  0
LINE
  5
27C
330
17
100
AcDbEntity
  8
GRAPH
100
AcDbLine
 10
993.0
 20
64.0
 30
0.0
 11
993.0
 21
76.0
 31
0.0
  0
LINE
  5
27D
330
17
100
AcDbEntity
  8
GRAPH
100
AcDbLine
 10
993.0
 20
76.0
 30
0.0
 11
975.0
 21
76.0
 31
0.0
  0
LINE
  5
27E
330
17
100
AcDbEntity
  8
GRAPH
100
AcDbLine
 10
975.0
 20
76.0
 30
0.0
 11
975.0
 21
64.0
 31
0.0
  0
LINE
  5
27F
330
17
100
AcDbEntity
  8
GRAPH
100
AcDbLine
 10
977.0
 20
67.0
 30
0.0
 11
991.0
 21
67.0
 31
0.0
  0
LINE
  5
280
330
17
100
AcDbEntity
  8
GRAPH
100
AcDbLine
 10
977.0
 20
70.0
 30
0.0
 11
991.0
 21
70.0
 31
0.0
  0
LINE
  5
281
330
17
100
AcDbEntity
  8
GRAPH
100
AcDbLine
 10
977.0
 20
73.0
 30
0.0
 11
991.0
 21
73.0
 31
0.0
  0
LINE
  5
282
330
17
100
AcDbEntity
  8
GRAPH
100
AcDbLine
 10
895.0
 20
76.0
 30
0.0
 11
1115.0
 21
76.0
 31
0.0
  0
LINE
  5
283
330
17
100
AcDbEntity
  8
GRAPH
100
AcDbLine
 10
975.0
 20
76.0
 30
0.0
 11
993.0
 21
76.0
 31
0.0
  0
LINE
  5
284
330
17
100
AcDbEntity
  8
GRAPH
100
AcDbLine
 10
993.0
 20
76.0
 30
0.0
 11
993.0
 21
88.0
 31
0.0
  0
LINE
  5
285
330
17
100
AcDbEntity
  8
GRAPH
100
AcDbLine
 10
993.0
 20
88.0
 30
0.0
 11
975.0
 21
88.0
 31
0.0
  0
LINE
  5
286
330
17
100
AcDbEntity
  8
GRAPH
100
AcDbLine
 10
975.0
 20
88.0
 30
0.0
 11
975.0
 21
76.0
 31
0.0
  0
LINE
  5
287
330
17
100
AcDbEntity
  8
GRAPH
100
AcDbLine
 10
977.0
 20
79.0
 30
0.0
 11
991.0
 21
79.0
 31
0.0
  0
LINE
  5
288
330
17
100
AcDbEntity
  8
GRAPH
100
AcDbLine
 10
977.0
 20
82.0
 30
0.0
 11
991.0
 21
82.0
 31
0.0
  0
LINE
  5
289
330
17
100
AcDbEntity
  8
GRAPH
100
AcDbLine
 10
977.0
 20
85.0
 30
0.0
 11
991.0
 21
85.0
 31
0.0
  0
LINE
  5
28A
330
17
100
AcDbEntity
  8
GRAPH
100
AcDbLine
 10
895.0
 20
88.0
 30
0.0
 11
1115.0
 21
88.0
 31
0.0
  0
LINE
  5
28B
330
17
100
AcDbEntity
  8
GRAPH
100
AcDbLine
 10
975.0
 20
88.0
 30
0.0
 11
993.0
 21
88.0
 31
0.0
  0
LINE
  5
28C
330
17
100
AcDbEntity
  8
GRAPH
100
AcDbLine
 10
993.0
 20
88.0
 30
0.0
 11
993.0
 21
100.0
 31
0.0
  0
LINE
  5
28D
330
17
100
AcDbEntity
  8
GRAPH
100
AcDbLine
 10
993.0
 20
100.0
 30
0.0
 11
975.0
 21
100.0
 31
0.0
  0
LINE
  5
28E
330
17
100
AcDbEntity
  8
GRAPH
100
AcDbLine
 10
975.0
 20
100.0
 30
0.0
 11
975.0
 21
88.0
 31
0.0
  0
LINE
  5
28F
330
17
100
AcDbEntity
  8
GRAPH
100
AcDbLine
 10
977.0
 20
91.0
 30
0.0
 11
991.0
 21
91.0
 31
0.0
  0
LINE
  5
290
330
17
100
AcDbEntity
  8
GRAPH
100
AcDbLine
 10
977.0
 20
94.0
 30
0.0
 11
991.0
 21
94.0
 31
0.0
  0
LINE
  5
291
330
17
100
AcDbEntity
  8
GRAPH
100
AcDbLine
 10
977.0
 20
97.0
 30
0.0
 11
991.0
 21
97.0
 31
0.0
  0
LINE
  5
292
330
17
100
AcDbEntity
  8
GRAPH
100
AcDbLine
 10
895.0
 20
100.0
 30
0.0
 11
1115.0
 21
100.0
 31
0.0
  0
LINE
  5
293
330
17
100
AcDbEntity
  8
GRAPH
100
AcDbLine
 10
975.0
 20
100.0
 30
0.0
 11
993.0
 21
100.0
 31
0.0
  0
LINE
  5
294
330
17
100
AcDbEntity
  8
GRAPH
100
AcDbLine
 10
993.0
 20
100.0
 30
0.0
 11
993.0
 21
112.0
 31
0.0
  0
LINE
  5
295
330
17
100
AcDbEntity
  8
GRAPH
100
AcDbLine
 10
993.0
 20
112.0
 30
0.0
 11
975.0
 21
112.0
 31
0.0
  0
LINE
  5
296
330
17
100
AcDbEntity
  8
GRAPH
100
AcDbLine
 10
975.0
 20
112.0
 30
0.0
 11
975.0
 21
100.0
 31
0.0
  0
LINE
  5
297
330
17
100
AcDbEntity
  8
GRAPH
100
AcDbLine
 10
977.0
 20
103.0
 30
0.0
 11
991.0
 21
103.0
 31
0.0
  0
LINE
  5
298
330
17
100
AcDbEntity
  8
GRAPH
100
AcDbLine
 10
977.0
 20
106.0
 30
0.0
 11
991.0
 21
106.0
 31
0.0
  0
LINE
  5
299
330
17
100
AcDbEntity
  8
GRAPH
100
AcDbLine
 10
977.0
 20
109.0
 30
0.0
 11
991.0
 21
109.0
 31
0.0
  0
LINE
  5
29A
330
17
100
AcDbEntity
  8
GRAPH
100
AcDbLine
 10
895.0
 20
112.0
 30
0.0
 11
1115.0
 21
112.0
 31
0.0
  0
LINE
  5
29B
330
17
100
AcDbEntity
  8
GRAPH
100
AcDbLine
 10
975.0
 20
112.0
 30
0.0
 11
993.0
 21
112.0
 31
0.0
  0
LINE
  5
29C
330
17
100
AcDbEntity
  8
GRAPH
100
AcDbLine
 10
993.0
 20
112.0
 30
0.0
 11
993.0
 21
124.0
 31
0.0
  0
LINE
  5
29D
330
17
100
AcDbEntity
  8
GRAPH
100
AcDbLine
 10
993.0
 20
124.0
 30
0.0
 11
975.0
 21
124.0
 31
0.0
  0
LINE
  5
29E
330
17
100
AcDbEntity
  8
GRAPH
100
AcDbLine
 10
975.0
 20
124.0
 30
0.0
 11
975.0
 21
112.0
 31
0.0
  0
LINE
  5
29F
330
17
100
AcDbEntity
  8
GRAPH
100
AcDbLine
 10
977.0
 20
115.0
 30
0.0
 11
991.0
 21
115.0
 31
0.0
  0
LINE
  5
2A0
330
17
100
AcDbEntity
  8
GRAPH
100
AcDbLine
 10
977.0
 20
118.0
 30
0.0
 11
991.0
 21
118.0
 31
0.0
  0
LINE
  5
2A1
330
17
100
AcDbEntity
  8
GRAPH
100
AcDbLine
 10
977.0
 20
121.0
 30
0.0
 11
991.0
 21
121.0
 31
0.0
  0
LINE
  5
2A2
330
17
100
AcDbEntity
  8
GRAPH
100
AcDbLine
 10
895.0
 20
124.0
 30
0.0
 11
1115.0
 21
124.0
 31
0.0
  0
LINE
  5
2A3
330
17
100
AcDbEntity
  8
GRAPH
100
AcDbLine
 10
975.0
 20
124.0
 30
0.0
 11
993.0
 21
124.0
 31
0.0
  0
LINE
  5
2A4
330
17
100
AcDbEntity
  8
GRAPH
100
AcDbLine
 10
993.0
 20
124.0
 30
0.0
 11
993.0
 21
136.0
 31
0.0
  0
LINE
  5
2A5
330
17
100
AcDbEntity
  8
GRAPH
100
AcDbLine
 10
993.0
 20
136.0
 30
0.0
 11
975.0
 21
136.0
 31
0.0
  0
LINE
  5
2A6
330
17
100
AcDbEntity
  8
GRAPH
100
AcDbLine
 10
975.0
 20
136.0
 30
0.0
 11
975.0
 21
124.0
 31
0.0
  0
LINE
  5
2A7
330
17
100
AcDbEntity
  8
GRAPH
100
AcDbLine
 10
977.0
 20
127.0
 30
0.0
 11
991.0
 21
127.0
 31
0.0
  0
LINE
  5
2A8
330
17
100
AcDbEntity
  8
GRAPH
100
AcDbLine
 10
977.0
 20
130.0
 30
0.0
 11
991.0
 21
130.0
 31
0.0
  0
LINE
  5
2A9
330
17
100
AcDbEntity
  8
GRAPH
100
AcDbLine
 10
977.0
 20
133.0
 30
0.0
 11
991.0
 21
133.0
 31
0.0
  0
LINE
  5
2AA
330
17
100
AcDbEntity
  8
GRAPH
100
AcDbLine
 10
895.0
 20
136.0
 30
0.0
 11
1115.0
 21
136.0
 31
0.0
  0
LINE
  5
2AB
330
17
100
AcDbEntity
  8
GRAPH
100
AcDbLine
 10
975.0
 20
136.0
 30
0.0
 11
993.0
 21
136.0
 31
0.0
  0
LINE
  5
2AC
330
17
100
AcDbEntity
  8
GRAPH
100
AcDbLine
 10
993.0
 20
136.0
 30
0.0
 11
993.0
 21
148.0
 31
0.0
  0
LINE
  5
2AD
330
17
100
AcDbEntity
  8
GRAPH
100
AcDbLine
 10
993.0
 20
148.0
 30
0.0
 11
975.0
 21
148.0
 31
0.0
  0
LINE
  5
2AE
330
17
100
AcDbEntity
  8
GRAPH
100
AcDbLine
 10
975.0
 20
148.0
 30
0.0
 11
975.0
 21
136.0
 31
0.0
  0
LINE
  5
2AF
330
17
100
AcDbEntity
  8
GRAPH
100
AcDbLine
 10
977.0
 20
139.0
 30
0.0
 11
991.0
 21
139.0
 31
0.0
  0
LINE
  5
2B0
330
17
100
AcDbEntity
  8
GRAPH
100
AcDbLine
 10
977.0
 20
142.0
 30
0.0
 11
991.0
 21
142.0
 31
0.0
  0
LINE
  5
2B1
330
17
100
AcDbEntity
  8
GRAPH
100
AcDbLine
 10
977.0
 20
145.0
 30
0.0
 11
991.0
 21
145.0
 31
0.0
  0
LINE
  5
2B2
330
17
100
AcDbEntity
  8
GRAPH
100
AcDbLine
 10
895.0
 20
148.0
 30
0.0
 11
1115.0
 21
148.0
 31
0.0
  0
LINE
  5
2B3
330
17
100
AcDbEntity
  8
GRAPH
100
AcDbLine
 10
975.0
 20
148.0
 30
0.0
 11
993.0
 21
148.0
 31
0.0
  0
LINE
  5
2B4
330
17
100
AcDbEntity
  8
GRAPH
100
AcDbLine
 10
993.0
 20
148.0
 30
0.0
 11
993.0
 21
160.0
 31
0.0
  0
LINE
  5
2B5
330
17
100
AcDbEntity
  8
GRAPH
100
AcDbLine
 10
993.0
 20
160.0
 30
0.0
 11
975.0
 21
160.0
 31
0.0
  0
LINE
  5
2B6
330
17
100
AcDbEntity
  8
GRAPH
100
AcDbLine
 10
975.0
 20
160.0
 30
0.0
 11
975.0
 21
148.0
 31
0.0
  0
LINE
  5
2B7
330
17
100
AcDbEntity
  8
GRAPH
100
AcDbLine
 10
977.0
 20
151.0
 30
0.0
 11
991.0
 21
151.0
 31
0.0
  0
LINE
  5
2B8
330
17
100
AcDbEntity
  8
GRAPH
100
AcDbLine
 10
977.0
 20
154.0
 30
0.0
 11
991.0
 21
154.0
 31
0.0
  0
LINE
  5
2B9
330
17
100
AcDbEntity
  8
GRAPH
100
AcDbLine
 10
977.0
 20
157.0
 30
0.0
 11
991.0
 21
157.0
 31
0.0
  0
LINE
  5
2BA
330
17
100
AcDbEntity
  8
GRAPH
100
AcDbLine
 10
895.0
 20
160.0
 30
0.0
 11
1115.0
 21
160.0
 31
0.0
  0
LINE
  5
2BB
330
17
100
AcDbEntity
  8
GRAPH
100
AcDbLine
 10
975.0
 20
160.0
 30
0.0
 11
993.0
 21
160.0
 31
0.0
  0
LINE
  5
2BC
330
17
100
AcDbEntity
  8
GRAPH
100
AcDbLine
 10
993.0
 20
160.0
 30
0.0
 11
993.0
 21
172.0
 31
0.0
  0
LINE
  5
2BD
330
17
100
AcDbEntity
  8
GRAPH
100
AcDbLine
 10
993.0
 20
172.0
 30
0.0
 11
975.0
 21
172.0
 31
0.0
  0
LINE
  5
2BE
330
17
100
AcDbEntity
  8
GRAPH
100
AcDbLine
 10
975.0
 20
172.0
 30
0.0
 11
975.0
 21
160.0
 31
0.0
  0
LINE
  5
2BF
330
17
100
AcDbEntity
  8
GRAPH
100
AcDbLine
 10
977.0
 20
163.0
 30
0.0
 11
991.0
 21
163.0
 31
0.0
  0
LINE
  5
2C0
330
17
100
AcDbEntity
  8
GRAPH
100
AcDbLine
 10
977.0
 20
166.0
 30
0.0
 11
991.0
 21
166.0
 31
0.0
  0
LINE
  5
2C1
330
17
100
AcDbEntity
  8
GRAPH
100
AcDbLine
 10
977.0
 20
169.0
 30
0.0
 11
991.0
 21
169.0
 31
0.0
  0
LINE
  5
2C2
330
17
100
AcDbEntity
  8
GRAPH
100
AcDbLine
 10
895.0
 20
172.0
 30
0.0
 11
1115.0
 21
172.0
 31
0.0
  0
LINE
  5
2C3
330
17
100
AcDbEntity
  8
GRAPH
100
AcDbLine
 10
975.0
 20
172.0
 30
0.0
 11
993.0
 21
172.0
 31
0.0
  0
LINE
  5
2C4
330
17
100
AcDbEntity
  8
GRAPH
100
AcDbLine
 10
993.0
 20
172.0
 30
0.0
 11
993.0
 21
184.0
 31
0.0
  0
LINE
  5
2C5
330
17
100
AcDbEntity
  8
GRAPH
100
AcDbLine
 10
993.0
 20
184.0
 30
0.0
 11
975.0
 21
184.0
 31
0.0
  0
LINE
  5
2C6
330
17
100
AcDbEntity
  8
GRAPH
100
AcDbLine
 10
975.0
 20
184.0
 30
0.0
 11
975.0
 21
172.0
 31
0.0
  0
LINE
  5
2C7
330
17
100
AcDbEntity
  8
GRAPH
100
AcDbLine
 10
977.0
 20
175.0
 30
0.0
 11
991.0
 21
175.0
 31
0.0
  0
LINE
  5
2C8
330
17
100
AcDbEntity
  8
GRAPH
100
AcDbLine
 10
977.0
 20
178.0
 30
0.0
 11
991.0
 21
178.0
 31
0.0
  0
LINE
  5
2C9
330
17
100
AcDbEntity
  8
GRAPH
100
AcDbLine
 10
977.0
 20
181.0
 30
0.0
 11
991.0
 21
181.0
 31
0.0
  0
LINE
  5
2CA
330
17
100
AcDbEntity
  8
GRAPH
100
AcDbLine
 10
895.0
 20
184.0
 30
0.0
 11
1115.0
 21
184.0
 31
0.0
  0
LINE
  5
2CB
330
17
100
AcDbEntity
  8
GRAPH
100
AcDbLine
 10
975.0
 20
184.0
 30
0.0
 11
993.0
 21
184.0
 31
0.0
  0
LINE
  5
2CC
330
17
100
AcDbEntity
  8
GRAPH
100
AcDbLine
 10
993.0
 20
184.0
 30
0.0
 11
993.0
 21
196.0
 31
0.0
  0
LINE
  5
2CD
330
17
100
AcDbEntity
  8
GRAPH
100
AcDbLine
 10
993.0
 20
196.0
 30
0.0
 11
975.0
 21
196.0
 31
0.0
  0
LINE
  5
2CE
330
17
100
AcDbEntity
  8
GRAPH
100
AcDbLine
 10
975.0
 20
196.0
 30
0.0
 11
975.0
 21
184.0
 31
0.0
  0
LINE
  5
2CF
330
17
100
AcDbEntity
  8
GRAPH
100
AcDbLine
 10
977.0
 20
187.0
 30
0.0
 11
991.0
 21
187.0
 31
0.0
  0
LINE
  5
2D0
330
17
100
AcDbEntity
  8
GRAPH
100
AcDbLine
 10
977.0
 20
190.0
 30
0.0
 11
991.0
 21
190.0
 31
0.0
  0
LINE
  5
2D1
330
17
100
AcDbEntity
  8
GRAPH
100
AcDbLine
 10
977.0
 20
193.0
 30
0.0
 11
991.0
 21
193.0
 31
0.0
  0
LINE
  5
2D2
330
17
100
AcDbEntity
  8
GRAPH
100
AcDbLine
 10
895.0
 20
196.0
 30
0.0
 11
1115.0
 21
196.0
 31
0.0
  0
LINE
  5
2D3
330
17
100
AcDbEntity
  8
GRAPH
100
AcDbLine
 10
975.0
 20
196.0
 30
0.0
 11
993.0
 21
196.0
 31
0.0
  0
LINE
  5
2D4
330
17
100
AcDbEntity
  8
GRAPH
100
AcDbLine
 10
993.0
 20
196.0
 30
0.0
 11
993.0
 21
208.0
 31
0.0
  0
LINE
  5
2D5
330
17
100
AcDbEntity
  8
GRAPH
100
AcDbLine
 10
993.0
 20
208.0
 30
0.0
 11
975.0
 21
208.0
 31
0.0
  0
LINE
  5
2D6
330
17
100
AcDbEntity
  8
GRAPH
100
AcDbLine
 10
975.0
 20
208.0
 30
0.0
 11
975.0
 21
196.0
 31
0.0
  0
LINE
  5
2D7
330
17
100
AcDbEntity
  8
GRAPH
100
AcDbLine
 10
977.0
 20
199.0
 30
0.0
 11
991.0
 21
199.0
 31
0.0
  0
LINE
  5
2D8
330
17
100
AcDbEntity
  8
GRAPH
100
AcDbLine
 10
977.0
 20
202.0
 30
0.0
 11
991.0
 21
202.0
 31
0.0
  0
LINE
  5
2D9
330
17
100
AcDbEntity
  8
GRAPH
100
AcDbLine
 10
977.0
 20
205.0
 30
0.0
 11
991.0
 21
205.0
 31
0.0
  0
LINE
  5
2DA
330
17
100
AcDbEntity
  8
GRAPH
100
AcDbLine
 10
895.0
 20
208.0
 30
0.0
 11
1115.0
 21
208.0
 31
0.0
  0
LINE
  5
2DB
330
17
100
AcDbEntity
  8
GRAPH
100
AcDbLine
 10
975.0
 20
208.0
 30
0.0
 11
993.0
 21
208.0
 31
0.0
  0
LINE
  5
2DC
330
17
100
AcDbEntity
  8
GRAPH
100
AcDbLine
 10
993.0
 20
208.0
 30
0.0
 11
993.0
 21
220.0
 31
0.0
  0
LINE
  5
2DD
330
17
100
AcDbEntity
  8
GRAPH
100
AcDbLine
 10
993.0
 20
220.0
 30
0.0
 11
975.0
 21
220.0
 31
0.0
  0
LINE
  5
2DE
330
17
100
AcDbEntity
  8
GRAPH
100
AcDbLine
 10
975.0
 20
220.0
 30
0.0
 11
975.0
 21
208.0
 31
0.0
  0
LINE
  5
2DF
330
17
100
AcDbEntity
  8
GRAPH
100
AcDbLine
 10
977.0
 20
211.0
 30
0.0
 11
991.0
 21
211.0
 31
0.0
  0
LINE
  5
2E0
330
17
100
AcDbEntity
  8
GRAPH
100
AcDbLine
 10
977.0
 20
214.0
 30
0.0
 11
991.0
 21
214.0
 31
0.0
  0
LINE
  5
2E1
330
17
100
AcDbEntity
  8
GRAPH
100
AcDbLine
 10
977.0
 20
217.0
 30
0.0
 11
991.0
 21
217.0
 31
0.0
  0
LINE
  5
2E2
330
17
100
AcDbEntity
  8
GRAPH
100
AcDbLine
 10
895.0
 20
220.0
 30
0.0
 11
1115.0
 21
220.0
 31
0.0
  0
LINE
  5
2E3
330
17
100
AcDbEntity
  8
GRAPH
100
AcDbLine
 10
975.0
 20
220.0
 30
0.0
 11
993.0
 21
220.0
 31
0.0
  0
LINE
  5
2E4
330
17
100
AcDbEntity
  8
GRAPH
100
AcDbLine
 10
993.0
 20
220.0
 30
0.0
 11
993.0
 21
232.0
 31
0.0
  0
LINE
  5
2E5
330
17
100
AcDbEntity
  8
GRAPH
100
AcDbLine
 10
993.0
 20
232.0
 30
0.0
 11
975.0
 21
232.0
 31
0.0
  0
LINE
  5
2E6
330
17
100
AcDbEntity
  8
GRAPH
100
AcDbLine
 10
975.0
 20
232.0
 30
0.0
 11
975.0
 21
220.0
 31
0.0
  0
LINE
  5
2E7
330
17
100
AcDbEntity
  8
GRAPH
100
AcDbLine
 10
977.0
 20
223.0
 30
0.0
 11
991.0
 21
223.0
 31
0.0
  0
LINE
  5
2E8
330
17
100
AcDbEntity
  8
GRAPH
100
AcDbLine
 10
977.0
 20
226.0
 30
0.0
 11
991.0
 21
226.0
 31
0.0
  0
LINE
  5
2E9
330
17
100
AcDbEntity
  8
GRAPH
100
AcDbLine
 10
977.0
 20
229.0
 30
0.0
 11
991.0
 21
229.0
 31
0.0
  0
LINE
  5
2EA
330
17
100
AcDbEntity
  8
GRAPH
100
AcDbLine
 10
895.0
 20
232.0
 30
0.0
 11
1115.0
 21
232.0
 31
0.0
  0
LINE
  5
2EB
330
17
100
AcDbEntity
  8
GRAPH
100
AcDbLine
 10
975.0
 20
232.0
 30
0.0
 11
993.0
 21
232.0
 31
0.0
  0
LINE
  5
2EC
330
17
100
AcDbEntity
  8
GRAPH
100
AcDbLine
 10
993.0
 20
232.0
 30
0.0
 11
993.0
 21
244.0
 31
0.0
  0
LINE
  5
2ED
330
17
100
AcDbEntity
  8
GRAPH
100
AcDbLine
 10
993.0
 20
244.0
 30
0.0
 11
975.0
 21
244.0
 31
0.0
  0
LINE
  5
2EE
330
17
100
AcDbEntity
  8
GRAPH
100
AcDbLine
 10
975.0
 20
244.0
 30
0.0
 11
975.0
 21
232.0
 31
0.0
  0
LINE
  5
2EF
330
17
100
AcDbEntity
  8
GRAPH
100
AcDbLine
 10
977.0
 20
235.0
 30
0.0
 11
991.0
 21
235.0
 31
0.0
  0
LINE
  5
2F0
330
17
100
AcDbEntity
  8
GRAPH
100
AcDbLine
 10
977.0
 20
238.0
 30
0.0
 11
991.0
 21
238.0
 31
0.0
  0
LINE
  5
2F1
330
17
100
AcDbEntity
  8
GRAPH
100
AcDbLine
 10
977.0
 20
241.0
 30
0.0
 11
991.0
 21
241.0
 31
0.0
  0
LINE
  5
2F2
330
17
100
AcDbEntity
  8
GRAPH
100
AcDbLine
 10
895.0
 20
244.0
 30
0.0
 11
1115.0
 21
244.0
 31
0.0
  0
LINE
  5
2F3
330
17
100
AcDbEntity
  8
DIM
100
AcDbLine
 10
895.0
 20
244.0
 30
0.0
 11
1115.0
 21
244.0
 31
0.0
  0
TEXT
  5
2F4
330
17
100
AcDbEntity
  8
TABLE
100
AcDbText
 10
871.0
 20
28.0
 30
0.0
 40
1.9
  1
ввод водопровода принят Ду100, по ТУ Ду80
 11
871.0
 21
28.0
 31
0.0
100
AcDbText
  0
TEXT
  5
2F5
330
17
100
AcDbEntity
  8
TEXT
100
AcDbText
 10
871.0
 20
20.0
 30
0.0
 40
1.9
  1
Лист 3/8  Северный квартал
 11
871.0
 21
20.0
 31
0.0
100
AcDbText
  0
HATCH
  5
2F6
330
17
100
AcDbEntity
  8
TABLE_FILL
 62
7
100
AcDbHatch
 10
0.0
 20
0.0
 30
0.0
210
0.0
220
0.0
230
1.0
  2
SOLID
 70
1
 71
0
 91
1
 92
3
 72
0
 73
1
 93
4
 10
1105.0
 20
56.0
 10
1127.0
 20
56.0
 10
1127.0
 20
76.0
 10
1105.0
 20
76.0
 97
0
 75
0
 76
1
 98
0
  0
LINE
  5
2F7
330
17
100
AcDbEntity
  8
GRAPH
100
AcDbLine
 10
1105.0
 20
56.0
 30
0.0
 11
1127.0
 21
56.0
 31
0.0
  0
LINE
  5
2F8
330
17
100
AcDbEntity
  8
GRAPH
100
AcDbLine
 10
1127.0
 20
56.0
 30
0.0
 11
1127.0
 21
76.0
 31
0.0
  0
LINE
  5
2F9
330
17
100
AcDbEntity
  8
GRAPH
100
AcDbLine
 10
1127.0
 20
76.0
 30
0.0
 11
1105.0
 21
76.0
 31
0.0
  0
LINE
  5
2FA
330
17
100
AcDbEntity
  8
GRAPH
100
AcDbLine
 10
1105.0
 20
76.0
 30
0.0
 11
1105.0
 21
56.0
 31
0.0
  0
HATCH
  5
2FB
330
17
100
AcDbEntity
  8
TABLE_FILL
 62
7
100
AcDbHatch
 10
0.0
 20
0.0
 30
0.0
210
0.0
220
0.0
230
1.0
  2
SOLID
 70
1
 71
0
 91
1
 92
3
 72
0
 73
1
 93
4
 10
1131.0
 20
56.0
 10
1153.0
 20
56.0
 10
1153.0
 20
76.0
 10
1131.0
 20
76.0
 97
0
 75
0
 76
1
 98
0
  0
LINE
  5
2FC
330
17
100
AcDbEntity
  8
GRAPH
100
AcDbLine
 10
1131.0
 20
56.0
 30
0.0
 11
1153.0
 21
56.0
 31
0.0
  0
LINE
  5
2FD
330
17
100
AcDbEntity
  8
GRAPH
100
AcDbLine
 10
1153.0
 20
56.0
 30
0.0
 11
1153.0
 21
76.0
 31
0.0
  0
LINE
  5
2FE
330
17
100
AcDbEntity
  8
GRAPH
100
AcDbLine
 10
1153.0
 20
76.0
 30
0.0
 11
1131.0
 21
76.0
 31
0.0
  0
LINE
  5
2FF
330
17
100
AcDbEntity
  8
GRAPH
100
AcDbLine
 10
1131.0
 20
76.0
 30
0.0
 11
1131.0
 21
56.0
 31
0.0
  0
HATCH
  5
300
330
17
100
AcDbEntity
  8
TABLE_FILL
 62
7
100
AcDbHatch
 10
0.0
 20
0.0
 30
0.0
210
0.0
220
0.0
230
1.0
  2
SOLID
 70
1
 71
0
 91
1
 92
3
 72
0
 73
1
 93
4
 10
1157.0
 20
56.0
 10
1179.0
 20
56.0
 10
1179.0
 20
76.0
 10
1157.0
 20
76.0
 97
0
 75
0
 76
1
 98
0
  0
LINE
  5
301
330
17
100
AcDbEntity
  8
GRAPH
100
AcDbLine
 10
1157.0
 20
56.0
 30
0.0
 11
1179.0
 21
56.0
 31
0.0
  0
LINE
  5
302
330
17
100
AcDbEntity
  8
GRAPH
100
AcDbLine
 10
1179.0
 20
56.0
 30
0.0
 11
1179.0
 21
76.0
 31
0.0
  0
LINE
  5
303
330
17
100
AcDbEntity
  8
GRAPH
100
AcDbLine
 10
1179.0
 20
76.0
 30
0.0
 11
1157.0
 21
76.0
 31
0.0
  0
LINE
  5
304
330
17
100
AcDbEntity
  8
GRAPH
100
AcDbLine
 10
1157.0
 20
76.0
 30
0.0
 11
1157.0
 21
56.0
 31
0.0
  0
HATCH
  5
305
330
17
100
AcDbEntity
  8
TABLE_FILL
 62
7
100
AcDbHatch
 10
0.0
 20
0.0
 30
0.0
210
0.0
220
0.0
230
1.0
  2
SOLID
 70
1
 71
0
 91
1
 92
3
 72
0
 73
1
 93
4
 10
1183.0
 20
56.0
 10
1205.0
 20
56.0
 10
1205.0
 20
76.0
 10
1183.0
 20
76.0
 97
0
 75
0
 76
1
 98
0
  0
LINE
  5
306
330
17
100
AcDbEntity
  8
GRAPH
100
AcDbLine
 10
1183.0
 20
56.0
 30
0.0
 11
1205.0
 21
56.0
 31
0.0
  0
LINE
  5
307
330
17
100
AcDbEntity
  8
GRAPH
100
AcDbLine
 10
1205.0
 20
56.0
 30
0.0
 11
1205.0
 21
76.0
 31
0.0
  0
LINE
  5
308
330
17
100
AcDbEntity
  8
GRAPH
100
AcDbLine
 10
1205.0
 20
76.0
 30
0.0
 11
1183.0
 21
76.0
 31
0.0
  0
LINE
  5
309
330
17
100
AcDbEntity
  8
GRAPH
100
AcDbLine
 10
1183.0
 20
76.0
 30
0.0
 11
1183.0
 21
56.0
 31
0.0
  0
HATCH
  5
30A
330
17
100
AcDbEntity
  8
TABLE_FILL
 62
7
100
AcDbHatch
 10
0.0
 20
0.0
 30
0.0
210
0.0
220
0.0
230
1.0
  2
SOLID
 70
1
 71
0
 91
1
 92
3
 72
0
 73
1
 93
4
 10
1209.0
 20
56.0
 10
1231.0
 20
56.0
 10
1231.0
 20
76.0
 10
1209.0
 20
76.0
 97
0
 75
0
 76
1
 98
0
  0
LINE
  5
30B
330
17
100
AcDbEntity
  8
GRAPH
100
AcDbLine
 10
1209.0
 20
56.0
 30
0.0
 11
1231.0
 21
56.0
 31
0.0
  0
LINE
  5
30C
330
17
100
AcDbEntity
  8
GRAPH
100
AcDbLine
 10
1231.0
 20
56.0
 30
0.0
 11
1231.0
 21
76.0
 31
0.0
  0
LINE
  5
30D
330
17
100
AcDbEntity
  8
GRAPH
100
AcDbLine
 10
1231.0
 20
76.0
 30
0.0
 11
1209.0
 21
76.0
 31
0.0
  0
LINE
  5
30E
330
17
100
AcDbEntity
  8
GRAPH
100
AcDbLine
 10
1209.0
 20
76.0
 30
0.0
 11
1209.0
 21
56.0
 31
0.0
  0
HATCH
  5
30F
330
17
100
AcDbEntity
  8
TABLE_FILL
 62
7
100
AcDbHatch
 10
0.0
 20
0.0
 30
0.0
210
0.0
220
0.0
230
1.0
  2
SOLID
 70
1
 71
0
 91
1
 92
3
 72
0
 73
1
 93
4
 10
1235.0
 20
56.0
 10
1257.0
 20
56.0
 10
1257.0
 20
76.0
 10
1235.0
 20
76.0
 97
0
 75
0
 76
1
 98
0
  0
LINE
  5
310
330
17
100
AcDbEntity
  8
GRAPH
100
AcDbLine
 10
1235.0
 20
56.0
 30
0.0
 11
1257.0
 21
56.0
 31
0.0
  0
LINE
  5
311
330
17
100
AcDbEntity
  8
GRAPH
100
AcDbLine
 10
1257.0
 20
56.0
 30
0.0
 11
1257.0
 21
76.0
 31
0.0
  0
LINE
  5
312
330
17
100
AcDbEntity
  8
GRAPH
100
AcDbLine
 10
1257.0
 20
76.0
 30
0.0
 11
1235.0
 21
76.0
 31
0.0
  0
LINE
  5
313
330
17
100
AcDbEntity
  8
GRAPH
100
AcDbLine
 10
1235.0
 20
76.0
 30
0.0
 11
1235.0
 21
56.0
 31
0.0
  0
HATCH
  5
314
330
17
100
AcDbEntity
  8
TABLE_FILL
 62
7
100
AcDbHatch
 10
0.0
 20
0.0
 30
0.0
210
0.0
220
0.0
230
1.0
  2
SOLID
 70
1
 71
0
 91
1
 92
3
 72
0
 73
1
 93
4
 10
1105.0
 20
80.0
 10
1127.0
 20
80.0
 10
1127.0
 20
100.0
 10
1105.0
 20
100.0
 97
0
 75
0
 76
1
 98
0
  0
LINE
  5
315
330
17
100
AcDbEntity
  8
GRAPH
100
AcDbLine
 10
1105.0
 20
80.0
 30
0.0
 11
1127.0
 21
80.0
 31
0.0
  0
LINE
  5
316
330
17
100
AcDbEntity
  8
GRAPH
100
AcDbLine
 10
1127.0
 20
80.0
 30
0.0
 11
1127.0
 21
100.0
 31
0.0
  0
LINE
  5
317
330
17
100
AcDbEntity
  8
GRAPH
100
AcDbLine
 10
1127.0
 20
100.0
 30
0.0
 11
1105.0
 21
100.0
 31
0.0
  0
LINE
  5
318
330
17
100
AcDbEntity
  8
GRAPH
100
AcDbLine
 10
1105.0
 20
100.0
 30
0.0
 11
1105.0
 21
80.0
 31
0.0
  0
HATCH
  5
319
330
17
100
AcDbEntity
  8
TABLE_FILL
 62
7
100
AcDbHatch
 10
0.0
 20
0.0
 30
0.0
210
0.0
220
0.0
230
1.0
  2
SOLID
 70
1
 71
0
 91
1
 92
3
 72
0
 73
1
 93
4
 10
1131.0
 20
80.0
 10
1153.0
 20
80.0
 10
1153.0
 20
100.0
 10
1131.0
 20
100.0
 97
0
 75
0
 76
1
 98
0
  0
LINE
  5
31A
330
17
100
AcDbEntity
  8
GRAPH
100
AcDbLine
 10
1131.0
 20
80.0
 30
0.0
 11
1153.0
 21
80.0
 31
0.0
  0
LINE
  5
31B
330
17
100
AcDbEntity
  8
GRAPH
100
AcDbLine
 10
1153.0
 20
80.0
 30
0.0
 11
1153.0
 21
100.0
 31
0.0
  0
LINE
  5
31C
330
17
100
AcDbEntity
  8
GRAPH
100
AcDbLine
 10
1153.0
 20
100.0
 30
0.0
 11
1131.0
 21
100.0
 31
0.0
  0
LINE
  5
31D
330
17
100
AcDbEntity
  8
GRAPH
100
AcDbLine
 10
1131.0
 20
100.0
 30
0.0
 11
1131.0
 21
80.0
 31
0.0
  0
HATCH
  5
31E
330
17
100
AcDbEntity
  8
TABLE_FILL
 62
7
100
AcDbHatch
 10
0.0
 20
0.0
 30
0.0
210
0.0
220
0.0
230
1.0
  2
SOLID
 70
1
 71
0
 91
1
 92
3
 72
0
 73
1
 93
4
 10
1157.0
 20
80.0
 10
1179.0
 20
80.0
 10
1179.0
 20
100.0
 10
1157.0
 20
100.0
 97
0
 75
0
 76
1
 98
0
  0
LINE
  5
31F
330
17
100
AcDbEntity
  8
GRAPH
100
AcDbLine
 10
1157.0
 20
80.0
 30
0.0
 11
1179.0
 21
80.0
 31
0.0
  0
LINE
  5
320
330
17
100
AcDbEntity
  8
GRAPH
100
AcDbLine
 10
1179.0
 20
80.0
 30
0.0
 11
1179.0
 21
100.0
 31
0.0
  0
LINE
  5
321
330
17
100
AcDbEntity
  8
GRAPH
100
AcDbLine
 10
1179.0
 20
100.0
 30
0.0
 11
1157.0
 21
100.0
 31
0.0
  0
LINE
  5
322
330
17
100
AcDbEntity
  8
GRAPH
100
AcDbLine
 10
1157.0
 20
100.0
 30
0.0
 11
1157.0
 21
80.0
 31
0.0
  0
HATCH
  5
323
330
17
100
AcDbEntity
  8
TABLE_FILL
 62
7
100
AcDbHatch
 10
0.0
 20
0.0
 30
0.0
210
0.0
220
0.0
230
1.0
  2
SOLID
 70
1
 71
0
 91
1
 92
3
 72
0
 73
1
 93
4
 10
1183.0
 20
80.0
 10
1205.0
 20
80.0
 10
1205.0
 20
100.0
 10
1183.0
 20
100.0
 97
0
 75
0
 76
1
 98
0
  0
LINE
  5
324
330
17
100
AcDbEntity
  8
GRAPH
100
AcDbLine
 10
1183.0
 20
80.0
 30
0.0
 11
1205.0
 21
80.0
 31
0.0
  0
LINE
  5
325
330
17
100
AcDbEntity
  8
GRAPH
100
AcDbLine
 10
1205.0
 20
80.0
 30
0.0
 11
1205.0
 21
100.0
 31
0.0
  0
LINE
  5
326
330
17
100
AcDbEntity
  8
GRAPH
100
AcDbLine
 10
1205.0
 20
100.0
 30
0.0
 11
1183.0
 21
100.0
 31
0.0
  0
LINE
  5
327
330
17
100
AcDbEntity
  8
GRAPH
100
AcDbLine
 10
1183.0
 20
100.0
 30
0.0
 11
1183.0
 21
80.0
 31
0.0
  0
HATCH
  5
328
330
17
100
AcDbEntity
  8
TABLE_FILL
 62
7
100
AcDbHatch
 10
0.0
 20
0.0
 30
0.0
210
0.0
220
0.0
230
1.0
  2
SOLID
 70
1
 71
0
 91
1
 92
3
 72
0
 73
1
 93
4
 10
1209.0
 20
80.0
 10
1231.0
 20
80.0
 10
1231.0
 20
100.0
 10
1209.0
 20
100.0
 97
0
 75
0
 76
1
 98
0
  0
LINE
  5
329
330
17
100
AcDbEntity
  8
GRAPH
100
AcDbLine
 10
1209.0
 20
80.0
 30
0.0
 11
1231.0
 21
80.0
 31
0.0
  0
LINE
  5
32A
330
17
100
AcDbEntity
  8
GRAPH
100
AcDbLine
 10
1231.0
 20
80.0
 30
0.0
 11
1231.0
 21
100.0
 31
0.0
  0
LINE
  5
32B
330
17
100
AcDbEntity
  8
GRAPH
100
AcDbLine
 10
1231.0
 20
100.0
 30
0.0
 11
1209.0
 21
100.0
 31
0.0
  0
LINE
  5
32C
330
17
100
AcDbEntity
  8
GRAPH
100
AcDbLine
 10
1209.0
 20
100.0
 30
0.0
 11
1209.0
 21
80.0
 31
0.0
  0
HATCH
  5
32D
330
17
100
AcDbEntity
  8
TABLE_FILL
 62
7
100
AcDbHatch
 10
0.0
 20
0.0
 30
0.0
210
0.0
220
0.0
230
1.0
  2
SOLID
 70
1
 71
0
 91
1
 92
3
 72
0
 73
1
 93
4
 10
1235.0
 20
80.0
 10
1257.0
 20
80.0
 10
1257.0
 20
100.0
 10
1235.0
 20
100.0
 97
0
 75
0
 76
1
 98
0
  0
LINE
  5
32E
330
17
100
AcDbEntity
  8
GRAPH
100
AcDbLine
 10
1235.0
 20
80.0
 30
0.0
 11
1257.0
 21
80.0
 31
0.0
  0
LINE
  5
32F
330
17
100
AcDbEntity
  8
GRAPH
100
AcDbLine
 10
1257.0
 20
80.0
 30
0.0
 11
1257.0
 21
100.0
 31
0.0
  0
LINE
  5
330
330
17
100
AcDbEntity
  8
GRAPH
100
AcDbLine
 10
1257.0
 20
100.0
 30
0.0
 11
1235.0
 21
100.0
 31
0.0
  0
LINE
  5
331
330
17
100
AcDbEntity
  8
GRAPH
100
AcDbLine
 10
1235.0
 20
100.0
 30
0.0
 11
1235.0
 21
80.0
 31
0.0
  0
HATCH
  5
332
330
17
100
AcDbEntity
  8
TABLE_FILL
 62
7
100
AcDbHatch
 10
0.0
 20
0.0
 30
0.0
210
0.0
220
0.0
230
1.0
  2
SOLID
 70
1
 71
0
 91
1
 92
3
 72
0
 73
1
 93
4
 10
1105.0
 20
104.0
 10
1127.0
 20
104.0
 10
1127.0
 20
124.0
 10
1105.0
 20
124.0
 97
0
 75
0
 76
1
 98
0
  0
LINE
  5
333
330
17
100
AcDbEntity
  8
GRAPH
100
AcDbLine
 10
1105.0
 20
104.0
 30
0.0
 11
1127.0
 21
104.0
 31
0.0
  0
LINE
  5
334
330
17
100
AcDbEntity
  8
GRAPH
100
AcDbLine
 10
1127.0
 20
104.0
 30
0.0
 11
1127.0
 21
124.0
 31
0.0
  0
LINE
  5
335
330
17
100
AcDbEntity
  8
GRAPH
100
AcDbLine
 10
1127.0
 20
124.0
 30
0.0
 11
1105.0
 21
124.0
 31
0.0
  0
LINE
  5
336
330
17
100
AcDbEntity
  8
GRAPH
100
AcDbLine
 10
1105.0
 20
124.0
 30
0.0
 11
1105.0
 21
104.0
 31
0.0
  0
HATCH
  5
337
330
17
100
AcDbEntity
  8
TABLE_FILL
 62
7
100
AcDbHatch
 10
0.0
 20
0.0
 30
0.0
210
0.0
220
0.0
230
1.0
  2
SOLID
 70
1
 71
0
 91
1
 92
3
 72
0
 73
1
 93
4
 10
1131.0
 20
104.0
 10
1153.0
 20
104.0
 10
1153.0
 20
124.0
 10
1131.0
 20
124.0
 97
0
 75
0
 76
1
 98
0
  0
LINE
  5
338
330
17
100
AcDbEntity
  8
GRAPH
100
AcDbLine
 10
1131.0
 20
104.0
 30
0.0
 11
1153.0
 21
104.0
 31
0.0
  0
LINE
  5
339
330
17
100
AcDbEntity
  8
GRAPH
100
AcDbLine
 10
1153.0
 20
104.0
 30
0.0
 11
1153.0
 21
124.0
 31
0.0
  0
LINE
  5
33A
330
17
100
AcDbEntity
  8
GRAPH
100
AcDbLine
 10
1153.0
 20
124.0
 30
0.0
 11
1131.0
 21
124.0
 31
0.0
  0
LINE
  5
33B
330
17
100
AcDbEntity
  8
GRAPH
100
AcDbLine
 10
1131.0
 20
124.0
 30
0.0
 11
1131.0
 21
104.0
 31
0.0
  0
HATCH
  5
33C
330
17
100
AcDbEntity
  8
TABLE_FILL
 62
7
100
AcDbHatch
 10
0.0
 20
0.0
 30
0.0
210
0.0
220
0.0
230
1.0
  2
SOLID
 70
1
 71
0
 91
1
 92
3
 72
0
 73
1
 93
4
 10
1157.0
 20
104.0
 10
1179.0
 20
104.0
 10
1179.0
 20
124.0
 10
1157.0
 20
124.0
 97
0
 75
0
 76
1
 98
0
  0
LINE
  5
33D
330
17
100
AcDbEntity
  8
GRAPH
100
AcDbLine
 10
1157.0
 20
104.0
 30
0.0
 11
1179.0
 21
104.0
 31
0.0
  0
LINE
  5
33E
330
17
100
AcDbEntity
  8
GRAPH
100
AcDbLine
 10
1179.0
 20
104.0
 30
0.0
 11
1179.0
 21
124.0
 31
0.0
  0
LINE
  5
33F
330
17
100
AcDbEntity
  8
GRAPH
100
AcDbLine
 10
1179.0
 20
124.0
 30
0.0
 11
1157.0
 21
124.0
 31
0.0
  0
LINE
  5
340
330
17
100
AcDbEntity
  8
GRAPH
100
AcDbLine
 10
1157.0
 20
124.0
 30
0.0
 11
1157.0
 21
104.0
 31
0.0
  0
HATCH
  5
341
330
17
100
AcDbEntity
  8
TABLE_FILL
 62
7
100
AcDbHatch
 10
0.0
 20
0.0
 30
0.0
210
0.0
220
0.0
230
1.0
  2
SOLID
 70
1
 71
0
 91
1
 92
3
 72
0
 73
1
 93
4
 10
1183.0
 20
104.0
 10
1205.0
 20
104.0
 10
1205.0
 20
124.0
 10
1183.0
 20
124.0
 97
0
 75
0
 76
1
 98
0
  0
LINE
  5
342
330
17
100
AcDbEntity
  8
GRAPH
100
AcDbLine
 10
1183.0
 20
104.0
 30
0.0
 11
1205.0
 21
104.0
 31
0.0
  0
LINE
  5
343
330
17
100
AcDbEntity
  8
GRAPH
100
AcDbLine
 10
1205.0
 20
104.0
 30
0.0
 11
1205.0
 21
124.0
 31
0.0
  0
LINE
  5
344
330
17
100
AcDbEntity
  8
GRAPH
100
AcDbLine
 10
1205.0
 20
124.0
 30
0.0
 11
1183.0
 21
124.0
 31
0.0
  0
LINE
  5
345
330
17
100
AcDbEntity
  8
GRAPH
100
AcDbLine
 10
1183.0
 20
124.0
 30
0.0
 11
1183.0
 21
104.0
 31
0.0
  0
HATCH
  5
346
330
17
100
AcDbEntity
  8
TABLE_FILL
 62
7
100
AcDbHatch
 10
0.0
 20
0.0
 30
0.0
210
0.0
220
0.0
230
1.0
  2
SOLID
 70
1
 71
0
 91
1
 92
3
 72
0
 73
1
 93
4
 10
1209.0
 20
104.0
 10
1231.0
 20
104.0
 10
1231.0
 20
124.0
 10
1209.0
 20
124.0
 97
0
 75
0
 76
1
 98
0
  0
LINE
  5
347
330
17
100
AcDbEntity
  8
GRAPH
100
AcDbLine
 10
1209.0
 20
104.0
 30
0.0
 11
1231.0
 21
104.0
 31
0.0
  0
LINE
  5
348
330
17
100
AcDbEntity
  8
GRAPH
100
AcDbLine
 10
1231.0
 20
104.0
 30
0.0
 11
1231.0
 21
124.0
 31
0.0
  0
LINE
  5
349
330
17
100
AcDbEntity
  8
GRAPH
100
AcDbLine
 10
1231.0
 20
124.0
 30
0.0
 11
1209.0
 21
124.0
 31
0.0
  0
LINE
  5
34A
330
17
100
AcDbEntity
  8
GRAPH
100
AcDbLine
 10
1209.0
 20
124.0
 30
0.0
 11
1209.0
 21
104.0
 31
0.0
  0
HATCH
  5
34B
330
17
100
AcDbEntity
  8
TABLE_FILL
 62
7
100
AcDbHatch
 10
0.0
 20
0.0
 30
0.0
210
0.0
220
0.0
230
1.0
  2
SOLID
 70
1
 71
0
 91
1
 92
3
 72
0
 73
1
 93
4
 10
1235.0
 20
104.0
 10
1257.0
 20
104.0
 10
1257.0
 20
124.0
 10
1235.0
 20
124.0
 97
0
 75
0
 76
1
 98
0
  0
LINE
  5
34C
330
17
100
AcDbEntity
  8
GRAPH
100
AcDbLine
 10
1235.0
 20
104.0
 30
0.0
 11
1257.0
 21
104.0
 31
0.0
  0
LINE
  5
34D
330
17
100
AcDbEntity
  8
GRAPH
100
AcDbLine
 10
1257.0
 20
104.0
 30
0.0
 11
1257.0
 21
124.0
 31
0.0
  0
LINE
  5
34E
330
17
100
AcDbEntity
  8
GRAPH
100
AcDbLine
 10
1257.0
 20
124.0
 30
0.0
 11
1235.0
 21
124.0
 31
0.0
  0
LINE
  5
34F
330
17
100
AcDbEntity
  8
GRAPH
100
AcDbLine
 10
1235.0
 20
124.0
 30
0.0
 11
1235.0
 21
104.0
 31
0.0
  0
HATCH
  5
350
330
17
100
AcDbEntity
  8
TABLE_FILL
 62
7
100
AcDbHatch
 10
0.0
 20
0.0
 30
0.0
210
0.0
220
0.0
230
1.0
  2
SOLID
 70
1
 71
0
 91
1
 92
3
 72
0
 73
1
 93
4
 10
1105.0
 20
128.0
 10
1127.0
 20
128.0
 10
1127.0
 20
148.0
 10
1105.0
 20
148.0
 97
0
 75
0
 76
1
 98
0
  0
LINE
  5
351
330
17
100
AcDbEntity
  8
GRAPH
100
AcDbLine
 10
1105.0
 20
128.0
 30
0.0
 11
1127.0
 21
128.0
 31
0.0
  0
LINE
  5
352
330
17
100
AcDbEntity
  8
GRAPH
100
AcDbLine
 10
1127.0
 20
128.0
 30
0.0
 11
1127.0
 21
148.0
 31
0.0
  0
LINE
  5
353
330
17
100
AcDbEntity
  8
GRAPH
100
AcDbLine
 10
1127.0
 20
148.0
 30
0.0
 11
1105.0
 21
148.0
 31
0.0
  0
LINE
  5
354
330
17
100
AcDbEntity
  8
GRAPH
100
AcDbLine
 10
1105.0
 20
148.0
 30
0.0
 11
1105.0
 21
128.0
 31
0.0
  0
HATCH
  5
355
330
17
100
AcDbEntity
  8
TABLE_FILL
 62
7
100
AcDbHatch
 10
0.0
 20
0.0
 30
0.0
210
0.0
220
0.0
230
1.0
  2
SOLID
 70
1
 71
0
 91
1
 92
3
 72
0
 73
1
 93
4
 10
1131.0
 20
128.0
 10
1153.0
 20
128.0
 10
1153.0
 20
148.0
 10
1131.0
 20
148.0
 97
0
 75
0
 76
1
 98
0
  0
LINE
  5
356
330
17
100
AcDbEntity
  8
GRAPH
100
AcDbLine
 10
1131.0
 20
128.0
 30
0.0
 11
1153.0
 21
128.0
 31
0.0
  0
LINE
  5
357
330
17
100
AcDbEntity
  8
GRAPH
100
AcDbLine
 10
1153.0
 20
128.0
 30
0.0
 11
1153.0
 21
148.0
 31
0.0
  0
LINE
  5
358
330
17
100
AcDbEntity
  8
GRAPH
100
AcDbLine
 10
1153.0
 20
148.0
 30
0.0
 11
1131.0
 21
148.0
 31
0.0
  0
LINE
  5
359
330
17
100
AcDbEntity
  8
GRAPH
100
AcDbLine
 10
1131.0
 20
148.0
 30
0.0
 11
1131.0
 21
128.0
 31
0.0
  0
HATCH
  5
35A
330
17
100
AcDbEntity
  8
TABLE_FILL
 62
7
100
AcDbHatch
 10
0.0
 20
0.0
 30
0.0
210
0.0
220
0.0
230
1.0
  2
SOLID
 70
1
 71
0
 91
1
 92
3
 72
0
 73
1
 93
4
 10
1157.0
 20
128.0
 10
1179.0
 20
128.0
 10
1179.0
 20
148.0
 10
1157.0
 20
148.0
 97
0
 75
0
 76
1
 98
0
  0
LINE
  5
35B
330
17
100
AcDbEntity
  8
GRAPH
100
AcDbLine
 10
1157.0
 20
128.0
 30
0.0
 11
1179.0
 21
128.0
 31
0.0
  0
LINE
  5
35C
330
17
100
AcDbEntity
  8
GRAPH
100
AcDbLine
 10
1179.0
 20
128.0
 30
0.0
 11
1179.0
 21
148.0
 31
0.0
  0
LINE
  5
35D
330
17
100
AcDbEntity
  8
GRAPH
100
AcDbLine
 10
1179.0
 20
148.0
 30
0.0
 11
1157.0
 21
148.0
 31
0.0
  0
LINE
  5
35E
330
17
100
AcDbEntity
  8
GRAPH
100
AcDbLine
 10
1157.0
 20
148.0
 30
0.0
 11
1157.0
 21
128.0
 31
0.0
  0
HATCH
  5
35F
330
17
100
AcDbEntity
  8
TABLE_FILL
 62
7
100
AcDbHatch
 10
0.0
 20
0.0
 30
0.0
210
0.0
220
0.0
230
1.0
  2
SOLID
 70
1
 71
0
 91
1
 92
3
 72
0
 73
1
 93
4
 10
1183.0
 20
128.0
 10
1205.0
 20
128.0
 10
1205.0
 20
148.0
 10
1183.0
 20
148.0
 97
0
 75
0
 76
1
 98
0
  0
LINE
  5
360
330
17
100
AcDbEntity
  8
GRAPH
100
AcDbLine
 10
1183.0
 20
128.0
 30
0.0
 11
1205.0
 21
128.0
 31
0.0
  0
LINE
  5
361
330
17
100
AcDbEntity
  8
GRAPH
100
AcDbLine
 10
1205.0
 20
128.0
 30
0.0
 11
1205.0
 21
148.0
 31
0.0
  0
LINE
  5
362
330
17
100
AcDbEntity
  8
GRAPH
100
AcDbLine
 10
1205.0
 20
148.0
 30
0.0
 11
1183.0
 21
148.0
 31
0.0
  0
LINE
  5
363
330
17
100
AcDbEntity
  8
GRAPH
100
AcDbLine
 10
1183.0
 20
148.0
 30
0.0
 11
1183.0
 21
128.0
 31
0.0
  0
HATCH
  5
364
330
17
100
AcDbEntity
  8
TABLE_FILL
 62
7
100
AcDbHatch
 10
0.0
 20
0.0
 30
0.0
210
0.0
220
0.0
230
1.0
  2
SOLID
 70
1
 71
0
 91
1
 92
3
 72
0
 73
1
 93
4
 10
1209.0
 20
128.0
 10
1231.0
 20
128.0
 10
1231.0
 20
148.0
 10
1209.0
 20
148.0
 97
0
 75
0
 76
1
 98
0
  0
LINE
  5
365
330
17
100
AcDbEntity
  8
GRAPH
100
AcDbLine
 10
1209.0
 20
128.0
 30
0.0
 11
1231.0
 21
128.0
 31
0.0
  0
LINE
  5
366
330
17
100
AcDbEntity
  8
GRAPH
100
AcDbLine
 10
1231.0
 20
128.0
 30
0.0
 11
1231.0
 21
148.0
 31
0.0
  0
LINE
  5
367
330
17
100
AcDbEntity
  8
GRAPH
100
AcDbLine
 10
1231.0
 20
148.0
 30
0.0
 11
1209.0
 21
148.0
 31
0.0
  0
LINE
  5
368
330
17
100
AcDbEntity
  8
GRAPH
100
AcDbLine
 10
1209.0
 20
148.0
 30
0.0
 11
1209.0
 21
128.0
 31
0.0
  0
HATCH
  5
369
330
17
100
AcDbEntity
  8
TABLE_FILL
 62
7
100
AcDbHatch
 10
0.0
 20
0.0
 30
0.0
210
0.0
220
0.0
230
1.0
  2
SOLID
 70
1
 71
0
 91
1
 92
3
 72
0
 73
1
 93
4
 10
1235.0
 20
128.0
 10
1257.0
 20
128.0
 10
1257.0
 20
148.0
 10
1235.0
 20
148.0
 97
0
 75
0
 76
1
 98
0
  0
LINE
  5
36A
330
17
100
AcDbEntity
  8
GRAPH
100
AcDbLine
 10
1235.0
 20
128.0
 30
0.0
 11
1257.0
 21
128.0
 31
0.0
  0
LINE
  5
36B
330
17
100
AcDbEntity
  8
GRAPH
100
AcDbLine
 10
1257.0
 20
128.0
 30
0.0
 11
1257.0
 21
148.0
 31
0.0
  0
LINE
  5
36C
330
17
100
AcDbEntity
  8
GRAPH
100
AcDbLine
 10
1257.0
 20
148.0
 30
0.0
 11
1235.0
 21
148.0
 31
0.0
  0
LINE
  5
36D
330
17
100
AcDbEntity
  8
GRAPH
100
AcDbLine
 10
1235.0
 20
148.0
 30
0.0
 11
1235.0
 21
128.0
 31
0.0
  0
HATCH
  5
36E
330
17
100
AcDbEntity
  8
TABLE_FILL
 62
7
100
AcDbHatch
 10
0.0
 20
0.0
 30
0.0
210
0.0
220
0.0
230
1.0
  2
SOLID
 70
1
 71
0
 91
1
 92
3
 72
0
 73
1
 93
4
 10
1105.0
 20
152.0
 10
1127.0
 20
152.0
 10
1127.0
 20
172.0
 10
1105.0
 20
172.0
 97
0
 75
0
 76
1
 98
0
  0
LINE
  5
36F
330
17
100
AcDbEntity
  8
GRAPH
100
AcDbLine
 10
1105.0
 20
152.0
 30
0.0
 11
1127.0
 21
152.0
 31
0.0
  0
LINE
  5
370
330
17
100
AcDbEntity
  8
GRAPH
100
AcDbLine
 10
1127.0
 20
152.0
 30
0.0
 11
1127.0
 21
172.0
 31
0.0
  0
LINE
  5
371
330
17
100
AcDbEntity
  8
GRAPH
100
AcDbLine
 10
1127.0
 20
172.0
 30
0.0
 11
1105.0
 21
172.0
 31
0.0
  0
LINE
  5
372
330
17
100
AcDbEntity
  8
GRAPH
100
AcDbLine
 10
1105.0
 20
172.0
 30
0.0
 11
1105.0
 21
152.0
 31
0.0
  0
HATCH
  5
373
330
17
100
AcDbEntity
  8
TABLE_FILL
 62
7
100
AcDbHatch
 10
0.0
 20
0.0
 30
0.0
210
0.0
220
0.0
230
1.0
  2
SOLID
 70
1
 71
0
 91
1
 92
3
 72
0
 73
1
 93
4
 10
1131.0
 20
152.0
 10
1153.0
 20
152.0
 10
1153.0
 20
172.0
 10
1131.0
 20
172.0
 97
0
 75
0
 76
1
 98
0
  0
LINE
  5
374
330
17
100
AcDbEntity
  8
GRAPH
100
AcDbLine
 10
1131.0
 20
152.0
 30
0.0
 11
1153.0
 21
152.0
 31
0.0
  0
LINE
  5
375
330
17
100
AcDbEntity
  8
GRAPH
100
AcDbLine
 10
1153.0
 20
152.0
 30
0.0
 11
1153.0
 21
172.0
 31
0.0
  0
LINE
  5
376
330
17
100
AcDbEntity
  8
GRAPH
100
AcDbLine
 10
1153.0
 20
172.0
 30
0.0
 11
1131.0
 21
172.0
 31
0.0
  0
LINE
  5
377
330
17
100
AcDbEntity
  8
GRAPH
100
AcDbLine
 10
1131.0
 20
172.0
 30
0.0
 11
1131.0
 21
152.0
 31
0.0
  0
HATCH
  5
378
330
17
100
AcDbEntity
  8
TABLE_FILL
 62
7
100
AcDbHatch
 10
0.0
 20
0.0
 30
0.0
210
0.0
220
0.0
230
1.0
  2
SOLID
 70
1
 71
0
 91
1
 92
3
 72
0
 73
1
 93
4
 10
1157.0
 20
152.0
 10
1179.0
 20
152.0
 10
1179.0
 20
172.0
 10
1157.0
 20
172.0
 97
0
 75
0
 76
1
 98
0
  0
LINE
  5
379
330
17
100
AcDbEntity
  8
GRAPH
100
AcDbLine
 10
1157.0
 20
152.0
 30
0.0
 11
1179.0
 21
152.0
 31
0.0
  0
LINE
  5
37A
330
17
100
AcDbEntity
  8
GRAPH
100
AcDbLine
 10
1179.0
 20
152.0
 30
0.0
 11
1179.0
 21
172.0
 31
0.0
  0
LINE
  5
37B
330
17
100
AcDbEntity
  8
GRAPH
100
AcDbLine
 10
1179.0
 20
172.0
 30
0.0
 11
1157.0
 21
172.0
 31
0.0
  0
LINE
  5
37C
330
17
100
AcDbEntity
  8
GRAPH
100
AcDbLine
 10
1157.0
 20
172.0
 30
0.0
 11
1157.0
 21
152.0
 31
0.0
  0
HATCH
  5
37D
330
17
100
AcDbEntity
  8
TABLE_FILL
 62
7
100
AcDbHatch
 10
0.0
 20
0.0
 30
0.0
210
0.0
220
0.0
230
1.0
  2
SOLID
 70
1
 71
0
 91
1
 92
3
 72
0
 73
1
 93
4
 10
1183.0
 20
152.0
 10
1205.0
 20
152.0
 10
1205.0
 20
172.0
 10
1183.0
 20
172.0
 97
0
 75
0
 76
1
 98
0
  0
LINE
  5
37E
330
17
100
AcDbEntity
  8
GRAPH
100
AcDbLine
 10
1183.0
 20
152.0
 30
0.0
 11
1205.0
 21
152.0
 31
0.0
  0
LINE
  5
37F
330
17
100
AcDbEntity
  8
GRAPH
100
AcDbLine
 10
1205.0
 20
152.0
 30
0.0
 11
1205.0
 21
172.0
 31
0.0
  0
LINE
  5
380
330
17
100
AcDbEntity
  8
GRAPH
100
AcDbLine
 10
1205.0
 20
172.0
 30
0.0
 11
1183.0
 21
172.0
 31
0.0
  0
LINE
  5
381
330
17
100
AcDbEntity
  8
GRAPH
100
AcDbLine
 10
1183.0
 20
172.0
 30
0.0
 11
1183.0
 21
152.0
 31
0.0
  0
HATCH
  5
382
330
17
100
AcDbEntity
  8
TABLE_FILL
 62
7
100
AcDbHatch
 10
0.0
 20
0.0
 30
0.0
210
0.0
220
0.0
230
1.0
  2
SOLID
 70
1
 71
0
 91
1
 92
3
 72
0
 73
1
 93
4
 10
1209.0
 20
152.0
 10
1231.0
 20
152.0
 10
1231.0
 20
172.0
 10
1209.0
 20
172.0
 97
0
 75
0
 76
1
 98
0
  0
LINE
  5
383
330
17
100
AcDbEntity
  8
GRAPH
100
AcDbLine
 10
1209.0
 20
152.0
 30
0.0
 11
1231.0
 21
152.0
 31
0.0
  0
LINE
  5
384
330
17
100
AcDbEntity
  8
GRAPH
100
AcDbLine
 10
1231.0
 20
152.0
 30
0.0
 11
1231.0
 21
172.0
 31
0.0
  0
LINE
  5
385
330
17
100
AcDbEntity
  8
GRAPH
100
AcDbLine
 10
1231.0
 20
172.0
 30
0.0
 11
1209.0
 21
172.0
 31
0.0
  0
LINE
  5
386
330
17
100
AcDbEntity
  8
GRAPH
100
AcDbLine
 10
1209.0
 20
172.0
 30
0.0
 11
1209.0
 21
152.0
 31
0.0
  0
HATCH
  5
387
330
17
100
AcDbEntity
  8
TABLE_FILL
 62
7
100
AcDbHatch
 10
0.0
 20
0.0
 30
0.0
210
0.0
220
0.0
230
1.0
  2
SOLID
 70
1
 71
0
 91
1
 92
3
 72
0
 73
1
 93
4
 10
1235.0
 20
152.0
 10
1257.0
 20
152.0
 10
1257.0
 20
172.0
 10
1235.0
 20
172.0
 97
0
 75
0
 76
1
 98
0
  0
LINE
  5
388
330
17
100
AcDbEntity
  8
GRAPH
100
AcDbLine
 10
1235.0
 20
152.0
 30
0.0
 11
1257.0
 21
152.0
 31
0.0
  0
LINE
  5
389
330
17
100
AcDbEntity
  8
GRAPH
100
AcDbLine
 10
1257.0
 20
152.0
 30
0.0
 11
1257.0
 21
172.0
 31
0.0
  0
LINE
  5
38A
330
17
100
AcDbEntity
  8
GRAPH
100
AcDbLine
 10
1257.0
 20
172.0
 30
0.0
 11
1235.0
 21
172.0
 31
0.0
  0
LINE
  5
38B
330
17
100
AcDbEntity
  8
GRAPH
100
AcDbLine
 10
1235.0
 20
172.0
 30
0.0
 11
1235.0
 21
152.0
 31
0.0
  0
HATCH
  5
38C
330
17
100
AcDbEntity
  8
TABLE_FILL
 62
7
100
AcDbHatch
 10
0.0
 20
0.0
 30
0.0
210
0.0
220
0.0
230
1.0
  2
SOLID
 70
1
 71
0
 91
1
 92
3
 72
0
 73
1
 93
4
 10
1105.0
 20
176.0
 10
1127.0
 20
176.0
 10
1127.0
 20
196.0
 10
1105.0
 20
196.0
 97
0
 75
0
 76
1
 98
0
  0
LINE
  5
38D
330
17
100
AcDbEntity
  8
GRAPH
100
AcDbLine
 10
1105.0
 20
176.0
 30
0.0
 11
1127.0
 21
176.0
 31
0.0
  0
LINE
  5
38E
330
17
100
AcDbEntity
  8
GRAPH
100
AcDbLine
 10
1127.0
 20
176.0
 30
0.0
 11
1127.0
 21
196.0
 31
0.0
  0
LINE
  5
38F
330
17
100
AcDbEntity
  8
GRAPH
100
AcDbLine
 10
1127.0
 20
196.0
 30
0.0
 11
1105.0
 21
196.0
 31
0.0
  0
LINE
  5
390
330
17
100
AcDbEntity
  8
GRAPH
100
AcDbLine
 10
1105.0
 20
196.0
 30
0.0
 11
1105.0
 21
176.0
 31
0.0
  0
HATCH
  5
391
330
17
100
AcDbEntity
  8
TABLE_FILL
 62
7
100
AcDbHatch
 10
0.0
 20
0.0
 30
0.0
210
0.0
220
0.0
230
1.0
  2
SOLID
 70
1
 71
0
 91
1
 92
3
 72
0
 73
1
 93
4
 10
1131.0
 20
176.0
 10
1153.0
 20
176.0
 10
1153.0
 20
196.0
 10
1131.0
 20
196.0
 97
0
 75
0
 76
1
 98
0
  0
LINE
  5
392
330
17
100
AcDbEntity
  8
GRAPH
100
AcDbLine
 10
1131.0
 20
176.0
 30
0.0
 11
1153.0
 21
176.0
 31
0.0
  0
LINE
  5
393
330
17
100
AcDbEntity
  8
GRAPH
100
AcDbLine
 10
1153.0
 20
176.0
 30
0.0
 11
1153.0
 21
196.0
 31
0.0
  0
LINE
  5
394
330
17
100
AcDbEntity
  8
GRAPH
100
AcDbLine
 10
1153.0
 20
196.0
 30
0.0
 11
1131.0
 21
196.0
 31
0.0
  0
LINE
  5
395
330
17
100
AcDbEntity
  8
GRAPH
100
AcDbLine
 10
1131.0
 20
196.0
 30
0.0
 11
1131.0
 21
176.0
 31
0.0
  0
HATCH
  5
396
330
17
100
AcDbEntity
  8
TABLE_FILL
 62
7
100
AcDbHatch
 10
0.0
 20
0.0
 30
0.0
210
0.0
220
0.0
230
1.0
  2
SOLID
 70
1
 71
0
 91
1
 92
3
 72
0
 73
1
 93
4
 10
1157.0
 20
176.0
 10
1179.0
 20
176.0
 10
1179.0
 20
196.0
 10
1157.0
 20
196.0
 97
0
 75
0
 76
1
 98
0
  0
LINE
  5
397
330
17
100
AcDbEntity
  8
GRAPH
100
AcDbLine
 10
1157.0
 20
176.0
 30
0.0
 11
1179.0
 21
176.0
 31
0.0
  0
LINE
  5
398
330
17
100
AcDbEntity
  8
GRAPH
100
AcDbLine
 10
1179.0
 20
176.0
 30
0.0
 11
1179.0
 21
196.0
 31
0.0
  0
LINE
  5
399
330
17
100
AcDbEntity
  8
GRAPH
100
AcDbLine
 10
1179.0
 20
196.0
 30
0.0
 11
1157.0
 21
196.0
 31
0.0
  0
LINE
  5
39A
330
17
100
AcDbEntity
  8
GRAPH
100
AcDbLine
 10
1157.0
 20
196.0
 30
0.0
 11
1157.0
 21
176.0
 31
0.0
  0
HATCH
  5
39B
330
17
100
AcDbEntity
  8
TABLE_FILL
 62
7
100
AcDbHatch
 10
0.0
 20
0.0
 30
0.0
210
0.0
220
0.0
230
1.0
  2
SOLID
 70
1
 71
0
 91
1
 92
3
 72
0
 73
1
 93
4
 10
1183.0
 20
176.0
 10
1205.0
 20
176.0
 10
1205.0
 20
196.0
 10
1183.0
 20
196.0
 97
0
 75
0
 76
1
 98
0
  0
LINE
  5
39C
330
17
100
AcDbEntity
  8
GRAPH
100
AcDbLine
 10
1183.0
 20
176.0
 30
0.0
 11
1205.0
 21
176.0
 31
0.0
  0
LINE
  5
39D
330
17
100
AcDbEntity
  8
GRAPH
100
AcDbLine
 10
1205.0
 20
176.0
 30
0.0
 11
1205.0
 21
196.0
 31
0.0
  0
LINE
  5
39E
330
17
100
AcDbEntity
  8
GRAPH
100
AcDbLine
 10
1205.0
 20
196.0
 30
0.0
 11
1183.0
 21
196.0
 31
0.0
  0
LINE
  5
39F
330
17
100
AcDbEntity
  8
GRAPH
100
AcDbLine
 10
1183.0
 20
196.0
 30
0.0
 11
1183.0
 21
176.0
 31
0.0
  0
HATCH
  5
3A0
330
17
100
AcDbEntity
  8
TABLE_FILL
 62
7
100
AcDbHatch
 10
0.0
 20
0.0
 30
0.0
210
0.0
220
0.0
230
1.0
  2
SOLID
 70
1
 71
0
 91
1
 92
3
 72
0
 73
1
 93
4
 10
1209.0
 20
176.0
 10
1231.0
 20
176.0
 10
1231.0
 20
196.0
 10
1209.0
 20
196.0
 97
0
 75
0
 76
1
 98
0
  0
LINE
  5
3A1
330
17
100
AcDbEntity
  8
GRAPH
100
AcDbLine
 10
1209.0
 20
176.0
 30
0.0
 11
1231.0
 21
176.0
 31
0.0
  0
LINE
  5
3A2
330
17
100
AcDbEntity
  8
GRAPH
100
AcDbLine
 10
1231.0
 20
176.0
 30
0.0
 11
1231.0
 21
196.0
 31
0.0
  0
LINE
  5
3A3
330
17
100
AcDbEntity
  8
GRAPH
100
AcDbLine
 10
1231.0
 20
196.0
 30
0.0
 11
1209.0
 21
196.0
 31
0.0
  0
LINE
  5
3A4
330
17
100
AcDbEntity
  8
GRAPH
100
AcDbLine
 10
1209.0
 20
196.0
 30
0.0
 11
1209.0
 21
176.0
 31
0.0
  0
HATCH
  5
3A5
330
17
100
AcDbEntity
  8
TABLE_FILL
 62
7
100
AcDbHatch
 10
0.0
 20
0.0
 30
0.0
210
0.0
220
0.0
230
1.0
  2
SOLID
 70
1
 71
0
 91
1
 92
3
 72
0
 73
1
 93
4
 10
1235.0
 20
176.0
 10
1257.0
 20
176.0
 10
1257.0
 20
196.0
 10
1235.0
 20
196.0
 97
0
 75
0
 76
1
 98
0
  0
LINE
  5
3A6
330
17
100
AcDbEntity
  8
GRAPH
100
AcDbLine
 10
1235.0
 20
176.0
 30
0.0
 11
1257.0
 21
176.0
 31
0.0
  0
LINE
  5
3A7
330
17
100
AcDbEntity
  8
GRAPH
100
AcDbLine
 10
1257.0
 20
176.0
 30
0.0
 11
1257.0
 21
196.0
 31
0.0
  0
LINE
  5
3A8
330
17
100
AcDbEntity
  8
GRAPH
100
AcDbLine
 10
1257.0
 20
196.0
 30
0.0
 11
1235.0
 21
196.0
 31
0.0
  0
LINE
  5
3A9
330
17
100
AcDbEntity
  8
GRAPH
100
AcDbLine
 10
1235.0
 20
196.0
 30
0.0
 11
1235.0
 21
176.0
 31
0.0
  0
HATCH
  5
3AA
330
17
100
AcDbEntity
  8
TABLE_FILL
 62
7
100
AcDbHatch
 10
0.0
 20
0.0
 30
0.0
210
0.0
220
0.0
230
1.0
  2
SOLID
 70
1
 71
0
 91
1
 92
3
 72
0
 73
1
 93
4
 10
1105.0
 20
200.0
 10
1127.0
 20
200.0
 10
1127.0
 20
220.0
 10
1105.0
 20
220.0
 97
0
 75
0
 76
1
 98
0
  0
LINE
  5
3AB
330
17
100
AcDbEntity
  8
GRAPH
100
AcDbLine
 10
1105.0
 20
200.0
 30
0.0
 11
1127.0
 21
200.0
 31
0.0
  0
LINE
  5
3AC
330
17
100
AcDbEntity
  8
GRAPH
100
AcDbLine
 10
1127.0
 20
200.0
 30
0.0
 11
1127.0
 21
220.0
 31
0.0
  0
LINE
  5
3AD
330
17
100
AcDbEntity
  8
GRAPH
100
AcDbLine
 10
1127.0
 20
220.0
 30
0.0
 11
1105.0
 21
220.0
 31
0.0
  0
LINE
  5
3AE
330
17
100
AcDbEntity
  8
GRAPH
100
AcDbLine
 10
1105.0
 20
220.0
 30
0.0
 11
1105.0
 21
200.0
 31
0.0
  0
HATCH
  5
3AF
330
17
100
AcDbEntity
  8
TABLE_FILL
 62
7
100
AcDbHatch
 10
0.0
 20
0.0
 30
0.0
210
0.0
220
0.0
230
1.0
  2
SOLID
 70
1
 71
0
 91
1
 92
3
 72
0
 73
1
 93
4
 10
1131.0
 20
200.0
 10
1153.0
 20
200.0
 10
1153.0
 20
220.0
 10
1131.0
 20
220.0
 97
0
 75
0
 76
1
 98
0
  0
LINE
  5
3B0
330
17
100
AcDbEntity
  8
GRAPH
100
AcDbLine
 10
1131.0
 20
200.0
 30
0.0
 11
1153.0
 21
200.0
 31
0.0
  0
LINE
  5
3B1
330
17
100
AcDbEntity
  8
GRAPH
100
AcDbLine
 10
1153.0
 20
200.0
 30
0.0
 11
1153.0
 21
220.0
 31
0.0
  0
LINE
  5
3B2
330
17
100
AcDbEntity
  8
GRAPH
100
AcDbLine
 10
1153.0
 20
220.0
 30
0.0
 11
1131.0
 21
220.0
 31
0.0
  0
LINE
  5
3B3
330
17
100
AcDbEntity
  8
GRAPH
100
AcDbLine
 10
1131.0
 20
220.0
 30
0.0
 11
1131.0
 21
200.0
 31
0.0
  0
HATCH
  5
3B4
330
17
100
AcDbEntity
  8
TABLE_FILL
 62
7
100
AcDbHatch
 10
0.0
 20
0.0
 30
0.0
210
0.0
220
0.0
230
1.0
  2
SOLID
 70
1
 71
0
 91
1
 92
3
 72
0
 73
1
 93
4
 10
1157.0
 20
200.0
 10
1179.0
 20
200.0
 10
1179.0
 20
220.0
 10
1157.0
 20
220.0
 97
0
 75
0
 76
1
 98
0
  0
LINE
  5
3B5
330
17
100
AcDbEntity
  8
GRAPH
100
AcDbLine
 10
1157.0
 20
200.0
 30
0.0
 11
1179.0
 21
200.0
 31
0.0
  0
LINE
  5
3B6
330
17
100
AcDbEntity
  8
GRAPH
100
AcDbLine
 10
1179.0
 20
200.0
 30
0.0
 11
1179.0
 21
220.0
 31
0.0
  0
LINE
  5
3B7
330
17
100
AcDbEntity
  8
GRAPH
100
AcDbLine
 10
1179.0
 20
220.0
 30
0.0
 11
1157.0
 21
220.0
 31
0.0
  0
LINE
  5
3B8
330
17
100
AcDbEntity
  8
GRAPH
100
AcDbLine
 10
1157.0
 20
220.0
 30
0.0
 11
1157.0
 21
200.0
 31
0.0
  0
HATCH
  5
3B9
330
17
100
AcDbEntity
  8
TABLE_FILL
 62
7
100
AcDbHatch
 10
0.0
 20
0.0
 30
0.0
210
0.0
220
0.0
230
1.0
  2
SOLID
 70
1
 71
0
 91
1
 92
3
 72
0
 73
1
 93
4
 10
1183.0
 20
200.0
 10
1205.0
 20
200.0
 10
1205.0
 20
220.0
 10
1183.0
 20
220.0
 97
0
 75
0
 76
1
 98
0
  0
LINE
  5
3BA
330
17
100
AcDbEntity
  8
GRAPH
100
AcDbLine
 10
1183.0
 20
200.0
 30
0.0
 11
1205.0
 21
200.0
 31
0.0
  0
LINE
  5
3BB
330
17
100
AcDbEntity
  8
GRAPH
100
AcDbLine
 10
1205.0
 20
200.0
 30
0.0
 11
1205.0
 21
220.0
 31
0.0
  0
LINE
  5
3BC
330
17
100
AcDbEntity
  8
GRAPH
100
AcDbLine
 10
1205.0
 20
220.0
 30
0.0
 11
1183.0
 21
220.0
 31
0.0
  0
LINE
  5
3BD
330
17
100
AcDbEntity
  8
GRAPH
100
AcDbLine
 10
1183.0
 20
220.0
 30
0.0
 11
1183.0
 21
200.0
 31
0.0
  0
HATCH
  5
3BE
330
17
100
AcDbEntity
  8
TABLE_FILL
 62
7
100
AcDbHatch
 10
0.0
 20
0.0
 30
0.0
210
0.0
220
0.0
230
1.0
  2
SOLID
 70
1
 71
0
 91
1
 92
3
 72
0
 73
1
 93
4
 10
1209.0
 20
200.0
 10
1231.0
 20
200.0
 10
1231.0
 20
220.0
 10
1209.0
 20
220.0
 97
0
 75
0
 76
1
 98
0
  0
LINE
  5
3BF
330
17
100
AcDbEntity
  8
GRAPH
100
AcDbLine
 10
1209.0
 20
200.0
 30
0.0
 11
1231.0
 21
200.0
 31
0.0
  0
LINE
  5
3C0
330
17
100
AcDbEntity
  8
GRAPH
100
AcDbLine
 10
1231.0
 20
200.0
 30
0.0
 11
1231.0
 21
220.0
 31
0.0
  0
LINE
  5
3C1
330
17
100
AcDbEntity
  8
GRAPH
100
AcDbLine
 10
1231.0
 20
220.0
 30
0.0
 11
1209.0
 21
220.0
 31
0.0
  0
LINE
  5
3C2
330
17
100
AcDbEntity
  8
GRAPH
100
AcDbLine
 10
1209.0
 20
220.0
 30
0.0
 11
1209.0
 21
200.0
 31
0.0
  0
HATCH
  5
3C3
330
17
100
AcDbEntity
  8
TABLE_FILL
 62
7
100
AcDbHatch
 10
0.0
 20
0.0
 30
0.0
210
0.0
220
0.0
230
1.0
  2
SOLID
 70
1
 71
0
 91
1
 92
3
 72
0
 73
1
 93
4
 10
1235.0
 20
200.0
 10
1257.0
 20
200.0
 10
1257.0
 20
220.0
 10
1235.0
 20
220.0
 97
0
 75
0
 76
1
 98
0
  0
LINE
  5
3C4
330
17
100
AcDbEntity
  8
GRAPH
100
AcDbLine
 10
1235.0
 20
200.0
 30
0.0
 11
1257.0
 21
200.0
 31
0.0
  0
LINE
  5
3C5
330
17
100
AcDbEntity
  8
GRAPH
100
AcDbLine
 10
1257.0
 20
200.0
 30
0.0
 11
1257.0
 21
220.0
 31
0.0
  0
LINE
  5
3C6
330
17
100
AcDbEntity
  8
GRAPH
100
AcDbLine
 10
1257.0
 20
220.0
 30
0.0
 11
1235.0
 21
220.0
 31
0.0
  0
LINE
  5
3C7
330
17
100
AcDbEntity
  8
GRAPH
100
AcDbLine
 10
1235.0
 20
220.0
 30
0.0
 11
1235.0
 21
200.0
 31
0.0
  0
HATCH
  5
3C8
330
17
100
AcDbEntity
  8
TABLE_FILL
 62
7
100
AcDbHatch
 10
0.0
 20
0.0
 30
0.0
210
0.0
220
0.0
230
1.0
  2
SOLID
 70
1
 71
0
 91
1
 92
3
 72
0
 73
1
 93
4
 10
1105.0
 20
224.0
 10
1127.0
 20
224.0
 10
1127.0
 20
244.0
 10
1105.0
 20
244.0
 97
0
 75
0
 76
1
 98
0
  0
LINE
  5
3C9
330
17
100
AcDbEntity
  8
GRAPH
100
AcDbLine
 10
1105.0
 20
224.0
 30
0.0
 11
1127.0
 21
224.0
 31
0.0
  0
LINE
  5
3CA
330
17
100
AcDbEntity
  8
GRAPH
100
AcDbLine
 10
1127.0
 20
224.0
 30
0.0
 11
1127.0
 21
244.0
 31
0.0
  0
LINE
  5
3CB
330
17
100
AcDbEntity
  8
GRAPH
100
AcDbLine
 10
1127.0
 20
244.0
 30
0.0
 11
1105.0
 21
244.0
 31
0.0
  0
LINE
  5
3CC
330
17
100
AcDbEntity
  8
GRAPH
100
AcDbLine
 10
1105.0
 20
244.0
 30
0.0
 11
1105.0
 21
224.0
 31
0.0
  0
HATCH
  5
3CD
330
17
100
AcDbEntity
  8
TABLE_FILL
 62
7
100
AcDbHatch
 10
0.0
 20
0.0
 30
0.0
210
0.0
220
0.0
230
1.0
  2
SOLID
 70
1
 71
0
 91
1
 92
3
 72
0
 73
1
 93
4
 10
1131.0
 20
224.0
 10
1153.0
 20
224.0
 10
1153.0
 20
244.0
 10
1131.0
 20
244.0
 97
0
 75
0
 76
1
 98
0
  0
LINE
  5
3CE
330
17
100
AcDbEntity
  8
GRAPH
100
AcDbLine
 10
1131.0
 20
224.0
 30
0.0
 11
1153.0
 21
224.0
 31
0.0
  0
LINE
  5
3CF
330
17
100
AcDbEntity
  8
GRAPH
100
AcDbLine
 10
1153.0
 20
224.0
 30
0.0
 11
1153.0
 21
244.0
 31
0.0
  0
LINE
  5
3D0
330
17
100
AcDbEntity
  8
GRAPH
100
AcDbLine
 10
1153.0
 20
244.0
 30
0.0
 11
1131.0
 21
244.0
 31
0.0
  0
LINE
  5
3D1
330
17
100
AcDbEntity
  8
GRAPH
100
AcDbLine
 10
1131.0
 20
244.0
 30
0.0
 11
1131.0
 21
224.0
 31
0.0
  0
HATCH
  5
3D2
330
17
100
AcDbEntity
  8
TABLE_FILL
 62
7
100
AcDbHatch
 10
0.0
 20
0.0
 30
0.0
210
0.0
220
0.0
230
1.0
  2
SOLID
 70
1
 71
0
 91
1
 92
3
 72
0
 73
1
 93
4
 10
1157.0
 20
224.0
 10
1179.0
 20
224.0
 10
1179.0
 20
244.0
 10
1157.0
 20
244.0
 97
0
 75
0
 76
1
 98
0
  0
LINE
  5
3D3
330
17
100
AcDbEntity
  8
GRAPH
100
AcDbLine
 10
1157.0
 20
224.0
 30
0.0
 11
1179.0
 21
224.0
 31
0.0
  0
LINE
  5
3D4
330
17
100
AcDbEntity
  8
GRAPH
100
AcDbLine
 10
1179.0
 20
224.0
 30
0.0
 11
1179.0
 21
244.0
 31
0.0
  0
LINE
  5
3D5
330
17
100
AcDbEntity
  8
GRAPH
100
AcDbLine
 10
1179.0
 20
244.0
 30
0.0
 11
1157.0
 21
244.0
 31
0.0
  0
LINE
  5
3D6
330
17
100
AcDbEntity
  8
GRAPH
100
AcDbLine
 10
1157.0
 20
244.0
 30
0.0
 11
1157.0
 21
224.0
 31
0.0
  0
HATCH
  5
3D7
330
17
100
AcDbEntity
  8
TABLE_FILL
 62
7
100
AcDbHatch
 10
0.0
 20
0.0
 30
0.0
210
0.0
220
0.0
230
1.0
  2
SOLID
 70
1
 71
0
 91
1
 92
3
 72
0
 73
1
 93
4
 10
1183.0
 20
224.0
 10
1205.0
 20
224.0
 10
1205.0
 20
244.0
 10
1183.0
 20
244.0
 97
0
 75
0
 76
1
 98
0
  0
LINE
  5
3D8
330
17
100
AcDbEntity
  8
GRAPH
100
AcDbLine
 10
1183.0
 20
224.0
 30
0.0
 11
1205.0
 21
224.0
 31
0.0
  0
LINE
  5
3D9
330
17
100
AcDbEntity
  8
GRAPH
100
AcDbLine
 10
1205.0
 20
224.0
 30
0.0
 11
1205.0
 21
244.0
 31
0.0
  0
LINE
  5
3DA
330
17
100
AcDbEntity
  8
GRAPH
100
AcDbLine
 10
1205.0
 20
244.0
 30
0.0
 11
1183.0
 21
244.0
 31
0.0
  0
LINE
  5
3DB
330
17
100
AcDbEntity
  8
GRAPH
100
AcDbLine
 10
1183.0
 20
244.0
 30
0.0
 11
1183.0
 21
224.0
 31
0.0
  0
HATCH
  5
3DC
330
17
100
AcDbEntity
  8
TABLE_FILL
 62
7
100
AcDbHatch
 10
0.0
 20
0.0
 30
0.0
210
0.0
220
0.0
230
1.0
  2
SOLID
 70
1
 71
0
 91
1
 92
3
 72
0
 73
1
 93
4
 10
1209.0
 20
224.0
 10
1231.0
 20
224.0
 10
1231.0
 20
244.0
 10
1209.0
 20
244.0
 97
0
 75
0
 76
1
 98
0
  0
LINE
  5
3DD
330
17
100
AcDbEntity
  8
GRAPH
100
AcDbLine
 10
1209.0
 20
224.0
 30
0.0
 11
1231.0
 21
224.0
 31
0.0
  0
LINE
  5
3DE
330
17
100
AcDbEntity
  8
GRAPH
100
AcDbLine
 10
1231.0
 20
224.0
 30
0.0
 11
1231.0
 21
244.0
 31
0.0
  0
LINE
  5
3DF
330
17
100
AcDbEntity
  8
GRAPH
100
AcDbLine
 10
1231.0
 20
244.0
 30
0.0
 11
1209.0
 21
244.0
 31
0.0
  0
LINE
  5
3E0
330
17
100
AcDbEntity
  8
GRAPH
100
AcDbLine
 10
1209.0
 20
244.0
 30
0.0
 11
1209.0
 21
224.0
 31
0.0
  0
HATCH
  5
3E1
330
17
100
AcDbEntity
  8
TABLE_FILL
 62
7
100
AcDbHatch
 10
0.0
 20
0.0
 30
0.0
210
0.0
220
0.0
230
1.0
  2
SOLID
 70
1
 71
0
 91
1
 92
3
 72
0
 73
1
 93
4
 10
1235.0
 20
224.0
 10
1257.0
 20
224.0
 10
1257.0
 20
244.0
 10
1235.0
 20
244.0
 97
0
 75
0
 76
1
 98
0
  0
LINE
  5
3E2
330
17
100
AcDbEntity
  8
GRAPH
100
AcDbLine
 10
1235.0
 20
224.0
 30
0.0
 11
1257.0
 21
224.0
 31
0.0
  0
LINE
  5
3E3
330
17
100
AcDbEntity
  8
GRAPH
100
AcDbLine
 10
1257.0
 20
224.0
 30
0.0
 11
1257.0
 21
244.0
 31
0.0
  0
LINE
  5
3E4
330
17
100
AcDbEntity
  8
GRAPH
100
AcDbLine
 10
1257.0
 20
244.0
 30
0.0
 11
1235.0
 21
244.0
 31
0.0
  0
LINE
  5
3E5
330
17
100
AcDbEntity
  8
GRAPH
100
AcDbLine
 10
1235.0
 20
244.0
 30
0.0
 11
1235.0
 21
224.0
 31
0.0
  0
LWPOLYLINE
  5
3E6
330
17
100
AcDbEntity
  8
GRAPH
100
AcDbPolyline
 90
4
 70
1
 10
1285.0
 20
5.0
 10
1695.0
 20
5.0
 10
1695.0
 20
292.0
 10
1285.0
 20
292.0
  0
LINE
  5
3E7
330
17
100
AcDbEntity
  8
GRAPH
100
AcDbLine
 10
1290.0
 20
10.0
 30
0.0
 11
1690.0
 21
10.0
 31
0.0
  0
LINE
  5
3E8
330
17
100
AcDbEntity
  8
GRAPH
100
AcDbLine
 10
1690.0
 20
10.0
 30
0.0
 11
1690.0
 21
287.0
 31
0.0
  0
LINE
  5
3E9
330
17
100
AcDbEntity
  8
GRAPH
100
AcDbLine
 10
1690.0
 20
287.0
 30
0.0
 11
1290.0
 21
287.0
 31
0.0
  0
LINE
  5
3EA
330
17
100
AcDbEntity
  8
GRAPH
100
AcDbLine
 10
1290.0
 20
287.0
 30
0.0
 11
1290.0
 21
10.0
 31
0.0
  0
TEXT
  5
3EB
330
17
100
AcDbEntity
  8
TEXT
100
AcDbText
 10
1296.0
 20
268.0
 30
0.0
 40
4.0
  1
ГЕНПЛАН. Детализация участка
 11
1296.0
 21
268.0
 31
0.0
100
AcDbText
  0
LINE
  5
3EC
330
17
100
AcDbEntity
  8
GRAPH
100
AcDbLine
 10
1300.0
 20
40.0
 30
0.0
 11
1324.0
 21
40.0
 31
0.0
  0
LINE
  5
3ED
330
17
100
AcDbEntity
  8
GRAPH
100
AcDbLine
 10
1324.0
 20
40.0
 30
0.0
 11
1324.0
 21
56.0
 31
0.0
  0
LINE
  5
3EE
330
17
100
AcDbEntity
  8
GRAPH
100
AcDbLine
 10
1324.0
 20
56.0
 30
0.0
 11
1300.0
 21
56.0
 31
0.0
  0
LINE
  5
3EF
330
17
100
AcDbEntity
  8
GRAPH
100
AcDbLine
 10
1300.0
 20
56.0
 30
0.0
 11
1300.0
 21
40.0
 31
0.0
  0
TEXT
  5
3F0
330
17
100
AcDbEntity
  8
TEXT
100
AcDbText
 10
1301.0
 20
46.0
 30
0.0
 40
1.35
  1
уч.101
 11
1301.0
 21
46.0
 31
0.0
100
AcDbText
  0
LINE
  5
3F1
330
17
100
AcDbEntity
  8
GRAPH
100
AcDbLine
 10
1327.0
 20
40.0
 30
0.0
 11
1351.0
 21
40.0
 31
0.0
  0
LINE
  5
3F2
330
17
100
AcDbEntity
  8
GRAPH
100
AcDbLine
 10
1351.0
 20
40.0
 30
0.0
 11
1351.0
 21
56.0
 31
0.0
  0
LINE
  5
3F3
330
17
100
AcDbEntity
  8
GRAPH
100
AcDbLine
 10
1351.0
 20
56.0
 30
0.0
 11
1327.0
 21
56.0
 31
0.0
  0
LINE
  5
3F4
330
17
100
AcDbEntity
  8
GRAPH
100
AcDbLine
 10
1327.0
 20
56.0
 30
0.0
 11
1327.0
 21
40.0
 31
0.0
  0
TEXT
  5
3F5
330
17
100
AcDbEntity
  8
TEXT
100
AcDbText
 10
1328.0
 20
46.0
 30
0.0
 40
1.35
  1
уч.102
 11
1328.0
 21
46.0
 31
0.0
100
AcDbText
  0
LINE
  5
3F6
330
17
100
AcDbEntity
  8
GRAPH
100
AcDbLine
 10
1354.0
 20
40.0
 30
0.0
 11
1378.0
 21
40.0
 31
0.0
  0
LINE
  5
3F7
330
17
100
AcDbEntity
  8
GRAPH
100
AcDbLine
 10
1378.0
 20
40.0
 30
0.0
 11
1378.0
 21
56.0
 31
0.0
  0
LINE
  5
3F8
330
17
100
AcDbEntity
  8
GRAPH
100
AcDbLine
 10
1378.0
 20
56.0
 30
0.0
 11
1354.0
 21
56.0
 31
0.0
  0
LINE
  5
3F9
330
17
100
AcDbEntity
  8
GRAPH
100
AcDbLine
 10
1354.0
 20
56.0
 30
0.0
 11
1354.0
 21
40.0
 31
0.0
  0
TEXT
  5
3FA
330
17
100
AcDbEntity
  8
TEXT
100
AcDbText
 10
1355.0
 20
46.0
 30
0.0
 40
1.35
  1
уч.103
 11
1355.0
 21
46.0
 31
0.0
100
AcDbText
  0
LINE
  5
3FB
330
17
100
AcDbEntity
  8
GRAPH
100
AcDbLine
 10
1381.0
 20
40.0
 30
0.0
 11
1405.0
 21
40.0
 31
0.0
  0
LINE
  5
3FC
330
17
100
AcDbEntity
  8
GRAPH
100
AcDbLine
 10
1405.0
 20
40.0
 30
0.0
 11
1405.0
 21
56.0
 31
0.0
  0
LINE
  5
3FD
330
17
100
AcDbEntity
  8
GRAPH
100
AcDbLine
 10
1405.0
 20
56.0
 30
0.0
 11
1381.0
 21
56.0
 31
0.0
  0
LINE
  5
3FE
330
17
100
AcDbEntity
  8
GRAPH
100
AcDbLine
 10
1381.0
 20
56.0
 30
0.0
 11
1381.0
 21
40.0
 31
0.0
  0
TEXT
  5
3FF
330
17
100
AcDbEntity
  8
TEXT
100
AcDbText
 10
1382.0
 20
46.0
 30
0.0
 40
1.35
  1
уч.104
 11
1382.0
 21
46.0
 31
0.0
100
AcDbText
  0
LINE
  5
400
330
17
100
AcDbEntity
  8
GRAPH
100
AcDbLine
 10
1408.0
 20
40.0
 30
0.0
 11
1432.0
 21
40.0
 31
0.0
  0
LINE
  5
401
330
17
100
AcDbEntity
  8
GRAPH
100
AcDbLine
 10
1432.0
 20
40.0
 30
0.0
 11
1432.0
 21
56.0
 31
0.0
  0
LINE
  5
402
330
17
100
AcDbEntity
  8
GRAPH
100
AcDbLine
 10
1432.0
 20
56.0
 30
0.0
 11
1408.0
 21
56.0
 31
0.0
  0
LINE
  5
403
330
17
100
AcDbEntity
  8
GRAPH
100
AcDbLine
 10
1408.0
 20
56.0
 30
0.0
 11
1408.0
 21
40.0
 31
0.0
  0
TEXT
  5
404
330
17
100
AcDbEntity
  8
TEXT
100
AcDbText
 10
1409.0
 20
46.0
 30
0.0
 40
1.35
  1
уч.105
 11
1409.0
 21
46.0
 31
0.0
100
AcDbText
  0
LINE
  5
405
330
17
100
AcDbEntity
  8
GRAPH
100
AcDbLine
 10
1435.0
 20
40.0
 30
0.0
 11
1459.0
 21
40.0
 31
0.0
  0
LINE
  5
406
330
17
100
AcDbEntity
  8
GRAPH
100
AcDbLine
 10
1459.0
 20
40.0
 30
0.0
 11
1459.0
 21
56.0
 31
0.0
  0
LINE
  5
407
330
17
100
AcDbEntity
  8
GRAPH
100
AcDbLine
 10
1459.0
 20
56.0
 30
0.0
 11
1435.0
 21
56.0
 31
0.0
  0
LINE
  5
408
330
17
100
AcDbEntity
  8
GRAPH
100
AcDbLine
 10
1435.0
 20
56.0
 30
0.0
 11
1435.0
 21
40.0
 31
0.0
  0
TEXT
  5
409
330
17
100
AcDbEntity
  8
TEXT
100
AcDbText
 10
1436.0
 20
46.0
 30
0.0
 40
1.35
  1
уч.106
 11
1436.0
 21
46.0
 31
0.0
100
AcDbText
  0
LINE
  5
40A
330
17
100
AcDbEntity
  8
GRAPH
100
AcDbLine
 10
1462.0
 20
40.0
 30
0.0
 11
1486.0
 21
40.0
 31
0.0
  0
LINE
  5
40B
330
17
100
AcDbEntity
  8
GRAPH
100
AcDbLine
 10
1486.0
 20
40.0
 30
0.0
 11
1486.0
 21
56.0
 31
0.0
  0
LINE
  5
40C
330
17
100
AcDbEntity
  8
GRAPH
100
AcDbLine
 10
1486.0
 20
56.0
 30
0.0
 11
1462.0
 21
56.0
 31
0.0
  0
LINE
  5
40D
330
17
100
AcDbEntity
  8
GRAPH
100
AcDbLine
 10
1462.0
 20
56.0
 30
0.0
 11
1462.0
 21
40.0
 31
0.0
  0
TEXT
  5
40E
330
17
100
AcDbEntity
  8
TEXT
100
AcDbText
 10
1463.0
 20
46.0
 30
0.0
 40
1.35
  1
уч.107
 11
1463.0
 21
46.0
 31
0.0
100
AcDbText
  0
LINE
  5
40F
330
17
100
AcDbEntity
  8
GRAPH
100
AcDbLine
 10
1489.0
 20
40.0
 30
0.0
 11
1513.0
 21
40.0
 31
0.0
  0
LINE
  5
410
330
17
100
AcDbEntity
  8
GRAPH
100
AcDbLine
 10
1513.0
 20
40.0
 30
0.0
 11
1513.0
 21
56.0
 31
0.0
  0
LINE
  5
411
330
17
100
AcDbEntity
  8
GRAPH
100
AcDbLine
 10
1513.0
 20
56.0
 30
0.0
 11
1489.0
 21
56.0
 31
0.0
  0
LINE
  5
412
330
17
100
AcDbEntity
  8
GRAPH
100
AcDbLine
 10
1489.0
 20
56.0
 30
0.0
 11
1489.0
 21
40.0
 31
0.0
  0
TEXT
  5
413
330
17
100
AcDbEntity
  8
TEXT
100
AcDbText
 10
1490.0
 20
46.0
 30
0.0
 40
1.35
  1
уч.108
 11
1490.0
 21
46.0
 31
0.0
100
AcDbText
  0
LINE
  5
414
330
17
100
AcDbEntity
  8
GRAPH
100
AcDbLine
 10
1516.0
 20
40.0
 30
0.0
 11
1540.0
 21
40.0
 31
0.0
  0
LINE
  5
415
330
17
100
AcDbEntity
  8
GRAPH
100
AcDbLine
 10
1540.0
 20
40.0
 30
0.0
 11
1540.0
 21
56.0
 31
0.0
  0
LINE
  5
416
330
17
100
AcDbEntity
  8
GRAPH
100
AcDbLine
 10
1540.0
 20
56.0
 30
0.0
 11
1516.0
 21
56.0
 31
0.0
  0
LINE
  5
417
330
17
100
AcDbEntity
  8
GRAPH
100
AcDbLine
 10
1516.0
 20
56.0
 30
0.0
 11
1516.0
 21
40.0
 31
0.0
  0
TEXT
  5
418
330
17
100
AcDbEntity
  8
TEXT
100
AcDbText
 10
1517.0
 20
46.0
 30
0.0
 40
1.35
  1
уч.109
 11
1517.0
 21
46.0
 31
0.0
100
AcDbText
  0
LINE
  5
419
330
17
100
AcDbEntity
  8
GRAPH
100
AcDbLine
 10
1543.0
 20
40.0
 30
0.0
 11
1567.0
 21
40.0
 31
0.0
  0
LINE
  5
41A
330
17
100
AcDbEntity
  8
GRAPH
100
AcDbLine
 10
1567.0
 20
40.0
 30
0.0
 11
1567.0
 21
56.0
 31
0.0
  0
LINE
  5
41B
330
17
100
AcDbEntity
  8
GRAPH
100
AcDbLine
 10
1567.0
 20
56.0
 30
0.0
 11
1543.0
 21
56.0
 31
0.0
  0
LINE
  5
41C
330
17
100
AcDbEntity
  8
GRAPH
100
AcDbLine
 10
1543.0
 20
56.0
 30
0.0
 11
1543.0
 21
40.0
 31
0.0
  0
TEXT
  5
41D
330
17
100
AcDbEntity
  8
TEXT
100
AcDbText
 10
1544.0
 20
46.0
 30
0.0
 40
1.35
  1
уч.110
 11
1544.0
 21
46.0
 31
0.0
100
AcDbText
  0
LINE
  5
41E
330
17
100
AcDbEntity
  8
GRAPH
100
AcDbLine
 10
1570.0
 20
40.0
 30
0.0
 11
1594.0
 21
40.0
 31
0.0
  0
LINE
  5
41F
330
17
100
AcDbEntity
  8
GRAPH
100
AcDbLine
 10
1594.0
 20
40.0
 30
0.0
 11
1594.0
 21
56.0
 31
0.0
  0
LINE
  5
420
330
17
100
AcDbEntity
  8
GRAPH
100
AcDbLine
 10
1594.0
 20
56.0
 30
0.0
 11
1570.0
 21
56.0
 31
0.0
  0
LINE
  5
421
330
17
100
AcDbEntity
  8
GRAPH
100
AcDbLine
 10
1570.0
 20
56.0
 30
0.0
 11
1570.0
 21
40.0
 31
0.0
  0
TEXT
  5
422
330
17
100
AcDbEntity
  8
TEXT
100
AcDbText
 10
1571.0
 20
46.0
 30
0.0
 40
1.35
  1
уч.111
 11
1571.0
 21
46.0
 31
0.0
100
AcDbText
  0
LINE
  5
423
330
17
100
AcDbEntity
  8
GRAPH
100
AcDbLine
 10
1597.0
 20
40.0
 30
0.0
 11
1621.0
 21
40.0
 31
0.0
  0
LINE
  5
424
330
17
100
AcDbEntity
  8
GRAPH
100
AcDbLine
 10
1621.0
 20
40.0
 30
0.0
 11
1621.0
 21
56.0
 31
0.0
  0
LINE
  5
425
330
17
100
AcDbEntity
  8
GRAPH
100
AcDbLine
 10
1621.0
 20
56.0
 30
0.0
 11
1597.0
 21
56.0
 31
0.0
  0
LINE
  5
426
330
17
100
AcDbEntity
  8
GRAPH
100
AcDbLine
 10
1597.0
 20
56.0
 30
0.0
 11
1597.0
 21
40.0
 31
0.0
  0
TEXT
  5
427
330
17
100
AcDbEntity
  8
TEXT
100
AcDbText
 10
1598.0
 20
46.0
 30
0.0
 40
1.35
  1
уч.112
 11
1598.0
 21
46.0
 31
0.0
100
AcDbText
  0
LINE
  5
428
330
17
100
AcDbEntity
  8
GRAPH
100
AcDbLine
 10
1624.0
 20
40.0
 30
0.0
 11
1648.0
 21
40.0
 31
0.0
  0
LINE
  5
429
330
17
100
AcDbEntity
  8
GRAPH
100
AcDbLine
 10
1648.0
 20
40.0
 30
0.0
 11
1648.0
 21
56.0
 31
0.0
  0
LINE
  5
42A
330
17
100
AcDbEntity
  8
GRAPH
100
AcDbLine
 10
1648.0
 20
56.0
 30
0.0
 11
1624.0
 21
56.0
 31
0.0
  0
LINE
  5
42B
330
17
100
AcDbEntity
  8
GRAPH
100
AcDbLine
 10
1624.0
 20
56.0
 30
0.0
 11
1624.0
 21
40.0
 31
0.0
  0
TEXT
  5
42C
330
17
100
AcDbEntity
  8
TEXT
100
AcDbText
 10
1625.0
 20
46.0
 30
0.0
 40
1.35
  1
уч.113
 11
1625.0
 21
46.0
 31
0.0
100
AcDbText
  0
LINE
  5
42D
330
17
100
AcDbEntity
  8
GRAPH
100
AcDbLine
 10
1651.0
 20
40.0
 30
0.0
 11
1675.0
 21
40.0
 31
0.0
  0
LINE
  5
42E
330
17
100
AcDbEntity
  8
GRAPH
100
AcDbLine
 10
1675.0
 20
40.0
 30
0.0
 11
1675.0
 21
56.0
 31
0.0
  0
LINE
  5
42F
330
17
100
AcDbEntity
  8
GRAPH
100
AcDbLine
 10
1675.0
 20
56.0
 30
0.0
 11
1651.0
 21
56.0
 31
0.0
  0
LINE
  5
430
330
17
100
AcDbEntity
  8
GRAPH
100
AcDbLine
 10
1651.0
 20
56.0
 30
0.0
 11
1651.0
 21
40.0
 31
0.0
  0
TEXT
  5
431
330
17
100
AcDbEntity
  8
TEXT
100
AcDbText
 10
1652.0
 20
46.0
 30
0.0
 40
1.35
  1
уч.114
 11
1652.0
 21
46.0
 31
0.0
100
AcDbText
  0
LINE
  5
432
330
17
100
AcDbEntity
  8
GRAPH
100
AcDbLine
 10
1300.0
 20
58.0
 30
0.0
 11
1324.0
 21
58.0
 31
0.0
  0
LINE
  5
433
330
17
100
AcDbEntity
  8
GRAPH
100
AcDbLine
 10
1324.0
 20
58.0
 30
0.0
 11
1324.0
 21
74.0
 31
0.0
  0
LINE
  5
434
330
17
100
AcDbEntity
  8
GRAPH
100
AcDbLine
 10
1324.0
 20
74.0
 30
0.0
 11
1300.0
 21
74.0
 31
0.0
  0
LINE
  5
435
330
17
100
AcDbEntity
  8
GRAPH
100
AcDbLine
 10
1300.0
 20
74.0
 30
0.0
 11
1300.0
 21
58.0
 31
0.0
  0
TEXT
  5
436
330
17
100
AcDbEntity
  8
TEXT
100
AcDbText
 10
1301.0
 20
64.0
 30
0.0
 40
1.35
  1
уч.201
 11
1301.0
 21
64.0
 31
0.0
100
AcDbText
  0
LINE
  5
437
330
17
100
AcDbEntity
  8
GRAPH
100
AcDbLine
 10
1327.0
 20
58.0
 30
0.0
 11
1351.0
 21
58.0
 31
0.0
  0
LINE
  5
438
330
17
100
AcDbEntity
  8
GRAPH
100
AcDbLine
 10
1351.0
 20
58.0
 30
0.0
 11
1351.0
 21
74.0
 31
0.0
  0
LINE
  5
439
330
17
100
AcDbEntity
  8
GRAPH
100
AcDbLine
 10
1351.0
 20
74.0
 30
0.0
 11
1327.0
 21
74.0
 31
0.0
  0
LINE
  5
43A
330
17
100
AcDbEntity
  8
GRAPH
100
AcDbLine
 10
1327.0
 20
74.0
 30
0.0
 11
1327.0
 21
58.0
 31
0.0
  0
TEXT
  5
43B
330
17
100
AcDbEntity
  8
TEXT
100
AcDbText
 10
1328.0
 20
64.0
 30
0.0
 40
1.35
  1
уч.202
 11
1328.0
 21
64.0
 31
0.0
100
AcDbText
  0
LINE
  5
43C
330
17
100
AcDbEntity
  8
GRAPH
100
AcDbLine
 10
1354.0
 20
58.0
 30
0.0
 11
1378.0
 21
58.0
 31
0.0
  0
LINE
  5
43D
330
17
100
AcDbEntity
  8
GRAPH
100
AcDbLine
 10
1378.0
 20
58.0
 30
0.0
 11
1378.0
 21
74.0
 31
0.0
  0
LINE
  5
43E
330
17
100
AcDbEntity
  8
GRAPH
100
AcDbLine
 10
1378.0
 20
74.0
 30
0.0
 11
1354.0
 21
74.0
 31
0.0
  0
LINE
  5
43F
330
17
100
AcDbEntity
  8
GRAPH
100
AcDbLine
 10
1354.0
 20
74.0
 30
0.0
 11
1354.0
 21
58.0
 31
0.0
  0
TEXT
  5
440
330
17
100
AcDbEntity
  8
TEXT
100
AcDbText
 10
1355.0
 20
64.0
 30
0.0
 40
1.35
  1
уч.203
 11
1355.0
 21
64.0
 31
0.0
100
AcDbText
  0
LINE
  5
441
330
17
100
AcDbEntity
  8
GRAPH
100
AcDbLine
 10
1381.0
 20
58.0
 30
0.0
 11
1405.0
 21
58.0
 31
0.0
  0
LINE
  5
442
330
17
100
AcDbEntity
  8
GRAPH
100
AcDbLine
 10
1405.0
 20
58.0
 30
0.0
 11
1405.0
 21
74.0
 31
0.0
  0
LINE
  5
443
330
17
100
AcDbEntity
  8
GRAPH
100
AcDbLine
 10
1405.0
 20
74.0
 30
0.0
 11
1381.0
 21
74.0
 31
0.0
  0
LINE
  5
444
330
17
100
AcDbEntity
  8
GRAPH
100
AcDbLine
 10
1381.0
 20
74.0
 30
0.0
 11
1381.0
 21
58.0
 31
0.0
  0
TEXT
  5
445
330
17
100
AcDbEntity
  8
TEXT
100
AcDbText
 10
1382.0
 20
64.0
 30
0.0
 40
1.35
  1
уч.204
 11
1382.0
 21
64.0
 31
0.0
100
AcDbText
  0
LINE
  5
446
330
17
100
AcDbEntity
  8
GRAPH
100
AcDbLine
 10
1408.0
 20
58.0
 30
0.0
 11
1432.0
 21
58.0
 31
0.0
  0
LINE
  5
447
330
17
100
AcDbEntity
  8
GRAPH
100
AcDbLine
 10
1432.0
 20
58.0
 30
0.0
 11
1432.0
 21
74.0
 31
0.0
  0
LINE
  5
448
330
17
100
AcDbEntity
  8
GRAPH
100
AcDbLine
 10
1432.0
 20
74.0
 30
0.0
 11
1408.0
 21
74.0
 31
0.0
  0
LINE
  5
449
330
17
100
AcDbEntity
  8
GRAPH
100
AcDbLine
 10
1408.0
 20
74.0
 30
0.0
 11
1408.0
 21
58.0
 31
0.0
  0
TEXT
  5
44A
330
17
100
AcDbEntity
  8
TEXT
100
AcDbText
 10
1409.0
 20
64.0
 30
0.0
 40
1.35
  1
уч.205
 11
1409.0
 21
64.0
 31
0.0
100
AcDbText
  0
LINE
  5
44B
330
17
100
AcDbEntity
  8
GRAPH
100
AcDbLine
 10
1435.0
 20
58.0
 30
0.0
 11
1459.0
 21
58.0
 31
0.0
  0
LINE
  5
44C
330
17
100
AcDbEntity
  8
GRAPH
100
AcDbLine
 10
1459.0
 20
58.0
 30
0.0
 11
1459.0
 21
74.0
 31
0.0
  0
LINE
  5
44D
330
17
100
AcDbEntity
  8
GRAPH
100
AcDbLine
 10
1459.0
 20
74.0
 30
0.0
 11
1435.0
 21
74.0
 31
0.0
  0
LINE
  5
44E
330
17
100
AcDbEntity
  8
GRAPH
100
AcDbLine
 10
1435.0
 20
74.0
 30
0.0
 11
1435.0
 21
58.0
 31
0.0
  0
TEXT
  5
44F
330
17
100
AcDbEntity
  8
TEXT
100
AcDbText
 10
1436.0
 20
64.0
 30
0.0
 40
1.35
  1
уч.206
 11
1436.0
 21
64.0
 31
0.0
100
AcDbText
  0
LINE
  5
450
330
17
100
AcDbEntity
  8
GRAPH
100
AcDbLine
 10
1462.0
 20
58.0
 30
0.0
 11
1486.0
 21
58.0
 31
0.0
  0
LINE
  5
451
330
17
100
AcDbEntity
  8
GRAPH
100
AcDbLine
 10
1486.0
 20
58.0
 30
0.0
 11
1486.0
 21
74.0
 31
0.0
  0
LINE
  5
452
330
17
100
AcDbEntity
  8
GRAPH
100
AcDbLine
 10
1486.0
 20
74.0
 30
0.0
 11
1462.0
 21
74.0
 31
0.0
  0
LINE
  5
453
330
17
100
AcDbEntity
  8
GRAPH
100
AcDbLine
 10
1462.0
 20
74.0
 30
0.0
 11
1462.0
 21
58.0
 31
0.0
  0
TEXT
  5
454
330
17
100
AcDbEntity
  8
TEXT
100
AcDbText
 10
1463.0
 20
64.0
 30
0.0
 40
1.35
  1
уч.207
 11
1463.0
 21
64.0
 31
0.0
100
AcDbText
  0
LINE
  5
455
330
17
100
AcDbEntity
  8
GRAPH
100
AcDbLine
 10
1489.0
 20
58.0
 30
0.0
 11
1513.0
 21
58.0
 31
0.0
  0
LINE
  5
456
330
17
100
AcDbEntity
  8
GRAPH
100
AcDbLine
 10
1513.0
 20
58.0
 30
0.0
 11
1513.0
 21
74.0
 31
0.0
  0
LINE
  5
457
330
17
100
AcDbEntity
  8
GRAPH
100
AcDbLine
 10
1513.0
 20
74.0
 30
0.0
 11
1489.0
 21
74.0
 31
0.0
  0
LINE
  5
458
330
17
100
AcDbEntity
  8
GRAPH
100
AcDbLine
 10
1489.0
 20
74.0
 30
0.0
 11
1489.0
 21
58.0
 31
0.0
  0
TEXT
  5
459
330
17
100
AcDbEntity
  8
TEXT
100
AcDbText
 10
1490.0
 20
64.0
 30
0.0
 40
1.35
  1
уч.208
 11
1490.0
 21
64.0
 31
0.0
100
AcDbText
  0
LINE
  5
45A
330
17
100
AcDbEntity
  8
GRAPH
100
AcDbLine
 10
1516.0
 20
58.0
 30
0.0
 11
1540.0
 21
58.0
 31
0.0
  0
LINE
  5
45B
330
17
100
AcDbEntity
  8
GRAPH
100
AcDbLine
 10
1540.0
 20
58.0
 30
0.0
 11
1540.0
 21
74.0
 31
0.0
  0
LINE
  5
45C
330
17
100
AcDbEntity
  8
GRAPH
100
AcDbLine
 10
1540.0
 20
74.0
 30
0.0
 11
1516.0
 21
74.0
 31
0.0
  0
LINE
  5
45D
330
17
100
AcDbEntity
  8
GRAPH
100
AcDbLine
 10
1516.0
 20
74.0
 30
0.0
 11
1516.0
 21
58.0
 31
0.0
  0
TEXT
  5
45E
330
17
100
AcDbEntity
  8
TEXT
100
AcDbText
 10
1517.0
 20
64.0
 30
0.0
 40
1.35
  1
уч.209
 11
1517.0
 21
64.0
 31
0.0
100
AcDbText
  0
LINE
  5
45F
330
17
100
AcDbEntity
  8
GRAPH
100
AcDbLine
 10
1543.0
 20
58.0
 30
0.0
 11
1567.0
 21
58.0
 31
0.0
  0
LINE
  5
460
330
17
100
AcDbEntity
  8
GRAPH
100
AcDbLine
 10
1567.0
 20
58.0
 30
0.0
 11
1567.0
 21
74.0
 31
0.0
  0
LINE
  5
461
330
17
100
AcDbEntity
  8
GRAPH
100
AcDbLine
 10
1567.0
 20
74.0
 30
0.0
 11
1543.0
 21
74.0
 31
0.0
  0
LINE
  5
462
330
17
100
AcDbEntity
  8
GRAPH
100
AcDbLine
 10
1543.0
 20
74.0
 30
0.0
 11
1543.0
 21
58.0
 31
0.0
  0
TEXT
  5
463
330
17
100
AcDbEntity
  8
TEXT
100
AcDbText
 10
1544.0
 20
64.0
 30
0.0
 40
1.35
  1
уч.210
 11
1544.0
 21
64.0
 31
0.0
100
AcDbText
  0
LINE
  5
464
330
17
100
AcDbEntity
  8
GRAPH
100
AcDbLine
 10
1570.0
 20
58.0
 30
0.0
 11
1594.0
 21
58.0
 31
0.0
  0
LINE
  5
465
330
17
100
AcDbEntity
  8
GRAPH
100
AcDbLine
 10
1594.0
 20
58.0
 30
0.0
 11
1594.0
 21
74.0
 31
0.0
  0
LINE
  5
466
330
17
100
AcDbEntity
  8
GRAPH
100
AcDbLine
 10
1594.0
 20
74.0
 30
0.0
 11
1570.0
 21
74.0
 31
0.0
  0
LINE
  5
467
330
17
100
AcDbEntity
  8
GRAPH
100
AcDbLine
 10
1570.0
 20
74.0
 30
0.0
 11
1570.0
 21
58.0
 31
0.0
  0
TEXT
  5
468
330
17
100
AcDbEntity
  8
TEXT
100
AcDbText
 10
1571.0
 20
64.0
 30
0.0
 40
1.35
  1
уч.211
 11
1571.0
 21
64.0
 31
0.0
100
AcDbText
  0
LINE
  5
469
330
17
100
AcDbEntity
  8
GRAPH
100
AcDbLine
 10
1597.0
 20
58.0
 30
0.0
 11
1621.0
 21
58.0
 31
0.0
  0
LINE
  5
46A
330
17
100
AcDbEntity
  8
GRAPH
100
AcDbLine
 10
1621.0
 20
58.0
 30
0.0
 11
1621.0
 21
74.0
 31
0.0
  0
LINE
  5
46B
330
17
100
AcDbEntity
  8
GRAPH
100
AcDbLine
 10
1621.0
 20
74.0
 30
0.0
 11
1597.0
 21
74.0
 31
0.0
  0
LINE
  5
46C
330
17
100
AcDbEntity
  8
GRAPH
100
AcDbLine
 10
1597.0
 20
74.0
 30
0.0
 11
1597.0
 21
58.0
 31
0.0
  0
TEXT
  5
46D
330
17
100
AcDbEntity
  8
TEXT
100
AcDbText
 10
1598.0
 20
64.0
 30
0.0
 40
1.35
  1
уч.212
 11
1598.0
 21
64.0
 31
0.0
100
AcDbText
  0
LINE
  5
46E
330
17
100
AcDbEntity
  8
GRAPH
100
AcDbLine
 10
1624.0
 20
58.0
 30
0.0
 11
1648.0
 21
58.0
 31
0.0
  0
LINE
  5
46F
330
17
100
AcDbEntity
  8
GRAPH
100
AcDbLine
 10
1648.0
 20
58.0
 30
0.0
 11
1648.0
 21
74.0
 31
0.0
  0
LINE
  5
470
330
17
100
AcDbEntity
  8
GRAPH
100
AcDbLine
 10
1648.0
 20
74.0
 30
0.0
 11
1624.0
 21
74.0
 31
0.0
  0
LINE
  5
471
330
17
100
AcDbEntity
  8
GRAPH
100
AcDbLine
 10
1624.0
 20
74.0
 30
0.0
 11
1624.0
 21
58.0
 31
0.0
  0
TEXT
  5
472
330
17
100
AcDbEntity
  8
TEXT
100
AcDbText
 10
1625.0
 20
64.0
 30
0.0
 40
1.35
  1
уч.213
 11
1625.0
 21
64.0
 31
0.0
100
AcDbText
  0
LINE
  5
473
330
17
100
AcDbEntity
  8
GRAPH
100
AcDbLine
 10
1651.0
 20
58.0
 30
0.0
 11
1675.0
 21
58.0
 31
0.0
  0
LINE
  5
474
330
17
100
AcDbEntity
  8
GRAPH
100
AcDbLine
 10
1675.0
 20
58.0
 30
0.0
 11
1675.0
 21
74.0
 31
0.0
  0
LINE
  5
475
330
17
100
AcDbEntity
  8
GRAPH
100
AcDbLine
 10
1675.0
 20
74.0
 30
0.0
 11
1651.0
 21
74.0
 31
0.0
  0
LINE
  5
476
330
17
100
AcDbEntity
  8
GRAPH
100
AcDbLine
 10
1651.0
 20
74.0
 30
0.0
 11
1651.0
 21
58.0
 31
0.0
  0
TEXT
  5
477
330
17
100
AcDbEntity
  8
TEXT
100
AcDbText
 10
1652.0
 20
64.0
 30
0.0
 40
1.35
  1
уч.214
 11
1652.0
 21
64.0
 31
0.0
100
AcDbText
  0
LINE
  5
478
330
17
100
AcDbEntity
  8
GRAPH
100
AcDbLine
 10
1300.0
 20
76.0
 30
0.0
 11
1324.0
 21
76.0
 31
0.0
  0
LINE
  5
479
330
17
100
AcDbEntity
  8
GRAPH
100
AcDbLine
 10
1324.0
 20
76.0
 30
0.0
 11
1324.0
 21
92.0
 31
0.0
  0
LINE
  5
47A
330
17
100
AcDbEntity
  8
GRAPH
100
AcDbLine
 10
1324.0
 20
92.0
 30
0.0
 11
1300.0
 21
92.0
 31
0.0
  0
LINE
  5
47B
330
17
100
AcDbEntity
  8
GRAPH
100
AcDbLine
 10
1300.0
 20
92.0
 30
0.0
 11
1300.0
 21
76.0
 31
0.0
  0
TEXT
  5
47C
330
17
100
AcDbEntity
  8
TEXT
100
AcDbText
 10
1301.0
 20
82.0
 30
0.0
 40
1.35
  1
уч.301
 11
1301.0
 21
82.0
 31
0.0
100
AcDbText
  0
LINE
  5
47D
330
17
100
AcDbEntity
  8
GRAPH
100
AcDbLine
 10
1327.0
 20
76.0
 30
0.0
 11
1351.0
 21
76.0
 31
0.0
  0
LINE
  5
47E
330
17
100
AcDbEntity
  8
GRAPH
100
AcDbLine
 10
1351.0
 20
76.0
 30
0.0
 11
1351.0
 21
92.0
 31
0.0
  0
LINE
  5
47F
330
17
100
AcDbEntity
  8
GRAPH
100
AcDbLine
 10
1351.0
 20
92.0
 30
0.0
 11
1327.0
 21
92.0
 31
0.0
  0
LINE
  5
480
330
17
100
AcDbEntity
  8
GRAPH
100
AcDbLine
 10
1327.0
 20
92.0
 30
0.0
 11
1327.0
 21
76.0
 31
0.0
  0
TEXT
  5
481
330
17
100
AcDbEntity
  8
TEXT
100
AcDbText
 10
1328.0
 20
82.0
 30
0.0
 40
1.35
  1
уч.302
 11
1328.0
 21
82.0
 31
0.0
100
AcDbText
  0
LINE
  5
482
330
17
100
AcDbEntity
  8
GRAPH
100
AcDbLine
 10
1354.0
 20
76.0
 30
0.0
 11
1378.0
 21
76.0
 31
0.0
  0
LINE
  5
483
330
17
100
AcDbEntity
  8
GRAPH
100
AcDbLine
 10
1378.0
 20
76.0
 30
0.0
 11
1378.0
 21
92.0
 31
0.0
  0
LINE
  5
484
330
17
100
AcDbEntity
  8
GRAPH
100
AcDbLine
 10
1378.0
 20
92.0
 30
0.0
 11
1354.0
 21
92.0
 31
0.0
  0
LINE
  5
485
330
17
100
AcDbEntity
  8
GRAPH
100
AcDbLine
 10
1354.0
 20
92.0
 30
0.0
 11
1354.0
 21
76.0
 31
0.0
  0
TEXT
  5
486
330
17
100
AcDbEntity
  8
TEXT
100
AcDbText
 10
1355.0
 20
82.0
 30
0.0
 40
1.35
  1
уч.303
 11
1355.0
 21
82.0
 31
0.0
100
AcDbText
  0
LINE
  5
487
330
17
100
AcDbEntity
  8
GRAPH
100
AcDbLine
 10
1381.0
 20
76.0
 30
0.0
 11
1405.0
 21
76.0
 31
0.0
  0
LINE
  5
488
330
17
100
AcDbEntity
  8
GRAPH
100
AcDbLine
 10
1405.0
 20
76.0
 30
0.0
 11
1405.0
 21
92.0
 31
0.0
  0
LINE
  5
489
330
17
100
AcDbEntity
  8
GRAPH
100
AcDbLine
 10
1405.0
 20
92.0
 30
0.0
 11
1381.0
 21
92.0
 31
0.0
  0
LINE
  5
48A
330
17
100
AcDbEntity
  8
GRAPH
100
AcDbLine
 10
1381.0
 20
92.0
 30
0.0
 11
1381.0
 21
76.0
 31
0.0
  0
TEXT
  5
48B
330
17
100
AcDbEntity
  8
TEXT
100
AcDbText
 10
1382.0
 20
82.0
 30
0.0
 40
1.35
  1
уч.304
 11
1382.0
 21
82.0
 31
0.0
100
AcDbText
  0
LINE
  5
48C
330
17
100
AcDbEntity
  8
GRAPH
100
AcDbLine
 10
1408.0
 20
76.0
 30
0.0
 11
1432.0
 21
76.0
 31
0.0
  0
LINE
  5
48D
330
17
100
AcDbEntity
  8
GRAPH
100
AcDbLine
 10
1432.0
 20
76.0
 30
0.0
 11
1432.0
 21
92.0
 31
0.0
  0
LINE
  5
48E
330
17
100
AcDbEntity
  8
GRAPH
100
AcDbLine
 10
1432.0
 20
92.0
 30
0.0
 11
1408.0
 21
92.0
 31
0.0
  0
LINE
  5
48F
330
17
100
AcDbEntity
  8
GRAPH
100
AcDbLine
 10
1408.0
 20
92.0
 30
0.0
 11
1408.0
 21
76.0
 31
0.0
  0
TEXT
  5
490
330
17
100
AcDbEntity
  8
TEXT
100
AcDbText
 10
1409.0
 20
82.0
 30
0.0
 40
1.35
  1
уч.305
 11
1409.0
 21
82.0
 31
0.0
100
AcDbText
  0
LINE
  5
491
330
17
100
AcDbEntity
  8
GRAPH
100
AcDbLine
 10
1435.0
 20
76.0
 30
0.0
 11
1459.0
 21
76.0
 31
0.0
  0
LINE
  5
492
330
17
100
AcDbEntity
  8
GRAPH
100
AcDbLine
 10
1459.0
 20
76.0
 30
0.0
 11
1459.0
 21
92.0
 31
0.0
  0
LINE
  5
493
330
17
100
AcDbEntity
  8
GRAPH
100
AcDbLine
 10
1459.0
 20
92.0
 30
0.0
 11
1435.0
 21
92.0
 31
0.0
  0
LINE
  5
494
330
17
100
AcDbEntity
  8
GRAPH
100
AcDbLine
 10
1435.0
 20
92.0
 30
0.0
 11
1435.0
 21
76.0
 31
0.0
  0
TEXT
  5
495
330
17
100
AcDbEntity
  8
TEXT
100
AcDbText
 10
1436.0
 20
82.0
 30
0.0
 40
1.35
  1
уч.306
 11
1436.0
 21
82.0
 31
0.0
100
AcDbText
  0
LINE
  5
496
330
17
100
AcDbEntity
  8
GRAPH
100
AcDbLine
 10
1462.0
 20
76.0
 30
0.0
 11
1486.0
 21
76.0
 31
0.0
  0
LINE
  5
497
330
17
100
AcDbEntity
  8
GRAPH
100
AcDbLine
 10
1486.0
 20
76.0
 30
0.0
 11
1486.0
 21
92.0
 31
0.0
  0
LINE
  5
498
330
17
100
AcDbEntity
  8
GRAPH
100
AcDbLine
 10
1486.0
 20
92.0
 30
0.0
 11
1462.0
 21
92.0
 31
0.0
  0
LINE
  5
499
330
17
100
AcDbEntity
  8
GRAPH
100
AcDbLine
 10
1462.0
 20
92.0
 30
0.0
 11
1462.0
 21
76.0
 31
0.0
  0
TEXT
  5
49A
330
17
100
AcDbEntity
  8
TEXT
100
AcDbText
 10
1463.0
 20
82.0
 30
0.0
 40
1.35
  1
уч.307
 11
1463.0
 21
82.0
 31
0.0
100
AcDbText
  0
LINE
  5
49B
330
17
100
AcDbEntity
  8
GRAPH
100
AcDbLine
 10
1489.0
 20
76.0
 30
0.0
 11
1513.0
 21
76.0
 31
0.0
  0
LINE
  5
49C
330
17
100
AcDbEntity
  8
GRAPH
100
AcDbLine
 10
1513.0
 20
76.0
 30
0.0
 11
1513.0
 21
92.0
 31
0.0
  0
LINE
  5
49D
330
17
100
AcDbEntity
  8
GRAPH
100
AcDbLine
 10
1513.0
 20
92.0
 30
0.0
 11
1489.0
 21
92.0
 31
0.0
  0
LINE
  5
49E
330
17
100
AcDbEntity
  8
GRAPH
100
AcDbLine
 10
1489.0
 20
92.0
 30
0.0
 11
1489.0
 21
76.0
 31
0.0
  0
TEXT
  5
49F
330
17
100
AcDbEntity
  8
TEXT
100
AcDbText
 10
1490.0
 20
82.0
 30
0.0
 40
1.35
  1
уч.308
 11
1490.0
 21
82.0
 31
0.0
100
AcDbText
  0
LINE
  5
4A0
330
17
100
AcDbEntity
  8
GRAPH
100
AcDbLine
 10
1516.0
 20
76.0
 30
0.0
 11
1540.0
 21
76.0
 31
0.0
  0
LINE
  5
4A1
330
17
100
AcDbEntity
  8
GRAPH
100
AcDbLine
 10
1540.0
 20
76.0
 30
0.0
 11
1540.0
 21
92.0
 31
0.0
  0
LINE
  5
4A2
330
17
100
AcDbEntity
  8
GRAPH
100
AcDbLine
 10
1540.0
 20
92.0
 30
0.0
 11
1516.0
 21
92.0
 31
0.0
  0
LINE
  5
4A3
330
17
100
AcDbEntity
  8
GRAPH
100
AcDbLine
 10
1516.0
 20
92.0
 30
0.0
 11
1516.0
 21
76.0
 31
0.0
  0
TEXT
  5
4A4
330
17
100
AcDbEntity
  8
TEXT
100
AcDbText
 10
1517.0
 20
82.0
 30
0.0
 40
1.35
  1
уч.309
 11
1517.0
 21
82.0
 31
0.0
100
AcDbText
  0
LINE
  5
4A5
330
17
100
AcDbEntity
  8
GRAPH
100
AcDbLine
 10
1543.0
 20
76.0
 30
0.0
 11
1567.0
 21
76.0
 31
0.0
  0
LINE
  5
4A6
330
17
100
AcDbEntity
  8
GRAPH
100
AcDbLine
 10
1567.0
 20
76.0
 30
0.0
 11
1567.0
 21
92.0
 31
0.0
  0
LINE
  5
4A7
330
17
100
AcDbEntity
  8
GRAPH
100
AcDbLine
 10
1567.0
 20
92.0
 30
0.0
 11
1543.0
 21
92.0
 31
0.0
  0
LINE
  5
4A8
330
17
100
AcDbEntity
  8
GRAPH
100
AcDbLine
 10
1543.0
 20
92.0
 30
0.0
 11
1543.0
 21
76.0
 31
0.0
  0
TEXT
  5
4A9
330
17
100
AcDbEntity
  8
TEXT
100
AcDbText
 10
1544.0
 20
82.0
 30
0.0
 40
1.35
  1
уч.310
 11
1544.0
 21
82.0
 31
0.0
100
AcDbText
  0
LINE
  5
4AA
330
17
100
AcDbEntity
  8
GRAPH
100
AcDbLine
 10
1570.0
 20
76.0
 30
0.0
 11
1594.0
 21
76.0
 31
0.0
  0
LINE
  5
4AB
330
17
100
AcDbEntity
  8
GRAPH
100
AcDbLine
 10
1594.0
 20
76.0
 30
0.0
 11
1594.0
 21
92.0
 31
0.0
  0
LINE
  5
4AC
330
17
100
AcDbEntity
  8
GRAPH
100
AcDbLine
 10
1594.0
 20
92.0
 30
0.0
 11
1570.0
 21
92.0
 31
0.0
  0
LINE
  5
4AD
330
17
100
AcDbEntity
  8
GRAPH
100
AcDbLine
 10
1570.0
 20
92.0
 30
0.0
 11
1570.0
 21
76.0
 31
0.0
  0
TEXT
  5
4AE
330
17
100
AcDbEntity
  8
TEXT
100
AcDbText
 10
1571.0
 20
82.0
 30
0.0
 40
1.35
  1
уч.311
 11
1571.0
 21
82.0
 31
0.0
100
AcDbText
  0
LINE
  5
4AF
330
17
100
AcDbEntity
  8
GRAPH
100
AcDbLine
 10
1597.0
 20
76.0
 30
0.0
 11
1621.0
 21
76.0
 31
0.0
  0
LINE
  5
4B0
330
17
100
AcDbEntity
  8
GRAPH
100
AcDbLine
 10
1621.0
 20
76.0
 30
0.0
 11
1621.0
 21
92.0
 31
0.0
  0
LINE
  5
4B1
330
17
100
AcDbEntity
  8
GRAPH
100
AcDbLine
 10
1621.0
 20
92.0
 30
0.0
 11
1597.0
 21
92.0
 31
0.0
  0
LINE
  5
4B2
330
17
100
AcDbEntity
  8
GRAPH
100
AcDbLine
 10
1597.0
 20
92.0
 30
0.0
 11
1597.0
 21
76.0
 31
0.0
  0
TEXT
  5
4B3
330
17
100
AcDbEntity
  8
TEXT
100
AcDbText
 10
1598.0
 20
82.0
 30
0.0
 40
1.35
  1
уч.312
 11
1598.0
 21
82.0
 31
0.0
100
AcDbText
  0
LINE
  5
4B4
330
17
100
AcDbEntity
  8
GRAPH
100
AcDbLine
 10
1624.0
 20
76.0
 30
0.0
 11
1648.0
 21
76.0
 31
0.0
  0
LINE
  5
4B5
330
17
100
AcDbEntity
  8
GRAPH
100
AcDbLine
 10
1648.0
 20
76.0
 30
0.0
 11
1648.0
 21
92.0
 31
0.0
  0
LINE
  5
4B6
330
17
100
AcDbEntity
  8
GRAPH
100
AcDbLine
 10
1648.0
 20
92.0
 30
0.0
 11
1624.0
 21
92.0
 31
0.0
  0
LINE
  5
4B7
330
17
100
AcDbEntity
  8
GRAPH
100
AcDbLine
 10
1624.0
 20
92.0
 30
0.0
 11
1624.0
 21
76.0
 31
0.0
  0
TEXT
  5
4B8
330
17
100
AcDbEntity
  8
TEXT
100
AcDbText
 10
1625.0
 20
82.0
 30
0.0
 40
1.35
  1
уч.313
 11
1625.0
 21
82.0
 31
0.0
100
AcDbText
  0
LINE
  5
4B9
330
17
100
AcDbEntity
  8
GRAPH
100
AcDbLine
 10
1651.0
 20
76.0
 30
0.0
 11
1675.0
 21
76.0
 31
0.0
  0
LINE
  5
4BA
330
17
100
AcDbEntity
  8
GRAPH
100
AcDbLine
 10
1675.0
 20
76.0
 30
0.0
 11
1675.0
 21
92.0
 31
0.0
  0
LINE
  5
4BB
330
17
100
AcDbEntity
  8
GRAPH
100
AcDbLine
 10
1675.0
 20
92.0
 30
0.0
 11
1651.0
 21
92.0
 31
0.0
  0
LINE
  5
4BC
330
17
100
AcDbEntity
  8
GRAPH
100
AcDbLine
 10
1651.0
 20
92.0
 30
0.0
 11
1651.0
 21
76.0
 31
0.0
  0
TEXT
  5
4BD
330
17
100
AcDbEntity
  8
TEXT
100
AcDbText
 10
1652.0
 20
82.0
 30
0.0
 40
1.35
  1
уч.314
 11
1652.0
 21
82.0
 31
0.0
100
AcDbText
  0
LINE
  5
4BE
330
17
100
AcDbEntity
  8
GRAPH
100
AcDbLine
 10
1300.0
 20
94.0
 30
0.0
 11
1324.0
 21
94.0
 31
0.0
  0
LINE
  5
4BF
330
17
100
AcDbEntity
  8
GRAPH
100
AcDbLine
 10
1324.0
 20
94.0
 30
0.0
 11
1324.0
 21
110.0
 31
0.0
  0
LINE
  5
4C0
330
17
100
AcDbEntity
  8
GRAPH
100
AcDbLine
 10
1324.0
 20
110.0
 30
0.0
 11
1300.0
 21
110.0
 31
0.0
  0
LINE
  5
4C1
330
17
100
AcDbEntity
  8
GRAPH
100
AcDbLine
 10
1300.0
 20
110.0
 30
0.0
 11
1300.0
 21
94.0
 31
0.0
  0
TEXT
  5
4C2
330
17
100
AcDbEntity
  8
TEXT
100
AcDbText
 10
1301.0
 20
100.0
 30
0.0
 40
1.35
  1
уч.401
 11
1301.0
 21
100.0
 31
0.0
100
AcDbText
  0
LINE
  5
4C3
330
17
100
AcDbEntity
  8
GRAPH
100
AcDbLine
 10
1327.0
 20
94.0
 30
0.0
 11
1351.0
 21
94.0
 31
0.0
  0
LINE
  5
4C4
330
17
100
AcDbEntity
  8
GRAPH
100
AcDbLine
 10
1351.0
 20
94.0
 30
0.0
 11
1351.0
 21
110.0
 31
0.0
  0
LINE
  5
4C5
330
17
100
AcDbEntity
  8
GRAPH
100
AcDbLine
 10
1351.0
 20
110.0
 30
0.0
 11
1327.0
 21
110.0
 31
0.0
  0
LINE
  5
4C6
330
17
100
AcDbEntity
  8
GRAPH
100
AcDbLine
 10
1327.0
 20
110.0
 30
0.0
 11
1327.0
 21
94.0
 31
0.0
  0
TEXT
  5
4C7
330
17
100
AcDbEntity
  8
TEXT
100
AcDbText
 10
1328.0
 20
100.0
 30
0.0
 40
1.35
  1
уч.402
 11
1328.0
 21
100.0
 31
0.0
100
AcDbText
  0
LINE
  5
4C8
330
17
100
AcDbEntity
  8
GRAPH
100
AcDbLine
 10
1354.0
 20
94.0
 30
0.0
 11
1378.0
 21
94.0
 31
0.0
  0
LINE
  5
4C9
330
17
100
AcDbEntity
  8
GRAPH
100
AcDbLine
 10
1378.0
 20
94.0
 30
0.0
 11
1378.0
 21
110.0
 31
0.0
  0
LINE
  5
4CA
330
17
100
AcDbEntity
  8
GRAPH
100
AcDbLine
 10
1378.0
 20
110.0
 30
0.0
 11
1354.0
 21
110.0
 31
0.0
  0
LINE
  5
4CB
330
17
100
AcDbEntity
  8
GRAPH
100
AcDbLine
 10
1354.0
 20
110.0
 30
0.0
 11
1354.0
 21
94.0
 31
0.0
  0
TEXT
  5
4CC
330
17
100
AcDbEntity
  8
TEXT
100
AcDbText
 10
1355.0
 20
100.0
 30
0.0
 40
1.35
  1
уч.403
 11
1355.0
 21
100.0
 31
0.0
100
AcDbText
  0
LINE
  5
4CD
330
17
100
AcDbEntity
  8
GRAPH
100
AcDbLine
 10
1381.0
 20
94.0
 30
0.0
 11
1405.0
 21
94.0
 31
0.0
  0
LINE
  5
4CE
330
17
100
AcDbEntity
  8
GRAPH
100
AcDbLine
 10
1405.0
 20
94.0
 30
0.0
 11
1405.0
 21
110.0
 31
0.0
  0
LINE
  5
4CF
330
17
100
AcDbEntity
  8
GRAPH
100
AcDbLine
 10
1405.0
 20
110.0
 30
0.0
 11
1381.0
 21
110.0
 31
0.0
  0
LINE
  5
4D0
330
17
100
AcDbEntity
  8
GRAPH
100
AcDbLine
 10
1381.0
 20
110.0
 30
0.0
 11
1381.0
 21
94.0
 31
0.0
  0
TEXT
  5
4D1
330
17
100
AcDbEntity
  8
TEXT
100
AcDbText
 10
1382.0
 20
100.0
 30
0.0
 40
1.35
  1
уч.404
 11
1382.0
 21
100.0
 31
0.0
100
AcDbText
  0
LINE
  5
4D2
330
17
100
AcDbEntity
  8
GRAPH
100
AcDbLine
 10
1408.0
 20
94.0
 30
0.0
 11
1432.0
 21
94.0
 31
0.0
  0
LINE
  5
4D3
330
17
100
AcDbEntity
  8
GRAPH
100
AcDbLine
 10
1432.0
 20
94.0
 30
0.0
 11
1432.0
 21
110.0
 31
0.0
  0
LINE
  5
4D4
330
17
100
AcDbEntity
  8
GRAPH
100
AcDbLine
 10
1432.0
 20
110.0
 30
0.0
 11
1408.0
 21
110.0
 31
0.0
  0
LINE
  5
4D5
330
17
100
AcDbEntity
  8
GRAPH
100
AcDbLine
 10
1408.0
 20
110.0
 30
0.0
 11
1408.0
 21
94.0
 31
0.0
  0
TEXT
  5
4D6
330
17
100
AcDbEntity
  8
TEXT
100
AcDbText
 10
1409.0
 20
100.0
 30
0.0
 40
1.35
  1
уч.405
 11
1409.0
 21
100.0
 31
0.0
100
AcDbText
  0
LINE
  5
4D7
330
17
100
AcDbEntity
  8
GRAPH
100
AcDbLine
 10
1435.0
 20
94.0
 30
0.0
 11
1459.0
 21
94.0
 31
0.0
  0
LINE
  5
4D8
330
17
100
AcDbEntity
  8
GRAPH
100
AcDbLine
 10
1459.0
 20
94.0
 30
0.0
 11
1459.0
 21
110.0
 31
0.0
  0
LINE
  5
4D9
330
17
100
AcDbEntity
  8
GRAPH
100
AcDbLine
 10
1459.0
 20
110.0
 30
0.0
 11
1435.0
 21
110.0
 31
0.0
  0
LINE
  5
4DA
330
17
100
AcDbEntity
  8
GRAPH
100
AcDbLine
 10
1435.0
 20
110.0
 30
0.0
 11
1435.0
 21
94.0
 31
0.0
  0
TEXT
  5
4DB
330
17
100
AcDbEntity
  8
TEXT
100
AcDbText
 10
1436.0
 20
100.0
 30
0.0
 40
1.35
  1
уч.406
 11
1436.0
 21
100.0
 31
0.0
100
AcDbText
  0
LINE
  5
4DC
330
17
100
AcDbEntity
  8
GRAPH
100
AcDbLine
 10
1462.0
 20
94.0
 30
0.0
 11
1486.0
 21
94.0
 31
0.0
  0
LINE
  5
4DD
330
17
100
AcDbEntity
  8
GRAPH
100
AcDbLine
 10
1486.0
 20
94.0
 30
0.0
 11
1486.0
 21
110.0
 31
0.0
  0
LINE
  5
4DE
330
17
100
AcDbEntity
  8
GRAPH
100
AcDbLine
 10
1486.0
 20
110.0
 30
0.0
 11
1462.0
 21
110.0
 31
0.0
  0
LINE
  5
4DF
330
17
100
AcDbEntity
  8
GRAPH
100
AcDbLine
 10
1462.0
 20
110.0
 30
0.0
 11
1462.0
 21
94.0
 31
0.0
  0
TEXT
  5
4E0
330
17
100
AcDbEntity
  8
TEXT
100
AcDbText
 10
1463.0
 20
100.0
 30
0.0
 40
1.35
  1
уч.407
 11
1463.0
 21
100.0
 31
0.0
100
AcDbText
  0
LINE
  5
4E1
330
17
100
AcDbEntity
  8
GRAPH
100
AcDbLine
 10
1489.0
 20
94.0
 30
0.0
 11
1513.0
 21
94.0
 31
0.0
  0
LINE
  5
4E2
330
17
100
AcDbEntity
  8
GRAPH
100
AcDbLine
 10
1513.0
 20
94.0
 30
0.0
 11
1513.0
 21
110.0
 31
0.0
  0
LINE
  5
4E3
330
17
100
AcDbEntity
  8
GRAPH
100
AcDbLine
 10
1513.0
 20
110.0
 30
0.0
 11
1489.0
 21
110.0
 31
0.0
  0
LINE
  5
4E4
330
17
100
AcDbEntity
  8
GRAPH
100
AcDbLine
 10
1489.0
 20
110.0
 30
0.0
 11
1489.0
 21
94.0
 31
0.0
  0
TEXT
  5
4E5
330
17
100
AcDbEntity
  8
TEXT
100
AcDbText
 10
1490.0
 20
100.0
 30
0.0
 40
1.35
  1
уч.408
 11
1490.0
 21
100.0
 31
0.0
100
AcDbText
  0
LINE
  5
4E6
330
17
100
AcDbEntity
  8
GRAPH
100
AcDbLine
 10
1516.0
 20
94.0
 30
0.0
 11
1540.0
 21
94.0
 31
0.0
  0
LINE
  5
4E7
330
17
100
AcDbEntity
  8
GRAPH
100
AcDbLine
 10
1540.0
 20
94.0
 30
0.0
 11
1540.0
 21
110.0
 31
0.0
  0
LINE
  5
4E8
330
17
100
AcDbEntity
  8
GRAPH
100
AcDbLine
 10
1540.0
 20
110.0
 30
0.0
 11
1516.0
 21
110.0
 31
0.0
  0
LINE
  5
4E9
330
17
100
AcDbEntity
  8
GRAPH
100
AcDbLine
 10
1516.0
 20
110.0
 30
0.0
 11
1516.0
 21
94.0
 31
0.0
  0
TEXT
  5
4EA
330
17
100
AcDbEntity
  8
TEXT
100
AcDbText
 10
1517.0
 20
100.0
 30
0.0
 40
1.35
  1
уч.409
 11
1517.0
 21
100.0
 31
0.0
100
AcDbText
  0
LINE
  5
4EB
330
17
100
AcDbEntity
  8
GRAPH
100
AcDbLine
 10
1543.0
 20
94.0
 30
0.0
 11
1567.0
 21
94.0
 31
0.0
  0
LINE
  5
4EC
330
17
100
AcDbEntity
  8
GRAPH
100
AcDbLine
 10
1567.0
 20
94.0
 30
0.0
 11
1567.0
 21
110.0
 31
0.0
  0
LINE
  5
4ED
330
17
100
AcDbEntity
  8
GRAPH
100
AcDbLine
 10
1567.0
 20
110.0
 30
0.0
 11
1543.0
 21
110.0
 31
0.0
  0
LINE
  5
4EE
330
17
100
AcDbEntity
  8
GRAPH
100
AcDbLine
 10
1543.0
 20
110.0
 30
0.0
 11
1543.0
 21
94.0
 31
0.0
  0
TEXT
  5
4EF
330
17
100
AcDbEntity
  8
TEXT
100
AcDbText
 10
1544.0
 20
100.0
 30
0.0
 40
1.35
  1
уч.410
 11
1544.0
 21
100.0
 31
0.0
100
AcDbText
  0
LINE
  5
4F0
330
17
100
AcDbEntity
  8
GRAPH
100
AcDbLine
 10
1570.0
 20
94.0
 30
0.0
 11
1594.0
 21
94.0
 31
0.0
  0
LINE
  5
4F1
330
17
100
AcDbEntity
  8
GRAPH
100
AcDbLine
 10
1594.0
 20
94.0
 30
0.0
 11
1594.0
 21
110.0
 31
0.0
  0
LINE
  5
4F2
330
17
100
AcDbEntity
  8
GRAPH
100
AcDbLine
 10
1594.0
 20
110.0
 30
0.0
 11
1570.0
 21
110.0
 31
0.0
  0
LINE
  5
4F3
330
17
100
AcDbEntity
  8
GRAPH
100
AcDbLine
 10
1570.0
 20
110.0
 30
0.0
 11
1570.0
 21
94.0
 31
0.0
  0
TEXT
  5
4F4
330
17
100
AcDbEntity
  8
TEXT
100
AcDbText
 10
1571.0
 20
100.0
 30
0.0
 40
1.35
  1
уч.411
 11
1571.0
 21
100.0
 31
0.0
100
AcDbText
  0
LINE
  5
4F5
330
17
100
AcDbEntity
  8
GRAPH
100
AcDbLine
 10
1597.0
 20
94.0
 30
0.0
 11
1621.0
 21
94.0
 31
0.0
  0
LINE
  5
4F6
330
17
100
AcDbEntity
  8
GRAPH
100
AcDbLine
 10
1621.0
 20
94.0
 30
0.0
 11
1621.0
 21
110.0
 31
0.0
  0
LINE
  5
4F7
330
17
100
AcDbEntity
  8
GRAPH
100
AcDbLine
 10
1621.0
 20
110.0
 30
0.0
 11
1597.0
 21
110.0
 31
0.0
  0
LINE
  5
4F8
330
17
100
AcDbEntity
  8
GRAPH
100
AcDbLine
 10
1597.0
 20
110.0
 30
0.0
 11
1597.0
 21
94.0
 31
0.0
  0
TEXT
  5
4F9
330
17
100
AcDbEntity
  8
TEXT
100
AcDbText
 10
1598.0
 20
100.0
 30
0.0
 40
1.35
  1
уч.412
 11
1598.0
 21
100.0
 31
0.0
100
AcDbText
  0
LINE
  5
4FA
330
17
100
AcDbEntity
  8
GRAPH
100
AcDbLine
 10
1624.0
 20
94.0
 30
0.0
 11
1648.0
 21
94.0
 31
0.0
  0
LINE
  5
4FB
330
17
100
AcDbEntity
  8
GRAPH
100
AcDbLine
 10
1648.0
 20
94.0
 30
0.0
 11
1648.0
 21
110.0
 31
0.0
  0
LINE
  5
4FC
330
17
100
AcDbEntity
  8
GRAPH
100
AcDbLine
 10
1648.0
 20
110.0
 30
0.0
 11
1624.0
 21
110.0
 31
0.0
  0
LINE
  5
4FD
330
17
100
AcDbEntity
  8
GRAPH
100
AcDbLine
 10
1624.0
 20
110.0
 30
0.0
 11
1624.0
 21
94.0
 31
0.0
  0
TEXT
  5
4FE
330
17
100
AcDbEntity
  8
TEXT
100
AcDbText
 10
1625.0
 20
100.0
 30
0.0
 40
1.35
  1
уч.413
 11
1625.0
 21
100.0
 31
0.0
100
AcDbText
  0
LINE
  5
4FF
330
17
100
AcDbEntity
  8
GRAPH
100
AcDbLine
 10
1651.0
 20
94.0
 30
0.0
 11
1675.0
 21
94.0
 31
0.0
  0
LINE
  5
500
330
17
100
AcDbEntity
  8
GRAPH
100
AcDbLine
 10
1675.0
 20
94.0
 30
0.0
 11
1675.0
 21
110.0
 31
0.0
  0
LINE
  5
501
330
17
100
AcDbEntity
  8
GRAPH
100
AcDbLine
 10
1675.0
 20
110.0
 30
0.0
 11
1651.0
 21
110.0
 31
0.0
  0
LINE
  5
502
330
17
100
AcDbEntity
  8
GRAPH
100
AcDbLine
 10
1651.0
 20
110.0
 30
0.0
 11
1651.0
 21
94.0
 31
0.0
  0
TEXT
  5
503
330
17
100
AcDbEntity
  8
TEXT
100
AcDbText
 10
1652.0
 20
100.0
 30
0.0
 40
1.35
  1
уч.414
 11
1652.0
 21
100.0
 31
0.0
100
AcDbText
  0
LINE
  5
504
330
17
100
AcDbEntity
  8
GRAPH
100
AcDbLine
 10
1300.0
 20
112.0
 30
0.0
 11
1324.0
 21
112.0
 31
0.0
  0
LINE
  5
505
330
17
100
AcDbEntity
  8
GRAPH
100
AcDbLine
 10
1324.0
 20
112.0
 30
0.0
 11
1324.0
 21
128.0
 31
0.0
  0
LINE
  5
506
330
17
100
AcDbEntity
  8
GRAPH
100
AcDbLine
 10
1324.0
 20
128.0
 30
0.0
 11
1300.0
 21
128.0
 31
0.0
  0
LINE
  5
507
330
17
100
AcDbEntity
  8
GRAPH
100
AcDbLine
 10
1300.0
 20
128.0
 30
0.0
 11
1300.0
 21
112.0
 31
0.0
  0
TEXT
  5
508
330
17
100
AcDbEntity
  8
TEXT
100
AcDbText
 10
1301.0
 20
118.0
 30
0.0
 40
1.35
  1
уч.501
 11
1301.0
 21
118.0
 31
0.0
100
AcDbText
  0
LINE
  5
509
330
17
100
AcDbEntity
  8
GRAPH
100
AcDbLine
 10
1327.0
 20
112.0
 30
0.0
 11
1351.0
 21
112.0
 31
0.0
  0
LINE
  5
50A
330
17
100
AcDbEntity
  8
GRAPH
100
AcDbLine
 10
1351.0
 20
112.0
 30
0.0
 11
1351.0
 21
128.0
 31
0.0
  0
LINE
  5
50B
330
17
100
AcDbEntity
  8
GRAPH
100
AcDbLine
 10
1351.0
 20
128.0
 30
0.0
 11
1327.0
 21
128.0
 31
0.0
  0
LINE
  5
50C
330
17
100
AcDbEntity
  8
GRAPH
100
AcDbLine
 10
1327.0
 20
128.0
 30
0.0
 11
1327.0
 21
112.0
 31
0.0
  0
TEXT
  5
50D
330
17
100
AcDbEntity
  8
TEXT
100
AcDbText
 10
1328.0
 20
118.0
 30
0.0
 40
1.35
  1
уч.502
 11
1328.0
 21
118.0
 31
0.0
100
AcDbText
  0
LINE
  5
50E
330
17
100
AcDbEntity
  8
GRAPH
100
AcDbLine
 10
1354.0
 20
112.0
 30
0.0
 11
1378.0
 21
112.0
 31
0.0
  0
LINE
  5
50F
330
17
100
AcDbEntity
  8
GRAPH
100
AcDbLine
 10
1378.0
 20
112.0
 30
0.0
 11
1378.0
 21
128.0
 31
0.0
  0
LINE
  5
510
330
17
100
AcDbEntity
  8
GRAPH
100
AcDbLine
 10
1378.0
 20
128.0
 30
0.0
 11
1354.0
 21
128.0
 31
0.0
  0
LINE
  5
511
330
17
100
AcDbEntity
  8
GRAPH
100
AcDbLine
 10
1354.0
 20
128.0
 30
0.0
 11
1354.0
 21
112.0
 31
0.0
  0
TEXT
  5
512
330
17
100
AcDbEntity
  8
TEXT
100
AcDbText
 10
1355.0
 20
118.0
 30
0.0
 40
1.35
  1
уч.503
 11
1355.0
 21
118.0
 31
0.0
100
AcDbText
  0
LINE
  5
513
330
17
100
AcDbEntity
  8
GRAPH
100
AcDbLine
 10
1381.0
 20
112.0
 30
0.0
 11
1405.0
 21
112.0
 31
0.0
  0
LINE
  5
514
330
17
100
AcDbEntity
  8
GRAPH
100
AcDbLine
 10
1405.0
 20
112.0
 30
0.0
 11
1405.0
 21
128.0
 31
0.0
  0
LINE
  5
515
330
17
100
AcDbEntity
  8
GRAPH
100
AcDbLine
 10
1405.0
 20
128.0
 30
0.0
 11
1381.0
 21
128.0
 31
0.0
  0
LINE
  5
516
330
17
100
AcDbEntity
  8
GRAPH
100
AcDbLine
 10
1381.0
 20
128.0
 30
0.0
 11
1381.0
 21
112.0
 31
0.0
  0
TEXT
  5
517
330
17
100
AcDbEntity
  8
TEXT
100
AcDbText
 10
1382.0
 20
118.0
 30
0.0
 40
1.35
  1
уч.504
 11
1382.0
 21
118.0
 31
0.0
100
AcDbText
  0
LINE
  5
518
330
17
100
AcDbEntity
  8
GRAPH
100
AcDbLine
 10
1408.0
 20
112.0
 30
0.0
 11
1432.0
 21
112.0
 31
0.0
  0
LINE
  5
519
330
17
100
AcDbEntity
  8
GRAPH
100
AcDbLine
 10
1432.0
 20
112.0
 30
0.0
 11
1432.0
 21
128.0
 31
0.0
  0
LINE
  5
51A
330
17
100
AcDbEntity
  8
GRAPH
100
AcDbLine
 10
1432.0
 20
128.0
 30
0.0
 11
1408.0
 21
128.0
 31
0.0
  0
LINE
  5
51B
330
17
100
AcDbEntity
  8
GRAPH
100
AcDbLine
 10
1408.0
 20
128.0
 30
0.0
 11
1408.0
 21
112.0
 31
0.0
  0
TEXT
  5
51C
330
17
100
AcDbEntity
  8
TEXT
100
AcDbText
 10
1409.0
 20
118.0
 30
0.0
 40
1.35
  1
уч.505
 11
1409.0
 21
118.0
 31
0.0
100
AcDbText
  0
LINE
  5
51D
330
17
100
AcDbEntity
  8
GRAPH
100
AcDbLine
 10
1435.0
 20
112.0
 30
0.0
 11
1459.0
 21
112.0
 31
0.0
  0
LINE
  5
51E
330
17
100
AcDbEntity
  8
GRAPH
100
AcDbLine
 10
1459.0
 20
112.0
 30
0.0
 11
1459.0
 21
128.0
 31
0.0
  0
LINE
  5
51F
330
17
100
AcDbEntity
  8
GRAPH
100
AcDbLine
 10
1459.0
 20
128.0
 30
0.0
 11
1435.0
 21
128.0
 31
0.0
  0
LINE
  5
520
330
17
100
AcDbEntity
  8
GRAPH
100
AcDbLine
 10
1435.0
 20
128.0
 30
0.0
 11
1435.0
 21
112.0
 31
0.0
  0
TEXT
  5
521
330
17
100
AcDbEntity
  8
TEXT
100
AcDbText
 10
1436.0
 20
118.0
 30
0.0
 40
1.35
  1
уч.506
 11
1436.0
 21
118.0
 31
0.0
100
AcDbText
  0
LINE
  5
522
330
17
100
AcDbEntity
  8
GRAPH
100
AcDbLine
 10
1462.0
 20
112.0
 30
0.0
 11
1486.0
 21
112.0
 31
0.0
  0
LINE
  5
523
330
17
100
AcDbEntity
  8
GRAPH
100
AcDbLine
 10
1486.0
 20
112.0
 30
0.0
 11
1486.0
 21
128.0
 31
0.0
  0
LINE
  5
524
330
17
100
AcDbEntity
  8
GRAPH
100
AcDbLine
 10
1486.0
 20
128.0
 30
0.0
 11
1462.0
 21
128.0
 31
0.0
  0
LINE
  5
525
330
17
100
AcDbEntity
  8
GRAPH
100
AcDbLine
 10
1462.0
 20
128.0
 30
0.0
 11
1462.0
 21
112.0
 31
0.0
  0
TEXT
  5
526
330
17
100
AcDbEntity
  8
TEXT
100
AcDbText
 10
1463.0
 20
118.0
 30
0.0
 40
1.35
  1
уч.507
 11
1463.0
 21
118.0
 31
0.0
100
AcDbText
  0
LINE
  5
527
330
17
100
AcDbEntity
  8
GRAPH
100
AcDbLine
 10
1489.0
 20
112.0
 30
0.0
 11
1513.0
 21
112.0
 31
0.0
  0
LINE
  5
528
330
17
100
AcDbEntity
  8
GRAPH
100
AcDbLine
 10
1513.0
 20
112.0
 30
0.0
 11
1513.0
 21
128.0
 31
0.0
  0
LINE
  5
529
330
17
100
AcDbEntity
  8
GRAPH
100
AcDbLine
 10
1513.0
 20
128.0
 30
0.0
 11
1489.0
 21
128.0
 31
0.0
  0
LINE
  5
52A
330
17
100
AcDbEntity
  8
GRAPH
100
AcDbLine
 10
1489.0
 20
128.0
 30
0.0
 11
1489.0
 21
112.0
 31
0.0
  0
TEXT
  5
52B
330
17
100
AcDbEntity
  8
TEXT
100
AcDbText
 10
1490.0
 20
118.0
 30
0.0
 40
1.35
  1
уч.508
 11
1490.0
 21
118.0
 31
0.0
100
AcDbText
  0
LINE
  5
52C
330
17
100
AcDbEntity
  8
GRAPH
100
AcDbLine
 10
1516.0
 20
112.0
 30
0.0
 11
1540.0
 21
112.0
 31
0.0
  0
LINE
  5
52D
330
17
100
AcDbEntity
  8
GRAPH
100
AcDbLine
 10
1540.0
 20
112.0
 30
0.0
 11
1540.0
 21
128.0
 31
0.0
  0
LINE
  5
52E
330
17
100
AcDbEntity
  8
GRAPH
100
AcDbLine
 10
1540.0
 20
128.0
 30
0.0
 11
1516.0
 21
128.0
 31
0.0
  0
LINE
  5
52F
330
17
100
AcDbEntity
  8
GRAPH
100
AcDbLine
 10
1516.0
 20
128.0
 30
0.0
 11
1516.0
 21
112.0
 31
0.0
  0
TEXT
  5
530
330
17
100
AcDbEntity
  8
TEXT
100
AcDbText
 10
1517.0
 20
118.0
 30
0.0
 40
1.35
  1
уч.509
 11
1517.0
 21
118.0
 31
0.0
100
AcDbText
  0
LINE
  5
531
330
17
100
AcDbEntity
  8
GRAPH
100
AcDbLine
 10
1543.0
 20
112.0
 30
0.0
 11
1567.0
 21
112.0
 31
0.0
  0
LINE
  5
532
330
17
100
AcDbEntity
  8
GRAPH
100
AcDbLine
 10
1567.0
 20
112.0
 30
0.0
 11
1567.0
 21
128.0
 31
0.0
  0
LINE
  5
533
330
17
100
AcDbEntity
  8
GRAPH
100
AcDbLine
 10
1567.0
 20
128.0
 30
0.0
 11
1543.0
 21
128.0
 31
0.0
  0
LINE
  5
534
330
17
100
AcDbEntity
  8
GRAPH
100
AcDbLine
 10
1543.0
 20
128.0
 30
0.0
 11
1543.0
 21
112.0
 31
0.0
  0
TEXT
  5
535
330
17
100
AcDbEntity
  8
TEXT
100
AcDbText
 10
1544.0
 20
118.0
 30
0.0
 40
1.35
  1
уч.510
 11
1544.0
 21
118.0
 31
0.0
100
AcDbText
  0
LINE
  5
536
330
17
100
AcDbEntity
  8
GRAPH
100
AcDbLine
 10
1570.0
 20
112.0
 30
0.0
 11
1594.0
 21
112.0
 31
0.0
  0
LINE
  5
537
330
17
100
AcDbEntity
  8
GRAPH
100
AcDbLine
 10
1594.0
 20
112.0
 30
0.0
 11
1594.0
 21
128.0
 31
0.0
  0
LINE
  5
538
330
17
100
AcDbEntity
  8
GRAPH
100
AcDbLine
 10
1594.0
 20
128.0
 30
0.0
 11
1570.0
 21
128.0
 31
0.0
  0
LINE
  5
539
330
17
100
AcDbEntity
  8
GRAPH
100
AcDbLine
 10
1570.0
 20
128.0
 30
0.0
 11
1570.0
 21
112.0
 31
0.0
  0
TEXT
  5
53A
330
17
100
AcDbEntity
  8
TEXT
100
AcDbText
 10
1571.0
 20
118.0
 30
0.0
 40
1.35
  1
уч.511
 11
1571.0
 21
118.0
 31
0.0
100
AcDbText
  0
LINE
  5
53B
330
17
100
AcDbEntity
  8
GRAPH
100
AcDbLine
 10
1597.0
 20
112.0
 30
0.0
 11
1621.0
 21
112.0
 31
0.0
  0
LINE
  5
53C
330
17
100
AcDbEntity
  8
GRAPH
100
AcDbLine
 10
1621.0
 20
112.0
 30
0.0
 11
1621.0
 21
128.0
 31
0.0
  0
LINE
  5
53D
330
17
100
AcDbEntity
  8
GRAPH
100
AcDbLine
 10
1621.0
 20
128.0
 30
0.0
 11
1597.0
 21
128.0
 31
0.0
  0
LINE
  5
53E
330
17
100
AcDbEntity
  8
GRAPH
100
AcDbLine
 10
1597.0
 20
128.0
 30
0.0
 11
1597.0
 21
112.0
 31
0.0
  0
TEXT
  5
53F
330
17
100
AcDbEntity
  8
TEXT
100
AcDbText
 10
1598.0
 20
118.0
 30
0.0
 40
1.35
  1
уч.512
 11
1598.0
 21
118.0
 31
0.0
100
AcDbText
  0
LINE
  5
540
330
17
100
AcDbEntity
  8
GRAPH
100
AcDbLine
 10
1624.0
 20
112.0
 30
0.0
 11
1648.0
 21
112.0
 31
0.0
  0
LINE
  5
541
330
17
100
AcDbEntity
  8
GRAPH
100
AcDbLine
 10
1648.0
 20
112.0
 30
0.0
 11
1648.0
 21
128.0
 31
0.0
  0
LINE
  5
542
330
17
100
AcDbEntity
  8
GRAPH
100
AcDbLine
 10
1648.0
 20
128.0
 30
0.0
 11
1624.0
 21
128.0
 31
0.0
  0
LINE
  5
543
330
17
100
AcDbEntity
  8
GRAPH
100
AcDbLine
 10
1624.0
 20
128.0
 30
0.0
 11
1624.0
 21
112.0
 31
0.0
  0
TEXT
  5
544
330
17
100
AcDbEntity
  8
TEXT
100
AcDbText
 10
1625.0
 20
118.0
 30
0.0
 40
1.35
  1
уч.513
 11
1625.0
 21
118.0
 31
0.0
100
AcDbText
  0
LINE
  5
545
330
17
100
AcDbEntity
  8
GRAPH
100
AcDbLine
 10
1651.0
 20
112.0
 30
0.0
 11
1675.0
 21
112.0
 31
0.0
  0
LINE
  5
546
330
17
100
AcDbEntity
  8
GRAPH
100
AcDbLine
 10
1675.0
 20
112.0
 30
0.0
 11
1675.0
 21
128.0
 31
0.0
  0
LINE
  5
547
330
17
100
AcDbEntity
  8
GRAPH
100
AcDbLine
 10
1675.0
 20
128.0
 30
0.0
 11
1651.0
 21
128.0
 31
0.0
  0
LINE
  5
548
330
17
100
AcDbEntity
  8
GRAPH
100
AcDbLine
 10
1651.0
 20
128.0
 30
0.0
 11
1651.0
 21
112.0
 31
0.0
  0
TEXT
  5
549
330
17
100
AcDbEntity
  8
TEXT
100
AcDbText
 10
1652.0
 20
118.0
 30
0.0
 40
1.35
  1
уч.514
 11
1652.0
 21
118.0
 31
0.0
100
AcDbText
  0
LINE
  5
54A
330
17
100
AcDbEntity
  8
GRAPH
100
AcDbLine
 10
1300.0
 20
130.0
 30
0.0
 11
1324.0
 21
130.0
 31
0.0
  0
LINE
  5
54B
330
17
100
AcDbEntity
  8
GRAPH
100
AcDbLine
 10
1324.0
 20
130.0
 30
0.0
 11
1324.0
 21
146.0
 31
0.0
  0
LINE
  5
54C
330
17
100
AcDbEntity
  8
GRAPH
100
AcDbLine
 10
1324.0
 20
146.0
 30
0.0
 11
1300.0
 21
146.0
 31
0.0
  0
LINE
  5
54D
330
17
100
AcDbEntity
  8
GRAPH
100
AcDbLine
 10
1300.0
 20
146.0
 30
0.0
 11
1300.0
 21
130.0
 31
0.0
  0
TEXT
  5
54E
330
17
100
AcDbEntity
  8
TEXT
100
AcDbText
 10
1301.0
 20
136.0
 30
0.0
 40
1.35
  1
уч.601
 11
1301.0
 21
136.0
 31
0.0
100
AcDbText
  0
LINE
  5
54F
330
17
100
AcDbEntity
  8
GRAPH
100
AcDbLine
 10
1327.0
 20
130.0
 30
0.0
 11
1351.0
 21
130.0
 31
0.0
  0
LINE
  5
550
330
17
100
AcDbEntity
  8
GRAPH
100
AcDbLine
 10
1351.0
 20
130.0
 30
0.0
 11
1351.0
 21
146.0
 31
0.0
  0
LINE
  5
551
330
17
100
AcDbEntity
  8
GRAPH
100
AcDbLine
 10
1351.0
 20
146.0
 30
0.0
 11
1327.0
 21
146.0
 31
0.0
  0
LINE
  5
552
330
17
100
AcDbEntity
  8
GRAPH
100
AcDbLine
 10
1327.0
 20
146.0
 30
0.0
 11
1327.0
 21
130.0
 31
0.0
  0
TEXT
  5
553
330
17
100
AcDbEntity
  8
TEXT
100
AcDbText
 10
1328.0
 20
136.0
 30
0.0
 40
1.35
  1
уч.602
 11
1328.0
 21
136.0
 31
0.0
100
AcDbText
  0
LINE
  5
554
330
17
100
AcDbEntity
  8
GRAPH
100
AcDbLine
 10
1354.0
 20
130.0
 30
0.0
 11
1378.0
 21
130.0
 31
0.0
  0
LINE
  5
555
330
17
100
AcDbEntity
  8
GRAPH
100
AcDbLine
 10
1378.0
 20
130.0
 30
0.0
 11
1378.0
 21
146.0
 31
0.0
  0
LINE
  5
556
330
17
100
AcDbEntity
  8
GRAPH
100
AcDbLine
 10
1378.0
 20
146.0
 30
0.0
 11
1354.0
 21
146.0
 31
0.0
  0
LINE
  5
557
330
17
100
AcDbEntity
  8
GRAPH
100
AcDbLine
 10
1354.0
 20
146.0
 30
0.0
 11
1354.0
 21
130.0
 31
0.0
  0
TEXT
  5
558
330
17
100
AcDbEntity
  8
TEXT
100
AcDbText
 10
1355.0
 20
136.0
 30
0.0
 40
1.35
  1
уч.603
 11
1355.0
 21
136.0
 31
0.0
100
AcDbText
  0
LINE
  5
559
330
17
100
AcDbEntity
  8
GRAPH
100
AcDbLine
 10
1381.0
 20
130.0
 30
0.0
 11
1405.0
 21
130.0
 31
0.0
  0
LINE
  5
55A
330
17
100
AcDbEntity
  8
GRAPH
100
AcDbLine
 10
1405.0
 20
130.0
 30
0.0
 11
1405.0
 21
146.0
 31
0.0
  0
LINE
  5
55B
330
17
100
AcDbEntity
  8
GRAPH
100
AcDbLine
 10
1405.0
 20
146.0
 30
0.0
 11
1381.0
 21
146.0
 31
0.0
  0
LINE
  5
55C
330
17
100
AcDbEntity
  8
GRAPH
100
AcDbLine
 10
1381.0
 20
146.0
 30
0.0
 11
1381.0
 21
130.0
 31
0.0
  0
TEXT
  5
55D
330
17
100
AcDbEntity
  8
TEXT
100
AcDbText
 10
1382.0
 20
136.0
 30
0.0
 40
1.35
  1
уч.604
 11
1382.0
 21
136.0
 31
0.0
100
AcDbText
  0
LINE
  5
55E
330
17
100
AcDbEntity
  8
GRAPH
100
AcDbLine
 10
1408.0
 20
130.0
 30
0.0
 11
1432.0
 21
130.0
 31
0.0
  0
LINE
  5
55F
330
17
100
AcDbEntity
  8
GRAPH
100
AcDbLine
 10
1432.0
 20
130.0
 30
0.0
 11
1432.0
 21
146.0
 31
0.0
  0
LINE
  5
560
330
17
100
AcDbEntity
  8
GRAPH
100
AcDbLine
 10
1432.0
 20
146.0
 30
0.0
 11
1408.0
 21
146.0
 31
0.0
  0
LINE
  5
561
330
17
100
AcDbEntity
  8
GRAPH
100
AcDbLine
 10
1408.0
 20
146.0
 30
0.0
 11
1408.0
 21
130.0
 31
0.0
  0
TEXT
  5
562
330
17
100
AcDbEntity
  8
TEXT
100
AcDbText
 10
1409.0
 20
136.0
 30
0.0
 40
1.35
  1
уч.605
 11
1409.0
 21
136.0
 31
0.0
100
AcDbText
  0
LINE
  5
563
330
17
100
AcDbEntity
  8
GRAPH
100
AcDbLine
 10
1435.0
 20
130.0
 30
0.0
 11
1459.0
 21
130.0
 31
0.0
  0
LINE
  5
564
330
17
100
AcDbEntity
  8
GRAPH
100
AcDbLine
 10
1459.0
 20
130.0
 30
0.0
 11
1459.0
 21
146.0
 31
0.0
  0
LINE
  5
565
330
17
100
AcDbEntity
  8
GRAPH
100
AcDbLine
 10
1459.0
 20
146.0
 30
0.0
 11
1435.0
 21
146.0
 31
0.0
  0
LINE
  5
566
330
17
100
AcDbEntity
  8
GRAPH
100
AcDbLine
 10
1435.0
 20
146.0
 30
0.0
 11
1435.0
 21
130.0
 31
0.0
  0
TEXT
  5
567
330
17
100
AcDbEntity
  8
TEXT
100
AcDbText
 10
1436.0
 20
136.0
 30
0.0
 40
1.35
  1
уч.606
 11
1436.0
 21
136.0
 31
0.0
100
AcDbText
  0
LINE
  5
568
330
17
100
AcDbEntity
  8
GRAPH
100
AcDbLine
 10
1462.0
 20
130.0
 30
0.0
 11
1486.0
 21
130.0
 31
0.0
  0
LINE
  5
569
330
17
100
AcDbEntity
  8
GRAPH
100
AcDbLine
 10
1486.0
 20
130.0
 30
0.0
 11
1486.0
 21
146.0
 31
0.0
  0
LINE
  5
56A
330
17
100
AcDbEntity
  8
GRAPH
100
AcDbLine
 10
1486.0
 20
146.0
 30
0.0
 11
1462.0
 21
146.0
 31
0.0
  0
LINE
  5
56B
330
17
100
AcDbEntity
  8
GRAPH
100
AcDbLine
 10
1462.0
 20
146.0
 30
0.0
 11
1462.0
 21
130.0
 31
0.0
  0
TEXT
  5
56C
330
17
100
AcDbEntity
  8
TEXT
100
AcDbText
 10
1463.0
 20
136.0
 30
0.0
 40
1.35
  1
уч.607
 11
1463.0
 21
136.0
 31
0.0
100
AcDbText
  0
LINE
  5
56D
330
17
100
AcDbEntity
  8
GRAPH
100
AcDbLine
 10
1489.0
 20
130.0
 30
0.0
 11
1513.0
 21
130.0
 31
0.0
  0
LINE
  5
56E
330
17
100
AcDbEntity
  8
GRAPH
100
AcDbLine
 10
1513.0
 20
130.0
 30
0.0
 11
1513.0
 21
146.0
 31
0.0
  0
LINE
  5
56F
330
17
100
AcDbEntity
  8
GRAPH
100
AcDbLine
 10
1513.0
 20
146.0
 30
0.0
 11
1489.0
 21
146.0
 31
0.0
  0
LINE
  5
570
330
17
100
AcDbEntity
  8
GRAPH
100
AcDbLine
 10
1489.0
 20
146.0
 30
0.0
 11
1489.0
 21
130.0
 31
0.0
  0
TEXT
  5
571
330
17
100
AcDbEntity
  8
TEXT
100
AcDbText
 10
1490.0
 20
136.0
 30
0.0
 40
1.35
  1
уч.608
 11
1490.0
 21
136.0
 31
0.0
100
AcDbText
  0
LINE
  5
572
330
17
100
AcDbEntity
  8
GRAPH
100
AcDbLine
 10
1516.0
 20
130.0
 30
0.0
 11
1540.0
 21
130.0
 31
0.0
  0
LINE
  5
573
330
17
100
AcDbEntity
  8
GRAPH
100
AcDbLine
 10
1540.0
 20
130.0
 30
0.0
 11
1540.0
 21
146.0
 31
0.0
  0
LINE
  5
574
330
17
100
AcDbEntity
  8
GRAPH
100
AcDbLine
 10
1540.0
 20
146.0
 30
0.0
 11
1516.0
 21
146.0
 31
0.0
  0
LINE
  5
575
330
17
100
AcDbEntity
  8
GRAPH
100
AcDbLine
 10
1516.0
 20
146.0
 30
0.0
 11
1516.0
 21
130.0
 31
0.0
  0
TEXT
  5
576
330
17
100
AcDbEntity
  8
TEXT
100
AcDbText
 10
1517.0
 20
136.0
 30
0.0
 40
1.35
  1
уч.609
 11
1517.0
 21
136.0
 31
0.0
100
AcDbText
  0
LINE
  5
577
330
17
100
AcDbEntity
  8
GRAPH
100
AcDbLine
 10
1543.0
 20
130.0
 30
0.0
 11
1567.0
 21
130.0
 31
0.0
  0
LINE
  5
578
330
17
100
AcDbEntity
  8
GRAPH
100
AcDbLine
 10
1567.0
 20
130.0
 30
0.0
 11
1567.0
 21
146.0
 31
0.0
  0
LINE
  5
579
330
17
100
AcDbEntity
  8
GRAPH
100
AcDbLine
 10
1567.0
 20
146.0
 30
0.0
 11
1543.0
 21
146.0
 31
0.0
  0
LINE
  5
57A
330
17
100
AcDbEntity
  8
GRAPH
100
AcDbLine
 10
1543.0
 20
146.0
 30
0.0
 11
1543.0
 21
130.0
 31
0.0
  0
TEXT
  5
57B
330
17
100
AcDbEntity
  8
TEXT
100
AcDbText
 10
1544.0
 20
136.0
 30
0.0
 40
1.35
  1
уч.610
 11
1544.0
 21
136.0
 31
0.0
100
AcDbText
  0
LINE
  5
57C
330
17
100
AcDbEntity
  8
GRAPH
100
AcDbLine
 10
1570.0
 20
130.0
 30
0.0
 11
1594.0
 21
130.0
 31
0.0
  0
LINE
  5
57D
330
17
100
AcDbEntity
  8
GRAPH
100
AcDbLine
 10
1594.0
 20
130.0
 30
0.0
 11
1594.0
 21
146.0
 31
0.0
  0
LINE
  5
57E
330
17
100
AcDbEntity
  8
GRAPH
100
AcDbLine
 10
1594.0
 20
146.0
 30
0.0
 11
1570.0
 21
146.0
 31
0.0
  0
LINE
  5
57F
330
17
100
AcDbEntity
  8
GRAPH
100
AcDbLine
 10
1570.0
 20
146.0
 30
0.0
 11
1570.0
 21
130.0
 31
0.0
  0
TEXT
  5
580
330
17
100
AcDbEntity
  8
TEXT
100
AcDbText
 10
1571.0
 20
136.0
 30
0.0
 40
1.35
  1
уч.611
 11
1571.0
 21
136.0
 31
0.0
100
AcDbText
  0
LINE
  5
581
330
17
100
AcDbEntity
  8
GRAPH
100
AcDbLine
 10
1597.0
 20
130.0
 30
0.0
 11
1621.0
 21
130.0
 31
0.0
  0
LINE
  5
582
330
17
100
AcDbEntity
  8
GRAPH
100
AcDbLine
 10
1621.0
 20
130.0
 30
0.0
 11
1621.0
 21
146.0
 31
0.0
  0
LINE
  5
583
330
17
100
AcDbEntity
  8
GRAPH
100
AcDbLine
 10
1621.0
 20
146.0
 30
0.0
 11
1597.0
 21
146.0
 31
0.0
  0
LINE
  5
584
330
17
100
AcDbEntity
  8
GRAPH
100
AcDbLine
 10
1597.0
 20
146.0
 30
0.0
 11
1597.0
 21
130.0
 31
0.0
  0
TEXT
  5
585
330
17
100
AcDbEntity
  8
TEXT
100
AcDbText
 10
1598.0
 20
136.0
 30
0.0
 40
1.35
  1
уч.612
 11
1598.0
 21
136.0
 31
0.0
100
AcDbText
  0
LINE
  5
586
330
17
100
AcDbEntity
  8
GRAPH
100
AcDbLine
 10
1624.0
 20
130.0
 30
0.0
 11
1648.0
 21
130.0
 31
0.0
  0
LINE
  5
587
330
17
100
AcDbEntity
  8
GRAPH
100
AcDbLine
 10
1648.0
 20
130.0
 30
0.0
 11
1648.0
 21
146.0
 31
0.0
  0
LINE
  5
588
330
17
100
AcDbEntity
  8
GRAPH
100
AcDbLine
 10
1648.0
 20
146.0
 30
0.0
 11
1624.0
 21
146.0
 31
0.0
  0
LINE
  5
589
330
17
100
AcDbEntity
  8
GRAPH
100
AcDbLine
 10
1624.0
 20
146.0
 30
0.0
 11
1624.0
 21
130.0
 31
0.0
  0
TEXT
  5
58A
330
17
100
AcDbEntity
  8
TEXT
100
AcDbText
 10
1625.0
 20
136.0
 30
0.0
 40
1.35
  1
уч.613
 11
1625.0
 21
136.0
 31
0.0
100
AcDbText
  0
LINE
  5
58B
330
17
100
AcDbEntity
  8
GRAPH
100
AcDbLine
 10
1651.0
 20
130.0
 30
0.0
 11
1675.0
 21
130.0
 31
0.0
  0
LINE
  5
58C
330
17
100
AcDbEntity
  8
GRAPH
100
AcDbLine
 10
1675.0
 20
130.0
 30
0.0
 11
1675.0
 21
146.0
 31
0.0
  0
LINE
  5
58D
330
17
100
AcDbEntity
  8
GRAPH
100
AcDbLine
 10
1675.0
 20
146.0
 30
0.0
 11
1651.0
 21
146.0
 31
0.0
  0
LINE
  5
58E
330
17
100
AcDbEntity
  8
GRAPH
100
AcDbLine
 10
1651.0
 20
146.0
 30
0.0
 11
1651.0
 21
130.0
 31
0.0
  0
TEXT
  5
58F
330
17
100
AcDbEntity
  8
TEXT
100
AcDbText
 10
1652.0
 20
136.0
 30
0.0
 40
1.35
  1
уч.614
 11
1652.0
 21
136.0
 31
0.0
100
AcDbText
  0
LINE
  5
590
330
17
100
AcDbEntity
  8
GRAPH
100
AcDbLine
 10
1300.0
 20
148.0
 30
0.0
 11
1324.0
 21
148.0
 31
0.0
  0
LINE
  5
591
330
17
100
AcDbEntity
  8
GRAPH
100
AcDbLine
 10
1324.0
 20
148.0
 30
0.0
 11
1324.0
 21
164.0
 31
0.0
  0
LINE
  5
592
330
17
100
AcDbEntity
  8
GRAPH
100
AcDbLine
 10
1324.0
 20
164.0
 30
0.0
 11
1300.0
 21
164.0
 31
0.0
  0
LINE
  5
593
330
17
100
AcDbEntity
  8
GRAPH
100
AcDbLine
 10
1300.0
 20
164.0
 30
0.0
 11
1300.0
 21
148.0
 31
0.0
  0
TEXT
  5
594
330
17
100
AcDbEntity
  8
TEXT
100
AcDbText
 10
1301.0
 20
154.0
 30
0.0
 40
1.35
  1
уч.701
 11
1301.0
 21
154.0
 31
0.0
100
AcDbText
  0
LINE
  5
595
330
17
100
AcDbEntity
  8
GRAPH
100
AcDbLine
 10
1327.0
 20
148.0
 30
0.0
 11
1351.0
 21
148.0
 31
0.0
  0
LINE
  5
596
330
17
100
AcDbEntity
  8
GRAPH
100
AcDbLine
 10
1351.0
 20
148.0
 30
0.0
 11
1351.0
 21
164.0
 31
0.0
  0
LINE
  5
597
330
17
100
AcDbEntity
  8
GRAPH
100
AcDbLine
 10
1351.0
 20
164.0
 30
0.0
 11
1327.0
 21
164.0
 31
0.0
  0
LINE
  5
598
330
17
100
AcDbEntity
  8
GRAPH
100
AcDbLine
 10
1327.0
 20
164.0
 30
0.0
 11
1327.0
 21
148.0
 31
0.0
  0
TEXT
  5
599
330
17
100
AcDbEntity
  8
TEXT
100
AcDbText
 10
1328.0
 20
154.0
 30
0.0
 40
1.35
  1
уч.702
 11
1328.0
 21
154.0
 31
0.0
100
AcDbText
  0
LINE
  5
59A
330
17
100
AcDbEntity
  8
GRAPH
100
AcDbLine
 10
1354.0
 20
148.0
 30
0.0
 11
1378.0
 21
148.0
 31
0.0
  0
LINE
  5
59B
330
17
100
AcDbEntity
  8
GRAPH
100
AcDbLine
 10
1378.0
 20
148.0
 30
0.0
 11
1378.0
 21
164.0
 31
0.0
  0
LINE
  5
59C
330
17
100
AcDbEntity
  8
GRAPH
100
AcDbLine
 10
1378.0
 20
164.0
 30
0.0
 11
1354.0
 21
164.0
 31
0.0
  0
LINE
  5
59D
330
17
100
AcDbEntity
  8
GRAPH
100
AcDbLine
 10
1354.0
 20
164.0
 30
0.0
 11
1354.0
 21
148.0
 31
0.0
  0
TEXT
  5
59E
330
17
100
AcDbEntity
  8
TEXT
100
AcDbText
 10
1355.0
 20
154.0
 30
0.0
 40
1.35
  1
уч.703
 11
1355.0
 21
154.0
 31
0.0
100
AcDbText
  0
LINE
  5
59F
330
17
100
AcDbEntity
  8
GRAPH
100
AcDbLine
 10
1381.0
 20
148.0
 30
0.0
 11
1405.0
 21
148.0
 31
0.0
  0
LINE
  5
5A0
330
17
100
AcDbEntity
  8
GRAPH
100
AcDbLine
 10
1405.0
 20
148.0
 30
0.0
 11
1405.0
 21
164.0
 31
0.0
  0
LINE
  5
5A1
330
17
100
AcDbEntity
  8
GRAPH
100
AcDbLine
 10
1405.0
 20
164.0
 30
0.0
 11
1381.0
 21
164.0
 31
0.0
  0
LINE
  5
5A2
330
17
100
AcDbEntity
  8
GRAPH
100
AcDbLine
 10
1381.0
 20
164.0
 30
0.0
 11
1381.0
 21
148.0
 31
0.0
  0
TEXT
  5
5A3
330
17
100
AcDbEntity
  8
TEXT
100
AcDbText
 10
1382.0
 20
154.0
 30
0.0
 40
1.35
  1
уч.704
 11
1382.0
 21
154.0
 31
0.0
100
AcDbText
  0
LINE
  5
5A4
330
17
100
AcDbEntity
  8
GRAPH
100
AcDbLine
 10
1408.0
 20
148.0
 30
0.0
 11
1432.0
 21
148.0
 31
0.0
  0
LINE
  5
5A5
330
17
100
AcDbEntity
  8
GRAPH
100
AcDbLine
 10
1432.0
 20
148.0
 30
0.0
 11
1432.0
 21
164.0
 31
0.0
  0
LINE
  5
5A6
330
17
100
AcDbEntity
  8
GRAPH
100
AcDbLine
 10
1432.0
 20
164.0
 30
0.0
 11
1408.0
 21
164.0
 31
0.0
  0
LINE
  5
5A7
330
17
100
AcDbEntity
  8
GRAPH
100
AcDbLine
 10
1408.0
 20
164.0
 30
0.0
 11
1408.0
 21
148.0
 31
0.0
  0
TEXT
  5
5A8
330
17
100
AcDbEntity
  8
TEXT
100
AcDbText
 10
1409.0
 20
154.0
 30
0.0
 40
1.35
  1
уч.705
 11
1409.0
 21
154.0
 31
0.0
100
AcDbText
  0
LINE
  5
5A9
330
17
100
AcDbEntity
  8
GRAPH
100
AcDbLine
 10
1435.0
 20
148.0
 30
0.0
 11
1459.0
 21
148.0
 31
0.0
  0
LINE
  5
5AA
330
17
100
AcDbEntity
  8
GRAPH
100
AcDbLine
 10
1459.0
 20
148.0
 30
0.0
 11
1459.0
 21
164.0
 31
0.0
  0
LINE
  5
5AB
330
17
100
AcDbEntity
  8
GRAPH
100
AcDbLine
 10
1459.0
 20
164.0
 30
0.0
 11
1435.0
 21
164.0
 31
0.0
  0
LINE
  5
5AC
330
17
100
AcDbEntity
  8
GRAPH
100
AcDbLine
 10
1435.0
 20
164.0
 30
0.0
 11
1435.0
 21
148.0
 31
0.0
  0
TEXT
  5
5AD
330
17
100
AcDbEntity
  8
TEXT
100
AcDbText
 10
1436.0
 20
154.0
 30
0.0
 40
1.35
  1
уч.706
 11
1436.0
 21
154.0
 31
0.0
100
AcDbText
  0
LINE
  5
5AE
330
17
100
AcDbEntity
  8
GRAPH
100
AcDbLine
 10
1462.0
 20
148.0
 30
0.0
 11
1486.0
 21
148.0
 31
0.0
  0
LINE
  5
5AF
330
17
100
AcDbEntity
  8
GRAPH
100
AcDbLine
 10
1486.0
 20
148.0
 30
0.0
 11
1486.0
 21
164.0
 31
0.0
  0
LINE
  5
5B0
330
17
100
AcDbEntity
  8
GRAPH
100
AcDbLine
 10
1486.0
 20
164.0
 30
0.0
 11
1462.0
 21
164.0
 31
0.0
  0
LINE
  5
5B1
330
17
100
AcDbEntity
  8
GRAPH
100
AcDbLine
 10
1462.0
 20
164.0
 30
0.0
 11
1462.0
 21
148.0
 31
0.0
  0
TEXT
  5
5B2
330
17
100
AcDbEntity
  8
TEXT
100
AcDbText
 10
1463.0
 20
154.0
 30
0.0
 40
1.35
  1
уч.707
 11
1463.0
 21
154.0
 31
0.0
100
AcDbText
  0
LINE
  5
5B3
330
17
100
AcDbEntity
  8
GRAPH
100
AcDbLine
 10
1489.0
 20
148.0
 30
0.0
 11
1513.0
 21
148.0
 31
0.0
  0
LINE
  5
5B4
330
17
100
AcDbEntity
  8
GRAPH
100
AcDbLine
 10
1513.0
 20
148.0
 30
0.0
 11
1513.0
 21
164.0
 31
0.0
  0
LINE
  5
5B5
330
17
100
AcDbEntity
  8
GRAPH
100
AcDbLine
 10
1513.0
 20
164.0
 30
0.0
 11
1489.0
 21
164.0
 31
0.0
  0
LINE
  5
5B6
330
17
100
AcDbEntity
  8
GRAPH
100
AcDbLine
 10
1489.0
 20
164.0
 30
0.0
 11
1489.0
 21
148.0
 31
0.0
  0
TEXT
  5
5B7
330
17
100
AcDbEntity
  8
TEXT
100
AcDbText
 10
1490.0
 20
154.0
 30
0.0
 40
1.35
  1
уч.708
 11
1490.0
 21
154.0
 31
0.0
100
AcDbText
  0
LINE
  5
5B8
330
17
100
AcDbEntity
  8
GRAPH
100
AcDbLine
 10
1516.0
 20
148.0
 30
0.0
 11
1540.0
 21
148.0
 31
0.0
  0
LINE
  5
5B9
330
17
100
AcDbEntity
  8
GRAPH
100
AcDbLine
 10
1540.0
 20
148.0
 30
0.0
 11
1540.0
 21
164.0
 31
0.0
  0
LINE
  5
5BA
330
17
100
AcDbEntity
  8
GRAPH
100
AcDbLine
 10
1540.0
 20
164.0
 30
0.0
 11
1516.0
 21
164.0
 31
0.0
  0
LINE
  5
5BB
330
17
100
AcDbEntity
  8
GRAPH
100
AcDbLine
 10
1516.0
 20
164.0
 30
0.0
 11
1516.0
 21
148.0
 31
0.0
  0
TEXT
  5
5BC
330
17
100
AcDbEntity
  8
TEXT
100
AcDbText
 10
1517.0
 20
154.0
 30
0.0
 40
1.35
  1
уч.709
 11
1517.0
 21
154.0
 31
0.0
100
AcDbText
  0
LINE
  5
5BD
330
17
100
AcDbEntity
  8
GRAPH
100
AcDbLine
 10
1543.0
 20
148.0
 30
0.0
 11
1567.0
 21
148.0
 31
0.0
  0
LINE
  5
5BE
330
17
100
AcDbEntity
  8
GRAPH
100
AcDbLine
 10
1567.0
 20
148.0
 30
0.0
 11
1567.0
 21
164.0
 31
0.0
  0
LINE
  5
5BF
330
17
100
AcDbEntity
  8
GRAPH
100
AcDbLine
 10
1567.0
 20
164.0
 30
0.0
 11
1543.0
 21
164.0
 31
0.0
  0
LINE
  5
5C0
330
17
100
AcDbEntity
  8
GRAPH
100
AcDbLine
 10
1543.0
 20
164.0
 30
0.0
 11
1543.0
 21
148.0
 31
0.0
  0
TEXT
  5
5C1
330
17
100
AcDbEntity
  8
TEXT
100
AcDbText
 10
1544.0
 20
154.0
 30
0.0
 40
1.35
  1
уч.710
 11
1544.0
 21
154.0
 31
0.0
100
AcDbText
  0
LINE
  5
5C2
330
17
100
AcDbEntity
  8
GRAPH
100
AcDbLine
 10
1570.0
 20
148.0
 30
0.0
 11
1594.0
 21
148.0
 31
0.0
  0
LINE
  5
5C3
330
17
100
AcDbEntity
  8
GRAPH
100
AcDbLine
 10
1594.0
 20
148.0
 30
0.0
 11
1594.0
 21
164.0
 31
0.0
  0
LINE
  5
5C4
330
17
100
AcDbEntity
  8
GRAPH
100
AcDbLine
 10
1594.0
 20
164.0
 30
0.0
 11
1570.0
 21
164.0
 31
0.0
  0
LINE
  5
5C5
330
17
100
AcDbEntity
  8
GRAPH
100
AcDbLine
 10
1570.0
 20
164.0
 30
0.0
 11
1570.0
 21
148.0
 31
0.0
  0
TEXT
  5
5C6
330
17
100
AcDbEntity
  8
TEXT
100
AcDbText
 10
1571.0
 20
154.0
 30
0.0
 40
1.35
  1
уч.711
 11
1571.0
 21
154.0
 31
0.0
100
AcDbText
  0
LINE
  5
5C7
330
17
100
AcDbEntity
  8
GRAPH
100
AcDbLine
 10
1597.0
 20
148.0
 30
0.0
 11
1621.0
 21
148.0
 31
0.0
  0
LINE
  5
5C8
330
17
100
AcDbEntity
  8
GRAPH
100
AcDbLine
 10
1621.0
 20
148.0
 30
0.0
 11
1621.0
 21
164.0
 31
0.0
  0
LINE
  5
5C9
330
17
100
AcDbEntity
  8
GRAPH
100
AcDbLine
 10
1621.0
 20
164.0
 30
0.0
 11
1597.0
 21
164.0
 31
0.0
  0
LINE
  5
5CA
330
17
100
AcDbEntity
  8
GRAPH
100
AcDbLine
 10
1597.0
 20
164.0
 30
0.0
 11
1597.0
 21
148.0
 31
0.0
  0
TEXT
  5
5CB
330
17
100
AcDbEntity
  8
TEXT
100
AcDbText
 10
1598.0
 20
154.0
 30
0.0
 40
1.35
  1
уч.712
 11
1598.0
 21
154.0
 31
0.0
100
AcDbText
  0
LINE
  5
5CC
330
17
100
AcDbEntity
  8
GRAPH
100
AcDbLine
 10
1624.0
 20
148.0
 30
0.0
 11
1648.0
 21
148.0
 31
0.0
  0
LINE
  5
5CD
330
17
100
AcDbEntity
  8
GRAPH
100
AcDbLine
 10
1648.0
 20
148.0
 30
0.0
 11
1648.0
 21
164.0
 31
0.0
  0
LINE
  5
5CE
330
17
100
AcDbEntity
  8
GRAPH
100
AcDbLine
 10
1648.0
 20
164.0
 30
0.0
 11
1624.0
 21
164.0
 31
0.0
  0
LINE
  5
5CF
330
17
100
AcDbEntity
  8
GRAPH
100
AcDbLine
 10
1624.0
 20
164.0
 30
0.0
 11
1624.0
 21
148.0
 31
0.0
  0
TEXT
  5
5D0
330
17
100
AcDbEntity
  8
TEXT
100
AcDbText
 10
1625.0
 20
154.0
 30
0.0
 40
1.35
  1
уч.713
 11
1625.0
 21
154.0
 31
0.0
100
AcDbText
  0
LINE
  5
5D1
330
17
100
AcDbEntity
  8
GRAPH
100
AcDbLine
 10
1651.0
 20
148.0
 30
0.0
 11
1675.0
 21
148.0
 31
0.0
  0
LINE
  5
5D2
330
17
100
AcDbEntity
  8
GRAPH
100
AcDbLine
 10
1675.0
 20
148.0
 30
0.0
 11
1675.0
 21
164.0
 31
0.0
  0
LINE
  5
5D3
330
17
100
AcDbEntity
  8
GRAPH
100
AcDbLine
 10
1675.0
 20
164.0
 30
0.0
 11
1651.0
 21
164.0
 31
0.0
  0
LINE
  5
5D4
330
17
100
AcDbEntity
  8
GRAPH
100
AcDbLine
 10
1651.0
 20
164.0
 30
0.0
 11
1651.0
 21
148.0
 31
0.0
  0
TEXT
  5
5D5
330
17
100
AcDbEntity
  8
TEXT
100
AcDbText
 10
1652.0
 20
154.0
 30
0.0
 40
1.35
  1
уч.714
 11
1652.0
 21
154.0
 31
0.0
100
AcDbText
  0
LINE
  5
5D6
330
17
100
AcDbEntity
  8
GRAPH
100
AcDbLine
 10
1300.0
 20
166.0
 30
0.0
 11
1324.0
 21
166.0
 31
0.0
  0
LINE
  5
5D7
330
17
100
AcDbEntity
  8
GRAPH
100
AcDbLine
 10
1324.0
 20
166.0
 30
0.0
 11
1324.0
 21
182.0
 31
0.0
  0
LINE
  5
5D8
330
17
100
AcDbEntity
  8
GRAPH
100
AcDbLine
 10
1324.0
 20
182.0
 30
0.0
 11
1300.0
 21
182.0
 31
0.0
  0
LINE
  5
5D9
330
17
100
AcDbEntity
  8
GRAPH
100
AcDbLine
 10
1300.0
 20
182.0
 30
0.0
 11
1300.0
 21
166.0
 31
0.0
  0
TEXT
  5
5DA
330
17
100
AcDbEntity
  8
TEXT
100
AcDbText
 10
1301.0
 20
172.0
 30
0.0
 40
1.35
  1
уч.801
 11
1301.0
 21
172.0
 31
0.0
100
AcDbText
  0
LINE
  5
5DB
330
17
100
AcDbEntity
  8
GRAPH
100
AcDbLine
 10
1327.0
 20
166.0
 30
0.0
 11
1351.0
 21
166.0
 31
0.0
  0
LINE
  5
5DC
330
17
100
AcDbEntity
  8
GRAPH
100
AcDbLine
 10
1351.0
 20
166.0
 30
0.0
 11
1351.0
 21
182.0
 31
0.0
  0
LINE
  5
5DD
330
17
100
AcDbEntity
  8
GRAPH
100
AcDbLine
 10
1351.0
 20
182.0
 30
0.0
 11
1327.0
 21
182.0
 31
0.0
  0
LINE
  5
5DE
330
17
100
AcDbEntity
  8
GRAPH
100
AcDbLine
 10
1327.0
 20
182.0
 30
0.0
 11
1327.0
 21
166.0
 31
0.0
  0
TEXT
  5
5DF
330
17
100
AcDbEntity
  8
TEXT
100
AcDbText
 10
1328.0
 20
172.0
 30
0.0
 40
1.35
  1
уч.802
 11
1328.0
 21
172.0
 31
0.0
100
AcDbText
  0
LINE
  5
5E0
330
17
100
AcDbEntity
  8
GRAPH
100
AcDbLine
 10
1354.0
 20
166.0
 30
0.0
 11
1378.0
 21
166.0
 31
0.0
  0
LINE
  5
5E1
330
17
100
AcDbEntity
  8
GRAPH
100
AcDbLine
 10
1378.0
 20
166.0
 30
0.0
 11
1378.0
 21
182.0
 31
0.0
  0
LINE
  5
5E2
330
17
100
AcDbEntity
  8
GRAPH
100
AcDbLine
 10
1378.0
 20
182.0
 30
0.0
 11
1354.0
 21
182.0
 31
0.0
  0
LINE
  5
5E3
330
17
100
AcDbEntity
  8
GRAPH
100
AcDbLine
 10
1354.0
 20
182.0
 30
0.0
 11
1354.0
 21
166.0
 31
0.0
  0
TEXT
  5
5E4
330
17
100
AcDbEntity
  8
TEXT
100
AcDbText
 10
1355.0
 20
172.0
 30
0.0
 40
1.35
  1
уч.803
 11
1355.0
 21
172.0
 31
0.0
100
AcDbText
  0
LINE
  5
5E5
330
17
100
AcDbEntity
  8
GRAPH
100
AcDbLine
 10
1381.0
 20
166.0
 30
0.0
 11
1405.0
 21
166.0
 31
0.0
  0
LINE
  5
5E6
330
17
100
AcDbEntity
  8
GRAPH
100
AcDbLine
 10
1405.0
 20
166.0
 30
0.0
 11
1405.0
 21
182.0
 31
0.0
  0
LINE
  5
5E7
330
17
100
AcDbEntity
  8
GRAPH
100
AcDbLine
 10
1405.0
 20
182.0
 30
0.0
 11
1381.0
 21
182.0
 31
0.0
  0
LINE
  5
5E8
330
17
100
AcDbEntity
  8
GRAPH
100
AcDbLine
 10
1381.0
 20
182.0
 30
0.0
 11
1381.0
 21
166.0
 31
0.0
  0
TEXT
  5
5E9
330
17
100
AcDbEntity
  8
TEXT
100
AcDbText
 10
1382.0
 20
172.0
 30
0.0
 40
1.35
  1
уч.804
 11
1382.0
 21
172.0
 31
0.0
100
AcDbText
  0
LINE
  5
5EA
330
17
100
AcDbEntity
  8
GRAPH
100
AcDbLine
 10
1408.0
 20
166.0
 30
0.0
 11
1432.0
 21
166.0
 31
0.0
  0
LINE
  5
5EB
330
17
100
AcDbEntity
  8
GRAPH
100
AcDbLine
 10
1432.0
 20
166.0
 30
0.0
 11
1432.0
 21
182.0
 31
0.0
  0
LINE
  5
5EC
330
17
100
AcDbEntity
  8
GRAPH
100
AcDbLine
 10
1432.0
 20
182.0
 30
0.0
 11
1408.0
 21
182.0
 31
0.0
  0
LINE
  5
5ED
330
17
100
AcDbEntity
  8
GRAPH
100
AcDbLine
 10
1408.0
 20
182.0
 30
0.0
 11
1408.0
 21
166.0
 31
0.0
  0
TEXT
  5
5EE
330
17
100
AcDbEntity
  8
TEXT
100
AcDbText
 10
1409.0
 20
172.0
 30
0.0
 40
1.35
  1
уч.805
 11
1409.0
 21
172.0
 31
0.0
100
AcDbText
  0
LINE
  5
5EF
330
17
100
AcDbEntity
  8
GRAPH
100
AcDbLine
 10
1435.0
 20
166.0
 30
0.0
 11
1459.0
 21
166.0
 31
0.0
  0
LINE
  5
5F0
330
17
100
AcDbEntity
  8
GRAPH
100
AcDbLine
 10
1459.0
 20
166.0
 30
0.0
 11
1459.0
 21
182.0
 31
0.0
  0
LINE
  5
5F1
330
17
100
AcDbEntity
  8
GRAPH
100
AcDbLine
 10
1459.0
 20
182.0
 30
0.0
 11
1435.0
 21
182.0
 31
0.0
  0
LINE
  5
5F2
330
17
100
AcDbEntity
  8
GRAPH
100
AcDbLine
 10
1435.0
 20
182.0
 30
0.0
 11
1435.0
 21
166.0
 31
0.0
  0
TEXT
  5
5F3
330
17
100
AcDbEntity
  8
TEXT
100
AcDbText
 10
1436.0
 20
172.0
 30
0.0
 40
1.35
  1
уч.806
 11
1436.0
 21
172.0
 31
0.0
100
AcDbText
  0
LINE
  5
5F4
330
17
100
AcDbEntity
  8
GRAPH
100
AcDbLine
 10
1462.0
 20
166.0
 30
0.0
 11
1486.0
 21
166.0
 31
0.0
  0
LINE
  5
5F5
330
17
100
AcDbEntity
  8
GRAPH
100
AcDbLine
 10
1486.0
 20
166.0
 30
0.0
 11
1486.0
 21
182.0
 31
0.0
  0
LINE
  5
5F6
330
17
100
AcDbEntity
  8
GRAPH
100
AcDbLine
 10
1486.0
 20
182.0
 30
0.0
 11
1462.0
 21
182.0
 31
0.0
  0
LINE
  5
5F7
330
17
100
AcDbEntity
  8
GRAPH
100
AcDbLine
 10
1462.0
 20
182.0
 30
0.0
 11
1462.0
 21
166.0
 31
0.0
  0
TEXT
  5
5F8
330
17
100
AcDbEntity
  8
TEXT
100
AcDbText
 10
1463.0
 20
172.0
 30
0.0
 40
1.35
  1
уч.807
 11
1463.0
 21
172.0
 31
0.0
100
AcDbText
  0
LINE
  5
5F9
330
17
100
AcDbEntity
  8
GRAPH
100
AcDbLine
 10
1489.0
 20
166.0
 30
0.0
 11
1513.0
 21
166.0
 31
0.0
  0
LINE
  5
5FA
330
17
100
AcDbEntity
  8
GRAPH
100
AcDbLine
 10
1513.0
 20
166.0
 30
0.0
 11
1513.0
 21
182.0
 31
0.0
  0
LINE
  5
5FB
330
17
100
AcDbEntity
  8
GRAPH
100
AcDbLine
 10
1513.0
 20
182.0
 30
0.0
 11
1489.0
 21
182.0
 31
0.0
  0
LINE
  5
5FC
330
17
100
AcDbEntity
  8
GRAPH
100
AcDbLine
 10
1489.0
 20
182.0
 30
0.0
 11
1489.0
 21
166.0
 31
0.0
  0
TEXT
  5
5FD
330
17
100
AcDbEntity
  8
TEXT
100
AcDbText
 10
1490.0
 20
172.0
 30
0.0
 40
1.35
  1
уч.808
 11
1490.0
 21
172.0
 31
0.0
100
AcDbText
  0
LINE
  5
5FE
330
17
100
AcDbEntity
  8
GRAPH
100
AcDbLine
 10
1516.0
 20
166.0
 30
0.0
 11
1540.0
 21
166.0
 31
0.0
  0
LINE
  5
5FF
330
17
100
AcDbEntity
  8
GRAPH
100
AcDbLine
 10
1540.0
 20
166.0
 30
0.0
 11
1540.0
 21
182.0
 31
0.0
  0
LINE
  5
600
330
17
100
AcDbEntity
  8
GRAPH
100
AcDbLine
 10
1540.0
 20
182.0
 30
0.0
 11
1516.0
 21
182.0
 31
0.0
  0
LINE
  5
601
330
17
100
AcDbEntity
  8
GRAPH
100
AcDbLine
 10
1516.0
 20
182.0
 30
0.0
 11
1516.0
 21
166.0
 31
0.0
  0
TEXT
  5
602
330
17
100
AcDbEntity
  8
TEXT
100
AcDbText
 10
1517.0
 20
172.0
 30
0.0
 40
1.35
  1
уч.809
 11
1517.0
 21
172.0
 31
0.0
100
AcDbText
  0
LINE
  5
603
330
17
100
AcDbEntity
  8
GRAPH
100
AcDbLine
 10
1543.0
 20
166.0
 30
0.0
 11
1567.0
 21
166.0
 31
0.0
  0
LINE
  5
604
330
17
100
AcDbEntity
  8
GRAPH
100
AcDbLine
 10
1567.0
 20
166.0
 30
0.0
 11
1567.0
 21
182.0
 31
0.0
  0
LINE
  5
605
330
17
100
AcDbEntity
  8
GRAPH
100
AcDbLine
 10
1567.0
 20
182.0
 30
0.0
 11
1543.0
 21
182.0
 31
0.0
  0
LINE
  5
606
330
17
100
AcDbEntity
  8
GRAPH
100
AcDbLine
 10
1543.0
 20
182.0
 30
0.0
 11
1543.0
 21
166.0
 31
0.0
  0
TEXT
  5
607
330
17
100
AcDbEntity
  8
TEXT
100
AcDbText
 10
1544.0
 20
172.0
 30
0.0
 40
1.35
  1
уч.810
 11
1544.0
 21
172.0
 31
0.0
100
AcDbText
  0
LINE
  5
608
330
17
100
AcDbEntity
  8
GRAPH
100
AcDbLine
 10
1570.0
 20
166.0
 30
0.0
 11
1594.0
 21
166.0
 31
0.0
  0
LINE
  5
609
330
17
100
AcDbEntity
  8
GRAPH
100
AcDbLine
 10
1594.0
 20
166.0
 30
0.0
 11
1594.0
 21
182.0
 31
0.0
  0
LINE
  5
60A
330
17
100
AcDbEntity
  8
GRAPH
100
AcDbLine
 10
1594.0
 20
182.0
 30
0.0
 11
1570.0
 21
182.0
 31
0.0
  0
LINE
  5
60B
330
17
100
AcDbEntity
  8
GRAPH
100
AcDbLine
 10
1570.0
 20
182.0
 30
0.0
 11
1570.0
 21
166.0
 31
0.0
  0
TEXT
  5
60C
330
17
100
AcDbEntity
  8
TEXT
100
AcDbText
 10
1571.0
 20
172.0
 30
0.0
 40
1.35
  1
уч.811
 11
1571.0
 21
172.0
 31
0.0
100
AcDbText
  0
LINE
  5
60D
330
17
100
AcDbEntity
  8
GRAPH
100
AcDbLine
 10
1597.0
 20
166.0
 30
0.0
 11
1621.0
 21
166.0
 31
0.0
  0
LINE
  5
60E
330
17
100
AcDbEntity
  8
GRAPH
100
AcDbLine
 10
1621.0
 20
166.0
 30
0.0
 11
1621.0
 21
182.0
 31
0.0
  0
LINE
  5
60F
330
17
100
AcDbEntity
  8
GRAPH
100
AcDbLine
 10
1621.0
 20
182.0
 30
0.0
 11
1597.0
 21
182.0
 31
0.0
  0
LINE
  5
610
330
17
100
AcDbEntity
  8
GRAPH
100
AcDbLine
 10
1597.0
 20
182.0
 30
0.0
 11
1597.0
 21
166.0
 31
0.0
  0
TEXT
  5
611
330
17
100
AcDbEntity
  8
TEXT
100
AcDbText
 10
1598.0
 20
172.0
 30
0.0
 40
1.35
  1
уч.812
 11
1598.0
 21
172.0
 31
0.0
100
AcDbText
  0
LINE
  5
612
330
17
100
AcDbEntity
  8
GRAPH
100
AcDbLine
 10
1624.0
 20
166.0
 30
0.0
 11
1648.0
 21
166.0
 31
0.0
  0
LINE
  5
613
330
17
100
AcDbEntity
  8
GRAPH
100
AcDbLine
 10
1648.0
 20
166.0
 30
0.0
 11
1648.0
 21
182.0
 31
0.0
  0
LINE
  5
614
330
17
100
AcDbEntity
  8
GRAPH
100
AcDbLine
 10
1648.0
 20
182.0
 30
0.0
 11
1624.0
 21
182.0
 31
0.0
  0
LINE
  5
615
330
17
100
AcDbEntity
  8
GRAPH
100
AcDbLine
 10
1624.0
 20
182.0
 30
0.0
 11
1624.0
 21
166.0
 31
0.0
  0
TEXT
  5
616
330
17
100
AcDbEntity
  8
TEXT
100
AcDbText
 10
1625.0
 20
172.0
 30
0.0
 40
1.35
  1
уч.813
 11
1625.0
 21
172.0
 31
0.0
100
AcDbText
  0
LINE
  5
617
330
17
100
AcDbEntity
  8
GRAPH
100
AcDbLine
 10
1651.0
 20
166.0
 30
0.0
 11
1675.0
 21
166.0
 31
0.0
  0
LINE
  5
618
330
17
100
AcDbEntity
  8
GRAPH
100
AcDbLine
 10
1675.0
 20
166.0
 30
0.0
 11
1675.0
 21
182.0
 31
0.0
  0
LINE
  5
619
330
17
100
AcDbEntity
  8
GRAPH
100
AcDbLine
 10
1675.0
 20
182.0
 30
0.0
 11
1651.0
 21
182.0
 31
0.0
  0
LINE
  5
61A
330
17
100
AcDbEntity
  8
GRAPH
100
AcDbLine
 10
1651.0
 20
182.0
 30
0.0
 11
1651.0
 21
166.0
 31
0.0
  0
TEXT
  5
61B
330
17
100
AcDbEntity
  8
TEXT
100
AcDbText
 10
1652.0
 20
172.0
 30
0.0
 40
1.35
  1
уч.814
 11
1652.0
 21
172.0
 31
0.0
100
AcDbText
  0
LINE
  5
61C
330
17
100
AcDbEntity
  8
GRAPH
100
AcDbLine
 10
1300.0
 20
184.0
 30
0.0
 11
1324.0
 21
184.0
 31
0.0
  0
LINE
  5
61D
330
17
100
AcDbEntity
  8
GRAPH
100
AcDbLine
 10
1324.0
 20
184.0
 30
0.0
 11
1324.0
 21
200.0
 31
0.0
  0
LINE
  5
61E
330
17
100
AcDbEntity
  8
GRAPH
100
AcDbLine
 10
1324.0
 20
200.0
 30
0.0
 11
1300.0
 21
200.0
 31
0.0
  0
LINE
  5
61F
330
17
100
AcDbEntity
  8
GRAPH
100
AcDbLine
 10
1300.0
 20
200.0
 30
0.0
 11
1300.0
 21
184.0
 31
0.0
  0
TEXT
  5
620
330
17
100
AcDbEntity
  8
TEXT
100
AcDbText
 10
1301.0
 20
190.0
 30
0.0
 40
1.35
  1
уч.901
 11
1301.0
 21
190.0
 31
0.0
100
AcDbText
  0
LINE
  5
621
330
17
100
AcDbEntity
  8
GRAPH
100
AcDbLine
 10
1327.0
 20
184.0
 30
0.0
 11
1351.0
 21
184.0
 31
0.0
  0
LINE
  5
622
330
17
100
AcDbEntity
  8
GRAPH
100
AcDbLine
 10
1351.0
 20
184.0
 30
0.0
 11
1351.0
 21
200.0
 31
0.0
  0
LINE
  5
623
330
17
100
AcDbEntity
  8
GRAPH
100
AcDbLine
 10
1351.0
 20
200.0
 30
0.0
 11
1327.0
 21
200.0
 31
0.0
  0
LINE
  5
624
330
17
100
AcDbEntity
  8
GRAPH
100
AcDbLine
 10
1327.0
 20
200.0
 30
0.0
 11
1327.0
 21
184.0
 31
0.0
  0
TEXT
  5
625
330
17
100
AcDbEntity
  8
TEXT
100
AcDbText
 10
1328.0
 20
190.0
 30
0.0
 40
1.35
  1
уч.902
 11
1328.0
 21
190.0
 31
0.0
100
AcDbText
  0
LINE
  5
626
330
17
100
AcDbEntity
  8
GRAPH
100
AcDbLine
 10
1354.0
 20
184.0
 30
0.0
 11
1378.0
 21
184.0
 31
0.0
  0
LINE
  5
627
330
17
100
AcDbEntity
  8
GRAPH
100
AcDbLine
 10
1378.0
 20
184.0
 30
0.0
 11
1378.0
 21
200.0
 31
0.0
  0
LINE
  5
628
330
17
100
AcDbEntity
  8
GRAPH
100
AcDbLine
 10
1378.0
 20
200.0
 30
0.0
 11
1354.0
 21
200.0
 31
0.0
  0
LINE
  5
629
330
17
100
AcDbEntity
  8
GRAPH
100
AcDbLine
 10
1354.0
 20
200.0
 30
0.0
 11
1354.0
 21
184.0
 31
0.0
  0
TEXT
  5
62A
330
17
100
AcDbEntity
  8
TEXT
100
AcDbText
 10
1355.0
 20
190.0
 30
0.0
 40
1.35
  1
уч.903
 11
1355.0
 21
190.0
 31
0.0
100
AcDbText
  0
LINE
  5
62B
330
17
100
AcDbEntity
  8
GRAPH
100
AcDbLine
 10
1381.0
 20
184.0
 30
0.0
 11
1405.0
 21
184.0
 31
0.0
  0
LINE
  5
62C
330
17
100
AcDbEntity
  8
GRAPH
100
AcDbLine
 10
1405.0
 20
184.0
 30
0.0
 11
1405.0
 21
200.0
 31
0.0
  0
LINE
  5
62D
330
17
100
AcDbEntity
  8
GRAPH
100
AcDbLine
 10
1405.0
 20
200.0
 30
0.0
 11
1381.0
 21
200.0
 31
0.0
  0
LINE
  5
62E
330
17
100
AcDbEntity
  8
GRAPH
100
AcDbLine
 10
1381.0
 20
200.0
 30
0.0
 11
1381.0
 21
184.0
 31
0.0
  0
TEXT
  5
62F
330
17
100
AcDbEntity
  8
TEXT
100
AcDbText
 10
1382.0
 20
190.0
 30
0.0
 40
1.35
  1
уч.904
 11
1382.0
 21
190.0
 31
0.0
100
AcDbText
  0
LINE
  5
630
330
17
100
AcDbEntity
  8
GRAPH
100
AcDbLine
 10
1408.0
 20
184.0
 30
0.0
 11
1432.0
 21
184.0
 31
0.0
  0
LINE
  5
631
330
17
100
AcDbEntity
  8
GRAPH
100
AcDbLine
 10
1432.0
 20
184.0
 30
0.0
 11
1432.0
 21
200.0
 31
0.0
  0
LINE
  5
632
330
17
100
AcDbEntity
  8
GRAPH
100
AcDbLine
 10
1432.0
 20
200.0
 30
0.0
 11
1408.0
 21
200.0
 31
0.0
  0
LINE
  5
633
330
17
100
AcDbEntity
  8
GRAPH
100
AcDbLine
 10
1408.0
 20
200.0
 30
0.0
 11
1408.0
 21
184.0
 31
0.0
  0
TEXT
  5
634
330
17
100
AcDbEntity
  8
TEXT
100
AcDbText
 10
1409.0
 20
190.0
 30
0.0
 40
1.35
  1
уч.905
 11
1409.0
 21
190.0
 31
0.0
100
AcDbText
  0
LINE
  5
635
330
17
100
AcDbEntity
  8
GRAPH
100
AcDbLine
 10
1435.0
 20
184.0
 30
0.0
 11
1459.0
 21
184.0
 31
0.0
  0
LINE
  5
636
330
17
100
AcDbEntity
  8
GRAPH
100
AcDbLine
 10
1459.0
 20
184.0
 30
0.0
 11
1459.0
 21
200.0
 31
0.0
  0
LINE
  5
637
330
17
100
AcDbEntity
  8
GRAPH
100
AcDbLine
 10
1459.0
 20
200.0
 30
0.0
 11
1435.0
 21
200.0
 31
0.0
  0
LINE
  5
638
330
17
100
AcDbEntity
  8
GRAPH
100
AcDbLine
 10
1435.0
 20
200.0
 30
0.0
 11
1435.0
 21
184.0
 31
0.0
  0
TEXT
  5
639
330
17
100
AcDbEntity
  8
TEXT
100
AcDbText
 10
1436.0
 20
190.0
 30
0.0
 40
1.35
  1
уч.906
 11
1436.0
 21
190.0
 31
0.0
100
AcDbText
  0
LINE
  5
63A
330
17
100
AcDbEntity
  8
GRAPH
100
AcDbLine
 10
1462.0
 20
184.0
 30
0.0
 11
1486.0
 21
184.0
 31
0.0
  0
LINE
  5
63B
330
17
100
AcDbEntity
  8
GRAPH
100
AcDbLine
 10
1486.0
 20
184.0
 30
0.0
 11
1486.0
 21
200.0
 31
0.0
  0
LINE
  5
63C
330
17
100
AcDbEntity
  8
GRAPH
100
AcDbLine
 10
1486.0
 20
200.0
 30
0.0
 11
1462.0
 21
200.0
 31
0.0
  0
LINE
  5
63D
330
17
100
AcDbEntity
  8
GRAPH
100
AcDbLine
 10
1462.0
 20
200.0
 30
0.0
 11
1462.0
 21
184.0
 31
0.0
  0
TEXT
  5
63E
330
17
100
AcDbEntity
  8
TEXT
100
AcDbText
 10
1463.0
 20
190.0
 30
0.0
 40
1.35
  1
уч.907
 11
1463.0
 21
190.0
 31
0.0
100
AcDbText
  0
LINE
  5
63F
330
17
100
AcDbEntity
  8
GRAPH
100
AcDbLine
 10
1489.0
 20
184.0
 30
0.0
 11
1513.0
 21
184.0
 31
0.0
  0
LINE
  5
640
330
17
100
AcDbEntity
  8
GRAPH
100
AcDbLine
 10
1513.0
 20
184.0
 30
0.0
 11
1513.0
 21
200.0
 31
0.0
  0
LINE
  5
641
330
17
100
AcDbEntity
  8
GRAPH
100
AcDbLine
 10
1513.0
 20
200.0
 30
0.0
 11
1489.0
 21
200.0
 31
0.0
  0
LINE
  5
642
330
17
100
AcDbEntity
  8
GRAPH
100
AcDbLine
 10
1489.0
 20
200.0
 30
0.0
 11
1489.0
 21
184.0
 31
0.0
  0
TEXT
  5
643
330
17
100
AcDbEntity
  8
TEXT
100
AcDbText
 10
1490.0
 20
190.0
 30
0.0
 40
1.35
  1
уч.908
 11
1490.0
 21
190.0
 31
0.0
100
AcDbText
  0
LINE
  5
644
330
17
100
AcDbEntity
  8
GRAPH
100
AcDbLine
 10
1516.0
 20
184.0
 30
0.0
 11
1540.0
 21
184.0
 31
0.0
  0
LINE
  5
645
330
17
100
AcDbEntity
  8
GRAPH
100
AcDbLine
 10
1540.0
 20
184.0
 30
0.0
 11
1540.0
 21
200.0
 31
0.0
  0
LINE
  5
646
330
17
100
AcDbEntity
  8
GRAPH
100
AcDbLine
 10
1540.0
 20
200.0
 30
0.0
 11
1516.0
 21
200.0
 31
0.0
  0
LINE
  5
647
330
17
100
AcDbEntity
  8
GRAPH
100
AcDbLine
 10
1516.0
 20
200.0
 30
0.0
 11
1516.0
 21
184.0
 31
0.0
  0
TEXT
  5
648
330
17
100
AcDbEntity
  8
TEXT
100
AcDbText
 10
1517.0
 20
190.0
 30
0.0
 40
1.35
  1
уч.909
 11
1517.0
 21
190.0
 31
0.0
100
AcDbText
  0
LINE
  5
649
330
17
100
AcDbEntity
  8
GRAPH
100
AcDbLine
 10
1543.0
 20
184.0
 30
0.0
 11
1567.0
 21
184.0
 31
0.0
  0
LINE
  5
64A
330
17
100
AcDbEntity
  8
GRAPH
100
AcDbLine
 10
1567.0
 20
184.0
 30
0.0
 11
1567.0
 21
200.0
 31
0.0
  0
LINE
  5
64B
330
17
100
AcDbEntity
  8
GRAPH
100
AcDbLine
 10
1567.0
 20
200.0
 30
0.0
 11
1543.0
 21
200.0
 31
0.0
  0
LINE
  5
64C
330
17
100
AcDbEntity
  8
GRAPH
100
AcDbLine
 10
1543.0
 20
200.0
 30
0.0
 11
1543.0
 21
184.0
 31
0.0
  0
TEXT
  5
64D
330
17
100
AcDbEntity
  8
TEXT
100
AcDbText
 10
1544.0
 20
190.0
 30
0.0
 40
1.35
  1
уч.910
 11
1544.0
 21
190.0
 31
0.0
100
AcDbText
  0
LINE
  5
64E
330
17
100
AcDbEntity
  8
GRAPH
100
AcDbLine
 10
1570.0
 20
184.0
 30
0.0
 11
1594.0
 21
184.0
 31
0.0
  0
LINE
  5
64F
330
17
100
AcDbEntity
  8
GRAPH
100
AcDbLine
 10
1594.0
 20
184.0
 30
0.0
 11
1594.0
 21
200.0
 31
0.0
  0
LINE
  5
650
330
17
100
AcDbEntity
  8
GRAPH
100
AcDbLine
 10
1594.0
 20
200.0
 30
0.0
 11
1570.0
 21
200.0
 31
0.0
  0
LINE
  5
651
330
17
100
AcDbEntity
  8
GRAPH
100
AcDbLine
 10
1570.0
 20
200.0
 30
0.0
 11
1570.0
 21
184.0
 31
0.0
  0
TEXT
  5
652
330
17
100
AcDbEntity
  8
TEXT
100
AcDbText
 10
1571.0
 20
190.0
 30
0.0
 40
1.35
  1
уч.911
 11
1571.0
 21
190.0
 31
0.0
100
AcDbText
  0
LINE
  5
653
330
17
100
AcDbEntity
  8
GRAPH
100
AcDbLine
 10
1597.0
 20
184.0
 30
0.0
 11
1621.0
 21
184.0
 31
0.0
  0
LINE
  5
654
330
17
100
AcDbEntity
  8
GRAPH
100
AcDbLine
 10
1621.0
 20
184.0
 30
0.0
 11
1621.0
 21
200.0
 31
0.0
  0
LINE
  5
655
330
17
100
AcDbEntity
  8
GRAPH
100
AcDbLine
 10
1621.0
 20
200.0
 30
0.0
 11
1597.0
 21
200.0
 31
0.0
  0
LINE
  5
656
330
17
100
AcDbEntity
  8
GRAPH
100
AcDbLine
 10
1597.0
 20
200.0
 30
0.0
 11
1597.0
 21
184.0
 31
0.0
  0
TEXT
  5
657
330
17
100
AcDbEntity
  8
TEXT
100
AcDbText
 10
1598.0
 20
190.0
 30
0.0
 40
1.35
  1
уч.912
 11
1598.0
 21
190.0
 31
0.0
100
AcDbText
  0
LINE
  5
658
330
17
100
AcDbEntity
  8
GRAPH
100
AcDbLine
 10
1624.0
 20
184.0
 30
0.0
 11
1648.0
 21
184.0
 31
0.0
  0
LINE
  5
659
330
17
100
AcDbEntity
  8
GRAPH
100
AcDbLine
 10
1648.0
 20
184.0
 30
0.0
 11
1648.0
 21
200.0
 31
0.0
  0
LINE
  5
65A
330
17
100
AcDbEntity
  8
GRAPH
100
AcDbLine
 10
1648.0
 20
200.0
 30
0.0
 11
1624.0
 21
200.0
 31
0.0
  0
LINE
  5
65B
330
17
100
AcDbEntity
  8
GRAPH
100
AcDbLine
 10
1624.0
 20
200.0
 30
0.0
 11
1624.0
 21
184.0
 31
0.0
  0
TEXT
  5
65C
330
17
100
AcDbEntity
  8
TEXT
100
AcDbText
 10
1625.0
 20
190.0
 30
0.0
 40
1.35
  1
уч.913
 11
1625.0
 21
190.0
 31
0.0
100
AcDbText
  0
LINE
  5
65D
330
17
100
AcDbEntity
  8
GRAPH
100
AcDbLine
 10
1651.0
 20
184.0
 30
0.0
 11
1675.0
 21
184.0
 31
0.0
  0
LINE
  5
65E
330
17
100
AcDbEntity
  8
GRAPH
100
AcDbLine
 10
1675.0
 20
184.0
 30
0.0
 11
1675.0
 21
200.0
 31
0.0
  0
LINE
  5
65F
330
17
100
AcDbEntity
  8
GRAPH
100
AcDbLine
 10
1675.0
 20
200.0
 30
0.0
 11
1651.0
 21
200.0
 31
0.0
  0
LINE
  5
660
330
17
100
AcDbEntity
  8
GRAPH
100
AcDbLine
 10
1651.0
 20
200.0
 30
0.0
 11
1651.0
 21
184.0
 31
0.0
  0
TEXT
  5
661
330
17
100
AcDbEntity
  8
TEXT
100
AcDbText
 10
1652.0
 20
190.0
 30
0.0
 40
1.35
  1
уч.914
 11
1652.0
 21
190.0
 31
0.0
100
AcDbText
  0
LINE
  5
662
330
17
100
AcDbEntity
  8
GRAPH
100
AcDbLine
 10
1300.0
 20
202.0
 30
0.0
 11
1324.0
 21
202.0
 31
0.0
  0
LINE
  5
663
330
17
100
AcDbEntity
  8
GRAPH
100
AcDbLine
 10
1324.0
 20
202.0
 30
0.0
 11
1324.0
 21
218.0
 31
0.0
  0
LINE
  5
664
330
17
100
AcDbEntity
  8
GRAPH
100
AcDbLine
 10
1324.0
 20
218.0
 30
0.0
 11
1300.0
 21
218.0
 31
0.0
  0
LINE
  5
665
330
17
100
AcDbEntity
  8
GRAPH
100
AcDbLine
 10
1300.0
 20
218.0
 30
0.0
 11
1300.0
 21
202.0
 31
0.0
  0
TEXT
  5
666
330
17
100
AcDbEntity
  8
TEXT
100
AcDbText
 10
1301.0
 20
208.0
 30
0.0
 40
1.35
  1
уч.1001
 11
1301.0
 21
208.0
 31
0.0
100
AcDbText
  0
LINE
  5
667
330
17
100
AcDbEntity
  8
GRAPH
100
AcDbLine
 10
1327.0
 20
202.0
 30
0.0
 11
1351.0
 21
202.0
 31
0.0
  0
LINE
  5
668
330
17
100
AcDbEntity
  8
GRAPH
100
AcDbLine
 10
1351.0
 20
202.0
 30
0.0
 11
1351.0
 21
218.0
 31
0.0
  0
LINE
  5
669
330
17
100
AcDbEntity
  8
GRAPH
100
AcDbLine
 10
1351.0
 20
218.0
 30
0.0
 11
1327.0
 21
218.0
 31
0.0
  0
LINE
  5
66A
330
17
100
AcDbEntity
  8
GRAPH
100
AcDbLine
 10
1327.0
 20
218.0
 30
0.0
 11
1327.0
 21
202.0
 31
0.0
  0
TEXT
  5
66B
330
17
100
AcDbEntity
  8
TEXT
100
AcDbText
 10
1328.0
 20
208.0
 30
0.0
 40
1.35
  1
уч.1002
 11
1328.0
 21
208.0
 31
0.0
100
AcDbText
  0
LINE
  5
66C
330
17
100
AcDbEntity
  8
GRAPH
100
AcDbLine
 10
1354.0
 20
202.0
 30
0.0
 11
1378.0
 21
202.0
 31
0.0
  0
LINE
  5
66D
330
17
100
AcDbEntity
  8
GRAPH
100
AcDbLine
 10
1378.0
 20
202.0
 30
0.0
 11
1378.0
 21
218.0
 31
0.0
  0
LINE
  5
66E
330
17
100
AcDbEntity
  8
GRAPH
100
AcDbLine
 10
1378.0
 20
218.0
 30
0.0
 11
1354.0
 21
218.0
 31
0.0
  0
LINE
  5
66F
330
17
100
AcDbEntity
  8
GRAPH
100
AcDbLine
 10
1354.0
 20
218.0
 30
0.0
 11
1354.0
 21
202.0
 31
0.0
  0
TEXT
  5
670
330
17
100
AcDbEntity
  8
TEXT
100
AcDbText
 10
1355.0
 20
208.0
 30
0.0
 40
1.35
  1
уч.1003
 11
1355.0
 21
208.0
 31
0.0
100
AcDbText
  0
LINE
  5
671
330
17
100
AcDbEntity
  8
GRAPH
100
AcDbLine
 10
1381.0
 20
202.0
 30
0.0
 11
1405.0
 21
202.0
 31
0.0
  0
LINE
  5
672
330
17
100
AcDbEntity
  8
GRAPH
100
AcDbLine
 10
1405.0
 20
202.0
 30
0.0
 11
1405.0
 21
218.0
 31
0.0
  0
LINE
  5
673
330
17
100
AcDbEntity
  8
GRAPH
100
AcDbLine
 10
1405.0
 20
218.0
 30
0.0
 11
1381.0
 21
218.0
 31
0.0
  0
LINE
  5
674
330
17
100
AcDbEntity
  8
GRAPH
100
AcDbLine
 10
1381.0
 20
218.0
 30
0.0
 11
1381.0
 21
202.0
 31
0.0
  0
TEXT
  5
675
330
17
100
AcDbEntity
  8
TEXT
100
AcDbText
 10
1382.0
 20
208.0
 30
0.0
 40
1.35
  1
уч.1004
 11
1382.0
 21
208.0
 31
0.0
100
AcDbText
  0
LINE
  5
676
330
17
100
AcDbEntity
  8
GRAPH
100
AcDbLine
 10
1408.0
 20
202.0
 30
0.0
 11
1432.0
 21
202.0
 31
0.0
  0
LINE
  5
677
330
17
100
AcDbEntity
  8
GRAPH
100
AcDbLine
 10
1432.0
 20
202.0
 30
0.0
 11
1432.0
 21
218.0
 31
0.0
  0
LINE
  5
678
330
17
100
AcDbEntity
  8
GRAPH
100
AcDbLine
 10
1432.0
 20
218.0
 30
0.0
 11
1408.0
 21
218.0
 31
0.0
  0
LINE
  5
679
330
17
100
AcDbEntity
  8
GRAPH
100
AcDbLine
 10
1408.0
 20
218.0
 30
0.0
 11
1408.0
 21
202.0
 31
0.0
  0
TEXT
  5
67A
330
17
100
AcDbEntity
  8
TEXT
100
AcDbText
 10
1409.0
 20
208.0
 30
0.0
 40
1.35
  1
уч.1005
 11
1409.0
 21
208.0
 31
0.0
100
AcDbText
  0
LINE
  5
67B
330
17
100
AcDbEntity
  8
GRAPH
100
AcDbLine
 10
1435.0
 20
202.0
 30
0.0
 11
1459.0
 21
202.0
 31
0.0
  0
LINE
  5
67C
330
17
100
AcDbEntity
  8
GRAPH
100
AcDbLine
 10
1459.0
 20
202.0
 30
0.0
 11
1459.0
 21
218.0
 31
0.0
  0
LINE
  5
67D
330
17
100
AcDbEntity
  8
GRAPH
100
AcDbLine
 10
1459.0
 20
218.0
 30
0.0
 11
1435.0
 21
218.0
 31
0.0
  0
LINE
  5
67E
330
17
100
AcDbEntity
  8
GRAPH
100
AcDbLine
 10
1435.0
 20
218.0
 30
0.0
 11
1435.0
 21
202.0
 31
0.0
  0
TEXT
  5
67F
330
17
100
AcDbEntity
  8
TEXT
100
AcDbText
 10
1436.0
 20
208.0
 30
0.0
 40
1.35
  1
уч.1006
 11
1436.0
 21
208.0
 31
0.0
100
AcDbText
  0
LINE
  5
680
330
17
100
AcDbEntity
  8
GRAPH
100
AcDbLine
 10
1462.0
 20
202.0
 30
0.0
 11
1486.0
 21
202.0
 31
0.0
  0
LINE
  5
681
330
17
100
AcDbEntity
  8
GRAPH
100
AcDbLine
 10
1486.0
 20
202.0
 30
0.0
 11
1486.0
 21
218.0
 31
0.0
  0
LINE
  5
682
330
17
100
AcDbEntity
  8
GRAPH
100
AcDbLine
 10
1486.0
 20
218.0
 30
0.0
 11
1462.0
 21
218.0
 31
0.0
  0
LINE
  5
683
330
17
100
AcDbEntity
  8
GRAPH
100
AcDbLine
 10
1462.0
 20
218.0
 30
0.0
 11
1462.0
 21
202.0
 31
0.0
  0
TEXT
  5
684
330
17
100
AcDbEntity
  8
TEXT
100
AcDbText
 10
1463.0
 20
208.0
 30
0.0
 40
1.35
  1
уч.1007
 11
1463.0
 21
208.0
 31
0.0
100
AcDbText
  0
LINE
  5
685
330
17
100
AcDbEntity
  8
GRAPH
100
AcDbLine
 10
1489.0
 20
202.0
 30
0.0
 11
1513.0
 21
202.0
 31
0.0
  0
LINE
  5
686
330
17
100
AcDbEntity
  8
GRAPH
100
AcDbLine
 10
1513.0
 20
202.0
 30
0.0
 11
1513.0
 21
218.0
 31
0.0
  0
LINE
  5
687
330
17
100
AcDbEntity
  8
GRAPH
100
AcDbLine
 10
1513.0
 20
218.0
 30
0.0
 11
1489.0
 21
218.0
 31
0.0
  0
LINE
  5
688
330
17
100
AcDbEntity
  8
GRAPH
100
AcDbLine
 10
1489.0
 20
218.0
 30
0.0
 11
1489.0
 21
202.0
 31
0.0
  0
TEXT
  5
689
330
17
100
AcDbEntity
  8
TEXT
100
AcDbText
 10
1490.0
 20
208.0
 30
0.0
 40
1.35
  1
уч.1008
 11
1490.0
 21
208.0
 31
0.0
100
AcDbText
  0
LINE
  5
68A
330
17
100
AcDbEntity
  8
GRAPH
100
AcDbLine
 10
1516.0
 20
202.0
 30
0.0
 11
1540.0
 21
202.0
 31
0.0
  0
LINE
  5
68B
330
17
100
AcDbEntity
  8
GRAPH
100
AcDbLine
 10
1540.0
 20
202.0
 30
0.0
 11
1540.0
 21
218.0
 31
0.0
  0
LINE
  5
68C
330
17
100
AcDbEntity
  8
GRAPH
100
AcDbLine
 10
1540.0
 20
218.0
 30
0.0
 11
1516.0
 21
218.0
 31
0.0
  0
LINE
  5
68D
330
17
100
AcDbEntity
  8
GRAPH
100
AcDbLine
 10
1516.0
 20
218.0
 30
0.0
 11
1516.0
 21
202.0
 31
0.0
  0
TEXT
  5
68E
330
17
100
AcDbEntity
  8
TEXT
100
AcDbText
 10
1517.0
 20
208.0
 30
0.0
 40
1.35
  1
уч.1009
 11
1517.0
 21
208.0
 31
0.0
100
AcDbText
  0
LINE
  5
68F
330
17
100
AcDbEntity
  8
GRAPH
100
AcDbLine
 10
1543.0
 20
202.0
 30
0.0
 11
1567.0
 21
202.0
 31
0.0
  0
LINE
  5
690
330
17
100
AcDbEntity
  8
GRAPH
100
AcDbLine
 10
1567.0
 20
202.0
 30
0.0
 11
1567.0
 21
218.0
 31
0.0
  0
LINE
  5
691
330
17
100
AcDbEntity
  8
GRAPH
100
AcDbLine
 10
1567.0
 20
218.0
 30
0.0
 11
1543.0
 21
218.0
 31
0.0
  0
LINE
  5
692
330
17
100
AcDbEntity
  8
GRAPH
100
AcDbLine
 10
1543.0
 20
218.0
 30
0.0
 11
1543.0
 21
202.0
 31
0.0
  0
TEXT
  5
693
330
17
100
AcDbEntity
  8
TEXT
100
AcDbText
 10
1544.0
 20
208.0
 30
0.0
 40
1.35
  1
уч.1010
 11
1544.0
 21
208.0
 31
0.0
100
AcDbText
  0
LINE
  5
694
330
17
100
AcDbEntity
  8
GRAPH
100
AcDbLine
 10
1570.0
 20
202.0
 30
0.0
 11
1594.0
 21
202.0
 31
0.0
  0
LINE
  5
695
330
17
100
AcDbEntity
  8
GRAPH
100
AcDbLine
 10
1594.0
 20
202.0
 30
0.0
 11
1594.0
 21
218.0
 31
0.0
  0
LINE
  5
696
330
17
100
AcDbEntity
  8
GRAPH
100
AcDbLine
 10
1594.0
 20
218.0
 30
0.0
 11
1570.0
 21
218.0
 31
0.0
  0
LINE
  5
697
330
17
100
AcDbEntity
  8
GRAPH
100
AcDbLine
 10
1570.0
 20
218.0
 30
0.0
 11
1570.0
 21
202.0
 31
0.0
  0
TEXT
  5
698
330
17
100
AcDbEntity
  8
TEXT
100
AcDbText
 10
1571.0
 20
208.0
 30
0.0
 40
1.35
  1
уч.1011
 11
1571.0
 21
208.0
 31
0.0
100
AcDbText
  0
LINE
  5
699
330
17
100
AcDbEntity
  8
GRAPH
100
AcDbLine
 10
1597.0
 20
202.0
 30
0.0
 11
1621.0
 21
202.0
 31
0.0
  0
LINE
  5
69A
330
17
100
AcDbEntity
  8
GRAPH
100
AcDbLine
 10
1621.0
 20
202.0
 30
0.0
 11
1621.0
 21
218.0
 31
0.0
  0
LINE
  5
69B
330
17
100
AcDbEntity
  8
GRAPH
100
AcDbLine
 10
1621.0
 20
218.0
 30
0.0
 11
1597.0
 21
218.0
 31
0.0
  0
LINE
  5
69C
330
17
100
AcDbEntity
  8
GRAPH
100
AcDbLine
 10
1597.0
 20
218.0
 30
0.0
 11
1597.0
 21
202.0
 31
0.0
  0
TEXT
  5
69D
330
17
100
AcDbEntity
  8
TEXT
100
AcDbText
 10
1598.0
 20
208.0
 30
0.0
 40
1.35
  1
уч.1012
 11
1598.0
 21
208.0
 31
0.0
100
AcDbText
  0
LINE
  5
69E
330
17
100
AcDbEntity
  8
GRAPH
100
AcDbLine
 10
1624.0
 20
202.0
 30
0.0
 11
1648.0
 21
202.0
 31
0.0
  0
LINE
  5
69F
330
17
100
AcDbEntity
  8
GRAPH
100
AcDbLine
 10
1648.0
 20
202.0
 30
0.0
 11
1648.0
 21
218.0
 31
0.0
  0
LINE
  5
6A0
330
17
100
AcDbEntity
  8
GRAPH
100
AcDbLine
 10
1648.0
 20
218.0
 30
0.0
 11
1624.0
 21
218.0
 31
0.0
  0
LINE
  5
6A1
330
17
100
AcDbEntity
  8
GRAPH
100
AcDbLine
 10
1624.0
 20
218.0
 30
0.0
 11
1624.0
 21
202.0
 31
0.0
  0
TEXT
  5
6A2
330
17
100
AcDbEntity
  8
TEXT
100
AcDbText
 10
1625.0
 20
208.0
 30
0.0
 40
1.35
  1
уч.1013
 11
1625.0
 21
208.0
 31
0.0
100
AcDbText
  0
LINE
  5
6A3
330
17
100
AcDbEntity
  8
GRAPH
100
AcDbLine
 10
1651.0
 20
202.0
 30
0.0
 11
1675.0
 21
202.0
 31
0.0
  0
LINE
  5
6A4
330
17
100
AcDbEntity
  8
GRAPH
100
AcDbLine
 10
1675.0
 20
202.0
 30
0.0
 11
1675.0
 21
218.0
 31
0.0
  0
LINE
  5
6A5
330
17
100
AcDbEntity
  8
GRAPH
100
AcDbLine
 10
1675.0
 20
218.0
 30
0.0
 11
1651.0
 21
218.0
 31
0.0
  0
LINE
  5
6A6
330
17
100
AcDbEntity
  8
GRAPH
100
AcDbLine
 10
1651.0
 20
218.0
 30
0.0
 11
1651.0
 21
202.0
 31
0.0
  0
TEXT
  5
6A7
330
17
100
AcDbEntity
  8
TEXT
100
AcDbText
 10
1652.0
 20
208.0
 30
0.0
 40
1.35
  1
уч.1014
 11
1652.0
 21
208.0
 31
0.0
100
AcDbText
  0
LINE
  5
6A8
330
17
100
AcDbEntity
  8
GRAPH
100
AcDbLine
 10
1300.0
 20
220.0
 30
0.0
 11
1324.0
 21
220.0
 31
0.0
  0
LINE
  5
6A9
330
17
100
AcDbEntity
  8
GRAPH
100
AcDbLine
 10
1324.0
 20
220.0
 30
0.0
 11
1324.0
 21
236.0
 31
0.0
  0
LINE
  5
6AA
330
17
100
AcDbEntity
  8
GRAPH
100
AcDbLine
 10
1324.0
 20
236.0
 30
0.0
 11
1300.0
 21
236.0
 31
0.0
  0
LINE
  5
6AB
330
17
100
AcDbEntity
  8
GRAPH
100
AcDbLine
 10
1300.0
 20
236.0
 30
0.0
 11
1300.0
 21
220.0
 31
0.0
  0
TEXT
  5
6AC
330
17
100
AcDbEntity
  8
TEXT
100
AcDbText
 10
1301.0
 20
226.0
 30
0.0
 40
1.35
  1
уч.1101
 11
1301.0
 21
226.0
 31
0.0
100
AcDbText
  0
LINE
  5
6AD
330
17
100
AcDbEntity
  8
GRAPH
100
AcDbLine
 10
1327.0
 20
220.0
 30
0.0
 11
1351.0
 21
220.0
 31
0.0
  0
LINE
  5
6AE
330
17
100
AcDbEntity
  8
GRAPH
100
AcDbLine
 10
1351.0
 20
220.0
 30
0.0
 11
1351.0
 21
236.0
 31
0.0
  0
LINE
  5
6AF
330
17
100
AcDbEntity
  8
GRAPH
100
AcDbLine
 10
1351.0
 20
236.0
 30
0.0
 11
1327.0
 21
236.0
 31
0.0
  0
LINE
  5
6B0
330
17
100
AcDbEntity
  8
GRAPH
100
AcDbLine
 10
1327.0
 20
236.0
 30
0.0
 11
1327.0
 21
220.0
 31
0.0
  0
TEXT
  5
6B1
330
17
100
AcDbEntity
  8
TEXT
100
AcDbText
 10
1328.0
 20
226.0
 30
0.0
 40
1.35
  1
уч.1102
 11
1328.0
 21
226.0
 31
0.0
100
AcDbText
  0
LINE
  5
6B2
330
17
100
AcDbEntity
  8
GRAPH
100
AcDbLine
 10
1354.0
 20
220.0
 30
0.0
 11
1378.0
 21
220.0
 31
0.0
  0
LINE
  5
6B3
330
17
100
AcDbEntity
  8
GRAPH
100
AcDbLine
 10
1378.0
 20
220.0
 30
0.0
 11
1378.0
 21
236.0
 31
0.0
  0
LINE
  5
6B4
330
17
100
AcDbEntity
  8
GRAPH
100
AcDbLine
 10
1378.0
 20
236.0
 30
0.0
 11
1354.0
 21
236.0
 31
0.0
  0
LINE
  5
6B5
330
17
100
AcDbEntity
  8
GRAPH
100
AcDbLine
 10
1354.0
 20
236.0
 30
0.0
 11
1354.0
 21
220.0
 31
0.0
  0
TEXT
  5
6B6
330
17
100
AcDbEntity
  8
TEXT
100
AcDbText
 10
1355.0
 20
226.0
 30
0.0
 40
1.35
  1
уч.1103
 11
1355.0
 21
226.0
 31
0.0
100
AcDbText
  0
LINE
  5
6B7
330
17
100
AcDbEntity
  8
GRAPH
100
AcDbLine
 10
1381.0
 20
220.0
 30
0.0
 11
1405.0
 21
220.0
 31
0.0
  0
LINE
  5
6B8
330
17
100
AcDbEntity
  8
GRAPH
100
AcDbLine
 10
1405.0
 20
220.0
 30
0.0
 11
1405.0
 21
236.0
 31
0.0
  0
LINE
  5
6B9
330
17
100
AcDbEntity
  8
GRAPH
100
AcDbLine
 10
1405.0
 20
236.0
 30
0.0
 11
1381.0
 21
236.0
 31
0.0
  0
LINE
  5
6BA
330
17
100
AcDbEntity
  8
GRAPH
100
AcDbLine
 10
1381.0
 20
236.0
 30
0.0
 11
1381.0
 21
220.0
 31
0.0
  0
TEXT
  5
6BB
330
17
100
AcDbEntity
  8
TEXT
100
AcDbText
 10
1382.0
 20
226.0
 30
0.0
 40
1.35
  1
уч.1104
 11
1382.0
 21
226.0
 31
0.0
100
AcDbText
  0
LINE
  5
6BC
330
17
100
AcDbEntity
  8
GRAPH
100
AcDbLine
 10
1408.0
 20
220.0
 30
0.0
 11
1432.0
 21
220.0
 31
0.0
  0
LINE
  5
6BD
330
17
100
AcDbEntity
  8
GRAPH
100
AcDbLine
 10
1432.0
 20
220.0
 30
0.0
 11
1432.0
 21
236.0
 31
0.0
  0
LINE
  5
6BE
330
17
100
AcDbEntity
  8
GRAPH
100
AcDbLine
 10
1432.0
 20
236.0
 30
0.0
 11
1408.0
 21
236.0
 31
0.0
  0
LINE
  5
6BF
330
17
100
AcDbEntity
  8
GRAPH
100
AcDbLine
 10
1408.0
 20
236.0
 30
0.0
 11
1408.0
 21
220.0
 31
0.0
  0
TEXT
  5
6C0
330
17
100
AcDbEntity
  8
TEXT
100
AcDbText
 10
1409.0
 20
226.0
 30
0.0
 40
1.35
  1
уч.1105
 11
1409.0
 21
226.0
 31
0.0
100
AcDbText
  0
LINE
  5
6C1
330
17
100
AcDbEntity
  8
GRAPH
100
AcDbLine
 10
1435.0
 20
220.0
 30
0.0
 11
1459.0
 21
220.0
 31
0.0
  0
LINE
  5
6C2
330
17
100
AcDbEntity
  8
GRAPH
100
AcDbLine
 10
1459.0
 20
220.0
 30
0.0
 11
1459.0
 21
236.0
 31
0.0
  0
LINE
  5
6C3
330
17
100
AcDbEntity
  8
GRAPH
100
AcDbLine
 10
1459.0
 20
236.0
 30
0.0
 11
1435.0
 21
236.0
 31
0.0
  0
LINE
  5
6C4
330
17
100
AcDbEntity
  8
GRAPH
100
AcDbLine
 10
1435.0
 20
236.0
 30
0.0
 11
1435.0
 21
220.0
 31
0.0
  0
TEXT
  5
6C5
330
17
100
AcDbEntity
  8
TEXT
100
AcDbText
 10
1436.0
 20
226.0
 30
0.0
 40
1.35
  1
уч.1106
 11
1436.0
 21
226.0
 31
0.0
100
AcDbText
  0
LINE
  5
6C6
330
17
100
AcDbEntity
  8
GRAPH
100
AcDbLine
 10
1462.0
 20
220.0
 30
0.0
 11
1486.0
 21
220.0
 31
0.0
  0
LINE
  5
6C7
330
17
100
AcDbEntity
  8
GRAPH
100
AcDbLine
 10
1486.0
 20
220.0
 30
0.0
 11
1486.0
 21
236.0
 31
0.0
  0
LINE
  5
6C8
330
17
100
AcDbEntity
  8
GRAPH
100
AcDbLine
 10
1486.0
 20
236.0
 30
0.0
 11
1462.0
 21
236.0
 31
0.0
  0
LINE
  5
6C9
330
17
100
AcDbEntity
  8
GRAPH
100
AcDbLine
 10
1462.0
 20
236.0
 30
0.0
 11
1462.0
 21
220.0
 31
0.0
  0
TEXT
  5
6CA
330
17
100
AcDbEntity
  8
TEXT
100
AcDbText
 10
1463.0
 20
226.0
 30
0.0
 40
1.35
  1
уч.1107
 11
1463.0
 21
226.0
 31
0.0
100
AcDbText
  0
LINE
  5
6CB
330
17
100
AcDbEntity
  8
GRAPH
100
AcDbLine
 10
1489.0
 20
220.0
 30
0.0
 11
1513.0
 21
220.0
 31
0.0
  0
LINE
  5
6CC
330
17
100
AcDbEntity
  8
GRAPH
100
AcDbLine
 10
1513.0
 20
220.0
 30
0.0
 11
1513.0
 21
236.0
 31
0.0
  0
LINE
  5
6CD
330
17
100
AcDbEntity
  8
GRAPH
100
AcDbLine
 10
1513.0
 20
236.0
 30
0.0
 11
1489.0
 21
236.0
 31
0.0
  0
LINE
  5
6CE
330
17
100
AcDbEntity
  8
GRAPH
100
AcDbLine
 10
1489.0
 20
236.0
 30
0.0
 11
1489.0
 21
220.0
 31
0.0
  0
TEXT
  5
6CF
330
17
100
AcDbEntity
  8
TEXT
100
AcDbText
 10
1490.0
 20
226.0
 30
0.0
 40
1.35
  1
уч.1108
 11
1490.0
 21
226.0
 31
0.0
100
AcDbText
  0
LINE
  5
6D0
330
17
100
AcDbEntity
  8
GRAPH
100
AcDbLine
 10
1516.0
 20
220.0
 30
0.0
 11
1540.0
 21
220.0
 31
0.0
  0
LINE
  5
6D1
330
17
100
AcDbEntity
  8
GRAPH
100
AcDbLine
 10
1540.0
 20
220.0
 30
0.0
 11
1540.0
 21
236.0
 31
0.0
  0
LINE
  5
6D2
330
17
100
AcDbEntity
  8
GRAPH
100
AcDbLine
 10
1540.0
 20
236.0
 30
0.0
 11
1516.0
 21
236.0
 31
0.0
  0
LINE
  5
6D3
330
17
100
AcDbEntity
  8
GRAPH
100
AcDbLine
 10
1516.0
 20
236.0
 30
0.0
 11
1516.0
 21
220.0
 31
0.0
  0
TEXT
  5
6D4
330
17
100
AcDbEntity
  8
TEXT
100
AcDbText
 10
1517.0
 20
226.0
 30
0.0
 40
1.35
  1
уч.1109
 11
1517.0
 21
226.0
 31
0.0
100
AcDbText
  0
LINE
  5
6D5
330
17
100
AcDbEntity
  8
GRAPH
100
AcDbLine
 10
1543.0
 20
220.0
 30
0.0
 11
1567.0
 21
220.0
 31
0.0
  0
LINE
  5
6D6
330
17
100
AcDbEntity
  8
GRAPH
100
AcDbLine
 10
1567.0
 20
220.0
 30
0.0
 11
1567.0
 21
236.0
 31
0.0
  0
LINE
  5
6D7
330
17
100
AcDbEntity
  8
GRAPH
100
AcDbLine
 10
1567.0
 20
236.0
 30
0.0
 11
1543.0
 21
236.0
 31
0.0
  0
LINE
  5
6D8
330
17
100
AcDbEntity
  8
GRAPH
100
AcDbLine
 10
1543.0
 20
236.0
 30
0.0
 11
1543.0
 21
220.0
 31
0.0
  0
TEXT
  5
6D9
330
17
100
AcDbEntity
  8
TEXT
100
AcDbText
 10
1544.0
 20
226.0
 30
0.0
 40
1.35
  1
уч.1110
 11
1544.0
 21
226.0
 31
0.0
100
AcDbText
  0
LINE
  5
6DA
330
17
100
AcDbEntity
  8
GRAPH
100
AcDbLine
 10
1570.0
 20
220.0
 30
0.0
 11
1594.0
 21
220.0
 31
0.0
  0
LINE
  5
6DB
330
17
100
AcDbEntity
  8
GRAPH
100
AcDbLine
 10
1594.0
 20
220.0
 30
0.0
 11
1594.0
 21
236.0
 31
0.0
  0
LINE
  5
6DC
330
17
100
AcDbEntity
  8
GRAPH
100
AcDbLine
 10
1594.0
 20
236.0
 30
0.0
 11
1570.0
 21
236.0
 31
0.0
  0
LINE
  5
6DD
330
17
100
AcDbEntity
  8
GRAPH
100
AcDbLine
 10
1570.0
 20
236.0
 30
0.0
 11
1570.0
 21
220.0
 31
0.0
  0
TEXT
  5
6DE
330
17
100
AcDbEntity
  8
TEXT
100
AcDbText
 10
1571.0
 20
226.0
 30
0.0
 40
1.35
  1
уч.1111
 11
1571.0
 21
226.0
 31
0.0
100
AcDbText
  0
LINE
  5
6DF
330
17
100
AcDbEntity
  8
GRAPH
100
AcDbLine
 10
1597.0
 20
220.0
 30
0.0
 11
1621.0
 21
220.0
 31
0.0
  0
LINE
  5
6E0
330
17
100
AcDbEntity
  8
GRAPH
100
AcDbLine
 10
1621.0
 20
220.0
 30
0.0
 11
1621.0
 21
236.0
 31
0.0
  0
LINE
  5
6E1
330
17
100
AcDbEntity
  8
GRAPH
100
AcDbLine
 10
1621.0
 20
236.0
 30
0.0
 11
1597.0
 21
236.0
 31
0.0
  0
LINE
  5
6E2
330
17
100
AcDbEntity
  8
GRAPH
100
AcDbLine
 10
1597.0
 20
236.0
 30
0.0
 11
1597.0
 21
220.0
 31
0.0
  0
TEXT
  5
6E3
330
17
100
AcDbEntity
  8
TEXT
100
AcDbText
 10
1598.0
 20
226.0
 30
0.0
 40
1.35
  1
уч.1112
 11
1598.0
 21
226.0
 31
0.0
100
AcDbText
  0
LINE
  5
6E4
330
17
100
AcDbEntity
  8
GRAPH
100
AcDbLine
 10
1624.0
 20
220.0
 30
0.0
 11
1648.0
 21
220.0
 31
0.0
  0
LINE
  5
6E5
330
17
100
AcDbEntity
  8
GRAPH
100
AcDbLine
 10
1648.0
 20
220.0
 30
0.0
 11
1648.0
 21
236.0
 31
0.0
  0
LINE
  5
6E6
330
17
100
AcDbEntity
  8
GRAPH
100
AcDbLine
 10
1648.0
 20
236.0
 30
0.0
 11
1624.0
 21
236.0
 31
0.0
  0
LINE
  5
6E7
330
17
100
AcDbEntity
  8
GRAPH
100
AcDbLine
 10
1624.0
 20
236.0
 30
0.0
 11
1624.0
 21
220.0
 31
0.0
  0
TEXT
  5
6E8
330
17
100
AcDbEntity
  8
TEXT
100
AcDbText
 10
1625.0
 20
226.0
 30
0.0
 40
1.35
  1
уч.1113
 11
1625.0
 21
226.0
 31
0.0
100
AcDbText
  0
LINE
  5
6E9
330
17
100
AcDbEntity
  8
GRAPH
100
AcDbLine
 10
1651.0
 20
220.0
 30
0.0
 11
1675.0
 21
220.0
 31
0.0
  0
LINE
  5
6EA
330
17
100
AcDbEntity
  8
GRAPH
100
AcDbLine
 10
1675.0
 20
220.0
 30
0.0
 11
1675.0
 21
236.0
 31
0.0
  0
LINE
  5
6EB
330
17
100
AcDbEntity
  8
GRAPH
100
AcDbLine
 10
1675.0
 20
236.0
 30
0.0
 11
1651.0
 21
236.0
 31
0.0
  0
LINE
  5
6EC
330
17
100
AcDbEntity
  8
GRAPH
100
AcDbLine
 10
1651.0
 20
236.0
 30
0.0
 11
1651.0
 21
220.0
 31
0.0
  0
TEXT
  5
6ED
330
17
100
AcDbEntity
  8
TEXT
100
AcDbText
 10
1652.0
 20
226.0
 30
0.0
 40
1.35
  1
уч.1114
 11
1652.0
 21
226.0
 31
0.0
100
AcDbText
  0
LINE
  5
6EE
330
17
100
AcDbEntity
  8
GRAPH
100
AcDbLine
 10
1300.0
 20
238.0
 30
0.0
 11
1324.0
 21
238.0
 31
0.0
  0
LINE
  5
6EF
330
17
100
AcDbEntity
  8
GRAPH
100
AcDbLine
 10
1324.0
 20
238.0
 30
0.0
 11
1324.0
 21
254.0
 31
0.0
  0
LINE
  5
6F0
330
17
100
AcDbEntity
  8
GRAPH
100
AcDbLine
 10
1324.0
 20
254.0
 30
0.0
 11
1300.0
 21
254.0
 31
0.0
  0
LINE
  5
6F1
330
17
100
AcDbEntity
  8
GRAPH
100
AcDbLine
 10
1300.0
 20
254.0
 30
0.0
 11
1300.0
 21
238.0
 31
0.0
  0
TEXT
  5
6F2
330
17
100
AcDbEntity
  8
TEXT
100
AcDbText
 10
1301.0
 20
244.0
 30
0.0
 40
1.35
  1
уч.1201
 11
1301.0
 21
244.0
 31
0.0
100
AcDbText
  0
LINE
  5
6F3
330
17
100
AcDbEntity
  8
GRAPH
100
AcDbLine
 10
1327.0
 20
238.0
 30
0.0
 11
1351.0
 21
238.0
 31
0.0
  0
LINE
  5
6F4
330
17
100
AcDbEntity
  8
GRAPH
100
AcDbLine
 10
1351.0
 20
238.0
 30
0.0
 11
1351.0
 21
254.0
 31
0.0
  0
LINE
  5
6F5
330
17
100
AcDbEntity
  8
GRAPH
100
AcDbLine
 10
1351.0
 20
254.0
 30
0.0
 11
1327.0
 21
254.0
 31
0.0
  0
LINE
  5
6F6
330
17
100
AcDbEntity
  8
GRAPH
100
AcDbLine
 10
1327.0
 20
254.0
 30
0.0
 11
1327.0
 21
238.0
 31
0.0
  0
TEXT
  5
6F7
330
17
100
AcDbEntity
  8
TEXT
100
AcDbText
 10
1328.0
 20
244.0
 30
0.0
 40
1.35
  1
уч.1202
 11
1328.0
 21
244.0
 31
0.0
100
AcDbText
  0
LINE
  5
6F8
330
17
100
AcDbEntity
  8
GRAPH
100
AcDbLine
 10
1354.0
 20
238.0
 30
0.0
 11
1378.0
 21
238.0
 31
0.0
  0
LINE
  5
6F9
330
17
100
AcDbEntity
  8
GRAPH
100
AcDbLine
 10
1378.0
 20
238.0
 30
0.0
 11
1378.0
 21
254.0
 31
0.0
  0
LINE
  5
6FA
330
17
100
AcDbEntity
  8
GRAPH
100
AcDbLine
 10
1378.0
 20
254.0
 30
0.0
 11
1354.0
 21
254.0
 31
0.0
  0
LINE
  5
6FB
330
17
100
AcDbEntity
  8
GRAPH
100
AcDbLine
 10
1354.0
 20
254.0
 30
0.0
 11
1354.0
 21
238.0
 31
0.0
  0
TEXT
  5
6FC
330
17
100
AcDbEntity
  8
TEXT
100
AcDbText
 10
1355.0
 20
244.0
 30
0.0
 40
1.35
  1
уч.1203
 11
1355.0
 21
244.0
 31
0.0
100
AcDbText
  0
LINE
  5
6FD
330
17
100
AcDbEntity
  8
GRAPH
100
AcDbLine
 10
1381.0
 20
238.0
 30
0.0
 11
1405.0
 21
238.0
 31
0.0
  0
LINE
  5
6FE
330
17
100
AcDbEntity
  8
GRAPH
100
AcDbLine
 10
1405.0
 20
238.0
 30
0.0
 11
1405.0
 21
254.0
 31
0.0
  0
LINE
  5
6FF
330
17
100
AcDbEntity
  8
GRAPH
100
AcDbLine
 10
1405.0
 20
254.0
 30
0.0
 11
1381.0
 21
254.0
 31
0.0
  0
LINE
  5
700
330
17
100
AcDbEntity
  8
GRAPH
100
AcDbLine
 10
1381.0
 20
254.0
 30
0.0
 11
1381.0
 21
238.0
 31
0.0
  0
TEXT
  5
701
330
17
100
AcDbEntity
  8
TEXT
100
AcDbText
 10
1382.0
 20
244.0
 30
0.0
 40
1.35
  1
уч.1204
 11
1382.0
 21
244.0
 31
0.0
100
AcDbText
  0
LINE
  5
702
330
17
100
AcDbEntity
  8
GRAPH
100
AcDbLine
 10
1408.0
 20
238.0
 30
0.0
 11
1432.0
 21
238.0
 31
0.0
  0
LINE
  5
703
330
17
100
AcDbEntity
  8
GRAPH
100
AcDbLine
 10
1432.0
 20
238.0
 30
0.0
 11
1432.0
 21
254.0
 31
0.0
  0
LINE
  5
704
330
17
100
AcDbEntity
  8
GRAPH
100
AcDbLine
 10
1432.0
 20
254.0
 30
0.0
 11
1408.0
 21
254.0
 31
0.0
  0
LINE
  5
705
330
17
100
AcDbEntity
  8
GRAPH
100
AcDbLine
 10
1408.0
 20
254.0
 30
0.0
 11
1408.0
 21
238.0
 31
0.0
  0
TEXT
  5
706
330
17
100
AcDbEntity
  8
TEXT
100
AcDbText
 10
1409.0
 20
244.0
 30
0.0
 40
1.35
  1
уч.1205
 11
1409.0
 21
244.0
 31
0.0
100
AcDbText
  0
LINE
  5
707
330
17
100
AcDbEntity
  8
GRAPH
100
AcDbLine
 10
1435.0
 20
238.0
 30
0.0
 11
1459.0
 21
238.0
 31
0.0
  0
LINE
  5
708
330
17
100
AcDbEntity
  8
GRAPH
100
AcDbLine
 10
1459.0
 20
238.0
 30
0.0
 11
1459.0
 21
254.0
 31
0.0
  0
LINE
  5
709
330
17
100
AcDbEntity
  8
GRAPH
100
AcDbLine
 10
1459.0
 20
254.0
 30
0.0
 11
1435.0
 21
254.0
 31
0.0
  0
LINE
  5
70A
330
17
100
AcDbEntity
  8
GRAPH
100
AcDbLine
 10
1435.0
 20
254.0
 30
0.0
 11
1435.0
 21
238.0
 31
0.0
  0
TEXT
  5
70B
330
17
100
AcDbEntity
  8
TEXT
100
AcDbText
 10
1436.0
 20
244.0
 30
0.0
 40
1.35
  1
уч.1206
 11
1436.0
 21
244.0
 31
0.0
100
AcDbText
  0
LINE
  5
70C
330
17
100
AcDbEntity
  8
GRAPH
100
AcDbLine
 10
1462.0
 20
238.0
 30
0.0
 11
1486.0
 21
238.0
 31
0.0
  0
LINE
  5
70D
330
17
100
AcDbEntity
  8
GRAPH
100
AcDbLine
 10
1486.0
 20
238.0
 30
0.0
 11
1486.0
 21
254.0
 31
0.0
  0
LINE
  5
70E
330
17
100
AcDbEntity
  8
GRAPH
100
AcDbLine
 10
1486.0
 20
254.0
 30
0.0
 11
1462.0
 21
254.0
 31
0.0
  0
LINE
  5
70F
330
17
100
AcDbEntity
  8
GRAPH
100
AcDbLine
 10
1462.0
 20
254.0
 30
0.0
 11
1462.0
 21
238.0
 31
0.0
  0
TEXT
  5
710
330
17
100
AcDbEntity
  8
TEXT
100
AcDbText
 10
1463.0
 20
244.0
 30
0.0
 40
1.35
  1
уч.1207
 11
1463.0
 21
244.0
 31
0.0
100
AcDbText
  0
LINE
  5
711
330
17
100
AcDbEntity
  8
GRAPH
100
AcDbLine
 10
1489.0
 20
238.0
 30
0.0
 11
1513.0
 21
238.0
 31
0.0
  0
LINE
  5
712
330
17
100
AcDbEntity
  8
GRAPH
100
AcDbLine
 10
1513.0
 20
238.0
 30
0.0
 11
1513.0
 21
254.0
 31
0.0
  0
LINE
  5
713
330
17
100
AcDbEntity
  8
GRAPH
100
AcDbLine
 10
1513.0
 20
254.0
 30
0.0
 11
1489.0
 21
254.0
 31
0.0
  0
LINE
  5
714
330
17
100
AcDbEntity
  8
GRAPH
100
AcDbLine
 10
1489.0
 20
254.0
 30
0.0
 11
1489.0
 21
238.0
 31
0.0
  0
TEXT
  5
715
330
17
100
AcDbEntity
  8
TEXT
100
AcDbText
 10
1490.0
 20
244.0
 30
0.0
 40
1.35
  1
уч.1208
 11
1490.0
 21
244.0
 31
0.0
100
AcDbText
  0
LINE
  5
716
330
17
100
AcDbEntity
  8
GRAPH
100
AcDbLine
 10
1516.0
 20
238.0
 30
0.0
 11
1540.0
 21
238.0
 31
0.0
  0
LINE
  5
717
330
17
100
AcDbEntity
  8
GRAPH
100
AcDbLine
 10
1540.0
 20
238.0
 30
0.0
 11
1540.0
 21
254.0
 31
0.0
  0
LINE
  5
718
330
17
100
AcDbEntity
  8
GRAPH
100
AcDbLine
 10
1540.0
 20
254.0
 30
0.0
 11
1516.0
 21
254.0
 31
0.0
  0
LINE
  5
719
330
17
100
AcDbEntity
  8
GRAPH
100
AcDbLine
 10
1516.0
 20
254.0
 30
0.0
 11
1516.0
 21
238.0
 31
0.0
  0
TEXT
  5
71A
330
17
100
AcDbEntity
  8
TEXT
100
AcDbText
 10
1517.0
 20
244.0
 30
0.0
 40
1.35
  1
уч.1209
 11
1517.0
 21
244.0
 31
0.0
100
AcDbText
  0
LINE
  5
71B
330
17
100
AcDbEntity
  8
GRAPH
100
AcDbLine
 10
1543.0
 20
238.0
 30
0.0
 11
1567.0
 21
238.0
 31
0.0
  0
LINE
  5
71C
330
17
100
AcDbEntity
  8
GRAPH
100
AcDbLine
 10
1567.0
 20
238.0
 30
0.0
 11
1567.0
 21
254.0
 31
0.0
  0
LINE
  5
71D
330
17
100
AcDbEntity
  8
GRAPH
100
AcDbLine
 10
1567.0
 20
254.0
 30
0.0
 11
1543.0
 21
254.0
 31
0.0
  0
LINE
  5
71E
330
17
100
AcDbEntity
  8
GRAPH
100
AcDbLine
 10
1543.0
 20
254.0
 30
0.0
 11
1543.0
 21
238.0
 31
0.0
  0
TEXT
  5
71F
330
17
100
AcDbEntity
  8
TEXT
100
AcDbText
 10
1544.0
 20
244.0
 30
0.0
 40
1.35
  1
уч.1210
 11
1544.0
 21
244.0
 31
0.0
100
AcDbText
  0
LINE
  5
720
330
17
100
AcDbEntity
  8
GRAPH
100
AcDbLine
 10
1570.0
 20
238.0
 30
0.0
 11
1594.0
 21
238.0
 31
0.0
  0
LINE
  5
721
330
17
100
AcDbEntity
  8
GRAPH
100
AcDbLine
 10
1594.0
 20
238.0
 30
0.0
 11
1594.0
 21
254.0
 31
0.0
  0
LINE
  5
722
330
17
100
AcDbEntity
  8
GRAPH
100
AcDbLine
 10
1594.0
 20
254.0
 30
0.0
 11
1570.0
 21
254.0
 31
0.0
  0
LINE
  5
723
330
17
100
AcDbEntity
  8
GRAPH
100
AcDbLine
 10
1570.0
 20
254.0
 30
0.0
 11
1570.0
 21
238.0
 31
0.0
  0
TEXT
  5
724
330
17
100
AcDbEntity
  8
TEXT
100
AcDbText
 10
1571.0
 20
244.0
 30
0.0
 40
1.35
  1
уч.1211
 11
1571.0
 21
244.0
 31
0.0
100
AcDbText
  0
LINE
  5
725
330
17
100
AcDbEntity
  8
GRAPH
100
AcDbLine
 10
1597.0
 20
238.0
 30
0.0
 11
1621.0
 21
238.0
 31
0.0
  0
LINE
  5
726
330
17
100
AcDbEntity
  8
GRAPH
100
AcDbLine
 10
1621.0
 20
238.0
 30
0.0
 11
1621.0
 21
254.0
 31
0.0
  0
LINE
  5
727
330
17
100
AcDbEntity
  8
GRAPH
100
AcDbLine
 10
1621.0
 20
254.0
 30
0.0
 11
1597.0
 21
254.0
 31
0.0
  0
LINE
  5
728
330
17
100
AcDbEntity
  8
GRAPH
100
AcDbLine
 10
1597.0
 20
254.0
 30
0.0
 11
1597.0
 21
238.0
 31
0.0
  0
TEXT
  5
729
330
17
100
AcDbEntity
  8
TEXT
100
AcDbText
 10
1598.0
 20
244.0
 30
0.0
 40
1.35
  1
уч.1212
 11
1598.0
 21
244.0
 31
0.0
100
AcDbText
  0
LINE
  5
72A
330
17
100
AcDbEntity
  8
GRAPH
100
AcDbLine
 10
1624.0
 20
238.0
 30
0.0
 11
1648.0
 21
238.0
 31
0.0
  0
LINE
  5
72B
330
17
100
AcDbEntity
  8
GRAPH
100
AcDbLine
 10
1648.0
 20
238.0
 30
0.0
 11
1648.0
 21
254.0
 31
0.0
  0
LINE
  5
72C
330
17
100
AcDbEntity
  8
GRAPH
100
AcDbLine
 10
1648.0
 20
254.0
 30
0.0
 11
1624.0
 21
254.0
 31
0.0
  0
LINE
  5
72D
330
17
100
AcDbEntity
  8
GRAPH
100
AcDbLine
 10
1624.0
 20
254.0
 30
0.0
 11
1624.0
 21
238.0
 31
0.0
  0
TEXT
  5
72E
330
17
100
AcDbEntity
  8
TEXT
100
AcDbText
 10
1625.0
 20
244.0
 30
0.0
 40
1.35
  1
уч.1213
 11
1625.0
 21
244.0
 31
0.0
100
AcDbText
  0
LINE
  5
72F
330
17
100
AcDbEntity
  8
GRAPH
100
AcDbLine
 10
1651.0
 20
238.0
 30
0.0
 11
1675.0
 21
238.0
 31
0.0
  0
LINE
  5
730
330
17
100
AcDbEntity
  8
GRAPH
100
AcDbLine
 10
1675.0
 20
238.0
 30
0.0
 11
1675.0
 21
254.0
 31
0.0
  0
LINE
  5
731
330
17
100
AcDbEntity
  8
GRAPH
100
AcDbLine
 10
1675.0
 20
254.0
 30
0.0
 11
1651.0
 21
254.0
 31
0.0
  0
LINE
  5
732
330
17
100
AcDbEntity
  8
GRAPH
100
AcDbLine
 10
1651.0
 20
254.0
 30
0.0
 11
1651.0
 21
238.0
 31
0.0
  0
TEXT
  5
733
330
17
100
AcDbEntity
  8
TEXT
100
AcDbText
 10
1652.0
 20
244.0
 30
0.0
 40
1.35
  1
уч.1214
 11
1652.0
 21
244.0
 31
0.0
100
AcDbText
  0
TEXT
  5
734
330
17
100
AcDbEntity
  8
TEXT
100
AcDbText
 10
1296.0
 20
28.0
 30
0.0
 40
1.8
  1
площадь застройки принята 2450 м2, по расчёту ПЗУ 2180 м2
 11
1296.0
 21
28.0
 31
0.0
100
AcDbText
  0
TEXT
  5
735
330
17
100
AcDbEntity
  8
TEXT
100
AcDbText
 10
1600.0
 20
16.0
 30
0.0
 40
1.8
  1
Лист 4/8
 11
1600.0
 21
16.0
 31
0.0
100
AcDbText
  0
LWPOLYLINE
  5
736
330
17
100
AcDbEntity
  8
GRAPH
100
AcDbPolyline
 90
4
 70
1
 10
1710.0
 20
5.0
 10
2120.0
 20
5.0
 10
2120.0
 20
292.0
 10
1710.0
 20
292.0
  0
LINE
  5
737
330
17
100
AcDbEntity
  8
GRAPH
100
AcDbLine
 10
1715.0
 20
10.0
 30
0.0
 11
2115.0
 21
10.0
 31
0.0
  0
LINE
  5
738
330
17
100
AcDbEntity
  8
GRAPH
100
AcDbLine
 10
2115.0
 20
10.0
 30
0.0
 11
2115.0
 21
287.0
 31
0.0
  0
LINE
  5
739
330
17
100
AcDbEntity
  8
GRAPH
100
AcDbLine
 10
2115.0
 20
287.0
 30
0.0
 11
1715.0
 21
287.0
 31
0.0
  0
LINE
  5
73A
330
17
100
AcDbEntity
  8
GRAPH
100
AcDbLine
 10
1715.0
 20
287.0
 30
0.0
 11
1715.0
 21
10.0
 31
0.0
  0
TEXT
  5
73B
330
17
100
AcDbEntity
  8
TEXT
100
AcDbText
 10
1721.0
 20
268.0
 30
0.0
 40
4.0
  1
ПЛАН СТИЛОБАТА. Парковка
 11
1721.0
 21
268.0
 31
0.0
100
AcDbText
  0
LINE
  5
73C
330
17
100
AcDbEntity
  8
GRAPH
100
AcDbLine
 10
1727.0
 20
48.0
 30
0.0
 11
1755.0
 21
48.0
 31
0.0
  0
LINE
  5
73D
330
17
100
AcDbEntity
  8
GRAPH
100
AcDbLine
 10
1755.0
 20
48.0
 30
0.0
 11
1755.0
 21
64.0
 31
0.0
  0
LINE
  5
73E
330
17
100
AcDbEntity
  8
GRAPH
100
AcDbLine
 10
1755.0
 20
64.0
 30
0.0
 11
1727.0
 21
64.0
 31
0.0
  0
LINE
  5
73F
330
17
100
AcDbEntity
  8
GRAPH
100
AcDbLine
 10
1727.0
 20
64.0
 30
0.0
 11
1727.0
 21
48.0
 31
0.0
  0
TEXT
  5
740
330
17
100
AcDbEntity
  8
TEXT
100
AcDbText
 10
1729.0
 20
54.0
 30
0.0
 40
1.4
  1
M-101
 11
1729.0
 21
54.0
 31
0.0
100
AcDbText
  0
LINE
  5
741
330
17
100
AcDbEntity
  8
GRAPH
100
AcDbLine
 10
1759.0
 20
48.0
 30
0.0
 11
1787.0
 21
48.0
 31
0.0
  0
LINE
  5
742
330
17
100
AcDbEntity
  8
GRAPH
100
AcDbLine
 10
1787.0
 20
48.0
 30
0.0
 11
1787.0
 21
64.0
 31
0.0
  0
LINE
  5
743
330
17
100
AcDbEntity
  8
GRAPH
100
AcDbLine
 10
1787.0
 20
64.0
 30
0.0
 11
1759.0
 21
64.0
 31
0.0
  0
LINE
  5
744
330
17
100
AcDbEntity
  8
GRAPH
100
AcDbLine
 10
1759.0
 20
64.0
 30
0.0
 11
1759.0
 21
48.0
 31
0.0
  0
TEXT
  5
745
330
17
100
AcDbEntity
  8
TEXT
100
AcDbText
 10
1761.0
 20
54.0
 30
0.0
 40
1.4
  1
M-102
 11
1761.0
 21
54.0
 31
0.0
100
AcDbText
  0
LINE
  5
746
330
17
100
AcDbEntity
  8
GRAPH
100
AcDbLine
 10
1791.0
 20
48.0
 30
0.0
 11
1819.0
 21
48.0
 31
0.0
  0
LINE
  5
747
330
17
100
AcDbEntity
  8
GRAPH
100
AcDbLine
 10
1819.0
 20
48.0
 30
0.0
 11
1819.0
 21
64.0
 31
0.0
  0
LINE
  5
748
330
17
100
AcDbEntity
  8
GRAPH
100
AcDbLine
 10
1819.0
 20
64.0
 30
0.0
 11
1791.0
 21
64.0
 31
0.0
  0
LINE
  5
749
330
17
100
AcDbEntity
  8
GRAPH
100
AcDbLine
 10
1791.0
 20
64.0
 30
0.0
 11
1791.0
 21
48.0
 31
0.0
  0
TEXT
  5
74A
330
17
100
AcDbEntity
  8
TEXT
100
AcDbText
 10
1793.0
 20
54.0
 30
0.0
 40
1.4
  1
M-103
 11
1793.0
 21
54.0
 31
0.0
100
AcDbText
  0
LINE
  5
74B
330
17
100
AcDbEntity
  8
GRAPH
100
AcDbLine
 10
1823.0
 20
48.0
 30
0.0
 11
1851.0
 21
48.0
 31
0.0
  0
LINE
  5
74C
330
17
100
AcDbEntity
  8
GRAPH
100
AcDbLine
 10
1851.0
 20
48.0
 30
0.0
 11
1851.0
 21
64.0
 31
0.0
  0
LINE
  5
74D
330
17
100
AcDbEntity
  8
GRAPH
100
AcDbLine
 10
1851.0
 20
64.0
 30
0.0
 11
1823.0
 21
64.0
 31
0.0
  0
LINE
  5
74E
330
17
100
AcDbEntity
  8
GRAPH
100
AcDbLine
 10
1823.0
 20
64.0
 30
0.0
 11
1823.0
 21
48.0
 31
0.0
  0
TEXT
  5
74F
330
17
100
AcDbEntity
  8
TEXT
100
AcDbText
 10
1825.0
 20
54.0
 30
0.0
 40
1.4
  1
M-104
 11
1825.0
 21
54.0
 31
0.0
100
AcDbText
  0
LINE
  5
750
330
17
100
AcDbEntity
  8
GRAPH
100
AcDbLine
 10
1855.0
 20
48.0
 30
0.0
 11
1883.0
 21
48.0
 31
0.0
  0
LINE
  5
751
330
17
100
AcDbEntity
  8
GRAPH
100
AcDbLine
 10
1883.0
 20
48.0
 30
0.0
 11
1883.0
 21
64.0
 31
0.0
  0
LINE
  5
752
330
17
100
AcDbEntity
  8
GRAPH
100
AcDbLine
 10
1883.0
 20
64.0
 30
0.0
 11
1855.0
 21
64.0
 31
0.0
  0
LINE
  5
753
330
17
100
AcDbEntity
  8
GRAPH
100
AcDbLine
 10
1855.0
 20
64.0
 30
0.0
 11
1855.0
 21
48.0
 31
0.0
  0
TEXT
  5
754
330
17
100
AcDbEntity
  8
TEXT
100
AcDbText
 10
1857.0
 20
54.0
 30
0.0
 40
1.4
  1
M-105
 11
1857.0
 21
54.0
 31
0.0
100
AcDbText
  0
LINE
  5
755
330
17
100
AcDbEntity
  8
GRAPH
100
AcDbLine
 10
1887.0
 20
48.0
 30
0.0
 11
1915.0
 21
48.0
 31
0.0
  0
LINE
  5
756
330
17
100
AcDbEntity
  8
GRAPH
100
AcDbLine
 10
1915.0
 20
48.0
 30
0.0
 11
1915.0
 21
64.0
 31
0.0
  0
LINE
  5
757
330
17
100
AcDbEntity
  8
GRAPH
100
AcDbLine
 10
1915.0
 20
64.0
 30
0.0
 11
1887.0
 21
64.0
 31
0.0
  0
LINE
  5
758
330
17
100
AcDbEntity
  8
GRAPH
100
AcDbLine
 10
1887.0
 20
64.0
 30
0.0
 11
1887.0
 21
48.0
 31
0.0
  0
TEXT
  5
759
330
17
100
AcDbEntity
  8
TEXT
100
AcDbText
 10
1889.0
 20
54.0
 30
0.0
 40
1.4
  1
M-106
 11
1889.0
 21
54.0
 31
0.0
100
AcDbText
  0
LINE
  5
75A
330
17
100
AcDbEntity
  8
GRAPH
100
AcDbLine
 10
1919.0
 20
48.0
 30
0.0
 11
1947.0
 21
48.0
 31
0.0
  0
LINE
  5
75B
330
17
100
AcDbEntity
  8
GRAPH
100
AcDbLine
 10
1947.0
 20
48.0
 30
0.0
 11
1947.0
 21
64.0
 31
0.0
  0
LINE
  5
75C
330
17
100
AcDbEntity
  8
GRAPH
100
AcDbLine
 10
1947.0
 20
64.0
 30
0.0
 11
1919.0
 21
64.0
 31
0.0
  0
LINE
  5
75D
330
17
100
AcDbEntity
  8
GRAPH
100
AcDbLine
 10
1919.0
 20
64.0
 30
0.0
 11
1919.0
 21
48.0
 31
0.0
  0
TEXT
  5
75E
330
17
100
AcDbEntity
  8
TEXT
100
AcDbText
 10
1921.0
 20
54.0
 30
0.0
 40
1.4
  1
M-107
 11
1921.0
 21
54.0
 31
0.0
100
AcDbText
  0
LINE
  5
75F
330
17
100
AcDbEntity
  8
GRAPH
100
AcDbLine
 10
1951.0
 20
48.0
 30
0.0
 11
1979.0
 21
48.0
 31
0.0
  0
LINE
  5
760
330
17
100
AcDbEntity
  8
GRAPH
100
AcDbLine
 10
1979.0
 20
48.0
 30
0.0
 11
1979.0
 21
64.0
 31
0.0
  0
LINE
  5
761
330
17
100
AcDbEntity
  8
GRAPH
100
AcDbLine
 10
1979.0
 20
64.0
 30
0.0
 11
1951.0
 21
64.0
 31
0.0
  0
LINE
  5
762
330
17
100
AcDbEntity
  8
GRAPH
100
AcDbLine
 10
1951.0
 20
64.0
 30
0.0
 11
1951.0
 21
48.0
 31
0.0
  0
TEXT
  5
763
330
17
100
AcDbEntity
  8
TEXT
100
AcDbText
 10
1953.0
 20
54.0
 30
0.0
 40
1.4
  1
M-108
 11
1953.0
 21
54.0
 31
0.0
100
AcDbText
  0
LINE
  5
764
330
17
100
AcDbEntity
  8
GRAPH
100
AcDbLine
 10
1983.0
 20
48.0
 30
0.0
 11
2011.0
 21
48.0
 31
0.0
  0
LINE
  5
765
330
17
100
AcDbEntity
  8
GRAPH
100
AcDbLine
 10
2011.0
 20
48.0
 30
0.0
 11
2011.0
 21
64.0
 31
0.0
  0
LINE
  5
766
330
17
100
AcDbEntity
  8
GRAPH
100
AcDbLine
 10
2011.0
 20
64.0
 30
0.0
 11
1983.0
 21
64.0
 31
0.0
  0
LINE
  5
767
330
17
100
AcDbEntity
  8
GRAPH
100
AcDbLine
 10
1983.0
 20
64.0
 30
0.0
 11
1983.0
 21
48.0
 31
0.0
  0
TEXT
  5
768
330
17
100
AcDbEntity
  8
TEXT
100
AcDbText
 10
1985.0
 20
54.0
 30
0.0
 40
1.4
  1
M-109
 11
1985.0
 21
54.0
 31
0.0
100
AcDbText
  0
LINE
  5
769
330
17
100
AcDbEntity
  8
GRAPH
100
AcDbLine
 10
2015.0
 20
48.0
 30
0.0
 11
2043.0
 21
48.0
 31
0.0
  0
LINE
  5
76A
330
17
100
AcDbEntity
  8
GRAPH
100
AcDbLine
 10
2043.0
 20
48.0
 30
0.0
 11
2043.0
 21
64.0
 31
0.0
  0
LINE
  5
76B
330
17
100
AcDbEntity
  8
GRAPH
100
AcDbLine
 10
2043.0
 20
64.0
 30
0.0
 11
2015.0
 21
64.0
 31
0.0
  0
LINE
  5
76C
330
17
100
AcDbEntity
  8
GRAPH
100
AcDbLine
 10
2015.0
 20
64.0
 30
0.0
 11
2015.0
 21
48.0
 31
0.0
  0
TEXT
  5
76D
330
17
100
AcDbEntity
  8
TEXT
100
AcDbText
 10
2017.0
 20
54.0
 30
0.0
 40
1.4
  1
M-110
 11
2017.0
 21
54.0
 31
0.0
100
AcDbText
  0
LINE
  5
76E
330
17
100
AcDbEntity
  8
GRAPH
100
AcDbLine
 10
2047.0
 20
48.0
 30
0.0
 11
2075.0
 21
48.0
 31
0.0
  0
LINE
  5
76F
330
17
100
AcDbEntity
  8
GRAPH
100
AcDbLine
 10
2075.0
 20
48.0
 30
0.0
 11
2075.0
 21
64.0
 31
0.0
  0
LINE
  5
770
330
17
100
AcDbEntity
  8
GRAPH
100
AcDbLine
 10
2075.0
 20
64.0
 30
0.0
 11
2047.0
 21
64.0
 31
0.0
  0
LINE
  5
771
330
17
100
AcDbEntity
  8
GRAPH
100
AcDbLine
 10
2047.0
 20
64.0
 30
0.0
 11
2047.0
 21
48.0
 31
0.0
  0
TEXT
  5
772
330
17
100
AcDbEntity
  8
TEXT
100
AcDbText
 10
2049.0
 20
54.0
 30
0.0
 40
1.4
  1
M-111
 11
2049.0
 21
54.0
 31
0.0
100
AcDbText
  0
LINE
  5
773
330
17
100
AcDbEntity
  8
GRAPH
100
AcDbLine
 10
2079.0
 20
48.0
 30
0.0
 11
2107.0
 21
48.0
 31
0.0
  0
LINE
  5
774
330
17
100
AcDbEntity
  8
GRAPH
100
AcDbLine
 10
2107.0
 20
48.0
 30
0.0
 11
2107.0
 21
64.0
 31
0.0
  0
LINE
  5
775
330
17
100
AcDbEntity
  8
GRAPH
100
AcDbLine
 10
2107.0
 20
64.0
 30
0.0
 11
2079.0
 21
64.0
 31
0.0
  0
LINE
  5
776
330
17
100
AcDbEntity
  8
GRAPH
100
AcDbLine
 10
2079.0
 20
64.0
 30
0.0
 11
2079.0
 21
48.0
 31
0.0
  0
TEXT
  5
777
330
17
100
AcDbEntity
  8
TEXT
100
AcDbText
 10
2081.0
 20
54.0
 30
0.0
 40
1.4
  1
M-112
 11
2081.0
 21
54.0
 31
0.0
100
AcDbText
  0
LINE
  5
778
330
17
100
AcDbEntity
  8
GRAPH
100
AcDbLine
 10
1727.0
 20
68.0
 30
0.0
 11
1755.0
 21
68.0
 31
0.0
  0
LINE
  5
779
330
17
100
AcDbEntity
  8
GRAPH
100
AcDbLine
 10
1755.0
 20
68.0
 30
0.0
 11
1755.0
 21
84.0
 31
0.0
  0
LINE
  5
77A
330
17
100
AcDbEntity
  8
GRAPH
100
AcDbLine
 10
1755.0
 20
84.0
 30
0.0
 11
1727.0
 21
84.0
 31
0.0
  0
LINE
  5
77B
330
17
100
AcDbEntity
  8
GRAPH
100
AcDbLine
 10
1727.0
 20
84.0
 30
0.0
 11
1727.0
 21
68.0
 31
0.0
  0
TEXT
  5
77C
330
17
100
AcDbEntity
  8
TEXT
100
AcDbText
 10
1729.0
 20
74.0
 30
0.0
 40
1.4
  1
M-201
 11
1729.0
 21
74.0
 31
0.0
100
AcDbText
  0
LINE
  5
77D
330
17
100
AcDbEntity
  8
GRAPH
100
AcDbLine
 10
1759.0
 20
68.0
 30
0.0
 11
1787.0
 21
68.0
 31
0.0
  0
LINE
  5
77E
330
17
100
AcDbEntity
  8
GRAPH
100
AcDbLine
 10
1787.0
 20
68.0
 30
0.0
 11
1787.0
 21
84.0
 31
0.0
  0
LINE
  5
77F
330
17
100
AcDbEntity
  8
GRAPH
100
AcDbLine
 10
1787.0
 20
84.0
 30
0.0
 11
1759.0
 21
84.0
 31
0.0
  0
LINE
  5
780
330
17
100
AcDbEntity
  8
GRAPH
100
AcDbLine
 10
1759.0
 20
84.0
 30
0.0
 11
1759.0
 21
68.0
 31
0.0
  0
TEXT
  5
781
330
17
100
AcDbEntity
  8
TEXT
100
AcDbText
 10
1761.0
 20
74.0
 30
0.0
 40
1.4
  1
M-202
 11
1761.0
 21
74.0
 31
0.0
100
AcDbText
  0
LINE
  5
782
330
17
100
AcDbEntity
  8
GRAPH
100
AcDbLine
 10
1791.0
 20
68.0
 30
0.0
 11
1819.0
 21
68.0
 31
0.0
  0
LINE
  5
783
330
17
100
AcDbEntity
  8
GRAPH
100
AcDbLine
 10
1819.0
 20
68.0
 30
0.0
 11
1819.0
 21
84.0
 31
0.0
  0
LINE
  5
784
330
17
100
AcDbEntity
  8
GRAPH
100
AcDbLine
 10
1819.0
 20
84.0
 30
0.0
 11
1791.0
 21
84.0
 31
0.0
  0
LINE
  5
785
330
17
100
AcDbEntity
  8
GRAPH
100
AcDbLine
 10
1791.0
 20
84.0
 30
0.0
 11
1791.0
 21
68.0
 31
0.0
  0
TEXT
  5
786
330
17
100
AcDbEntity
  8
TEXT
100
AcDbText
 10
1793.0
 20
74.0
 30
0.0
 40
1.4
  1
M-203
 11
1793.0
 21
74.0
 31
0.0
100
AcDbText
  0
LINE
  5
787
330
17
100
AcDbEntity
  8
GRAPH
100
AcDbLine
 10
1823.0
 20
68.0
 30
0.0
 11
1851.0
 21
68.0
 31
0.0
  0
LINE
  5
788
330
17
100
AcDbEntity
  8
GRAPH
100
AcDbLine
 10
1851.0
 20
68.0
 30
0.0
 11
1851.0
 21
84.0
 31
0.0
  0
LINE
  5
789
330
17
100
AcDbEntity
  8
GRAPH
100
AcDbLine
 10
1851.0
 20
84.0
 30
0.0
 11
1823.0
 21
84.0
 31
0.0
  0
LINE
  5
78A
330
17
100
AcDbEntity
  8
GRAPH
100
AcDbLine
 10
1823.0
 20
84.0
 30
0.0
 11
1823.0
 21
68.0
 31
0.0
  0
TEXT
  5
78B
330
17
100
AcDbEntity
  8
TEXT
100
AcDbText
 10
1825.0
 20
74.0
 30
0.0
 40
1.4
  1
M-204
 11
1825.0
 21
74.0
 31
0.0
100
AcDbText
  0
LINE
  5
78C
330
17
100
AcDbEntity
  8
GRAPH
100
AcDbLine
 10
1855.0
 20
68.0
 30
0.0
 11
1883.0
 21
68.0
 31
0.0
  0
LINE
  5
78D
330
17
100
AcDbEntity
  8
GRAPH
100
AcDbLine
 10
1883.0
 20
68.0
 30
0.0
 11
1883.0
 21
84.0
 31
0.0
  0
LINE
  5
78E
330
17
100
AcDbEntity
  8
GRAPH
100
AcDbLine
 10
1883.0
 20
84.0
 30
0.0
 11
1855.0
 21
84.0
 31
0.0
  0
LINE
  5
78F
330
17
100
AcDbEntity
  8
GRAPH
100
AcDbLine
 10
1855.0
 20
84.0
 30
0.0
 11
1855.0
 21
68.0
 31
0.0
  0
TEXT
  5
790
330
17
100
AcDbEntity
  8
TEXT
100
AcDbText
 10
1857.0
 20
74.0
 30
0.0
 40
1.4
  1
M-205
 11
1857.0
 21
74.0
 31
0.0
100
AcDbText
  0
LINE
  5
791
330
17
100
AcDbEntity
  8
GRAPH
100
AcDbLine
 10
1887.0
 20
68.0
 30
0.0
 11
1915.0
 21
68.0
 31
0.0
  0
LINE
  5
792
330
17
100
AcDbEntity
  8
GRAPH
100
AcDbLine
 10
1915.0
 20
68.0
 30
0.0
 11
1915.0
 21
84.0
 31
0.0
  0
LINE
  5
793
330
17
100
AcDbEntity
  8
GRAPH
100
AcDbLine
 10
1915.0
 20
84.0
 30
0.0
 11
1887.0
 21
84.0
 31
0.0
  0
LINE
  5
794
330
17
100
AcDbEntity
  8
GRAPH
100
AcDbLine
 10
1887.0
 20
84.0
 30
0.0
 11
1887.0
 21
68.0
 31
0.0
  0
TEXT
  5
795
330
17
100
AcDbEntity
  8
TEXT
100
AcDbText
 10
1889.0
 20
74.0
 30
0.0
 40
1.4
  1
M-206
 11
1889.0
 21
74.0
 31
0.0
100
AcDbText
  0
LINE
  5
796
330
17
100
AcDbEntity
  8
GRAPH
100
AcDbLine
 10
1919.0
 20
68.0
 30
0.0
 11
1947.0
 21
68.0
 31
0.0
  0
LINE
  5
797
330
17
100
AcDbEntity
  8
GRAPH
100
AcDbLine
 10
1947.0
 20
68.0
 30
0.0
 11
1947.0
 21
84.0
 31
0.0
  0
LINE
  5
798
330
17
100
AcDbEntity
  8
GRAPH
100
AcDbLine
 10
1947.0
 20
84.0
 30
0.0
 11
1919.0
 21
84.0
 31
0.0
  0
LINE
  5
799
330
17
100
AcDbEntity
  8
GRAPH
100
AcDbLine
 10
1919.0
 20
84.0
 30
0.0
 11
1919.0
 21
68.0
 31
0.0
  0
TEXT
  5
79A
330
17
100
AcDbEntity
  8
TEXT
100
AcDbText
 10
1921.0
 20
74.0
 30
0.0
 40
1.4
  1
M-207
 11
1921.0
 21
74.0
 31
0.0
100
AcDbText
  0
LINE
  5
79B
330
17
100
AcDbEntity
  8
GRAPH
100
AcDbLine
 10
1951.0
 20
68.0
 30
0.0
 11
1979.0
 21
68.0
 31
0.0
  0
LINE
  5
79C
330
17
100
AcDbEntity
  8
GRAPH
100
AcDbLine
 10
1979.0
 20
68.0
 30
0.0
 11
1979.0
 21
84.0
 31
0.0
  0
LINE
  5
79D
330
17
100
AcDbEntity
  8
GRAPH
100
AcDbLine
 10
1979.0
 20
84.0
 30
0.0
 11
1951.0
 21
84.0
 31
0.0
  0
LINE
  5
79E
330
17
100
AcDbEntity
  8
GRAPH
100
AcDbLine
 10
1951.0
 20
84.0
 30
0.0
 11
1951.0
 21
68.0
 31
0.0
  0
TEXT
  5
79F
330
17
100
AcDbEntity
  8
TEXT
100
AcDbText
 10
1953.0
 20
74.0
 30
0.0
 40
1.4
  1
M-208
 11
1953.0
 21
74.0
 31
0.0
100
AcDbText
  0
LINE
  5
7A0
330
17
100
AcDbEntity
  8
GRAPH
100
AcDbLine
 10
1983.0
 20
68.0
 30
0.0
 11
2011.0
 21
68.0
 31
0.0
  0
LINE
  5
7A1
330
17
100
AcDbEntity
  8
GRAPH
100
AcDbLine
 10
2011.0
 20
68.0
 30
0.0
 11
2011.0
 21
84.0
 31
0.0
  0
LINE
  5
7A2
330
17
100
AcDbEntity
  8
GRAPH
100
AcDbLine
 10
2011.0
 20
84.0
 30
0.0
 11
1983.0
 21
84.0
 31
0.0
  0
LINE
  5
7A3
330
17
100
AcDbEntity
  8
GRAPH
100
AcDbLine
 10
1983.0
 20
84.0
 30
0.0
 11
1983.0
 21
68.0
 31
0.0
  0
TEXT
  5
7A4
330
17
100
AcDbEntity
  8
TEXT
100
AcDbText
 10
1985.0
 20
74.0
 30
0.0
 40
1.4
  1
M-209
 11
1985.0
 21
74.0
 31
0.0
100
AcDbText
  0
LINE
  5
7A5
330
17
100
AcDbEntity
  8
GRAPH
100
AcDbLine
 10
2015.0
 20
68.0
 30
0.0
 11
2043.0
 21
68.0
 31
0.0
  0
LINE
  5
7A6
330
17
100
AcDbEntity
  8
GRAPH
100
AcDbLine
 10
2043.0
 20
68.0
 30
0.0
 11
2043.0
 21
84.0
 31
0.0
  0
LINE
  5
7A7
330
17
100
AcDbEntity
  8
GRAPH
100
AcDbLine
 10
2043.0
 20
84.0
 30
0.0
 11
2015.0
 21
84.0
 31
0.0
  0
LINE
  5
7A8
330
17
100
AcDbEntity
  8
GRAPH
100
AcDbLine
 10
2015.0
 20
84.0
 30
0.0
 11
2015.0
 21
68.0
 31
0.0
  0
TEXT
  5
7A9
330
17
100
AcDbEntity
  8
TEXT
100
AcDbText
 10
2017.0
 20
74.0
 30
0.0
 40
1.4
  1
M-210
 11
2017.0
 21
74.0
 31
0.0
100
AcDbText
  0
LINE
  5
7AA
330
17
100
AcDbEntity
  8
GRAPH
100
AcDbLine
 10
2047.0
 20
68.0
 30
0.0
 11
2075.0
 21
68.0
 31
0.0
  0
LINE
  5
7AB
330
17
100
AcDbEntity
  8
GRAPH
100
AcDbLine
 10
2075.0
 20
68.0
 30
0.0
 11
2075.0
 21
84.0
 31
0.0
  0
LINE
  5
7AC
330
17
100
AcDbEntity
  8
GRAPH
100
AcDbLine
 10
2075.0
 20
84.0
 30
0.0
 11
2047.0
 21
84.0
 31
0.0
  0
LINE
  5
7AD
330
17
100
AcDbEntity
  8
GRAPH
100
AcDbLine
 10
2047.0
 20
84.0
 30
0.0
 11
2047.0
 21
68.0
 31
0.0
  0
TEXT
  5
7AE
330
17
100
AcDbEntity
  8
TEXT
100
AcDbText
 10
2049.0
 20
74.0
 30
0.0
 40
1.4
  1
M-211
 11
2049.0
 21
74.0
 31
0.0
100
AcDbText
  0
LINE
  5
7AF
330
17
100
AcDbEntity
  8
GRAPH
100
AcDbLine
 10
2079.0
 20
68.0
 30
0.0
 11
2107.0
 21
68.0
 31
0.0
  0
LINE
  5
7B0
330
17
100
AcDbEntity
  8
GRAPH
100
AcDbLine
 10
2107.0
 20
68.0
 30
0.0
 11
2107.0
 21
84.0
 31
0.0
  0
LINE
  5
7B1
330
17
100
AcDbEntity
  8
GRAPH
100
AcDbLine
 10
2107.0
 20
84.0
 30
0.0
 11
2079.0
 21
84.0
 31
0.0
  0
LINE
  5
7B2
330
17
100
AcDbEntity
  8
GRAPH
100
AcDbLine
 10
2079.0
 20
84.0
 30
0.0
 11
2079.0
 21
68.0
 31
0.0
  0
TEXT
  5
7B3
330
17
100
AcDbEntity
  8
TEXT
100
AcDbText
 10
2081.0
 20
74.0
 30
0.0
 40
1.4
  1
M-212
 11
2081.0
 21
74.0
 31
0.0
100
AcDbText
  0
LINE
  5
7B4
330
17
100
AcDbEntity
  8
GRAPH
100
AcDbLine
 10
1727.0
 20
88.0
 30
0.0
 11
1755.0
 21
88.0
 31
0.0
  0
LINE
  5
7B5
330
17
100
AcDbEntity
  8
GRAPH
100
AcDbLine
 10
1755.0
 20
88.0
 30
0.0
 11
1755.0
 21
104.0
 31
0.0
  0
LINE
  5
7B6
330
17
100
AcDbEntity
  8
GRAPH
100
AcDbLine
 10
1755.0
 20
104.0
 30
0.0
 11
1727.0
 21
104.0
 31
0.0
  0
LINE
  5
7B7
330
17
100
AcDbEntity
  8
GRAPH
100
AcDbLine
 10
1727.0
 20
104.0
 30
0.0
 11
1727.0
 21
88.0
 31
0.0
  0
TEXT
  5
7B8
330
17
100
AcDbEntity
  8
TEXT
100
AcDbText
 10
1729.0
 20
94.0
 30
0.0
 40
1.4
  1
M-301
 11
1729.0
 21
94.0
 31
0.0
100
AcDbText
  0
LINE
  5
7B9
330
17
100
AcDbEntity
  8
GRAPH
100
AcDbLine
 10
1759.0
 20
88.0
 30
0.0
 11
1787.0
 21
88.0
 31
0.0
  0
LINE
  5
7BA
330
17
100
AcDbEntity
  8
GRAPH
100
AcDbLine
 10
1787.0
 20
88.0
 30
0.0
 11
1787.0
 21
104.0
 31
0.0
  0
LINE
  5
7BB
330
17
100
AcDbEntity
  8
GRAPH
100
AcDbLine
 10
1787.0
 20
104.0
 30
0.0
 11
1759.0
 21
104.0
 31
0.0
  0
LINE
  5
7BC
330
17
100
AcDbEntity
  8
GRAPH
100
AcDbLine
 10
1759.0
 20
104.0
 30
0.0
 11
1759.0
 21
88.0
 31
0.0
  0
TEXT
  5
7BD
330
17
100
AcDbEntity
  8
TEXT
100
AcDbText
 10
1761.0
 20
94.0
 30
0.0
 40
1.4
  1
M-302
 11
1761.0
 21
94.0
 31
0.0
100
AcDbText
  0
LINE
  5
7BE
330
17
100
AcDbEntity
  8
GRAPH
100
AcDbLine
 10
1791.0
 20
88.0
 30
0.0
 11
1819.0
 21
88.0
 31
0.0
  0
LINE
  5
7BF
330
17
100
AcDbEntity
  8
GRAPH
100
AcDbLine
 10
1819.0
 20
88.0
 30
0.0
 11
1819.0
 21
104.0
 31
0.0
  0
LINE
  5
7C0
330
17
100
AcDbEntity
  8
GRAPH
100
AcDbLine
 10
1819.0
 20
104.0
 30
0.0
 11
1791.0
 21
104.0
 31
0.0
  0
LINE
  5
7C1
330
17
100
AcDbEntity
  8
GRAPH
100
AcDbLine
 10
1791.0
 20
104.0
 30
0.0
 11
1791.0
 21
88.0
 31
0.0
  0
TEXT
  5
7C2
330
17
100
AcDbEntity
  8
TEXT
100
AcDbText
 10
1793.0
 20
94.0
 30
0.0
 40
1.4
  1
M-303
 11
1793.0
 21
94.0
 31
0.0
100
AcDbText
  0
LINE
  5
7C3
330
17
100
AcDbEntity
  8
GRAPH
100
AcDbLine
 10
1823.0
 20
88.0
 30
0.0
 11
1851.0
 21
88.0
 31
0.0
  0
LINE
  5
7C4
330
17
100
AcDbEntity
  8
GRAPH
100
AcDbLine
 10
1851.0
 20
88.0
 30
0.0
 11
1851.0
 21
104.0
 31
0.0
  0
LINE
  5
7C5
330
17
100
AcDbEntity
  8
GRAPH
100
AcDbLine
 10
1851.0
 20
104.0
 30
0.0
 11
1823.0
 21
104.0
 31
0.0
  0
LINE
  5
7C6
330
17
100
AcDbEntity
  8
GRAPH
100
AcDbLine
 10
1823.0
 20
104.0
 30
0.0
 11
1823.0
 21
88.0
 31
0.0
  0
TEXT
  5
7C7
330
17
100
AcDbEntity
  8
TEXT
100
AcDbText
 10
1825.0
 20
94.0
 30
0.0
 40
1.4
  1
M-304
 11
1825.0
 21
94.0
 31
0.0
100
AcDbText
  0
LINE
  5
7C8
330
17
100
AcDbEntity
  8
GRAPH
100
AcDbLine
 10
1855.0
 20
88.0
 30
0.0
 11
1883.0
 21
88.0
 31
0.0
  0
LINE
  5
7C9
330
17
100
AcDbEntity
  8
GRAPH
100
AcDbLine
 10
1883.0
 20
88.0
 30
0.0
 11
1883.0
 21
104.0
 31
0.0
  0
LINE
  5
7CA
330
17
100
AcDbEntity
  8
GRAPH
100
AcDbLine
 10
1883.0
 20
104.0
 30
0.0
 11
1855.0
 21
104.0
 31
0.0
  0
LINE
  5
7CB
330
17
100
AcDbEntity
  8
GRAPH
100
AcDbLine
 10
1855.0
 20
104.0
 30
0.0
 11
1855.0
 21
88.0
 31
0.0
  0
TEXT
  5
7CC
330
17
100
AcDbEntity
  8
TEXT
100
AcDbText
 10
1857.0
 20
94.0
 30
0.0
 40
1.4
  1
M-305
 11
1857.0
 21
94.0
 31
0.0
100
AcDbText
  0
LINE
  5
7CD
330
17
100
AcDbEntity
  8
GRAPH
100
AcDbLine
 10
1887.0
 20
88.0
 30
0.0
 11
1915.0
 21
88.0
 31
0.0
  0
LINE
  5
7CE
330
17
100
AcDbEntity
  8
GRAPH
100
AcDbLine
 10
1915.0
 20
88.0
 30
0.0
 11
1915.0
 21
104.0
 31
0.0
  0
LINE
  5
7CF
330
17
100
AcDbEntity
  8
GRAPH
100
AcDbLine
 10
1915.0
 20
104.0
 30
0.0
 11
1887.0
 21
104.0
 31
0.0
  0
LINE
  5
7D0
330
17
100
AcDbEntity
  8
GRAPH
100
AcDbLine
 10
1887.0
 20
104.0
 30
0.0
 11
1887.0
 21
88.0
 31
0.0
  0
TEXT
  5
7D1
330
17
100
AcDbEntity
  8
TEXT
100
AcDbText
 10
1889.0
 20
94.0
 30
0.0
 40
1.4
  1
M-306
 11
1889.0
 21
94.0
 31
0.0
100
AcDbText
  0
LINE
  5
7D2
330
17
100
AcDbEntity
  8
GRAPH
100
AcDbLine
 10
1919.0
 20
88.0
 30
0.0
 11
1947.0
 21
88.0
 31
0.0
  0
LINE
  5
7D3
330
17
100
AcDbEntity
  8
GRAPH
100
AcDbLine
 10
1947.0
 20
88.0
 30
0.0
 11
1947.0
 21
104.0
 31
0.0
  0
LINE
  5
7D4
330
17
100
AcDbEntity
  8
GRAPH
100
AcDbLine
 10
1947.0
 20
104.0
 30
0.0
 11
1919.0
 21
104.0
 31
0.0
  0
LINE
  5
7D5
330
17
100
AcDbEntity
  8
GRAPH
100
AcDbLine
 10
1919.0
 20
104.0
 30
0.0
 11
1919.0
 21
88.0
 31
0.0
  0
TEXT
  5
7D6
330
17
100
AcDbEntity
  8
TEXT
100
AcDbText
 10
1921.0
 20
94.0
 30
0.0
 40
1.4
  1
M-307
 11
1921.0
 21
94.0
 31
0.0
100
AcDbText
  0
LINE
  5
7D7
330
17
100
AcDbEntity
  8
GRAPH
100
AcDbLine
 10
1951.0
 20
88.0
 30
0.0
 11
1979.0
 21
88.0
 31
0.0
  0
LINE
  5
7D8
330
17
100
AcDbEntity
  8
GRAPH
100
AcDbLine
 10
1979.0
 20
88.0
 30
0.0
 11
1979.0
 21
104.0
 31
0.0
  0
LINE
  5
7D9
330
17
100
AcDbEntity
  8
GRAPH
100
AcDbLine
 10
1979.0
 20
104.0
 30
0.0
 11
1951.0
 21
104.0
 31
0.0
  0
LINE
  5
7DA
330
17
100
AcDbEntity
  8
GRAPH
100
AcDbLine
 10
1951.0
 20
104.0
 30
0.0
 11
1951.0
 21
88.0
 31
0.0
  0
TEXT
  5
7DB
330
17
100
AcDbEntity
  8
TEXT
100
AcDbText
 10
1953.0
 20
94.0
 30
0.0
 40
1.4
  1
M-308
 11
1953.0
 21
94.0
 31
0.0
100
AcDbText
  0
LINE
  5
7DC
330
17
100
AcDbEntity
  8
GRAPH
100
AcDbLine
 10
1983.0
 20
88.0
 30
0.0
 11
2011.0
 21
88.0
 31
0.0
  0
LINE
  5
7DD
330
17
100
AcDbEntity
  8
GRAPH
100
AcDbLine
 10
2011.0
 20
88.0
 30
0.0
 11
2011.0
 21
104.0
 31
0.0
  0
LINE
  5
7DE
330
17
100
AcDbEntity
  8
GRAPH
100
AcDbLine
 10
2011.0
 20
104.0
 30
0.0
 11
1983.0
 21
104.0
 31
0.0
  0
LINE
  5
7DF
330
17
100
AcDbEntity
  8
GRAPH
100
AcDbLine
 10
1983.0
 20
104.0
 30
0.0
 11
1983.0
 21
88.0
 31
0.0
  0
TEXT
  5
7E0
330
17
100
AcDbEntity
  8
TEXT
100
AcDbText
 10
1985.0
 20
94.0
 30
0.0
 40
1.4
  1
M-309
 11
1985.0
 21
94.0
 31
0.0
100
AcDbText
  0
LINE
  5
7E1
330
17
100
AcDbEntity
  8
GRAPH
100
AcDbLine
 10
2015.0
 20
88.0
 30
0.0
 11
2043.0
 21
88.0
 31
0.0
  0
LINE
  5
7E2
330
17
100
AcDbEntity
  8
GRAPH
100
AcDbLine
 10
2043.0
 20
88.0
 30
0.0
 11
2043.0
 21
104.0
 31
0.0
  0
LINE
  5
7E3
330
17
100
AcDbEntity
  8
GRAPH
100
AcDbLine
 10
2043.0
 20
104.0
 30
0.0
 11
2015.0
 21
104.0
 31
0.0
  0
LINE
  5
7E4
330
17
100
AcDbEntity
  8
GRAPH
100
AcDbLine
 10
2015.0
 20
104.0
 30
0.0
 11
2015.0
 21
88.0
 31
0.0
  0
TEXT
  5
7E5
330
17
100
AcDbEntity
  8
TEXT
100
AcDbText
 10
2017.0
 20
94.0
 30
0.0
 40
1.4
  1
M-310
 11
2017.0
 21
94.0
 31
0.0
100
AcDbText
  0
LINE
  5
7E6
330
17
100
AcDbEntity
  8
GRAPH
100
AcDbLine
 10
2047.0
 20
88.0
 30
0.0
 11
2075.0
 21
88.0
 31
0.0
  0
LINE
  5
7E7
330
17
100
AcDbEntity
  8
GRAPH
100
AcDbLine
 10
2075.0
 20
88.0
 30
0.0
 11
2075.0
 21
104.0
 31
0.0
  0
LINE
  5
7E8
330
17
100
AcDbEntity
  8
GRAPH
100
AcDbLine
 10
2075.0
 20
104.0
 30
0.0
 11
2047.0
 21
104.0
 31
0.0
  0
LINE
  5
7E9
330
17
100
AcDbEntity
  8
GRAPH
100
AcDbLine
 10
2047.0
 20
104.0
 30
0.0
 11
2047.0
 21
88.0
 31
0.0
  0
TEXT
  5
7EA
330
17
100
AcDbEntity
  8
TEXT
100
AcDbText
 10
2049.0
 20
94.0
 30
0.0
 40
1.4
  1
M-311
 11
2049.0
 21
94.0
 31
0.0
100
AcDbText
  0
LINE
  5
7EB
330
17
100
AcDbEntity
  8
GRAPH
100
AcDbLine
 10
2079.0
 20
88.0
 30
0.0
 11
2107.0
 21
88.0
 31
0.0
  0
LINE
  5
7EC
330
17
100
AcDbEntity
  8
GRAPH
100
AcDbLine
 10
2107.0
 20
88.0
 30
0.0
 11
2107.0
 21
104.0
 31
0.0
  0
LINE
  5
7ED
330
17
100
AcDbEntity
  8
GRAPH
100
AcDbLine
 10
2107.0
 20
104.0
 30
0.0
 11
2079.0
 21
104.0
 31
0.0
  0
LINE
  5
7EE
330
17
100
AcDbEntity
  8
GRAPH
100
AcDbLine
 10
2079.0
 20
104.0
 30
0.0
 11
2079.0
 21
88.0
 31
0.0
  0
TEXT
  5
7EF
330
17
100
AcDbEntity
  8
TEXT
100
AcDbText
 10
2081.0
 20
94.0
 30
0.0
 40
1.4
  1
M-312
 11
2081.0
 21
94.0
 31
0.0
100
AcDbText
  0
LINE
  5
7F0
330
17
100
AcDbEntity
  8
GRAPH
100
AcDbLine
 10
1727.0
 20
108.0
 30
0.0
 11
1755.0
 21
108.0
 31
0.0
  0
LINE
  5
7F1
330
17
100
AcDbEntity
  8
GRAPH
100
AcDbLine
 10
1755.0
 20
108.0
 30
0.0
 11
1755.0
 21
124.0
 31
0.0
  0
LINE
  5
7F2
330
17
100
AcDbEntity
  8
GRAPH
100
AcDbLine
 10
1755.0
 20
124.0
 30
0.0
 11
1727.0
 21
124.0
 31
0.0
  0
LINE
  5
7F3
330
17
100
AcDbEntity
  8
GRAPH
100
AcDbLine
 10
1727.0
 20
124.0
 30
0.0
 11
1727.0
 21
108.0
 31
0.0
  0
TEXT
  5
7F4
330
17
100
AcDbEntity
  8
TEXT
100
AcDbText
 10
1729.0
 20
114.0
 30
0.0
 40
1.4
  1
M-401
 11
1729.0
 21
114.0
 31
0.0
100
AcDbText
  0
LINE
  5
7F5
330
17
100
AcDbEntity
  8
GRAPH
100
AcDbLine
 10
1759.0
 20
108.0
 30
0.0
 11
1787.0
 21
108.0
 31
0.0
  0
LINE
  5
7F6
330
17
100
AcDbEntity
  8
GRAPH
100
AcDbLine
 10
1787.0
 20
108.0
 30
0.0
 11
1787.0
 21
124.0
 31
0.0
  0
LINE
  5
7F7
330
17
100
AcDbEntity
  8
GRAPH
100
AcDbLine
 10
1787.0
 20
124.0
 30
0.0
 11
1759.0
 21
124.0
 31
0.0
  0
LINE
  5
7F8
330
17
100
AcDbEntity
  8
GRAPH
100
AcDbLine
 10
1759.0
 20
124.0
 30
0.0
 11
1759.0
 21
108.0
 31
0.0
  0
TEXT
  5
7F9
330
17
100
AcDbEntity
  8
TEXT
100
AcDbText
 10
1761.0
 20
114.0
 30
0.0
 40
1.4
  1
M-402
 11
1761.0
 21
114.0
 31
0.0
100
AcDbText
  0
LINE
  5
7FA
330
17
100
AcDbEntity
  8
GRAPH
100
AcDbLine
 10
1791.0
 20
108.0
 30
0.0
 11
1819.0
 21
108.0
 31
0.0
  0
LINE
  5
7FB
330
17
100
AcDbEntity
  8
GRAPH
100
AcDbLine
 10
1819.0
 20
108.0
 30
0.0
 11
1819.0
 21
124.0
 31
0.0
  0
LINE
  5
7FC
330
17
100
AcDbEntity
  8
GRAPH
100
AcDbLine
 10
1819.0
 20
124.0
 30
0.0
 11
1791.0
 21
124.0
 31
0.0
  0
LINE
  5
7FD
330
17
100
AcDbEntity
  8
GRAPH
100
AcDbLine
 10
1791.0
 20
124.0
 30
0.0
 11
1791.0
 21
108.0
 31
0.0
  0
TEXT
  5
7FE
330
17
100
AcDbEntity
  8
TEXT
100
AcDbText
 10
1793.0
 20
114.0
 30
0.0
 40
1.4
  1
M-403
 11
1793.0
 21
114.0
 31
0.0
100
AcDbText
  0
LINE
  5
7FF
330
17
100
AcDbEntity
  8
GRAPH
100
AcDbLine
 10
1823.0
 20
108.0
 30
0.0
 11
1851.0
 21
108.0
 31
0.0
  0
LINE
  5
800
330
17
100
AcDbEntity
  8
GRAPH
100
AcDbLine
 10
1851.0
 20
108.0
 30
0.0
 11
1851.0
 21
124.0
 31
0.0
  0
LINE
  5
801
330
17
100
AcDbEntity
  8
GRAPH
100
AcDbLine
 10
1851.0
 20
124.0
 30
0.0
 11
1823.0
 21
124.0
 31
0.0
  0
LINE
  5
802
330
17
100
AcDbEntity
  8
GRAPH
100
AcDbLine
 10
1823.0
 20
124.0
 30
0.0
 11
1823.0
 21
108.0
 31
0.0
  0
TEXT
  5
803
330
17
100
AcDbEntity
  8
TEXT
100
AcDbText
 10
1825.0
 20
114.0
 30
0.0
 40
1.4
  1
M-404
 11
1825.0
 21
114.0
 31
0.0
100
AcDbText
  0
LINE
  5
804
330
17
100
AcDbEntity
  8
GRAPH
100
AcDbLine
 10
1855.0
 20
108.0
 30
0.0
 11
1883.0
 21
108.0
 31
0.0
  0
LINE
  5
805
330
17
100
AcDbEntity
  8
GRAPH
100
AcDbLine
 10
1883.0
 20
108.0
 30
0.0
 11
1883.0
 21
124.0
 31
0.0
  0
LINE
  5
806
330
17
100
AcDbEntity
  8
GRAPH
100
AcDbLine
 10
1883.0
 20
124.0
 30
0.0
 11
1855.0
 21
124.0
 31
0.0
  0
LINE
  5
807
330
17
100
AcDbEntity
  8
GRAPH
100
AcDbLine
 10
1855.0
 20
124.0
 30
0.0
 11
1855.0
 21
108.0
 31
0.0
  0
TEXT
  5
808
330
17
100
AcDbEntity
  8
TEXT
100
AcDbText
 10
1857.0
 20
114.0
 30
0.0
 40
1.4
  1
M-405
 11
1857.0
 21
114.0
 31
0.0
100
AcDbText
  0
LINE
  5
809
330
17
100
AcDbEntity
  8
GRAPH
100
AcDbLine
 10
1887.0
 20
108.0
 30
0.0
 11
1915.0
 21
108.0
 31
0.0
  0
LINE
  5
80A
330
17
100
AcDbEntity
  8
GRAPH
100
AcDbLine
 10
1915.0
 20
108.0
 30
0.0
 11
1915.0
 21
124.0
 31
0.0
  0
LINE
  5
80B
330
17
100
AcDbEntity
  8
GRAPH
100
AcDbLine
 10
1915.0
 20
124.0
 30
0.0
 11
1887.0
 21
124.0
 31
0.0
  0
LINE
  5
80C
330
17
100
AcDbEntity
  8
GRAPH
100
AcDbLine
 10
1887.0
 20
124.0
 30
0.0
 11
1887.0
 21
108.0
 31
0.0
  0
TEXT
  5
80D
330
17
100
AcDbEntity
  8
TEXT
100
AcDbText
 10
1889.0
 20
114.0
 30
0.0
 40
1.4
  1
M-406
 11
1889.0
 21
114.0
 31
0.0
100
AcDbText
  0
LINE
  5
80E
330
17
100
AcDbEntity
  8
GRAPH
100
AcDbLine
 10
1919.0
 20
108.0
 30
0.0
 11
1947.0
 21
108.0
 31
0.0
  0
LINE
  5
80F
330
17
100
AcDbEntity
  8
GRAPH
100
AcDbLine
 10
1947.0
 20
108.0
 30
0.0
 11
1947.0
 21
124.0
 31
0.0
  0
LINE
  5
810
330
17
100
AcDbEntity
  8
GRAPH
100
AcDbLine
 10
1947.0
 20
124.0
 30
0.0
 11
1919.0
 21
124.0
 31
0.0
  0
LINE
  5
811
330
17
100
AcDbEntity
  8
GRAPH
100
AcDbLine
 10
1919.0
 20
124.0
 30
0.0
 11
1919.0
 21
108.0
 31
0.0
  0
TEXT
  5
812
330
17
100
AcDbEntity
  8
TEXT
100
AcDbText
 10
1921.0
 20
114.0
 30
0.0
 40
1.4
  1
M-407
 11
1921.0
 21
114.0
 31
0.0
100
AcDbText
  0
LINE
  5
813
330
17
100
AcDbEntity
  8
GRAPH
100
AcDbLine
 10
1951.0
 20
108.0
 30
0.0
 11
1979.0
 21
108.0
 31
0.0
  0
LINE
  5
814
330
17
100
AcDbEntity
  8
GRAPH
100
AcDbLine
 10
1979.0
 20
108.0
 30
0.0
 11
1979.0
 21
124.0
 31
0.0
  0
LINE
  5
815
330
17
100
AcDbEntity
  8
GRAPH
100
AcDbLine
 10
1979.0
 20
124.0
 30
0.0
 11
1951.0
 21
124.0
 31
0.0
  0
LINE
  5
816
330
17
100
AcDbEntity
  8
GRAPH
100
AcDbLine
 10
1951.0
 20
124.0
 30
0.0
 11
1951.0
 21
108.0
 31
0.0
  0
TEXT
  5
817
330
17
100
AcDbEntity
  8
TEXT
100
AcDbText
 10
1953.0
 20
114.0
 30
0.0
 40
1.4
  1
M-408
 11
1953.0
 21
114.0
 31
0.0
100
AcDbText
  0
LINE
  5
818
330
17
100
AcDbEntity
  8
GRAPH
100
AcDbLine
 10
1983.0
 20
108.0
 30
0.0
 11
2011.0
 21
108.0
 31
0.0
  0
LINE
  5
819
330
17
100
AcDbEntity
  8
GRAPH
100
AcDbLine
 10
2011.0
 20
108.0
 30
0.0
 11
2011.0
 21
124.0
 31
0.0
  0
LINE
  5
81A
330
17
100
AcDbEntity
  8
GRAPH
100
AcDbLine
 10
2011.0
 20
124.0
 30
0.0
 11
1983.0
 21
124.0
 31
0.0
  0
LINE
  5
81B
330
17
100
AcDbEntity
  8
GRAPH
100
AcDbLine
 10
1983.0
 20
124.0
 30
0.0
 11
1983.0
 21
108.0
 31
0.0
  0
TEXT
  5
81C
330
17
100
AcDbEntity
  8
TEXT
100
AcDbText
 10
1985.0
 20
114.0
 30
0.0
 40
1.4
  1
M-409
 11
1985.0
 21
114.0
 31
0.0
100
AcDbText
  0
LINE
  5
81D
330
17
100
AcDbEntity
  8
GRAPH
100
AcDbLine
 10
2015.0
 20
108.0
 30
0.0
 11
2043.0
 21
108.0
 31
0.0
  0
LINE
  5
81E
330
17
100
AcDbEntity
  8
GRAPH
100
AcDbLine
 10
2043.0
 20
108.0
 30
0.0
 11
2043.0
 21
124.0
 31
0.0
  0
LINE
  5
81F
330
17
100
AcDbEntity
  8
GRAPH
100
AcDbLine
 10
2043.0
 20
124.0
 30
0.0
 11
2015.0
 21
124.0
 31
0.0
  0
LINE
  5
820
330
17
100
AcDbEntity
  8
GRAPH
100
AcDbLine
 10
2015.0
 20
124.0
 30
0.0
 11
2015.0
 21
108.0
 31
0.0
  0
TEXT
  5
821
330
17
100
AcDbEntity
  8
TEXT
100
AcDbText
 10
2017.0
 20
114.0
 30
0.0
 40
1.4
  1
M-410
 11
2017.0
 21
114.0
 31
0.0
100
AcDbText
  0
LINE
  5
822
330
17
100
AcDbEntity
  8
GRAPH
100
AcDbLine
 10
2047.0
 20
108.0
 30
0.0
 11
2075.0
 21
108.0
 31
0.0
  0
LINE
  5
823
330
17
100
AcDbEntity
  8
GRAPH
100
AcDbLine
 10
2075.0
 20
108.0
 30
0.0
 11
2075.0
 21
124.0
 31
0.0
  0
LINE
  5
824
330
17
100
AcDbEntity
  8
GRAPH
100
AcDbLine
 10
2075.0
 20
124.0
 30
0.0
 11
2047.0
 21
124.0
 31
0.0
  0
LINE
  5
825
330
17
100
AcDbEntity
  8
GRAPH
100
AcDbLine
 10
2047.0
 20
124.0
 30
0.0
 11
2047.0
 21
108.0
 31
0.0
  0
TEXT
  5
826
330
17
100
AcDbEntity
  8
TEXT
100
AcDbText
 10
2049.0
 20
114.0
 30
0.0
 40
1.4
  1
M-411
 11
2049.0
 21
114.0
 31
0.0
100
AcDbText
  0
LINE
  5
827
330
17
100
AcDbEntity
  8
GRAPH
100
AcDbLine
 10
2079.0
 20
108.0
 30
0.0
 11
2107.0
 21
108.0
 31
0.0
  0
LINE
  5
828
330
17
100
AcDbEntity
  8
GRAPH
100
AcDbLine
 10
2107.0
 20
108.0
 30
0.0
 11
2107.0
 21
124.0
 31
0.0
  0
LINE
  5
829
330
17
100
AcDbEntity
  8
GRAPH
100
AcDbLine
 10
2107.0
 20
124.0
 30
0.0
 11
2079.0
 21
124.0
 31
0.0
  0
LINE
  5
82A
330
17
100
AcDbEntity
  8
GRAPH
100
AcDbLine
 10
2079.0
 20
124.0
 30
0.0
 11
2079.0
 21
108.0
 31
0.0
  0
TEXT
  5
82B
330
17
100
AcDbEntity
  8
TEXT
100
AcDbText
 10
2081.0
 20
114.0
 30
0.0
 40
1.4
  1
M-412
 11
2081.0
 21
114.0
 31
0.0
100
AcDbText
  0
LINE
  5
82C
330
17
100
AcDbEntity
  8
GRAPH
100
AcDbLine
 10
1727.0
 20
128.0
 30
0.0
 11
1755.0
 21
128.0
 31
0.0
  0
LINE
  5
82D
330
17
100
AcDbEntity
  8
GRAPH
100
AcDbLine
 10
1755.0
 20
128.0
 30
0.0
 11
1755.0
 21
144.0
 31
0.0
  0
LINE
  5
82E
330
17
100
AcDbEntity
  8
GRAPH
100
AcDbLine
 10
1755.0
 20
144.0
 30
0.0
 11
1727.0
 21
144.0
 31
0.0
  0
LINE
  5
82F
330
17
100
AcDbEntity
  8
GRAPH
100
AcDbLine
 10
1727.0
 20
144.0
 30
0.0
 11
1727.0
 21
128.0
 31
0.0
  0
TEXT
  5
830
330
17
100
AcDbEntity
  8
TEXT
100
AcDbText
 10
1729.0
 20
134.0
 30
0.0
 40
1.4
  1
M-501
 11
1729.0
 21
134.0
 31
0.0
100
AcDbText
  0
LINE
  5
831
330
17
100
AcDbEntity
  8
GRAPH
100
AcDbLine
 10
1759.0
 20
128.0
 30
0.0
 11
1787.0
 21
128.0
 31
0.0
  0
LINE
  5
832
330
17
100
AcDbEntity
  8
GRAPH
100
AcDbLine
 10
1787.0
 20
128.0
 30
0.0
 11
1787.0
 21
144.0
 31
0.0
  0
LINE
  5
833
330
17
100
AcDbEntity
  8
GRAPH
100
AcDbLine
 10
1787.0
 20
144.0
 30
0.0
 11
1759.0
 21
144.0
 31
0.0
  0
LINE
  5
834
330
17
100
AcDbEntity
  8
GRAPH
100
AcDbLine
 10
1759.0
 20
144.0
 30
0.0
 11
1759.0
 21
128.0
 31
0.0
  0
TEXT
  5
835
330
17
100
AcDbEntity
  8
TEXT
100
AcDbText
 10
1761.0
 20
134.0
 30
0.0
 40
1.4
  1
M-502
 11
1761.0
 21
134.0
 31
0.0
100
AcDbText
  0
LINE
  5
836
330
17
100
AcDbEntity
  8
GRAPH
100
AcDbLine
 10
1791.0
 20
128.0
 30
0.0
 11
1819.0
 21
128.0
 31
0.0
  0
LINE
  5
837
330
17
100
AcDbEntity
  8
GRAPH
100
AcDbLine
 10
1819.0
 20
128.0
 30
0.0
 11
1819.0
 21
144.0
 31
0.0
  0
LINE
  5
838
330
17
100
AcDbEntity
  8
GRAPH
100
AcDbLine
 10
1819.0
 20
144.0
 30
0.0
 11
1791.0
 21
144.0
 31
0.0
  0
LINE
  5
839
330
17
100
AcDbEntity
  8
GRAPH
100
AcDbLine
 10
1791.0
 20
144.0
 30
0.0
 11
1791.0
 21
128.0
 31
0.0
  0
TEXT
  5
83A
330
17
100
AcDbEntity
  8
TEXT
100
AcDbText
 10
1793.0
 20
134.0
 30
0.0
 40
1.4
  1
M-503
 11
1793.0
 21
134.0
 31
0.0
100
AcDbText
  0
LINE
  5
83B
330
17
100
AcDbEntity
  8
GRAPH
100
AcDbLine
 10
1823.0
 20
128.0
 30
0.0
 11
1851.0
 21
128.0
 31
0.0
  0
LINE
  5
83C
330
17
100
AcDbEntity
  8
GRAPH
100
AcDbLine
 10
1851.0
 20
128.0
 30
0.0
 11
1851.0
 21
144.0
 31
0.0
  0
LINE
  5
83D
330
17
100
AcDbEntity
  8
GRAPH
100
AcDbLine
 10
1851.0
 20
144.0
 30
0.0
 11
1823.0
 21
144.0
 31
0.0
  0
LINE
  5
83E
330
17
100
AcDbEntity
  8
GRAPH
100
AcDbLine
 10
1823.0
 20
144.0
 30
0.0
 11
1823.0
 21
128.0
 31
0.0
  0
TEXT
  5
83F
330
17
100
AcDbEntity
  8
TEXT
100
AcDbText
 10
1825.0
 20
134.0
 30
0.0
 40
1.4
  1
M-504
 11
1825.0
 21
134.0
 31
0.0
100
AcDbText
  0
LINE
  5
840
330
17
100
AcDbEntity
  8
GRAPH
100
AcDbLine
 10
1855.0
 20
128.0
 30
0.0
 11
1883.0
 21
128.0
 31
0.0
  0
LINE
  5
841
330
17
100
AcDbEntity
  8
GRAPH
100
AcDbLine
 10
1883.0
 20
128.0
 30
0.0
 11
1883.0
 21
144.0
 31
0.0
  0
LINE
  5
842
330
17
100
AcDbEntity
  8
GRAPH
100
AcDbLine
 10
1883.0
 20
144.0
 30
0.0
 11
1855.0
 21
144.0
 31
0.0
  0
LINE
  5
843
330
17
100
AcDbEntity
  8
GRAPH
100
AcDbLine
 10
1855.0
 20
144.0
 30
0.0
 11
1855.0
 21
128.0
 31
0.0
  0
TEXT
  5
844
330
17
100
AcDbEntity
  8
TEXT
100
AcDbText
 10
1857.0
 20
134.0
 30
0.0
 40
1.4
  1
M-505
 11
1857.0
 21
134.0
 31
0.0
100
AcDbText
  0
LINE
  5
845
330
17
100
AcDbEntity
  8
GRAPH
100
AcDbLine
 10
1887.0
 20
128.0
 30
0.0
 11
1915.0
 21
128.0
 31
0.0
  0
LINE
  5
846
330
17
100
AcDbEntity
  8
GRAPH
100
AcDbLine
 10
1915.0
 20
128.0
 30
0.0
 11
1915.0
 21
144.0
 31
0.0
  0
LINE
  5
847
330
17
100
AcDbEntity
  8
GRAPH
100
AcDbLine
 10
1915.0
 20
144.0
 30
0.0
 11
1887.0
 21
144.0
 31
0.0
  0
LINE
  5
848
330
17
100
AcDbEntity
  8
GRAPH
100
AcDbLine
 10
1887.0
 20
144.0
 30
0.0
 11
1887.0
 21
128.0
 31
0.0
  0
TEXT
  5
849
330
17
100
AcDbEntity
  8
TEXT
100
AcDbText
 10
1889.0
 20
134.0
 30
0.0
 40
1.4
  1
M-506
 11
1889.0
 21
134.0
 31
0.0
100
AcDbText
  0
LINE
  5
84A
330
17
100
AcDbEntity
  8
GRAPH
100
AcDbLine
 10
1919.0
 20
128.0
 30
0.0
 11
1947.0
 21
128.0
 31
0.0
  0
LINE
  5
84B
330
17
100
AcDbEntity
  8
GRAPH
100
AcDbLine
 10
1947.0
 20
128.0
 30
0.0
 11
1947.0
 21
144.0
 31
0.0
  0
LINE
  5
84C
330
17
100
AcDbEntity
  8
GRAPH
100
AcDbLine
 10
1947.0
 20
144.0
 30
0.0
 11
1919.0
 21
144.0
 31
0.0
  0
LINE
  5
84D
330
17
100
AcDbEntity
  8
GRAPH
100
AcDbLine
 10
1919.0
 20
144.0
 30
0.0
 11
1919.0
 21
128.0
 31
0.0
  0
TEXT
  5
84E
330
17
100
AcDbEntity
  8
TEXT
100
AcDbText
 10
1921.0
 20
134.0
 30
0.0
 40
1.4
  1
M-507
 11
1921.0
 21
134.0
 31
0.0
100
AcDbText
  0
LINE
  5
84F
330
17
100
AcDbEntity
  8
GRAPH
100
AcDbLine
 10
1951.0
 20
128.0
 30
0.0
 11
1979.0
 21
128.0
 31
0.0
  0
LINE
  5
850
330
17
100
AcDbEntity
  8
GRAPH
100
AcDbLine
 10
1979.0
 20
128.0
 30
0.0
 11
1979.0
 21
144.0
 31
0.0
  0
LINE
  5
851
330
17
100
AcDbEntity
  8
GRAPH
100
AcDbLine
 10
1979.0
 20
144.0
 30
0.0
 11
1951.0
 21
144.0
 31
0.0
  0
LINE
  5
852
330
17
100
AcDbEntity
  8
GRAPH
100
AcDbLine
 10
1951.0
 20
144.0
 30
0.0
 11
1951.0
 21
128.0
 31
0.0
  0
TEXT
  5
853
330
17
100
AcDbEntity
  8
TEXT
100
AcDbText
 10
1953.0
 20
134.0
 30
0.0
 40
1.4
  1
M-508
 11
1953.0
 21
134.0
 31
0.0
100
AcDbText
  0
LINE
  5
854
330
17
100
AcDbEntity
  8
GRAPH
100
AcDbLine
 10
1983.0
 20
128.0
 30
0.0
 11
2011.0
 21
128.0
 31
0.0
  0
LINE
  5
855
330
17
100
AcDbEntity
  8
GRAPH
100
AcDbLine
 10
2011.0
 20
128.0
 30
0.0
 11
2011.0
 21
144.0
 31
0.0
  0
LINE
  5
856
330
17
100
AcDbEntity
  8
GRAPH
100
AcDbLine
 10
2011.0
 20
144.0
 30
0.0
 11
1983.0
 21
144.0
 31
0.0
  0
LINE
  5
857
330
17
100
AcDbEntity
  8
GRAPH
100
AcDbLine
 10
1983.0
 20
144.0
 30
0.0
 11
1983.0
 21
128.0
 31
0.0
  0
TEXT
  5
858
330
17
100
AcDbEntity
  8
TEXT
100
AcDbText
 10
1985.0
 20
134.0
 30
0.0
 40
1.4
  1
M-509
 11
1985.0
 21
134.0
 31
0.0
100
AcDbText
  0
LINE
  5
859
330
17
100
AcDbEntity
  8
GRAPH
100
AcDbLine
 10
2015.0
 20
128.0
 30
0.0
 11
2043.0
 21
128.0
 31
0.0
  0
LINE
  5
85A
330
17
100
AcDbEntity
  8
GRAPH
100
AcDbLine
 10
2043.0
 20
128.0
 30
0.0
 11
2043.0
 21
144.0
 31
0.0
  0
LINE
  5
85B
330
17
100
AcDbEntity
  8
GRAPH
100
AcDbLine
 10
2043.0
 20
144.0
 30
0.0
 11
2015.0
 21
144.0
 31
0.0
  0
LINE
  5
85C
330
17
100
AcDbEntity
  8
GRAPH
100
AcDbLine
 10
2015.0
 20
144.0
 30
0.0
 11
2015.0
 21
128.0
 31
0.0
  0
TEXT
  5
85D
330
17
100
AcDbEntity
  8
TEXT
100
AcDbText
 10
2017.0
 20
134.0
 30
0.0
 40
1.4
  1
M-510
 11
2017.0
 21
134.0
 31
0.0
100
AcDbText
  0
LINE
  5
85E
330
17
100
AcDbEntity
  8
GRAPH
100
AcDbLine
 10
2047.0
 20
128.0
 30
0.0
 11
2075.0
 21
128.0
 31
0.0
  0
LINE
  5
85F
330
17
100
AcDbEntity
  8
GRAPH
100
AcDbLine
 10
2075.0
 20
128.0
 30
0.0
 11
2075.0
 21
144.0
 31
0.0
  0
LINE
  5
860
330
17
100
AcDbEntity
  8
GRAPH
100
AcDbLine
 10
2075.0
 20
144.0
 30
0.0
 11
2047.0
 21
144.0
 31
0.0
  0
LINE
  5
861
330
17
100
AcDbEntity
  8
GRAPH
100
AcDbLine
 10
2047.0
 20
144.0
 30
0.0
 11
2047.0
 21
128.0
 31
0.0
  0
TEXT
  5
862
330
17
100
AcDbEntity
  8
TEXT
100
AcDbText
 10
2049.0
 20
134.0
 30
0.0
 40
1.4
  1
M-511
 11
2049.0
 21
134.0
 31
0.0
100
AcDbText
  0
LINE
  5
863
330
17
100
AcDbEntity
  8
GRAPH
100
AcDbLine
 10
2079.0
 20
128.0
 30
0.0
 11
2107.0
 21
128.0
 31
0.0
  0
LINE
  5
864
330
17
100
AcDbEntity
  8
GRAPH
100
AcDbLine
 10
2107.0
 20
128.0
 30
0.0
 11
2107.0
 21
144.0
 31
0.0
  0
LINE
  5
865
330
17
100
AcDbEntity
  8
GRAPH
100
AcDbLine
 10
2107.0
 20
144.0
 30
0.0
 11
2079.0
 21
144.0
 31
0.0
  0
LINE
  5
866
330
17
100
AcDbEntity
  8
GRAPH
100
AcDbLine
 10
2079.0
 20
144.0
 30
0.0
 11
2079.0
 21
128.0
 31
0.0
  0
TEXT
  5
867
330
17
100
AcDbEntity
  8
TEXT
100
AcDbText
 10
2081.0
 20
134.0
 30
0.0
 40
1.4
  1
M-512
 11
2081.0
 21
134.0
 31
0.0
100
AcDbText
  0
LINE
  5
868
330
17
100
AcDbEntity
  8
GRAPH
100
AcDbLine
 10
1727.0
 20
148.0
 30
0.0
 11
1755.0
 21
148.0
 31
0.0
  0
LINE
  5
869
330
17
100
AcDbEntity
  8
GRAPH
100
AcDbLine
 10
1755.0
 20
148.0
 30
0.0
 11
1755.0
 21
164.0
 31
0.0
  0
LINE
  5
86A
330
17
100
AcDbEntity
  8
GRAPH
100
AcDbLine
 10
1755.0
 20
164.0
 30
0.0
 11
1727.0
 21
164.0
 31
0.0
  0
LINE
  5
86B
330
17
100
AcDbEntity
  8
GRAPH
100
AcDbLine
 10
1727.0
 20
164.0
 30
0.0
 11
1727.0
 21
148.0
 31
0.0
  0
TEXT
  5
86C
330
17
100
AcDbEntity
  8
TEXT
100
AcDbText
 10
1729.0
 20
154.0
 30
0.0
 40
1.4
  1
M-601
 11
1729.0
 21
154.0
 31
0.0
100
AcDbText
  0
LINE
  5
86D
330
17
100
AcDbEntity
  8
GRAPH
100
AcDbLine
 10
1759.0
 20
148.0
 30
0.0
 11
1787.0
 21
148.0
 31
0.0
  0
LINE
  5
86E
330
17
100
AcDbEntity
  8
GRAPH
100
AcDbLine
 10
1787.0
 20
148.0
 30
0.0
 11
1787.0
 21
164.0
 31
0.0
  0
LINE
  5
86F
330
17
100
AcDbEntity
  8
GRAPH
100
AcDbLine
 10
1787.0
 20
164.0
 30
0.0
 11
1759.0
 21
164.0
 31
0.0
  0
LINE
  5
870
330
17
100
AcDbEntity
  8
GRAPH
100
AcDbLine
 10
1759.0
 20
164.0
 30
0.0
 11
1759.0
 21
148.0
 31
0.0
  0
TEXT
  5
871
330
17
100
AcDbEntity
  8
TEXT
100
AcDbText
 10
1761.0
 20
154.0
 30
0.0
 40
1.4
  1
M-602
 11
1761.0
 21
154.0
 31
0.0
100
AcDbText
  0
LINE
  5
872
330
17
100
AcDbEntity
  8
GRAPH
100
AcDbLine
 10
1791.0
 20
148.0
 30
0.0
 11
1819.0
 21
148.0
 31
0.0
  0
LINE
  5
873
330
17
100
AcDbEntity
  8
GRAPH
100
AcDbLine
 10
1819.0
 20
148.0
 30
0.0
 11
1819.0
 21
164.0
 31
0.0
  0
LINE
  5
874
330
17
100
AcDbEntity
  8
GRAPH
100
AcDbLine
 10
1819.0
 20
164.0
 30
0.0
 11
1791.0
 21
164.0
 31
0.0
  0
LINE
  5
875
330
17
100
AcDbEntity
  8
GRAPH
100
AcDbLine
 10
1791.0
 20
164.0
 30
0.0
 11
1791.0
 21
148.0
 31
0.0
  0
TEXT
  5
876
330
17
100
AcDbEntity
  8
TEXT
100
AcDbText
 10
1793.0
 20
154.0
 30
0.0
 40
1.4
  1
M-603
 11
1793.0
 21
154.0
 31
0.0
100
AcDbText
  0
LINE
  5
877
330
17
100
AcDbEntity
  8
GRAPH
100
AcDbLine
 10
1823.0
 20
148.0
 30
0.0
 11
1851.0
 21
148.0
 31
0.0
  0
LINE
  5
878
330
17
100
AcDbEntity
  8
GRAPH
100
AcDbLine
 10
1851.0
 20
148.0
 30
0.0
 11
1851.0
 21
164.0
 31
0.0
  0
LINE
  5
879
330
17
100
AcDbEntity
  8
GRAPH
100
AcDbLine
 10
1851.0
 20
164.0
 30
0.0
 11
1823.0
 21
164.0
 31
0.0
  0
LINE
  5
87A
330
17
100
AcDbEntity
  8
GRAPH
100
AcDbLine
 10
1823.0
 20
164.0
 30
0.0
 11
1823.0
 21
148.0
 31
0.0
  0
TEXT
  5
87B
330
17
100
AcDbEntity
  8
TEXT
100
AcDbText
 10
1825.0
 20
154.0
 30
0.0
 40
1.4
  1
M-604
 11
1825.0
 21
154.0
 31
0.0
100
AcDbText
  0
LINE
  5
87C
330
17
100
AcDbEntity
  8
GRAPH
100
AcDbLine
 10
1855.0
 20
148.0
 30
0.0
 11
1883.0
 21
148.0
 31
0.0
  0
LINE
  5
87D
330
17
100
AcDbEntity
  8
GRAPH
100
AcDbLine
 10
1883.0
 20
148.0
 30
0.0
 11
1883.0
 21
164.0
 31
0.0
  0
LINE
  5
87E
330
17
100
AcDbEntity
  8
GRAPH
100
AcDbLine
 10
1883.0
 20
164.0
 30
0.0
 11
1855.0
 21
164.0
 31
0.0
  0
LINE
  5
87F
330
17
100
AcDbEntity
  8
GRAPH
100
AcDbLine
 10
1855.0
 20
164.0
 30
0.0
 11
1855.0
 21
148.0
 31
0.0
  0
TEXT
  5
880
330
17
100
AcDbEntity
  8
TEXT
100
AcDbText
 10
1857.0
 20
154.0
 30
0.0
 40
1.4
  1
M-605
 11
1857.0
 21
154.0
 31
0.0
100
AcDbText
  0
LINE
  5
881
330
17
100
AcDbEntity
  8
GRAPH
100
AcDbLine
 10
1887.0
 20
148.0
 30
0.0
 11
1915.0
 21
148.0
 31
0.0
  0
LINE
  5
882
330
17
100
AcDbEntity
  8
GRAPH
100
AcDbLine
 10
1915.0
 20
148.0
 30
0.0
 11
1915.0
 21
164.0
 31
0.0
  0
LINE
  5
883
330
17
100
AcDbEntity
  8
GRAPH
100
AcDbLine
 10
1915.0
 20
164.0
 30
0.0
 11
1887.0
 21
164.0
 31
0.0
  0
LINE
  5
884
330
17
100
AcDbEntity
  8
GRAPH
100
AcDbLine
 10
1887.0
 20
164.0
 30
0.0
 11
1887.0
 21
148.0
 31
0.0
  0
TEXT
  5
885
330
17
100
AcDbEntity
  8
TEXT
100
AcDbText
 10
1889.0
 20
154.0
 30
0.0
 40
1.4
  1
M-606
 11
1889.0
 21
154.0
 31
0.0
100
AcDbText
  0
LINE
  5
886
330
17
100
AcDbEntity
  8
GRAPH
100
AcDbLine
 10
1919.0
 20
148.0
 30
0.0
 11
1947.0
 21
148.0
 31
0.0
  0
LINE
  5
887
330
17
100
AcDbEntity
  8
GRAPH
100
AcDbLine
 10
1947.0
 20
148.0
 30
0.0
 11
1947.0
 21
164.0
 31
0.0
  0
LINE
  5
888
330
17
100
AcDbEntity
  8
GRAPH
100
AcDbLine
 10
1947.0
 20
164.0
 30
0.0
 11
1919.0
 21
164.0
 31
0.0
  0
LINE
  5
889
330
17
100
AcDbEntity
  8
GRAPH
100
AcDbLine
 10
1919.0
 20
164.0
 30
0.0
 11
1919.0
 21
148.0
 31
0.0
  0
TEXT
  5
88A
330
17
100
AcDbEntity
  8
TEXT
100
AcDbText
 10
1921.0
 20
154.0
 30
0.0
 40
1.4
  1
M-607
 11
1921.0
 21
154.0
 31
0.0
100
AcDbText
  0
LINE
  5
88B
330
17
100
AcDbEntity
  8
GRAPH
100
AcDbLine
 10
1951.0
 20
148.0
 30
0.0
 11
1979.0
 21
148.0
 31
0.0
  0
LINE
  5
88C
330
17
100
AcDbEntity
  8
GRAPH
100
AcDbLine
 10
1979.0
 20
148.0
 30
0.0
 11
1979.0
 21
164.0
 31
0.0
  0
LINE
  5
88D
330
17
100
AcDbEntity
  8
GRAPH
100
AcDbLine
 10
1979.0
 20
164.0
 30
0.0
 11
1951.0
 21
164.0
 31
0.0
  0
LINE
  5
88E
330
17
100
AcDbEntity
  8
GRAPH
100
AcDbLine
 10
1951.0
 20
164.0
 30
0.0
 11
1951.0
 21
148.0
 31
0.0
  0
TEXT
  5
88F
330
17
100
AcDbEntity
  8
TEXT
100
AcDbText
 10
1953.0
 20
154.0
 30
0.0
 40
1.4
  1
M-608
 11
1953.0
 21
154.0
 31
0.0
100
AcDbText
  0
LINE
  5
890
330
17
100
AcDbEntity
  8
GRAPH
100
AcDbLine
 10
1983.0
 20
148.0
 30
0.0
 11
2011.0
 21
148.0
 31
0.0
  0
LINE
  5
891
330
17
100
AcDbEntity
  8
GRAPH
100
AcDbLine
 10
2011.0
 20
148.0
 30
0.0
 11
2011.0
 21
164.0
 31
0.0
  0
LINE
  5
892
330
17
100
AcDbEntity
  8
GRAPH
100
AcDbLine
 10
2011.0
 20
164.0
 30
0.0
 11
1983.0
 21
164.0
 31
0.0
  0
LINE
  5
893
330
17
100
AcDbEntity
  8
GRAPH
100
AcDbLine
 10
1983.0
 20
164.0
 30
0.0
 11
1983.0
 21
148.0
 31
0.0
  0
TEXT
  5
894
330
17
100
AcDbEntity
  8
TEXT
100
AcDbText
 10
1985.0
 20
154.0
 30
0.0
 40
1.4
  1
M-609
 11
1985.0
 21
154.0
 31
0.0
100
AcDbText
  0
LINE
  5
895
330
17
100
AcDbEntity
  8
GRAPH
100
AcDbLine
 10
2015.0
 20
148.0
 30
0.0
 11
2043.0
 21
148.0
 31
0.0
  0
LINE
  5
896
330
17
100
AcDbEntity
  8
GRAPH
100
AcDbLine
 10
2043.0
 20
148.0
 30
0.0
 11
2043.0
 21
164.0
 31
0.0
  0
LINE
  5
897
330
17
100
AcDbEntity
  8
GRAPH
100
AcDbLine
 10
2043.0
 20
164.0
 30
0.0
 11
2015.0
 21
164.0
 31
0.0
  0
LINE
  5
898
330
17
100
AcDbEntity
  8
GRAPH
100
AcDbLine
 10
2015.0
 20
164.0
 30
0.0
 11
2015.0
 21
148.0
 31
0.0
  0
TEXT
  5
899
330
17
100
AcDbEntity
  8
TEXT
100
AcDbText
 10
2017.0
 20
154.0
 30
0.0
 40
1.4
  1
M-610
 11
2017.0
 21
154.0
 31
0.0
100
AcDbText
  0
LINE
  5
89A
330
17
100
AcDbEntity
  8
GRAPH
100
AcDbLine
 10
2047.0
 20
148.0
 30
0.0
 11
2075.0
 21
148.0
 31
0.0
  0
LINE
  5
89B
330
17
100
AcDbEntity
  8
GRAPH
100
AcDbLine
 10
2075.0
 20
148.0
 30
0.0
 11
2075.0
 21
164.0
 31
0.0
  0
LINE
  5
89C
330
17
100
AcDbEntity
  8
GRAPH
100
AcDbLine
 10
2075.0
 20
164.0
 30
0.0
 11
2047.0
 21
164.0
 31
0.0
  0
LINE
  5
89D
330
17
100
AcDbEntity
  8
GRAPH
100
AcDbLine
 10
2047.0
 20
164.0
 30
0.0
 11
2047.0
 21
148.0
 31
0.0
  0
TEXT
  5
89E
330
17
100
AcDbEntity
  8
TEXT
100
AcDbText
 10
2049.0
 20
154.0
 30
0.0
 40
1.4
  1
M-611
 11
2049.0
 21
154.0
 31
0.0
100
AcDbText
  0
LINE
  5
89F
330
17
100
AcDbEntity
  8
GRAPH
100
AcDbLine
 10
2079.0
 20
148.0
 30
0.0
 11
2107.0
 21
148.0
 31
0.0
  0
LINE
  5
8A0
330
17
100
AcDbEntity
  8
GRAPH
100
AcDbLine
 10
2107.0
 20
148.0
 30
0.0
 11
2107.0
 21
164.0
 31
0.0
  0
LINE
  5
8A1
330
17
100
AcDbEntity
  8
GRAPH
100
AcDbLine
 10
2107.0
 20
164.0
 30
0.0
 11
2079.0
 21
164.0
 31
0.0
  0
LINE
  5
8A2
330
17
100
AcDbEntity
  8
GRAPH
100
AcDbLine
 10
2079.0
 20
164.0
 30
0.0
 11
2079.0
 21
148.0
 31
0.0
  0
TEXT
  5
8A3
330
17
100
AcDbEntity
  8
TEXT
100
AcDbText
 10
2081.0
 20
154.0
 30
0.0
 40
1.4
  1
M-612
 11
2081.0
 21
154.0
 31
0.0
100
AcDbText
  0
LINE
  5
8A4
330
17
100
AcDbEntity
  8
GRAPH
100
AcDbLine
 10
1727.0
 20
168.0
 30
0.0
 11
1755.0
 21
168.0
 31
0.0
  0
LINE
  5
8A5
330
17
100
AcDbEntity
  8
GRAPH
100
AcDbLine
 10
1755.0
 20
168.0
 30
0.0
 11
1755.0
 21
184.0
 31
0.0
  0
LINE
  5
8A6
330
17
100
AcDbEntity
  8
GRAPH
100
AcDbLine
 10
1755.0
 20
184.0
 30
0.0
 11
1727.0
 21
184.0
 31
0.0
  0
LINE
  5
8A7
330
17
100
AcDbEntity
  8
GRAPH
100
AcDbLine
 10
1727.0
 20
184.0
 30
0.0
 11
1727.0
 21
168.0
 31
0.0
  0
TEXT
  5
8A8
330
17
100
AcDbEntity
  8
TEXT
100
AcDbText
 10
1729.0
 20
174.0
 30
0.0
 40
1.4
  1
M-701
 11
1729.0
 21
174.0
 31
0.0
100
AcDbText
  0
LINE
  5
8A9
330
17
100
AcDbEntity
  8
GRAPH
100
AcDbLine
 10
1759.0
 20
168.0
 30
0.0
 11
1787.0
 21
168.0
 31
0.0
  0
LINE
  5
8AA
330
17
100
AcDbEntity
  8
GRAPH
100
AcDbLine
 10
1787.0
 20
168.0
 30
0.0
 11
1787.0
 21
184.0
 31
0.0
  0
LINE
  5
8AB
330
17
100
AcDbEntity
  8
GRAPH
100
AcDbLine
 10
1787.0
 20
184.0
 30
0.0
 11
1759.0
 21
184.0
 31
0.0
  0
LINE
  5
8AC
330
17
100
AcDbEntity
  8
GRAPH
100
AcDbLine
 10
1759.0
 20
184.0
 30
0.0
 11
1759.0
 21
168.0
 31
0.0
  0
TEXT
  5
8AD
330
17
100
AcDbEntity
  8
TEXT
100
AcDbText
 10
1761.0
 20
174.0
 30
0.0
 40
1.4
  1
M-702
 11
1761.0
 21
174.0
 31
0.0
100
AcDbText
  0
LINE
  5
8AE
330
17
100
AcDbEntity
  8
GRAPH
100
AcDbLine
 10
1791.0
 20
168.0
 30
0.0
 11
1819.0
 21
168.0
 31
0.0
  0
LINE
  5
8AF
330
17
100
AcDbEntity
  8
GRAPH
100
AcDbLine
 10
1819.0
 20
168.0
 30
0.0
 11
1819.0
 21
184.0
 31
0.0
  0
LINE
  5
8B0
330
17
100
AcDbEntity
  8
GRAPH
100
AcDbLine
 10
1819.0
 20
184.0
 30
0.0
 11
1791.0
 21
184.0
 31
0.0
  0
LINE
  5
8B1
330
17
100
AcDbEntity
  8
GRAPH
100
AcDbLine
 10
1791.0
 20
184.0
 30
0.0
 11
1791.0
 21
168.0
 31
0.0
  0
TEXT
  5
8B2
330
17
100
AcDbEntity
  8
TEXT
100
AcDbText
 10
1793.0
 20
174.0
 30
0.0
 40
1.4
  1
M-703
 11
1793.0
 21
174.0
 31
0.0
100
AcDbText
  0
LINE
  5
8B3
330
17
100
AcDbEntity
  8
GRAPH
100
AcDbLine
 10
1823.0
 20
168.0
 30
0.0
 11
1851.0
 21
168.0
 31
0.0
  0
LINE
  5
8B4
330
17
100
AcDbEntity
  8
GRAPH
100
AcDbLine
 10
1851.0
 20
168.0
 30
0.0
 11
1851.0
 21
184.0
 31
0.0
  0
LINE
  5
8B5
330
17
100
AcDbEntity
  8
GRAPH
100
AcDbLine
 10
1851.0
 20
184.0
 30
0.0
 11
1823.0
 21
184.0
 31
0.0
  0
LINE
  5
8B6
330
17
100
AcDbEntity
  8
GRAPH
100
AcDbLine
 10
1823.0
 20
184.0
 30
0.0
 11
1823.0
 21
168.0
 31
0.0
  0
TEXT
  5
8B7
330
17
100
AcDbEntity
  8
TEXT
100
AcDbText
 10
1825.0
 20
174.0
 30
0.0
 40
1.4
  1
M-704
 11
1825.0
 21
174.0
 31
0.0
100
AcDbText
  0
LINE
  5
8B8
330
17
100
AcDbEntity
  8
GRAPH
100
AcDbLine
 10
1855.0
 20
168.0
 30
0.0
 11
1883.0
 21
168.0
 31
0.0
  0
LINE
  5
8B9
330
17
100
AcDbEntity
  8
GRAPH
100
AcDbLine
 10
1883.0
 20
168.0
 30
0.0
 11
1883.0
 21
184.0
 31
0.0
  0
LINE
  5
8BA
330
17
100
AcDbEntity
  8
GRAPH
100
AcDbLine
 10
1883.0
 20
184.0
 30
0.0
 11
1855.0
 21
184.0
 31
0.0
  0
LINE
  5
8BB
330
17
100
AcDbEntity
  8
GRAPH
100
AcDbLine
 10
1855.0
 20
184.0
 30
0.0
 11
1855.0
 21
168.0
 31
0.0
  0
TEXT
  5
8BC
330
17
100
AcDbEntity
  8
TEXT
100
AcDbText
 10
1857.0
 20
174.0
 30
0.0
 40
1.4
  1
M-705
 11
1857.0
 21
174.0
 31
0.0
100
AcDbText
  0
LINE
  5
8BD
330
17
100
AcDbEntity
  8
GRAPH
100
AcDbLine
 10
1887.0
 20
168.0
 30
0.0
 11
1915.0
 21
168.0
 31
0.0
  0
LINE
  5
8BE
330
17
100
AcDbEntity
  8
GRAPH
100
AcDbLine
 10
1915.0
 20
168.0
 30
0.0
 11
1915.0
 21
184.0
 31
0.0
  0
LINE
  5
8BF
330
17
100
AcDbEntity
  8
GRAPH
100
AcDbLine
 10
1915.0
 20
184.0
 30
0.0
 11
1887.0
 21
184.0
 31
0.0
  0
LINE
  5
8C0
330
17
100
AcDbEntity
  8
GRAPH
100
AcDbLine
 10
1887.0
 20
184.0
 30
0.0
 11
1887.0
 21
168.0
 31
0.0
  0
TEXT
  5
8C1
330
17
100
AcDbEntity
  8
TEXT
100
AcDbText
 10
1889.0
 20
174.0
 30
0.0
 40
1.4
  1
M-706
 11
1889.0
 21
174.0
 31
0.0
100
AcDbText
  0
LINE
  5
8C2
330
17
100
AcDbEntity
  8
GRAPH
100
AcDbLine
 10
1919.0
 20
168.0
 30
0.0
 11
1947.0
 21
168.0
 31
0.0
  0
LINE
  5
8C3
330
17
100
AcDbEntity
  8
GRAPH
100
AcDbLine
 10
1947.0
 20
168.0
 30
0.0
 11
1947.0
 21
184.0
 31
0.0
  0
LINE
  5
8C4
330
17
100
AcDbEntity
  8
GRAPH
100
AcDbLine
 10
1947.0
 20
184.0
 30
0.0
 11
1919.0
 21
184.0
 31
0.0
  0
LINE
  5
8C5
330
17
100
AcDbEntity
  8
GRAPH
100
AcDbLine
 10
1919.0
 20
184.0
 30
0.0
 11
1919.0
 21
168.0
 31
0.0
  0
TEXT
  5
8C6
330
17
100
AcDbEntity
  8
TEXT
100
AcDbText
 10
1921.0
 20
174.0
 30
0.0
 40
1.4
  1
M-707
 11
1921.0
 21
174.0
 31
0.0
100
AcDbText
  0
LINE
  5
8C7
330
17
100
AcDbEntity
  8
GRAPH
100
AcDbLine
 10
1951.0
 20
168.0
 30
0.0
 11
1979.0
 21
168.0
 31
0.0
  0
LINE
  5
8C8
330
17
100
AcDbEntity
  8
GRAPH
100
AcDbLine
 10
1979.0
 20
168.0
 30
0.0
 11
1979.0
 21
184.0
 31
0.0
  0
LINE
  5
8C9
330
17
100
AcDbEntity
  8
GRAPH
100
AcDbLine
 10
1979.0
 20
184.0
 30
0.0
 11
1951.0
 21
184.0
 31
0.0
  0
LINE
  5
8CA
330
17
100
AcDbEntity
  8
GRAPH
100
AcDbLine
 10
1951.0
 20
184.0
 30
0.0
 11
1951.0
 21
168.0
 31
0.0
  0
TEXT
  5
8CB
330
17
100
AcDbEntity
  8
TEXT
100
AcDbText
 10
1953.0
 20
174.0
 30
0.0
 40
1.4
  1
M-708
 11
1953.0
 21
174.0
 31
0.0
100
AcDbText
  0
LINE
  5
8CC
330
17
100
AcDbEntity
  8
GRAPH
100
AcDbLine
 10
1983.0
 20
168.0
 30
0.0
 11
2011.0
 21
168.0
 31
0.0
  0
LINE
  5
8CD
330
17
100
AcDbEntity
  8
GRAPH
100
AcDbLine
 10
2011.0
 20
168.0
 30
0.0
 11
2011.0
 21
184.0
 31
0.0
  0
LINE
  5
8CE
330
17
100
AcDbEntity
  8
GRAPH
100
AcDbLine
 10
2011.0
 20
184.0
 30
0.0
 11
1983.0
 21
184.0
 31
0.0
  0
LINE
  5
8CF
330
17
100
AcDbEntity
  8
GRAPH
100
AcDbLine
 10
1983.0
 20
184.0
 30
0.0
 11
1983.0
 21
168.0
 31
0.0
  0
TEXT
  5
8D0
330
17
100
AcDbEntity
  8
TEXT
100
AcDbText
 10
1985.0
 20
174.0
 30
0.0
 40
1.4
  1
M-709
 11
1985.0
 21
174.0
 31
0.0
100
AcDbText
  0
LINE
  5
8D1
330
17
100
AcDbEntity
  8
GRAPH
100
AcDbLine
 10
2015.0
 20
168.0
 30
0.0
 11
2043.0
 21
168.0
 31
0.0
  0
LINE
  5
8D2
330
17
100
AcDbEntity
  8
GRAPH
100
AcDbLine
 10
2043.0
 20
168.0
 30
0.0
 11
2043.0
 21
184.0
 31
0.0
  0
LINE
  5
8D3
330
17
100
AcDbEntity
  8
GRAPH
100
AcDbLine
 10
2043.0
 20
184.0
 30
0.0
 11
2015.0
 21
184.0
 31
0.0
  0
LINE
  5
8D4
330
17
100
AcDbEntity
  8
GRAPH
100
AcDbLine
 10
2015.0
 20
184.0
 30
0.0
 11
2015.0
 21
168.0
 31
0.0
  0
TEXT
  5
8D5
330
17
100
AcDbEntity
  8
TEXT
100
AcDbText
 10
2017.0
 20
174.0
 30
0.0
 40
1.4
  1
M-710
 11
2017.0
 21
174.0
 31
0.0
100
AcDbText
  0
LINE
  5
8D6
330
17
100
AcDbEntity
  8
GRAPH
100
AcDbLine
 10
2047.0
 20
168.0
 30
0.0
 11
2075.0
 21
168.0
 31
0.0
  0
LINE
  5
8D7
330
17
100
AcDbEntity
  8
GRAPH
100
AcDbLine
 10
2075.0
 20
168.0
 30
0.0
 11
2075.0
 21
184.0
 31
0.0
  0
LINE
  5
8D8
330
17
100
AcDbEntity
  8
GRAPH
100
AcDbLine
 10
2075.0
 20
184.0
 30
0.0
 11
2047.0
 21
184.0
 31
0.0
  0
LINE
  5
8D9
330
17
100
AcDbEntity
  8
GRAPH
100
AcDbLine
 10
2047.0
 20
184.0
 30
0.0
 11
2047.0
 21
168.0
 31
0.0
  0
TEXT
  5
8DA
330
17
100
AcDbEntity
  8
TEXT
100
AcDbText
 10
2049.0
 20
174.0
 30
0.0
 40
1.4
  1
M-711
 11
2049.0
 21
174.0
 31
0.0
100
AcDbText
  0
LINE
  5
8DB
330
17
100
AcDbEntity
  8
GRAPH
100
AcDbLine
 10
2079.0
 20
168.0
 30
0.0
 11
2107.0
 21
168.0
 31
0.0
  0
LINE
  5
8DC
330
17
100
AcDbEntity
  8
GRAPH
100
AcDbLine
 10
2107.0
 20
168.0
 30
0.0
 11
2107.0
 21
184.0
 31
0.0
  0
LINE
  5
8DD
330
17
100
AcDbEntity
  8
GRAPH
100
AcDbLine
 10
2107.0
 20
184.0
 30
0.0
 11
2079.0
 21
184.0
 31
0.0
  0
LINE
  5
8DE
330
17
100
AcDbEntity
  8
GRAPH
100
AcDbLine
 10
2079.0
 20
184.0
 30
0.0
 11
2079.0
 21
168.0
 31
0.0
  0
TEXT
  5
8DF
330
17
100
AcDbEntity
  8
TEXT
100
AcDbText
 10
2081.0
 20
174.0
 30
0.0
 40
1.4
  1
M-712
 11
2081.0
 21
174.0
 31
0.0
100
AcDbText
  0
LINE
  5
8E0
330
17
100
AcDbEntity
  8
GRAPH
100
AcDbLine
 10
1727.0
 20
188.0
 30
0.0
 11
1755.0
 21
188.0
 31
0.0
  0
LINE
  5
8E1
330
17
100
AcDbEntity
  8
GRAPH
100
AcDbLine
 10
1755.0
 20
188.0
 30
0.0
 11
1755.0
 21
204.0
 31
0.0
  0
LINE
  5
8E2
330
17
100
AcDbEntity
  8
GRAPH
100
AcDbLine
 10
1755.0
 20
204.0
 30
0.0
 11
1727.0
 21
204.0
 31
0.0
  0
LINE
  5
8E3
330
17
100
AcDbEntity
  8
GRAPH
100
AcDbLine
 10
1727.0
 20
204.0
 30
0.0
 11
1727.0
 21
188.0
 31
0.0
  0
TEXT
  5
8E4
330
17
100
AcDbEntity
  8
TEXT
100
AcDbText
 10
1729.0
 20
194.0
 30
0.0
 40
1.4
  1
M-801
 11
1729.0
 21
194.0
 31
0.0
100
AcDbText
  0
LINE
  5
8E5
330
17
100
AcDbEntity
  8
GRAPH
100
AcDbLine
 10
1759.0
 20
188.0
 30
0.0
 11
1787.0
 21
188.0
 31
0.0
  0
LINE
  5
8E6
330
17
100
AcDbEntity
  8
GRAPH
100
AcDbLine
 10
1787.0
 20
188.0
 30
0.0
 11
1787.0
 21
204.0
 31
0.0
  0
LINE
  5
8E7
330
17
100
AcDbEntity
  8
GRAPH
100
AcDbLine
 10
1787.0
 20
204.0
 30
0.0
 11
1759.0
 21
204.0
 31
0.0
  0
LINE
  5
8E8
330
17
100
AcDbEntity
  8
GRAPH
100
AcDbLine
 10
1759.0
 20
204.0
 30
0.0
 11
1759.0
 21
188.0
 31
0.0
  0
TEXT
  5
8E9
330
17
100
AcDbEntity
  8
TEXT
100
AcDbText
 10
1761.0
 20
194.0
 30
0.0
 40
1.4
  1
M-802
 11
1761.0
 21
194.0
 31
0.0
100
AcDbText
  0
LINE
  5
8EA
330
17
100
AcDbEntity
  8
GRAPH
100
AcDbLine
 10
1791.0
 20
188.0
 30
0.0
 11
1819.0
 21
188.0
 31
0.0
  0
LINE
  5
8EB
330
17
100
AcDbEntity
  8
GRAPH
100
AcDbLine
 10
1819.0
 20
188.0
 30
0.0
 11
1819.0
 21
204.0
 31
0.0
  0
LINE
  5
8EC
330
17
100
AcDbEntity
  8
GRAPH
100
AcDbLine
 10
1819.0
 20
204.0
 30
0.0
 11
1791.0
 21
204.0
 31
0.0
  0
LINE
  5
8ED
330
17
100
AcDbEntity
  8
GRAPH
100
AcDbLine
 10
1791.0
 20
204.0
 30
0.0
 11
1791.0
 21
188.0
 31
0.0
  0
TEXT
  5
8EE
330
17
100
AcDbEntity
  8
TEXT
100
AcDbText
 10
1793.0
 20
194.0
 30
0.0
 40
1.4
  1
M-803
 11
1793.0
 21
194.0
 31
0.0
100
AcDbText
  0
LINE
  5
8EF
330
17
100
AcDbEntity
  8
GRAPH
100
AcDbLine
 10
1823.0
 20
188.0
 30
0.0
 11
1851.0
 21
188.0
 31
0.0
  0
LINE
  5
8F0
330
17
100
AcDbEntity
  8
GRAPH
100
AcDbLine
 10
1851.0
 20
188.0
 30
0.0
 11
1851.0
 21
204.0
 31
0.0
  0
LINE
  5
8F1
330
17
100
AcDbEntity
  8
GRAPH
100
AcDbLine
 10
1851.0
 20
204.0
 30
0.0
 11
1823.0
 21
204.0
 31
0.0
  0
LINE
  5
8F2
330
17
100
AcDbEntity
  8
GRAPH
100
AcDbLine
 10
1823.0
 20
204.0
 30
0.0
 11
1823.0
 21
188.0
 31
0.0
  0
TEXT
  5
8F3
330
17
100
AcDbEntity
  8
TEXT
100
AcDbText
 10
1825.0
 20
194.0
 30
0.0
 40
1.4
  1
M-804
 11
1825.0
 21
194.0
 31
0.0
100
AcDbText
  0
LINE
  5
8F4
330
17
100
AcDbEntity
  8
GRAPH
100
AcDbLine
 10
1855.0
 20
188.0
 30
0.0
 11
1883.0
 21
188.0
 31
0.0
  0
LINE
  5
8F5
330
17
100
AcDbEntity
  8
GRAPH
100
AcDbLine
 10
1883.0
 20
188.0
 30
0.0
 11
1883.0
 21
204.0
 31
0.0
  0
LINE
  5
8F6
330
17
100
AcDbEntity
  8
GRAPH
100
AcDbLine
 10
1883.0
 20
204.0
 30
0.0
 11
1855.0
 21
204.0
 31
0.0
  0
LINE
  5
8F7
330
17
100
AcDbEntity
  8
GRAPH
100
AcDbLine
 10
1855.0
 20
204.0
 30
0.0
 11
1855.0
 21
188.0
 31
0.0
  0
TEXT
  5
8F8
330
17
100
AcDbEntity
  8
TEXT
100
AcDbText
 10
1857.0
 20
194.0
 30
0.0
 40
1.4
  1
M-805
 11
1857.0
 21
194.0
 31
0.0
100
AcDbText
  0
LINE
  5
8F9
330
17
100
AcDbEntity
  8
GRAPH
100
AcDbLine
 10
1887.0
 20
188.0
 30
0.0
 11
1915.0
 21
188.0
 31
0.0
  0
LINE
  5
8FA
330
17
100
AcDbEntity
  8
GRAPH
100
AcDbLine
 10
1915.0
 20
188.0
 30
0.0
 11
1915.0
 21
204.0
 31
0.0
  0
LINE
  5
8FB
330
17
100
AcDbEntity
  8
GRAPH
100
AcDbLine
 10
1915.0
 20
204.0
 30
0.0
 11
1887.0
 21
204.0
 31
0.0
  0
LINE
  5
8FC
330
17
100
AcDbEntity
  8
GRAPH
100
AcDbLine
 10
1887.0
 20
204.0
 30
0.0
 11
1887.0
 21
188.0
 31
0.0
  0
TEXT
  5
8FD
330
17
100
AcDbEntity
  8
TEXT
100
AcDbText
 10
1889.0
 20
194.0
 30
0.0
 40
1.4
  1
M-806
 11
1889.0
 21
194.0
 31
0.0
100
AcDbText
  0
LINE
  5
8FE
330
17
100
AcDbEntity
  8
GRAPH
100
AcDbLine
 10
1919.0
 20
188.0
 30
0.0
 11
1947.0
 21
188.0
 31
0.0
  0
LINE
  5
8FF
330
17
100
AcDbEntity
  8
GRAPH
100
AcDbLine
 10
1947.0
 20
188.0
 30
0.0
 11
1947.0
 21
204.0
 31
0.0
  0
LINE
  5
900
330
17
100
AcDbEntity
  8
GRAPH
100
AcDbLine
 10
1947.0
 20
204.0
 30
0.0
 11
1919.0
 21
204.0
 31
0.0
  0
LINE
  5
901
330
17
100
AcDbEntity
  8
GRAPH
100
AcDbLine
 10
1919.0
 20
204.0
 30
0.0
 11
1919.0
 21
188.0
 31
0.0
  0
TEXT
  5
902
330
17
100
AcDbEntity
  8
TEXT
100
AcDbText
 10
1921.0
 20
194.0
 30
0.0
 40
1.4
  1
M-807
 11
1921.0
 21
194.0
 31
0.0
100
AcDbText
  0
LINE
  5
903
330
17
100
AcDbEntity
  8
GRAPH
100
AcDbLine
 10
1951.0
 20
188.0
 30
0.0
 11
1979.0
 21
188.0
 31
0.0
  0
LINE
  5
904
330
17
100
AcDbEntity
  8
GRAPH
100
AcDbLine
 10
1979.0
 20
188.0
 30
0.0
 11
1979.0
 21
204.0
 31
0.0
  0
LINE
  5
905
330
17
100
AcDbEntity
  8
GRAPH
100
AcDbLine
 10
1979.0
 20
204.0
 30
0.0
 11
1951.0
 21
204.0
 31
0.0
  0
LINE
  5
906
330
17
100
AcDbEntity
  8
GRAPH
100
AcDbLine
 10
1951.0
 20
204.0
 30
0.0
 11
1951.0
 21
188.0
 31
0.0
  0
TEXT
  5
907
330
17
100
AcDbEntity
  8
TEXT
100
AcDbText
 10
1953.0
 20
194.0
 30
0.0
 40
1.4
  1
M-808
 11
1953.0
 21
194.0
 31
0.0
100
AcDbText
  0
LINE
  5
908
330
17
100
AcDbEntity
  8
GRAPH
100
AcDbLine
 10
1983.0
 20
188.0
 30
0.0
 11
2011.0
 21
188.0
 31
0.0
  0
LINE
  5
909
330
17
100
AcDbEntity
  8
GRAPH
100
AcDbLine
 10
2011.0
 20
188.0
 30
0.0
 11
2011.0
 21
204.0
 31
0.0
  0
LINE
  5
90A
330
17
100
AcDbEntity
  8
GRAPH
100
AcDbLine
 10
2011.0
 20
204.0
 30
0.0
 11
1983.0
 21
204.0
 31
0.0
  0
LINE
  5
90B
330
17
100
AcDbEntity
  8
GRAPH
100
AcDbLine
 10
1983.0
 20
204.0
 30
0.0
 11
1983.0
 21
188.0
 31
0.0
  0
TEXT
  5
90C
330
17
100
AcDbEntity
  8
TEXT
100
AcDbText
 10
1985.0
 20
194.0
 30
0.0
 40
1.4
  1
M-809
 11
1985.0
 21
194.0
 31
0.0
100
AcDbText
  0
LINE
  5
90D
330
17
100
AcDbEntity
  8
GRAPH
100
AcDbLine
 10
2015.0
 20
188.0
 30
0.0
 11
2043.0
 21
188.0
 31
0.0
  0
LINE
  5
90E
330
17
100
AcDbEntity
  8
GRAPH
100
AcDbLine
 10
2043.0
 20
188.0
 30
0.0
 11
2043.0
 21
204.0
 31
0.0
  0
LINE
  5
90F
330
17
100
AcDbEntity
  8
GRAPH
100
AcDbLine
 10
2043.0
 20
204.0
 30
0.0
 11
2015.0
 21
204.0
 31
0.0
  0
LINE
  5
910
330
17
100
AcDbEntity
  8
GRAPH
100
AcDbLine
 10
2015.0
 20
204.0
 30
0.0
 11
2015.0
 21
188.0
 31
0.0
  0
TEXT
  5
911
330
17
100
AcDbEntity
  8
TEXT
100
AcDbText
 10
2017.0
 20
194.0
 30
0.0
 40
1.4
  1
M-810
 11
2017.0
 21
194.0
 31
0.0
100
AcDbText
  0
LINE
  5
912
330
17
100
AcDbEntity
  8
GRAPH
100
AcDbLine
 10
2047.0
 20
188.0
 30
0.0
 11
2075.0
 21
188.0
 31
0.0
  0
LINE
  5
913
330
17
100
AcDbEntity
  8
GRAPH
100
AcDbLine
 10
2075.0
 20
188.0
 30
0.0
 11
2075.0
 21
204.0
 31
0.0
  0
LINE
  5
914
330
17
100
AcDbEntity
  8
GRAPH
100
AcDbLine
 10
2075.0
 20
204.0
 30
0.0
 11
2047.0
 21
204.0
 31
0.0
  0
LINE
  5
915
330
17
100
AcDbEntity
  8
GRAPH
100
AcDbLine
 10
2047.0
 20
204.0
 30
0.0
 11
2047.0
 21
188.0
 31
0.0
  0
TEXT
  5
916
330
17
100
AcDbEntity
  8
TEXT
100
AcDbText
 10
2049.0
 20
194.0
 30
0.0
 40
1.4
  1
M-811
 11
2049.0
 21
194.0
 31
0.0
100
AcDbText
  0
LINE
  5
917
330
17
100
AcDbEntity
  8
GRAPH
100
AcDbLine
 10
2079.0
 20
188.0
 30
0.0
 11
2107.0
 21
188.0
 31
0.0
  0
LINE
  5
918
330
17
100
AcDbEntity
  8
GRAPH
100
AcDbLine
 10
2107.0
 20
188.0
 30
0.0
 11
2107.0
 21
204.0
 31
0.0
  0
LINE
  5
919
330
17
100
AcDbEntity
  8
GRAPH
100
AcDbLine
 10
2107.0
 20
204.0
 30
0.0
 11
2079.0
 21
204.0
 31
0.0
  0
LINE
  5
91A
330
17
100
AcDbEntity
  8
GRAPH
100
AcDbLine
 10
2079.0
 20
204.0
 30
0.0
 11
2079.0
 21
188.0
 31
0.0
  0
TEXT
  5
91B
330
17
100
AcDbEntity
  8
TEXT
100
AcDbText
 10
2081.0
 20
194.0
 30
0.0
 40
1.4
  1
M-812
 11
2081.0
 21
194.0
 31
0.0
100
AcDbText
  0
LINE
  5
91C
330
17
100
AcDbEntity
  8
GRAPH
100
AcDbLine
 10
1727.0
 20
208.0
 30
0.0
 11
1755.0
 21
208.0
 31
0.0
  0
LINE
  5
91D
330
17
100
AcDbEntity
  8
GRAPH
100
AcDbLine
 10
1755.0
 20
208.0
 30
0.0
 11
1755.0
 21
224.0
 31
0.0
  0
LINE
  5
91E
330
17
100
AcDbEntity
  8
GRAPH
100
AcDbLine
 10
1755.0
 20
224.0
 30
0.0
 11
1727.0
 21
224.0
 31
0.0
  0
LINE
  5
91F
330
17
100
AcDbEntity
  8
GRAPH
100
AcDbLine
 10
1727.0
 20
224.0
 30
0.0
 11
1727.0
 21
208.0
 31
0.0
  0
TEXT
  5
920
330
17
100
AcDbEntity
  8
TEXT
100
AcDbText
 10
1729.0
 20
214.0
 30
0.0
 40
1.4
  1
M-901
 11
1729.0
 21
214.0
 31
0.0
100
AcDbText
  0
LINE
  5
921
330
17
100
AcDbEntity
  8
GRAPH
100
AcDbLine
 10
1759.0
 20
208.0
 30
0.0
 11
1787.0
 21
208.0
 31
0.0
  0
LINE
  5
922
330
17
100
AcDbEntity
  8
GRAPH
100
AcDbLine
 10
1787.0
 20
208.0
 30
0.0
 11
1787.0
 21
224.0
 31
0.0
  0
LINE
  5
923
330
17
100
AcDbEntity
  8
GRAPH
100
AcDbLine
 10
1787.0
 20
224.0
 30
0.0
 11
1759.0
 21
224.0
 31
0.0
  0
LINE
  5
924
330
17
100
AcDbEntity
  8
GRAPH
100
AcDbLine
 10
1759.0
 20
224.0
 30
0.0
 11
1759.0
 21
208.0
 31
0.0
  0
TEXT
  5
925
330
17
100
AcDbEntity
  8
TEXT
100
AcDbText
 10
1761.0
 20
214.0
 30
0.0
 40
1.4
  1
M-902
 11
1761.0
 21
214.0
 31
0.0
100
AcDbText
  0
LINE
  5
926
330
17
100
AcDbEntity
  8
GRAPH
100
AcDbLine
 10
1791.0
 20
208.0
 30
0.0
 11
1819.0
 21
208.0
 31
0.0
  0
LINE
  5
927
330
17
100
AcDbEntity
  8
GRAPH
100
AcDbLine
 10
1819.0
 20
208.0
 30
0.0
 11
1819.0
 21
224.0
 31
0.0
  0
LINE
  5
928
330
17
100
AcDbEntity
  8
GRAPH
100
AcDbLine
 10
1819.0
 20
224.0
 30
0.0
 11
1791.0
 21
224.0
 31
0.0
  0
LINE
  5
929
330
17
100
AcDbEntity
  8
GRAPH
100
AcDbLine
 10
1791.0
 20
224.0
 30
0.0
 11
1791.0
 21
208.0
 31
0.0
  0
TEXT
  5
92A
330
17
100
AcDbEntity
  8
TEXT
100
AcDbText
 10
1793.0
 20
214.0
 30
0.0
 40
1.4
  1
M-903
 11
1793.0
 21
214.0
 31
0.0
100
AcDbText
  0
LINE
  5
92B
330
17
100
AcDbEntity
  8
GRAPH
100
AcDbLine
 10
1823.0
 20
208.0
 30
0.0
 11
1851.0
 21
208.0
 31
0.0
  0
LINE
  5
92C
330
17
100
AcDbEntity
  8
GRAPH
100
AcDbLine
 10
1851.0
 20
208.0
 30
0.0
 11
1851.0
 21
224.0
 31
0.0
  0
LINE
  5
92D
330
17
100
AcDbEntity
  8
GRAPH
100
AcDbLine
 10
1851.0
 20
224.0
 30
0.0
 11
1823.0
 21
224.0
 31
0.0
  0
LINE
  5
92E
330
17
100
AcDbEntity
  8
GRAPH
100
AcDbLine
 10
1823.0
 20
224.0
 30
0.0
 11
1823.0
 21
208.0
 31
0.0
  0
TEXT
  5
92F
330
17
100
AcDbEntity
  8
TEXT
100
AcDbText
 10
1825.0
 20
214.0
 30
0.0
 40
1.4
  1
M-904
 11
1825.0
 21
214.0
 31
0.0
100
AcDbText
  0
LINE
  5
930
330
17
100
AcDbEntity
  8
GRAPH
100
AcDbLine
 10
1855.0
 20
208.0
 30
0.0
 11
1883.0
 21
208.0
 31
0.0
  0
LINE
  5
931
330
17
100
AcDbEntity
  8
GRAPH
100
AcDbLine
 10
1883.0
 20
208.0
 30
0.0
 11
1883.0
 21
224.0
 31
0.0
  0
LINE
  5
932
330
17
100
AcDbEntity
  8
GRAPH
100
AcDbLine
 10
1883.0
 20
224.0
 30
0.0
 11
1855.0
 21
224.0
 31
0.0
  0
LINE
  5
933
330
17
100
AcDbEntity
  8
GRAPH
100
AcDbLine
 10
1855.0
 20
224.0
 30
0.0
 11
1855.0
 21
208.0
 31
0.0
  0
TEXT
  5
934
330
17
100
AcDbEntity
  8
TEXT
100
AcDbText
 10
1857.0
 20
214.0
 30
0.0
 40
1.4
  1
M-905
 11
1857.0
 21
214.0
 31
0.0
100
AcDbText
  0
LINE
  5
935
330
17
100
AcDbEntity
  8
GRAPH
100
AcDbLine
 10
1887.0
 20
208.0
 30
0.0
 11
1915.0
 21
208.0
 31
0.0
  0
LINE
  5
936
330
17
100
AcDbEntity
  8
GRAPH
100
AcDbLine
 10
1915.0
 20
208.0
 30
0.0
 11
1915.0
 21
224.0
 31
0.0
  0
LINE
  5
937
330
17
100
AcDbEntity
  8
GRAPH
100
AcDbLine
 10
1915.0
 20
224.0
 30
0.0
 11
1887.0
 21
224.0
 31
0.0
  0
LINE
  5
938
330
17
100
AcDbEntity
  8
GRAPH
100
AcDbLine
 10
1887.0
 20
224.0
 30
0.0
 11
1887.0
 21
208.0
 31
0.0
  0
TEXT
  5
939
330
17
100
AcDbEntity
  8
TEXT
100
AcDbText
 10
1889.0
 20
214.0
 30
0.0
 40
1.4
  1
M-906
 11
1889.0
 21
214.0
 31
0.0
100
AcDbText
  0
LINE
  5
93A
330
17
100
AcDbEntity
  8
GRAPH
100
AcDbLine
 10
1919.0
 20
208.0
 30
0.0
 11
1947.0
 21
208.0
 31
0.0
  0
LINE
  5
93B
330
17
100
AcDbEntity
  8
GRAPH
100
AcDbLine
 10
1947.0
 20
208.0
 30
0.0
 11
1947.0
 21
224.0
 31
0.0
  0
LINE
  5
93C
330
17
100
AcDbEntity
  8
GRAPH
100
AcDbLine
 10
1947.0
 20
224.0
 30
0.0
 11
1919.0
 21
224.0
 31
0.0
  0
LINE
  5
93D
330
17
100
AcDbEntity
  8
GRAPH
100
AcDbLine
 10
1919.0
 20
224.0
 30
0.0
 11
1919.0
 21
208.0
 31
0.0
  0
TEXT
  5
93E
330
17
100
AcDbEntity
  8
TEXT
100
AcDbText
 10
1921.0
 20
214.0
 30
0.0
 40
1.4
  1
M-907
 11
1921.0
 21
214.0
 31
0.0
100
AcDbText
  0
LINE
  5
93F
330
17
100
AcDbEntity
  8
GRAPH
100
AcDbLine
 10
1951.0
 20
208.0
 30
0.0
 11
1979.0
 21
208.0
 31
0.0
  0
LINE
  5
940
330
17
100
AcDbEntity
  8
GRAPH
100
AcDbLine
 10
1979.0
 20
208.0
 30
0.0
 11
1979.0
 21
224.0
 31
0.0
  0
LINE
  5
941
330
17
100
AcDbEntity
  8
GRAPH
100
AcDbLine
 10
1979.0
 20
224.0
 30
0.0
 11
1951.0
 21
224.0
 31
0.0
  0
LINE
  5
942
330
17
100
AcDbEntity
  8
GRAPH
100
AcDbLine
 10
1951.0
 20
224.0
 30
0.0
 11
1951.0
 21
208.0
 31
0.0
  0
TEXT
  5
943
330
17
100
AcDbEntity
  8
TEXT
100
AcDbText
 10
1953.0
 20
214.0
 30
0.0
 40
1.4
  1
M-908
 11
1953.0
 21
214.0
 31
0.0
100
AcDbText
  0
LINE
  5
944
330
17
100
AcDbEntity
  8
GRAPH
100
AcDbLine
 10
1983.0
 20
208.0
 30
0.0
 11
2011.0
 21
208.0
 31
0.0
  0
LINE
  5
945
330
17
100
AcDbEntity
  8
GRAPH
100
AcDbLine
 10
2011.0
 20
208.0
 30
0.0
 11
2011.0
 21
224.0
 31
0.0
  0
LINE
  5
946
330
17
100
AcDbEntity
  8
GRAPH
100
AcDbLine
 10
2011.0
 20
224.0
 30
0.0
 11
1983.0
 21
224.0
 31
0.0
  0
LINE
  5
947
330
17
100
AcDbEntity
  8
GRAPH
100
AcDbLine
 10
1983.0
 20
224.0
 30
0.0
 11
1983.0
 21
208.0
 31
0.0
  0
TEXT
  5
948
330
17
100
AcDbEntity
  8
TEXT
100
AcDbText
 10
1985.0
 20
214.0
 30
0.0
 40
1.4
  1
M-909
 11
1985.0
 21
214.0
 31
0.0
100
AcDbText
  0
LINE
  5
949
330
17
100
AcDbEntity
  8
GRAPH
100
AcDbLine
 10
2015.0
 20
208.0
 30
0.0
 11
2043.0
 21
208.0
 31
0.0
  0
LINE
  5
94A
330
17
100
AcDbEntity
  8
GRAPH
100
AcDbLine
 10
2043.0
 20
208.0
 30
0.0
 11
2043.0
 21
224.0
 31
0.0
  0
LINE
  5
94B
330
17
100
AcDbEntity
  8
GRAPH
100
AcDbLine
 10
2043.0
 20
224.0
 30
0.0
 11
2015.0
 21
224.0
 31
0.0
  0
LINE
  5
94C
330
17
100
AcDbEntity
  8
GRAPH
100
AcDbLine
 10
2015.0
 20
224.0
 30
0.0
 11
2015.0
 21
208.0
 31
0.0
  0
TEXT
  5
94D
330
17
100
AcDbEntity
  8
TEXT
100
AcDbText
 10
2017.0
 20
214.0
 30
0.0
 40
1.4
  1
M-910
 11
2017.0
 21
214.0
 31
0.0
100
AcDbText
  0
LINE
  5
94E
330
17
100
AcDbEntity
  8
GRAPH
100
AcDbLine
 10
2047.0
 20
208.0
 30
0.0
 11
2075.0
 21
208.0
 31
0.0
  0
LINE
  5
94F
330
17
100
AcDbEntity
  8
GRAPH
100
AcDbLine
 10
2075.0
 20
208.0
 30
0.0
 11
2075.0
 21
224.0
 31
0.0
  0
LINE
  5
950
330
17
100
AcDbEntity
  8
GRAPH
100
AcDbLine
 10
2075.0
 20
224.0
 30
0.0
 11
2047.0
 21
224.0
 31
0.0
  0
LINE
  5
951
330
17
100
AcDbEntity
  8
GRAPH
100
AcDbLine
 10
2047.0
 20
224.0
 30
0.0
 11
2047.0
 21
208.0
 31
0.0
  0
TEXT
  5
952
330
17
100
AcDbEntity
  8
TEXT
100
AcDbText
 10
2049.0
 20
214.0
 30
0.0
 40
1.4
  1
M-911
 11
2049.0
 21
214.0
 31
0.0
100
AcDbText
  0
LINE
  5
953
330
17
100
AcDbEntity
  8
GRAPH
100
AcDbLine
 10
2079.0
 20
208.0
 30
0.0
 11
2107.0
 21
208.0
 31
0.0
  0
LINE
  5
954
330
17
100
AcDbEntity
  8
GRAPH
100
AcDbLine
 10
2107.0
 20
208.0
 30
0.0
 11
2107.0
 21
224.0
 31
0.0
  0
LINE
  5
955
330
17
100
AcDbEntity
  8
GRAPH
100
AcDbLine
 10
2107.0
 20
224.0
 30
0.0
 11
2079.0
 21
224.0
 31
0.0
  0
LINE
  5
956
330
17
100
AcDbEntity
  8
GRAPH
100
AcDbLine
 10
2079.0
 20
224.0
 30
0.0
 11
2079.0
 21
208.0
 31
0.0
  0
TEXT
  5
957
330
17
100
AcDbEntity
  8
TEXT
100
AcDbText
 10
2081.0
 20
214.0
 30
0.0
 40
1.4
  1
M-912
 11
2081.0
 21
214.0
 31
0.0
100
AcDbText
  0
LINE
  5
958
330
17
100
AcDbEntity
  8
GRAPH
100
AcDbLine
 10
1727.0
 20
228.0
 30
0.0
 11
1755.0
 21
228.0
 31
0.0
  0
LINE
  5
959
330
17
100
AcDbEntity
  8
GRAPH
100
AcDbLine
 10
1755.0
 20
228.0
 30
0.0
 11
1755.0
 21
244.0
 31
0.0
  0
LINE
  5
95A
330
17
100
AcDbEntity
  8
GRAPH
100
AcDbLine
 10
1755.0
 20
244.0
 30
0.0
 11
1727.0
 21
244.0
 31
0.0
  0
LINE
  5
95B
330
17
100
AcDbEntity
  8
GRAPH
100
AcDbLine
 10
1727.0
 20
244.0
 30
0.0
 11
1727.0
 21
228.0
 31
0.0
  0
TEXT
  5
95C
330
17
100
AcDbEntity
  8
TEXT
100
AcDbText
 10
1729.0
 20
234.0
 30
0.0
 40
1.4
  1
M-1001
 11
1729.0
 21
234.0
 31
0.0
100
AcDbText
  0
LINE
  5
95D
330
17
100
AcDbEntity
  8
GRAPH
100
AcDbLine
 10
1759.0
 20
228.0
 30
0.0
 11
1787.0
 21
228.0
 31
0.0
  0
LINE
  5
95E
330
17
100
AcDbEntity
  8
GRAPH
100
AcDbLine
 10
1787.0
 20
228.0
 30
0.0
 11
1787.0
 21
244.0
 31
0.0
  0
LINE
  5
95F
330
17
100
AcDbEntity
  8
GRAPH
100
AcDbLine
 10
1787.0
 20
244.0
 30
0.0
 11
1759.0
 21
244.0
 31
0.0
  0
LINE
  5
960
330
17
100
AcDbEntity
  8
GRAPH
100
AcDbLine
 10
1759.0
 20
244.0
 30
0.0
 11
1759.0
 21
228.0
 31
0.0
  0
TEXT
  5
961
330
17
100
AcDbEntity
  8
TEXT
100
AcDbText
 10
1761.0
 20
234.0
 30
0.0
 40
1.4
  1
M-1002
 11
1761.0
 21
234.0
 31
0.0
100
AcDbText
  0
LINE
  5
962
330
17
100
AcDbEntity
  8
GRAPH
100
AcDbLine
 10
1791.0
 20
228.0
 30
0.0
 11
1819.0
 21
228.0
 31
0.0
  0
LINE
  5
963
330
17
100
AcDbEntity
  8
GRAPH
100
AcDbLine
 10
1819.0
 20
228.0
 30
0.0
 11
1819.0
 21
244.0
 31
0.0
  0
LINE
  5
964
330
17
100
AcDbEntity
  8
GRAPH
100
AcDbLine
 10
1819.0
 20
244.0
 30
0.0
 11
1791.0
 21
244.0
 31
0.0
  0
LINE
  5
965
330
17
100
AcDbEntity
  8
GRAPH
100
AcDbLine
 10
1791.0
 20
244.0
 30
0.0
 11
1791.0
 21
228.0
 31
0.0
  0
TEXT
  5
966
330
17
100
AcDbEntity
  8
TEXT
100
AcDbText
 10
1793.0
 20
234.0
 30
0.0
 40
1.4
  1
M-1003
 11
1793.0
 21
234.0
 31
0.0
100
AcDbText
  0
LINE
  5
967
330
17
100
AcDbEntity
  8
GRAPH
100
AcDbLine
 10
1823.0
 20
228.0
 30
0.0
 11
1851.0
 21
228.0
 31
0.0
  0
LINE
  5
968
330
17
100
AcDbEntity
  8
GRAPH
100
AcDbLine
 10
1851.0
 20
228.0
 30
0.0
 11
1851.0
 21
244.0
 31
0.0
  0
LINE
  5
969
330
17
100
AcDbEntity
  8
GRAPH
100
AcDbLine
 10
1851.0
 20
244.0
 30
0.0
 11
1823.0
 21
244.0
 31
0.0
  0
LINE
  5
96A
330
17
100
AcDbEntity
  8
GRAPH
100
AcDbLine
 10
1823.0
 20
244.0
 30
0.0
 11
1823.0
 21
228.0
 31
0.0
  0
TEXT
  5
96B
330
17
100
AcDbEntity
  8
TEXT
100
AcDbText
 10
1825.0
 20
234.0
 30
0.0
 40
1.4
  1
M-1004
 11
1825.0
 21
234.0
 31
0.0
100
AcDbText
  0
LINE
  5
96C
330
17
100
AcDbEntity
  8
GRAPH
100
AcDbLine
 10
1855.0
 20
228.0
 30
0.0
 11
1883.0
 21
228.0
 31
0.0
  0
LINE
  5
96D
330
17
100
AcDbEntity
  8
GRAPH
100
AcDbLine
 10
1883.0
 20
228.0
 30
0.0
 11
1883.0
 21
244.0
 31
0.0
  0
LINE
  5
96E
330
17
100
AcDbEntity
  8
GRAPH
100
AcDbLine
 10
1883.0
 20
244.0
 30
0.0
 11
1855.0
 21
244.0
 31
0.0
  0
LINE
  5
96F
330
17
100
AcDbEntity
  8
GRAPH
100
AcDbLine
 10
1855.0
 20
244.0
 30
0.0
 11
1855.0
 21
228.0
 31
0.0
  0
TEXT
  5
970
330
17
100
AcDbEntity
  8
TEXT
100
AcDbText
 10
1857.0
 20
234.0
 30
0.0
 40
1.4
  1
M-1005
 11
1857.0
 21
234.0
 31
0.0
100
AcDbText
  0
LINE
  5
971
330
17
100
AcDbEntity
  8
GRAPH
100
AcDbLine
 10
1887.0
 20
228.0
 30
0.0
 11
1915.0
 21
228.0
 31
0.0
  0
LINE
  5
972
330
17
100
AcDbEntity
  8
GRAPH
100
AcDbLine
 10
1915.0
 20
228.0
 30
0.0
 11
1915.0
 21
244.0
 31
0.0
  0
LINE
  5
973
330
17
100
AcDbEntity
  8
GRAPH
100
AcDbLine
 10
1915.0
 20
244.0
 30
0.0
 11
1887.0
 21
244.0
 31
0.0
  0
LINE
  5
974
330
17
100
AcDbEntity
  8
GRAPH
100
AcDbLine
 10
1887.0
 20
244.0
 30
0.0
 11
1887.0
 21
228.0
 31
0.0
  0
TEXT
  5
975
330
17
100
AcDbEntity
  8
TEXT
100
AcDbText
 10
1889.0
 20
234.0
 30
0.0
 40
1.4
  1
M-1006
 11
1889.0
 21
234.0
 31
0.0
100
AcDbText
  0
LINE
  5
976
330
17
100
AcDbEntity
  8
GRAPH
100
AcDbLine
 10
1919.0
 20
228.0
 30
0.0
 11
1947.0
 21
228.0
 31
0.0
  0
LINE
  5
977
330
17
100
AcDbEntity
  8
GRAPH
100
AcDbLine
 10
1947.0
 20
228.0
 30
0.0
 11
1947.0
 21
244.0
 31
0.0
  0
LINE
  5
978
330
17
100
AcDbEntity
  8
GRAPH
100
AcDbLine
 10
1947.0
 20
244.0
 30
0.0
 11
1919.0
 21
244.0
 31
0.0
  0
LINE
  5
979
330
17
100
AcDbEntity
  8
GRAPH
100
AcDbLine
 10
1919.0
 20
244.0
 30
0.0
 11
1919.0
 21
228.0
 31
0.0
  0
TEXT
  5
97A
330
17
100
AcDbEntity
  8
TEXT
100
AcDbText
 10
1921.0
 20
234.0
 30
0.0
 40
1.4
  1
M-1007
 11
1921.0
 21
234.0
 31
0.0
100
AcDbText
  0
LINE
  5
97B
330
17
100
AcDbEntity
  8
GRAPH
100
AcDbLine
 10
1951.0
 20
228.0
 30
0.0
 11
1979.0
 21
228.0
 31
0.0
  0
LINE
  5
97C
330
17
100
AcDbEntity
  8
GRAPH
100
AcDbLine
 10
1979.0
 20
228.0
 30
0.0
 11
1979.0
 21
244.0
 31
0.0
  0
LINE
  5
97D
330
17
100
AcDbEntity
  8
GRAPH
100
AcDbLine
 10
1979.0
 20
244.0
 30
0.0
 11
1951.0
 21
244.0
 31
0.0
  0
LINE
  5
97E
330
17
100
AcDbEntity
  8
GRAPH
100
AcDbLine
 10
1951.0
 20
244.0
 30
0.0
 11
1951.0
 21
228.0
 31
0.0
  0
TEXT
  5
97F
330
17
100
AcDbEntity
  8
TEXT
100
AcDbText
 10
1953.0
 20
234.0
 30
0.0
 40
1.4
  1
M-1008
 11
1953.0
 21
234.0
 31
0.0
100
AcDbText
  0
LINE
  5
980
330
17
100
AcDbEntity
  8
GRAPH
100
AcDbLine
 10
1983.0
 20
228.0
 30
0.0
 11
2011.0
 21
228.0
 31
0.0
  0
LINE
  5
981
330
17
100
AcDbEntity
  8
GRAPH
100
AcDbLine
 10
2011.0
 20
228.0
 30
0.0
 11
2011.0
 21
244.0
 31
0.0
  0
LINE
  5
982
330
17
100
AcDbEntity
  8
GRAPH
100
AcDbLine
 10
2011.0
 20
244.0
 30
0.0
 11
1983.0
 21
244.0
 31
0.0
  0
LINE
  5
983
330
17
100
AcDbEntity
  8
GRAPH
100
AcDbLine
 10
1983.0
 20
244.0
 30
0.0
 11
1983.0
 21
228.0
 31
0.0
  0
TEXT
  5
984
330
17
100
AcDbEntity
  8
TEXT
100
AcDbText
 10
1985.0
 20
234.0
 30
0.0
 40
1.4
  1
M-1009
 11
1985.0
 21
234.0
 31
0.0
100
AcDbText
  0
LINE
  5
985
330
17
100
AcDbEntity
  8
GRAPH
100
AcDbLine
 10
2015.0
 20
228.0
 30
0.0
 11
2043.0
 21
228.0
 31
0.0
  0
LINE
  5
986
330
17
100
AcDbEntity
  8
GRAPH
100
AcDbLine
 10
2043.0
 20
228.0
 30
0.0
 11
2043.0
 21
244.0
 31
0.0
  0
LINE
  5
987
330
17
100
AcDbEntity
  8
GRAPH
100
AcDbLine
 10
2043.0
 20
244.0
 30
0.0
 11
2015.0
 21
244.0
 31
0.0
  0
LINE
  5
988
330
17
100
AcDbEntity
  8
GRAPH
100
AcDbLine
 10
2015.0
 20
244.0
 30
0.0
 11
2015.0
 21
228.0
 31
0.0
  0
TEXT
  5
989
330
17
100
AcDbEntity
  8
TEXT
100
AcDbText
 10
2017.0
 20
234.0
 30
0.0
 40
1.4
  1
M-1010
 11
2017.0
 21
234.0
 31
0.0
100
AcDbText
  0
LINE
  5
98A
330
17
100
AcDbEntity
  8
GRAPH
100
AcDbLine
 10
2047.0
 20
228.0
 30
0.0
 11
2075.0
 21
228.0
 31
0.0
  0
LINE
  5
98B
330
17
100
AcDbEntity
  8
GRAPH
100
AcDbLine
 10
2075.0
 20
228.0
 30
0.0
 11
2075.0
 21
244.0
 31
0.0
  0
LINE
  5
98C
330
17
100
AcDbEntity
  8
GRAPH
100
AcDbLine
 10
2075.0
 20
244.0
 30
0.0
 11
2047.0
 21
244.0
 31
0.0
  0
LINE
  5
98D
330
17
100
AcDbEntity
  8
GRAPH
100
AcDbLine
 10
2047.0
 20
244.0
 30
0.0
 11
2047.0
 21
228.0
 31
0.0
  0
TEXT
  5
98E
330
17
100
AcDbEntity
  8
TEXT
100
AcDbText
 10
2049.0
 20
234.0
 30
0.0
 40
1.4
  1
M-1011
 11
2049.0
 21
234.0
 31
0.0
100
AcDbText
  0
LINE
  5
98F
330
17
100
AcDbEntity
  8
GRAPH
100
AcDbLine
 10
2079.0
 20
228.0
 30
0.0
 11
2107.0
 21
228.0
 31
0.0
  0
LINE
  5
990
330
17
100
AcDbEntity
  8
GRAPH
100
AcDbLine
 10
2107.0
 20
228.0
 30
0.0
 11
2107.0
 21
244.0
 31
0.0
  0
LINE
  5
991
330
17
100
AcDbEntity
  8
GRAPH
100
AcDbLine
 10
2107.0
 20
244.0
 30
0.0
 11
2079.0
 21
244.0
 31
0.0
  0
LINE
  5
992
330
17
100
AcDbEntity
  8
GRAPH
100
AcDbLine
 10
2079.0
 20
244.0
 30
0.0
 11
2079.0
 21
228.0
 31
0.0
  0
TEXT
  5
993
330
17
100
AcDbEntity
  8
TEXT
100
AcDbText
 10
2081.0
 20
234.0
 30
0.0
 40
1.4
  1
M-1012
 11
2081.0
 21
234.0
 31
0.0
100
AcDbText
  0
TEXT
  5
994
330
17
100
AcDbEntity
  8
TEXT
100
AcDbText
 10
1721.0
 20
28.0
 30
0.0
 40
1.8
  1
машиномест в стилобате 86, по расчёту требуется 72
 11
1721.0
 21
28.0
 31
0.0
100
AcDbText
  0
TEXT
  5
995
330
17
100
AcDbEntity
  8
TEXT
100
AcDbText
 10
2025.0
 20
16.0
 30
0.0
 40
1.8
  1
Лист 5/8
 11
2025.0
 21
16.0
 31
0.0
100
AcDbText
  0
LWPOLYLINE
  5
996
330
17
100
AcDbEntity
  8
GRAPH
100
AcDbPolyline
 90
4
 70
1
 10
2135.0
 20
5.0
 10
2545.0
 20
5.0
 10
2545.0
 20
292.0
 10
2135.0
 20
292.0
  0
LINE
  5
997
330
17
100
AcDbEntity
  8
GRAPH
100
AcDbLine
 10
2140.0
 20
10.0
 30
0.0
 11
2540.0
 21
10.0
 31
0.0
  0
LINE
  5
998
330
17
100
AcDbEntity
  8
GRAPH
100
AcDbLine
 10
2540.0
 20
10.0
 30
0.0
 11
2540.0
 21
287.0
 31
0.0
  0
LINE
  5
999
330
17
100
AcDbEntity
  8
GRAPH
100
AcDbLine
 10
2540.0
 20
287.0
 30
0.0
 11
2140.0
 21
287.0
 31
0.0
  0
LINE
  5
99A
330
17
100
AcDbEntity
  8
GRAPH
100
AcDbLine
 10
2140.0
 20
287.0
 30
0.0
 11
2140.0
 21
10.0
 31
0.0
  0
TEXT
  5
99B
330
17
100
AcDbEntity
  8
TEXT
100
AcDbText
 10
2146.0
 20
268.0
 30
0.0
 40
4.0
  1
УЗЕЛ УЧЁТА ВОДЫ. Обвязка ИТП
 11
2146.0
 21
268.0
 31
0.0
100
AcDbText
  0
LINE
  5
99C
330
17
100
AcDbEntity
  8
GRAPH
100
AcDbLine
 10
2150.0
 20
44.0
 30
0.0
 11
2184.0
 21
44.0
 31
0.0
  0
LINE
  5
99D
330
17
100
AcDbEntity
  8
GRAPH
100
AcDbLine
 10
2184.0
 20
44.0
 30
0.0
 11
2184.0
 21
66.0
 31
0.0
  0
LINE
  5
99E
330
17
100
AcDbEntity
  8
GRAPH
100
AcDbLine
 10
2184.0
 20
66.0
 30
0.0
 11
2150.0
 21
66.0
 31
0.0
  0
LINE
  5
99F
330
17
100
AcDbEntity
  8
GRAPH
100
AcDbLine
 10
2150.0
 20
66.0
 30
0.0
 11
2150.0
 21
44.0
 31
0.0
  0
TEXT
  5
9A0
330
17
100
AcDbEntity
  8
TEXT
100
AcDbText
 10
2151.5
 20
56.0
 30
0.0
 40
1.4
  1
поз.1
 11
2151.5
 21
56.0
 31
0.0
100
AcDbText
  0
TEXT
  5
9A1
330
17
100
AcDbEntity
  8
TEXT
100
AcDbText
 10
2151.5
 20
49.0
 30
0.0
 40
1.25
  1
ПСВ
 11
2151.5
 21
49.0
 31
0.0
100
AcDbText
  0
LINE
  5
9A2
330
17
100
AcDbEntity
  8
GRAPH
100
AcDbLine
 10
2188.0
 20
44.0
 30
0.0
 11
2222.0
 21
44.0
 31
0.0
  0
LINE
  5
9A3
330
17
100
AcDbEntity
  8
GRAPH
100
AcDbLine
 10
2222.0
 20
44.0
 30
0.0
 11
2222.0
 21
66.0
 31
0.0
  0
LINE
  5
9A4
330
17
100
AcDbEntity
  8
GRAPH
100
AcDbLine
 10
2222.0
 20
66.0
 30
0.0
 11
2188.0
 21
66.0
 31
0.0
  0
LINE
  5
9A5
330
17
100
AcDbEntity
  8
GRAPH
100
AcDbLine
 10
2188.0
 20
66.0
 30
0.0
 11
2188.0
 21
44.0
 31
0.0
  0
TEXT
  5
9A6
330
17
100
AcDbEntity
  8
TEXT
100
AcDbText
 10
2189.5
 20
56.0
 30
0.0
 40
1.4
  1
поз.2
 11
2189.5
 21
56.0
 31
0.0
100
AcDbText
  0
TEXT
  5
9A7
330
17
100
AcDbEntity
  8
TEXT
100
AcDbText
 10
2189.5
 20
49.0
 30
0.0
 40
1.25
  1
ОП-5
 11
2189.5
 21
49.0
 31
0.0
100
AcDbText
  0
LINE
  5
9A8
330
17
100
AcDbEntity
  8
GRAPH
100
AcDbLine
 10
2226.0
 20
44.0
 30
0.0
 11
2260.0
 21
44.0
 31
0.0
  0
LINE
  5
9A9
330
17
100
AcDbEntity
  8
GRAPH
100
AcDbLine
 10
2260.0
 20
44.0
 30
0.0
 11
2260.0
 21
66.0
 31
0.0
  0
LINE
  5
9AA
330
17
100
AcDbEntity
  8
GRAPH
100
AcDbLine
 10
2260.0
 20
66.0
 30
0.0
 11
2226.0
 21
66.0
 31
0.0
  0
LINE
  5
9AB
330
17
100
AcDbEntity
  8
GRAPH
100
AcDbLine
 10
2226.0
 20
66.0
 30
0.0
 11
2226.0
 21
44.0
 31
0.0
  0
TEXT
  5
9AC
330
17
100
AcDbEntity
  8
TEXT
100
AcDbText
 10
2227.5
 20
56.0
 30
0.0
 40
1.4
  1
поз.3
 11
2227.5
 21
56.0
 31
0.0
100
AcDbText
  0
TEXT
  5
9AD
330
17
100
AcDbEntity
  8
TEXT
100
AcDbText
 10
2227.5
 20
49.0
 30
0.0
 40
1.25
  1
АПС
 11
2227.5
 21
49.0
 31
0.0
100
AcDbText
  0
LINE
  5
9AE
330
17
100
AcDbEntity
  8
GRAPH
100
AcDbLine
 10
2264.0
 20
44.0
 30
0.0
 11
2298.0
 21
44.0
 31
0.0
  0
LINE
  5
9AF
330
17
100
AcDbEntity
  8
GRAPH
100
AcDbLine
 10
2298.0
 20
44.0
 30
0.0
 11
2298.0
 21
66.0
 31
0.0
  0
LINE
  5
9B0
330
17
100
AcDbEntity
  8
GRAPH
100
AcDbLine
 10
2298.0
 20
66.0
 30
0.0
 11
2264.0
 21
66.0
 31
0.0
  0
LINE
  5
9B1
330
17
100
AcDbEntity
  8
GRAPH
100
AcDbLine
 10
2264.0
 20
66.0
 30
0.0
 11
2264.0
 21
44.0
 31
0.0
  0
TEXT
  5
9B2
330
17
100
AcDbEntity
  8
TEXT
100
AcDbText
 10
2265.5
 20
56.0
 30
0.0
 40
1.4
  1
поз.4
 11
2265.5
 21
56.0
 31
0.0
100
AcDbText
  0
TEXT
  5
9B3
330
17
100
AcDbEntity
  8
TEXT
100
AcDbText
 10
2265.5
 20
49.0
 30
0.0
 40
1.25
  1
Ду15
 11
2265.5
 21
49.0
 31
0.0
100
AcDbText
  0
LINE
  5
9B4
330
17
100
AcDbEntity
  8
GRAPH
100
AcDbLine
 10
2302.0
 20
44.0
 30
0.0
 11
2336.0
 21
44.0
 31
0.0
  0
LINE
  5
9B5
330
17
100
AcDbEntity
  8
GRAPH
100
AcDbLine
 10
2336.0
 20
44.0
 30
0.0
 11
2336.0
 21
66.0
 31
0.0
  0
LINE
  5
9B6
330
17
100
AcDbEntity
  8
GRAPH
100
AcDbLine
 10
2336.0
 20
66.0
 30
0.0
 11
2302.0
 21
66.0
 31
0.0
  0
LINE
  5
9B7
330
17
100
AcDbEntity
  8
GRAPH
100
AcDbLine
 10
2302.0
 20
66.0
 30
0.0
 11
2302.0
 21
44.0
 31
0.0
  0
TEXT
  5
9B8
330
17
100
AcDbEntity
  8
TEXT
100
AcDbText
 10
2303.5
 20
56.0
 30
0.0
 40
1.4
  1
поз.5
 11
2303.5
 21
56.0
 31
0.0
100
AcDbText
  0
TEXT
  5
9B9
330
17
100
AcDbEntity
  8
TEXT
100
AcDbText
 10
2303.5
 20
49.0
 30
0.0
 40
1.25
  1
220В
 11
2303.5
 21
49.0
 31
0.0
100
AcDbText
  0
LINE
  5
9BA
330
17
100
AcDbEntity
  8
GRAPH
100
AcDbLine
 10
2340.0
 20
44.0
 30
0.0
 11
2374.0
 21
44.0
 31
0.0
  0
LINE
  5
9BB
330
17
100
AcDbEntity
  8
GRAPH
100
AcDbLine
 10
2374.0
 20
44.0
 30
0.0
 11
2374.0
 21
66.0
 31
0.0
  0
LINE
  5
9BC
330
17
100
AcDbEntity
  8
GRAPH
100
AcDbLine
 10
2374.0
 20
66.0
 30
0.0
 11
2340.0
 21
66.0
 31
0.0
  0
LINE
  5
9BD
330
17
100
AcDbEntity
  8
GRAPH
100
AcDbLine
 10
2340.0
 20
66.0
 30
0.0
 11
2340.0
 21
44.0
 31
0.0
  0
TEXT
  5
9BE
330
17
100
AcDbEntity
  8
TEXT
100
AcDbText
 10
2341.5
 20
56.0
 30
0.0
 40
1.4
  1
поз.6
 11
2341.5
 21
56.0
 31
0.0
100
AcDbText
  0
TEXT
  5
9BF
330
17
100
AcDbEntity
  8
TEXT
100
AcDbText
 10
2341.5
 20
49.0
 30
0.0
 40
1.25
  1
Св.
 11
2341.5
 21
49.0
 31
0.0
100
AcDbText
  0
LINE
  5
9C0
330
17
100
AcDbEntity
  8
GRAPH
100
AcDbLine
 10
2378.0
 20
44.0
 30
0.0
 11
2412.0
 21
44.0
 31
0.0
  0
LINE
  5
9C1
330
17
100
AcDbEntity
  8
GRAPH
100
AcDbLine
 10
2412.0
 20
44.0
 30
0.0
 11
2412.0
 21
66.0
 31
0.0
  0
LINE
  5
9C2
330
17
100
AcDbEntity
  8
GRAPH
100
AcDbLine
 10
2412.0
 20
66.0
 30
0.0
 11
2378.0
 21
66.0
 31
0.0
  0
LINE
  5
9C3
330
17
100
AcDbEntity
  8
GRAPH
100
AcDbLine
 10
2378.0
 20
66.0
 30
0.0
 11
2378.0
 21
44.0
 31
0.0
  0
TEXT
  5
9C4
330
17
100
AcDbEntity
  8
TEXT
100
AcDbText
 10
2379.5
 20
56.0
 30
0.0
 40
1.4
  1
поз.7
 11
2379.5
 21
56.0
 31
0.0
100
AcDbText
  0
TEXT
  5
9C5
330
17
100
AcDbEntity
  8
TEXT
100
AcDbText
 10
2379.5
 20
49.0
 30
0.0
 40
1.25
  1
ИПР
 11
2379.5
 21
49.0
 31
0.0
100
AcDbText
  0
LINE
  5
9C6
330
17
100
AcDbEntity
  8
GRAPH
100
AcDbLine
 10
2416.0
 20
44.0
 30
0.0
 11
2450.0
 21
44.0
 31
0.0
  0
LINE
  5
9C7
330
17
100
AcDbEntity
  8
GRAPH
100
AcDbLine
 10
2450.0
 20
44.0
 30
0.0
 11
2450.0
 21
66.0
 31
0.0
  0
LINE
  5
9C8
330
17
100
AcDbEntity
  8
GRAPH
100
AcDbLine
 10
2450.0
 20
66.0
 30
0.0
 11
2416.0
 21
66.0
 31
0.0
  0
LINE
  5
9C9
330
17
100
AcDbEntity
  8
GRAPH
100
AcDbLine
 10
2416.0
 20
66.0
 30
0.0
 11
2416.0
 21
44.0
 31
0.0
  0
TEXT
  5
9CA
330
17
100
AcDbEntity
  8
TEXT
100
AcDbText
 10
2417.5
 20
56.0
 30
0.0
 40
1.4
  1
поз.8
 11
2417.5
 21
56.0
 31
0.0
100
AcDbText
  0
TEXT
  5
9CB
330
17
100
AcDbEntity
  8
TEXT
100
AcDbText
 10
2417.5
 20
49.0
 30
0.0
 40
1.25
  1
Кран
 11
2417.5
 21
49.0
 31
0.0
100
AcDbText
  0
LINE
  5
9CC
330
17
100
AcDbEntity
  8
GRAPH
100
AcDbLine
 10
2454.0
 20
44.0
 30
0.0
 11
2488.0
 21
44.0
 31
0.0
  0
LINE
  5
9CD
330
17
100
AcDbEntity
  8
GRAPH
100
AcDbLine
 10
2488.0
 20
44.0
 30
0.0
 11
2488.0
 21
66.0
 31
0.0
  0
LINE
  5
9CE
330
17
100
AcDbEntity
  8
GRAPH
100
AcDbLine
 10
2488.0
 20
66.0
 30
0.0
 11
2454.0
 21
66.0
 31
0.0
  0
LINE
  5
9CF
330
17
100
AcDbEntity
  8
GRAPH
100
AcDbLine
 10
2454.0
 20
66.0
 30
0.0
 11
2454.0
 21
44.0
 31
0.0
  0
TEXT
  5
9D0
330
17
100
AcDbEntity
  8
TEXT
100
AcDbText
 10
2455.5
 20
56.0
 30
0.0
 40
1.4
  1
поз.9
 11
2455.5
 21
56.0
 31
0.0
100
AcDbText
  0
TEXT
  5
9D1
330
17
100
AcDbEntity
  8
TEXT
100
AcDbText
 10
2455.5
 20
49.0
 30
0.0
 40
1.25
  1
ПСВ
 11
2455.5
 21
49.0
 31
0.0
100
AcDbText
  0
LINE
  5
9D2
330
17
100
AcDbEntity
  8
GRAPH
100
AcDbLine
 10
2492.0
 20
44.0
 30
0.0
 11
2526.0
 21
44.0
 31
0.0
  0
LINE
  5
9D3
330
17
100
AcDbEntity
  8
GRAPH
100
AcDbLine
 10
2526.0
 20
44.0
 30
0.0
 11
2526.0
 21
66.0
 31
0.0
  0
LINE
  5
9D4
330
17
100
AcDbEntity
  8
GRAPH
100
AcDbLine
 10
2526.0
 20
66.0
 30
0.0
 11
2492.0
 21
66.0
 31
0.0
  0
LINE
  5
9D5
330
17
100
AcDbEntity
  8
GRAPH
100
AcDbLine
 10
2492.0
 20
66.0
 30
0.0
 11
2492.0
 21
44.0
 31
0.0
  0
TEXT
  5
9D6
330
17
100
AcDbEntity
  8
TEXT
100
AcDbText
 10
2493.5
 20
56.0
 30
0.0
 40
1.4
  1
поз.10
 11
2493.5
 21
56.0
 31
0.0
100
AcDbText
  0
TEXT
  5
9D7
330
17
100
AcDbEntity
  8
TEXT
100
AcDbText
 10
2493.5
 20
49.0
 30
0.0
 40
1.25
  1
ОП-5
 11
2493.5
 21
49.0
 31
0.0
100
AcDbText
  0
LINE
  5
9D8
330
17
100
AcDbEntity
  8
GRAPH
100
AcDbLine
 10
2150.0
 20
70.0
 30
0.0
 11
2184.0
 21
70.0
 31
0.0
  0
LINE
  5
9D9
330
17
100
AcDbEntity
  8
GRAPH
100
AcDbLine
 10
2184.0
 20
70.0
 30
0.0
 11
2184.0
 21
92.0
 31
0.0
  0
LINE
  5
9DA
330
17
100
AcDbEntity
  8
GRAPH
100
AcDbLine
 10
2184.0
 20
92.0
 30
0.0
 11
2150.0
 21
92.0
 31
0.0
  0
LINE
  5
9DB
330
17
100
AcDbEntity
  8
GRAPH
100
AcDbLine
 10
2150.0
 20
92.0
 30
0.0
 11
2150.0
 21
70.0
 31
0.0
  0
TEXT
  5
9DC
330
17
100
AcDbEntity
  8
TEXT
100
AcDbText
 10
2151.5
 20
82.0
 30
0.0
 40
1.4
  1
поз.11
 11
2151.5
 21
82.0
 31
0.0
100
AcDbText
  0
TEXT
  5
9DD
330
17
100
AcDbEntity
  8
TEXT
100
AcDbText
 10
2151.5
 20
75.0
 30
0.0
 40
1.25
  1
ОП-5
 11
2151.5
 21
75.0
 31
0.0
100
AcDbText
  0
LINE
  5
9DE
330
17
100
AcDbEntity
  8
GRAPH
100
AcDbLine
 10
2188.0
 20
70.0
 30
0.0
 11
2222.0
 21
70.0
 31
0.0
  0
LINE
  5
9DF
330
17
100
AcDbEntity
  8
GRAPH
100
AcDbLine
 10
2222.0
 20
70.0
 30
0.0
 11
2222.0
 21
92.0
 31
0.0
  0
LINE
  5
9E0
330
17
100
AcDbEntity
  8
GRAPH
100
AcDbLine
 10
2222.0
 20
92.0
 30
0.0
 11
2188.0
 21
92.0
 31
0.0
  0
LINE
  5
9E1
330
17
100
AcDbEntity
  8
GRAPH
100
AcDbLine
 10
2188.0
 20
92.0
 30
0.0
 11
2188.0
 21
70.0
 31
0.0
  0
TEXT
  5
9E2
330
17
100
AcDbEntity
  8
TEXT
100
AcDbText
 10
2189.5
 20
82.0
 30
0.0
 40
1.4
  1
поз.12
 11
2189.5
 21
82.0
 31
0.0
100
AcDbText
  0
TEXT
  5
9E3
330
17
100
AcDbEntity
  8
TEXT
100
AcDbText
 10
2189.5
 20
75.0
 30
0.0
 40
1.25
  1
АПС
 11
2189.5
 21
75.0
 31
0.0
100
AcDbText
  0
LINE
  5
9E4
330
17
100
AcDbEntity
  8
GRAPH
100
AcDbLine
 10
2226.0
 20
70.0
 30
0.0
 11
2260.0
 21
70.0
 31
0.0
  0
LINE
  5
9E5
330
17
100
AcDbEntity
  8
GRAPH
100
AcDbLine
 10
2260.0
 20
70.0
 30
0.0
 11
2260.0
 21
92.0
 31
0.0
  0
LINE
  5
9E6
330
17
100
AcDbEntity
  8
GRAPH
100
AcDbLine
 10
2260.0
 20
92.0
 30
0.0
 11
2226.0
 21
92.0
 31
0.0
  0
LINE
  5
9E7
330
17
100
AcDbEntity
  8
GRAPH
100
AcDbLine
 10
2226.0
 20
92.0
 30
0.0
 11
2226.0
 21
70.0
 31
0.0
  0
TEXT
  5
9E8
330
17
100
AcDbEntity
  8
TEXT
100
AcDbText
 10
2227.5
 20
82.0
 30
0.0
 40
1.4
  1
поз.13
 11
2227.5
 21
82.0
 31
0.0
100
AcDbText
  0
TEXT
  5
9E9
330
17
100
AcDbEntity
  8
TEXT
100
AcDbText
 10
2227.5
 20
75.0
 30
0.0
 40
1.25
  1
Ду15
 11
2227.5
 21
75.0
 31
0.0
100
AcDbText
  0
LINE
  5
9EA
330
17
100
AcDbEntity
  8
GRAPH
100
AcDbLine
 10
2264.0
 20
70.0
 30
0.0
 11
2298.0
 21
70.0
 31
0.0
  0
LINE
  5
9EB
330
17
100
AcDbEntity
  8
GRAPH
100
AcDbLine
 10
2298.0
 20
70.0
 30
0.0
 11
2298.0
 21
92.0
 31
0.0
  0
LINE
  5
9EC
330
17
100
AcDbEntity
  8
GRAPH
100
AcDbLine
 10
2298.0
 20
92.0
 30
0.0
 11
2264.0
 21
92.0
 31
0.0
  0
LINE
  5
9ED
330
17
100
AcDbEntity
  8
GRAPH
100
AcDbLine
 10
2264.0
 20
92.0
 30
0.0
 11
2264.0
 21
70.0
 31
0.0
  0
TEXT
  5
9EE
330
17
100
AcDbEntity
  8
TEXT
100
AcDbText
 10
2265.5
 20
82.0
 30
0.0
 40
1.4
  1
поз.14
 11
2265.5
 21
82.0
 31
0.0
100
AcDbText
  0
TEXT
  5
9EF
330
17
100
AcDbEntity
  8
TEXT
100
AcDbText
 10
2265.5
 20
75.0
 30
0.0
 40
1.25
  1
220В
 11
2265.5
 21
75.0
 31
0.0
100
AcDbText
  0
LINE
  5
9F0
330
17
100
AcDbEntity
  8
GRAPH
100
AcDbLine
 10
2302.0
 20
70.0
 30
0.0
 11
2336.0
 21
70.0
 31
0.0
  0
LINE
  5
9F1
330
17
100
AcDbEntity
  8
GRAPH
100
AcDbLine
 10
2336.0
 20
70.0
 30
0.0
 11
2336.0
 21
92.0
 31
0.0
  0
LINE
  5
9F2
330
17
100
AcDbEntity
  8
GRAPH
100
AcDbLine
 10
2336.0
 20
92.0
 30
0.0
 11
2302.0
 21
92.0
 31
0.0
  0
LINE
  5
9F3
330
17
100
AcDbEntity
  8
GRAPH
100
AcDbLine
 10
2302.0
 20
92.0
 30
0.0
 11
2302.0
 21
70.0
 31
0.0
  0
TEXT
  5
9F4
330
17
100
AcDbEntity
  8
TEXT
100
AcDbText
 10
2303.5
 20
82.0
 30
0.0
 40
1.4
  1
поз.15
 11
2303.5
 21
82.0
 31
0.0
100
AcDbText
  0
TEXT
  5
9F5
330
17
100
AcDbEntity
  8
TEXT
100
AcDbText
 10
2303.5
 20
75.0
 30
0.0
 40
1.25
  1
Св.
 11
2303.5
 21
75.0
 31
0.0
100
AcDbText
  0
LINE
  5
9F6
330
17
100
AcDbEntity
  8
GRAPH
100
AcDbLine
 10
2340.0
 20
70.0
 30
0.0
 11
2374.0
 21
70.0
 31
0.0
  0
LINE
  5
9F7
330
17
100
AcDbEntity
  8
GRAPH
100
AcDbLine
 10
2374.0
 20
70.0
 30
0.0
 11
2374.0
 21
92.0
 31
0.0
  0
LINE
  5
9F8
330
17
100
AcDbEntity
  8
GRAPH
100
AcDbLine
 10
2374.0
 20
92.0
 30
0.0
 11
2340.0
 21
92.0
 31
0.0
  0
LINE
  5
9F9
330
17
100
AcDbEntity
  8
GRAPH
100
AcDbLine
 10
2340.0
 20
92.0
 30
0.0
 11
2340.0
 21
70.0
 31
0.0
  0
TEXT
  5
9FA
330
17
100
AcDbEntity
  8
TEXT
100
AcDbText
 10
2341.5
 20
82.0
 30
0.0
 40
1.4
  1
поз.16
 11
2341.5
 21
82.0
 31
0.0
100
AcDbText
  0
TEXT
  5
9FB
330
17
100
AcDbEntity
  8
TEXT
100
AcDbText
 10
2341.5
 20
75.0
 30
0.0
 40
1.25
  1
ИПР
 11
2341.5
 21
75.0
 31
0.0
100
AcDbText
  0
LINE
  5
9FC
330
17
100
AcDbEntity
  8
GRAPH
100
AcDbLine
 10
2378.0
 20
70.0
 30
0.0
 11
2412.0
 21
70.0
 31
0.0
  0
LINE
  5
9FD
330
17
100
AcDbEntity
  8
GRAPH
100
AcDbLine
 10
2412.0
 20
70.0
 30
0.0
 11
2412.0
 21
92.0
 31
0.0
  0
LINE
  5
9FE
330
17
100
AcDbEntity
  8
GRAPH
100
AcDbLine
 10
2412.0
 20
92.0
 30
0.0
 11
2378.0
 21
92.0
 31
0.0
  0
LINE
  5
9FF
330
17
100
AcDbEntity
  8
GRAPH
100
AcDbLine
 10
2378.0
 20
92.0
 30
0.0
 11
2378.0
 21
70.0
 31
0.0
  0
TEXT
  5
A00
330
17
100
AcDbEntity
  8
TEXT
100
AcDbText
 10
2379.5
 20
82.0
 30
0.0
 40
1.4
  1
поз.17
 11
2379.5
 21
82.0
 31
0.0
100
AcDbText
  0
TEXT
  5
A01
330
17
100
AcDbEntity
  8
TEXT
100
AcDbText
 10
2379.5
 20
75.0
 30
0.0
 40
1.25
  1
Кран
 11
2379.5
 21
75.0
 31
0.0
100
AcDbText
  0
LINE
  5
A02
330
17
100
AcDbEntity
  8
GRAPH
100
AcDbLine
 10
2416.0
 20
70.0
 30
0.0
 11
2450.0
 21
70.0
 31
0.0
  0
LINE
  5
A03
330
17
100
AcDbEntity
  8
GRAPH
100
AcDbLine
 10
2450.0
 20
70.0
 30
0.0
 11
2450.0
 21
92.0
 31
0.0
  0
LINE
  5
A04
330
17
100
AcDbEntity
  8
GRAPH
100
AcDbLine
 10
2450.0
 20
92.0
 30
0.0
 11
2416.0
 21
92.0
 31
0.0
  0
LINE
  5
A05
330
17
100
AcDbEntity
  8
GRAPH
100
AcDbLine
 10
2416.0
 20
92.0
 30
0.0
 11
2416.0
 21
70.0
 31
0.0
  0
TEXT
  5
A06
330
17
100
AcDbEntity
  8
TEXT
100
AcDbText
 10
2417.5
 20
82.0
 30
0.0
 40
1.4
  1
поз.18
 11
2417.5
 21
82.0
 31
0.0
100
AcDbText
  0
TEXT
  5
A07
330
17
100
AcDbEntity
  8
TEXT
100
AcDbText
 10
2417.5
 20
75.0
 30
0.0
 40
1.25
  1
ПСВ
 11
2417.5
 21
75.0
 31
0.0
100
AcDbText
  0
LINE
  5
A08
330
17
100
AcDbEntity
  8
GRAPH
100
AcDbLine
 10
2454.0
 20
70.0
 30
0.0
 11
2488.0
 21
70.0
 31
0.0
  0
LINE
  5
A09
330
17
100
AcDbEntity
  8
GRAPH
100
AcDbLine
 10
2488.0
 20
70.0
 30
0.0
 11
2488.0
 21
92.0
 31
0.0
  0
LINE
  5
A0A
330
17
100
AcDbEntity
  8
GRAPH
100
AcDbLine
 10
2488.0
 20
92.0
 30
0.0
 11
2454.0
 21
92.0
 31
0.0
  0
LINE
  5
A0B
330
17
100
AcDbEntity
  8
GRAPH
100
AcDbLine
 10
2454.0
 20
92.0
 30
0.0
 11
2454.0
 21
70.0
 31
0.0
  0
TEXT
  5
A0C
330
17
100
AcDbEntity
  8
TEXT
100
AcDbText
 10
2455.5
 20
82.0
 30
0.0
 40
1.4
  1
поз.19
 11
2455.5
 21
82.0
 31
0.0
100
AcDbText
  0
TEXT
  5
A0D
330
17
100
AcDbEntity
  8
TEXT
100
AcDbText
 10
2455.5
 20
75.0
 30
0.0
 40
1.25
  1
ОП-5
 11
2455.5
 21
75.0
 31
0.0
100
AcDbText
  0
LINE
  5
A0E
330
17
100
AcDbEntity
  8
GRAPH
100
AcDbLine
 10
2492.0
 20
70.0
 30
0.0
 11
2526.0
 21
70.0
 31
0.0
  0
LINE
  5
A0F
330
17
100
AcDbEntity
  8
GRAPH
100
AcDbLine
 10
2526.0
 20
70.0
 30
0.0
 11
2526.0
 21
92.0
 31
0.0
  0
LINE
  5
A10
330
17
100
AcDbEntity
  8
GRAPH
100
AcDbLine
 10
2526.0
 20
92.0
 30
0.0
 11
2492.0
 21
92.0
 31
0.0
  0
LINE
  5
A11
330
17
100
AcDbEntity
  8
GRAPH
100
AcDbLine
 10
2492.0
 20
92.0
 30
0.0
 11
2492.0
 21
70.0
 31
0.0
  0
TEXT
  5
A12
330
17
100
AcDbEntity
  8
TEXT
100
AcDbText
 10
2493.5
 20
82.0
 30
0.0
 40
1.4
  1
поз.20
 11
2493.5
 21
82.0
 31
0.0
100
AcDbText
  0
TEXT
  5
A13
330
17
100
AcDbEntity
  8
TEXT
100
AcDbText
 10
2493.5
 20
75.0
 30
0.0
 40
1.25
  1
АПС
 11
2493.5
 21
75.0
 31
0.0
100
AcDbText
  0
LINE
  5
A14
330
17
100
AcDbEntity
  8
GRAPH
100
AcDbLine
 10
2150.0
 20
96.0
 30
0.0
 11
2184.0
 21
96.0
 31
0.0
  0
LINE
  5
A15
330
17
100
AcDbEntity
  8
GRAPH
100
AcDbLine
 10
2184.0
 20
96.0
 30
0.0
 11
2184.0
 21
118.0
 31
0.0
  0
LINE
  5
A16
330
17
100
AcDbEntity
  8
GRAPH
100
AcDbLine
 10
2184.0
 20
118.0
 30
0.0
 11
2150.0
 21
118.0
 31
0.0
  0
LINE
  5
A17
330
17
100
AcDbEntity
  8
GRAPH
100
AcDbLine
 10
2150.0
 20
118.0
 30
0.0
 11
2150.0
 21
96.0
 31
0.0
  0
TEXT
  5
A18
330
17
100
AcDbEntity
  8
TEXT
100
AcDbText
 10
2151.5
 20
108.0
 30
0.0
 40
1.4
  1
поз.21
 11
2151.5
 21
108.0
 31
0.0
100
AcDbText
  0
TEXT
  5
A19
330
17
100
AcDbEntity
  8
TEXT
100
AcDbText
 10
2151.5
 20
101.0
 30
0.0
 40
1.25
  1
АПС
 11
2151.5
 21
101.0
 31
0.0
100
AcDbText
  0
LINE
  5
A1A
330
17
100
AcDbEntity
  8
GRAPH
100
AcDbLine
 10
2188.0
 20
96.0
 30
0.0
 11
2222.0
 21
96.0
 31
0.0
  0
LINE
  5
A1B
330
17
100
AcDbEntity
  8
GRAPH
100
AcDbLine
 10
2222.0
 20
96.0
 30
0.0
 11
2222.0
 21
118.0
 31
0.0
  0
LINE
  5
A1C
330
17
100
AcDbEntity
  8
GRAPH
100
AcDbLine
 10
2222.0
 20
118.0
 30
0.0
 11
2188.0
 21
118.0
 31
0.0
  0
LINE
  5
A1D
330
17
100
AcDbEntity
  8
GRAPH
100
AcDbLine
 10
2188.0
 20
118.0
 30
0.0
 11
2188.0
 21
96.0
 31
0.0
  0
TEXT
  5
A1E
330
17
100
AcDbEntity
  8
TEXT
100
AcDbText
 10
2189.5
 20
108.0
 30
0.0
 40
1.4
  1
поз.22
 11
2189.5
 21
108.0
 31
0.0
100
AcDbText
  0
TEXT
  5
A1F
330
17
100
AcDbEntity
  8
TEXT
100
AcDbText
 10
2189.5
 20
101.0
 30
0.0
 40
1.25
  1
Ду15
 11
2189.5
 21
101.0
 31
0.0
100
AcDbText
  0
LINE
  5
A20
330
17
100
AcDbEntity
  8
GRAPH
100
AcDbLine
 10
2226.0
 20
96.0
 30
0.0
 11
2260.0
 21
96.0
 31
0.0
  0
LINE
  5
A21
330
17
100
AcDbEntity
  8
GRAPH
100
AcDbLine
 10
2260.0
 20
96.0
 30
0.0
 11
2260.0
 21
118.0
 31
0.0
  0
LINE
  5
A22
330
17
100
AcDbEntity
  8
GRAPH
100
AcDbLine
 10
2260.0
 20
118.0
 30
0.0
 11
2226.0
 21
118.0
 31
0.0
  0
LINE
  5
A23
330
17
100
AcDbEntity
  8
GRAPH
100
AcDbLine
 10
2226.0
 20
118.0
 30
0.0
 11
2226.0
 21
96.0
 31
0.0
  0
TEXT
  5
A24
330
17
100
AcDbEntity
  8
TEXT
100
AcDbText
 10
2227.5
 20
108.0
 30
0.0
 40
1.4
  1
поз.23
 11
2227.5
 21
108.0
 31
0.0
100
AcDbText
  0
TEXT
  5
A25
330
17
100
AcDbEntity
  8
TEXT
100
AcDbText
 10
2227.5
 20
101.0
 30
0.0
 40
1.25
  1
220В
 11
2227.5
 21
101.0
 31
0.0
100
AcDbText
  0
LINE
  5
A26
330
17
100
AcDbEntity
  8
GRAPH
100
AcDbLine
 10
2264.0
 20
96.0
 30
0.0
 11
2298.0
 21
96.0
 31
0.0
  0
LINE
  5
A27
330
17
100
AcDbEntity
  8
GRAPH
100
AcDbLine
 10
2298.0
 20
96.0
 30
0.0
 11
2298.0
 21
118.0
 31
0.0
  0
LINE
  5
A28
330
17
100
AcDbEntity
  8
GRAPH
100
AcDbLine
 10
2298.0
 20
118.0
 30
0.0
 11
2264.0
 21
118.0
 31
0.0
  0
LINE
  5
A29
330
17
100
AcDbEntity
  8
GRAPH
100
AcDbLine
 10
2264.0
 20
118.0
 30
0.0
 11
2264.0
 21
96.0
 31
0.0
  0
TEXT
  5
A2A
330
17
100
AcDbEntity
  8
TEXT
100
AcDbText
 10
2265.5
 20
108.0
 30
0.0
 40
1.4
  1
поз.24
 11
2265.5
 21
108.0
 31
0.0
100
AcDbText
  0
TEXT
  5
A2B
330
17
100
AcDbEntity
  8
TEXT
100
AcDbText
 10
2265.5
 20
101.0
 30
0.0
 40
1.25
  1
Св.
 11
2265.5
 21
101.0
 31
0.0
100
AcDbText
  0
LINE
  5
A2C
330
17
100
AcDbEntity
  8
GRAPH
100
AcDbLine
 10
2302.0
 20
96.0
 30
0.0
 11
2336.0
 21
96.0
 31
0.0
  0
LINE
  5
A2D
330
17
100
AcDbEntity
  8
GRAPH
100
AcDbLine
 10
2336.0
 20
96.0
 30
0.0
 11
2336.0
 21
118.0
 31
0.0
  0
LINE
  5
A2E
330
17
100
AcDbEntity
  8
GRAPH
100
AcDbLine
 10
2336.0
 20
118.0
 30
0.0
 11
2302.0
 21
118.0
 31
0.0
  0
LINE
  5
A2F
330
17
100
AcDbEntity
  8
GRAPH
100
AcDbLine
 10
2302.0
 20
118.0
 30
0.0
 11
2302.0
 21
96.0
 31
0.0
  0
TEXT
  5
A30
330
17
100
AcDbEntity
  8
TEXT
100
AcDbText
 10
2303.5
 20
108.0
 30
0.0
 40
1.4
  1
поз.25
 11
2303.5
 21
108.0
 31
0.0
100
AcDbText
  0
TEXT
  5
A31
330
17
100
AcDbEntity
  8
TEXT
100
AcDbText
 10
2303.5
 20
101.0
 30
0.0
 40
1.25
  1
ИПР
 11
2303.5
 21
101.0
 31
0.0
100
AcDbText
  0
LINE
  5
A32
330
17
100
AcDbEntity
  8
GRAPH
100
AcDbLine
 10
2340.0
 20
96.0
 30
0.0
 11
2374.0
 21
96.0
 31
0.0
  0
LINE
  5
A33
330
17
100
AcDbEntity
  8
GRAPH
100
AcDbLine
 10
2374.0
 20
96.0
 30
0.0
 11
2374.0
 21
118.0
 31
0.0
  0
LINE
  5
A34
330
17
100
AcDbEntity
  8
GRAPH
100
AcDbLine
 10
2374.0
 20
118.0
 30
0.0
 11
2340.0
 21
118.0
 31
0.0
  0
LINE
  5
A35
330
17
100
AcDbEntity
  8
GRAPH
100
AcDbLine
 10
2340.0
 20
118.0
 30
0.0
 11
2340.0
 21
96.0
 31
0.0
  0
TEXT
  5
A36
330
17
100
AcDbEntity
  8
TEXT
100
AcDbText
 10
2341.5
 20
108.0
 30
0.0
 40
1.4
  1
поз.26
 11
2341.5
 21
108.0
 31
0.0
100
AcDbText
  0
TEXT
  5
A37
330
17
100
AcDbEntity
  8
TEXT
100
AcDbText
 10
2341.5
 20
101.0
 30
0.0
 40
1.25
  1
Кран
 11
2341.5
 21
101.0
 31
0.0
100
AcDbText
  0
LINE
  5
A38
330
17
100
AcDbEntity
  8
GRAPH
100
AcDbLine
 10
2378.0
 20
96.0
 30
0.0
 11
2412.0
 21
96.0
 31
0.0
  0
LINE
  5
A39
330
17
100
AcDbEntity
  8
GRAPH
100
AcDbLine
 10
2412.0
 20
96.0
 30
0.0
 11
2412.0
 21
118.0
 31
0.0
  0
LINE
  5
A3A
330
17
100
AcDbEntity
  8
GRAPH
100
AcDbLine
 10
2412.0
 20
118.0
 30
0.0
 11
2378.0
 21
118.0
 31
0.0
  0
LINE
  5
A3B
330
17
100
AcDbEntity
  8
GRAPH
100
AcDbLine
 10
2378.0
 20
118.0
 30
0.0
 11
2378.0
 21
96.0
 31
0.0
  0
TEXT
  5
A3C
330
17
100
AcDbEntity
  8
TEXT
100
AcDbText
 10
2379.5
 20
108.0
 30
0.0
 40
1.4
  1
поз.27
 11
2379.5
 21
108.0
 31
0.0
100
AcDbText
  0
TEXT
  5
A3D
330
17
100
AcDbEntity
  8
TEXT
100
AcDbText
 10
2379.5
 20
101.0
 30
0.0
 40
1.25
  1
ПСВ
 11
2379.5
 21
101.0
 31
0.0
100
AcDbText
  0
LINE
  5
A3E
330
17
100
AcDbEntity
  8
GRAPH
100
AcDbLine
 10
2416.0
 20
96.0
 30
0.0
 11
2450.0
 21
96.0
 31
0.0
  0
LINE
  5
A3F
330
17
100
AcDbEntity
  8
GRAPH
100
AcDbLine
 10
2450.0
 20
96.0
 30
0.0
 11
2450.0
 21
118.0
 31
0.0
  0
LINE
  5
A40
330
17
100
AcDbEntity
  8
GRAPH
100
AcDbLine
 10
2450.0
 20
118.0
 30
0.0
 11
2416.0
 21
118.0
 31
0.0
  0
LINE
  5
A41
330
17
100
AcDbEntity
  8
GRAPH
100
AcDbLine
 10
2416.0
 20
118.0
 30
0.0
 11
2416.0
 21
96.0
 31
0.0
  0
TEXT
  5
A42
330
17
100
AcDbEntity
  8
TEXT
100
AcDbText
 10
2417.5
 20
108.0
 30
0.0
 40
1.4
  1
поз.28
 11
2417.5
 21
108.0
 31
0.0
100
AcDbText
  0
TEXT
  5
A43
330
17
100
AcDbEntity
  8
TEXT
100
AcDbText
 10
2417.5
 20
101.0
 30
0.0
 40
1.25
  1
ОП-5
 11
2417.5
 21
101.0
 31
0.0
100
AcDbText
  0
LINE
  5
A44
330
17
100
AcDbEntity
  8
GRAPH
100
AcDbLine
 10
2454.0
 20
96.0
 30
0.0
 11
2488.0
 21
96.0
 31
0.0
  0
LINE
  5
A45
330
17
100
AcDbEntity
  8
GRAPH
100
AcDbLine
 10
2488.0
 20
96.0
 30
0.0
 11
2488.0
 21
118.0
 31
0.0
  0
LINE
  5
A46
330
17
100
AcDbEntity
  8
GRAPH
100
AcDbLine
 10
2488.0
 20
118.0
 30
0.0
 11
2454.0
 21
118.0
 31
0.0
  0
LINE
  5
A47
330
17
100
AcDbEntity
  8
GRAPH
100
AcDbLine
 10
2454.0
 20
118.0
 30
0.0
 11
2454.0
 21
96.0
 31
0.0
  0
TEXT
  5
A48
330
17
100
AcDbEntity
  8
TEXT
100
AcDbText
 10
2455.5
 20
108.0
 30
0.0
 40
1.4
  1
поз.29
 11
2455.5
 21
108.0
 31
0.0
100
AcDbText
  0
TEXT
  5
A49
330
17
100
AcDbEntity
  8
TEXT
100
AcDbText
 10
2455.5
 20
101.0
 30
0.0
 40
1.25
  1
АПС
 11
2455.5
 21
101.0
 31
0.0
100
AcDbText
  0
LINE
  5
A4A
330
17
100
AcDbEntity
  8
GRAPH
100
AcDbLine
 10
2492.0
 20
96.0
 30
0.0
 11
2526.0
 21
96.0
 31
0.0
  0
LINE
  5
A4B
330
17
100
AcDbEntity
  8
GRAPH
100
AcDbLine
 10
2526.0
 20
96.0
 30
0.0
 11
2526.0
 21
118.0
 31
0.0
  0
LINE
  5
A4C
330
17
100
AcDbEntity
  8
GRAPH
100
AcDbLine
 10
2526.0
 20
118.0
 30
0.0
 11
2492.0
 21
118.0
 31
0.0
  0
LINE
  5
A4D
330
17
100
AcDbEntity
  8
GRAPH
100
AcDbLine
 10
2492.0
 20
118.0
 30
0.0
 11
2492.0
 21
96.0
 31
0.0
  0
TEXT
  5
A4E
330
17
100
AcDbEntity
  8
TEXT
100
AcDbText
 10
2493.5
 20
108.0
 30
0.0
 40
1.4
  1
поз.30
 11
2493.5
 21
108.0
 31
0.0
100
AcDbText
  0
TEXT
  5
A4F
330
17
100
AcDbEntity
  8
TEXT
100
AcDbText
 10
2493.5
 20
101.0
 30
0.0
 40
1.25
  1
Ду15
 11
2493.5
 21
101.0
 31
0.0
100
AcDbText
  0
LINE
  5
A50
330
17
100
AcDbEntity
  8
GRAPH
100
AcDbLine
 10
2150.0
 20
122.0
 30
0.0
 11
2184.0
 21
122.0
 31
0.0
  0
LINE
  5
A51
330
17
100
AcDbEntity
  8
GRAPH
100
AcDbLine
 10
2184.0
 20
122.0
 30
0.0
 11
2184.0
 21
144.0
 31
0.0
  0
LINE
  5
A52
330
17
100
AcDbEntity
  8
GRAPH
100
AcDbLine
 10
2184.0
 20
144.0
 30
0.0
 11
2150.0
 21
144.0
 31
0.0
  0
LINE
  5
A53
330
17
100
AcDbEntity
  8
GRAPH
100
AcDbLine
 10
2150.0
 20
144.0
 30
0.0
 11
2150.0
 21
122.0
 31
0.0
  0
TEXT
  5
A54
330
17
100
AcDbEntity
  8
TEXT
100
AcDbText
 10
2151.5
 20
134.0
 30
0.0
 40
1.4
  1
поз.31
 11
2151.5
 21
134.0
 31
0.0
100
AcDbText
  0
TEXT
  5
A55
330
17
100
AcDbEntity
  8
TEXT
100
AcDbText
 10
2151.5
 20
127.0
 30
0.0
 40
1.25
  1
Ду15
 11
2151.5
 21
127.0
 31
0.0
100
AcDbText
  0
LINE
  5
A56
330
17
100
AcDbEntity
  8
GRAPH
100
AcDbLine
 10
2188.0
 20
122.0
 30
0.0
 11
2222.0
 21
122.0
 31
0.0
  0
LINE
  5
A57
330
17
100
AcDbEntity
  8
GRAPH
100
AcDbLine
 10
2222.0
 20
122.0
 30
0.0
 11
2222.0
 21
144.0
 31
0.0
  0
LINE
  5
A58
330
17
100
AcDbEntity
  8
GRAPH
100
AcDbLine
 10
2222.0
 20
144.0
 30
0.0
 11
2188.0
 21
144.0
 31
0.0
  0
LINE
  5
A59
330
17
100
AcDbEntity
  8
GRAPH
100
AcDbLine
 10
2188.0
 20
144.0
 30
0.0
 11
2188.0
 21
122.0
 31
0.0
  0
TEXT
  5
A5A
330
17
100
AcDbEntity
  8
TEXT
100
AcDbText
 10
2189.5
 20
134.0
 30
0.0
 40
1.4
  1
поз.32
 11
2189.5
 21
134.0
 31
0.0
100
AcDbText
  0
TEXT
  5
A5B
330
17
100
AcDbEntity
  8
TEXT
100
AcDbText
 10
2189.5
 20
127.0
 30
0.0
 40
1.25
  1
220В
 11
2189.5
 21
127.0
 31
0.0
100
AcDbText
  0
LINE
  5
A5C
330
17
100
AcDbEntity
  8
GRAPH
100
AcDbLine
 10
2226.0
 20
122.0
 30
0.0
 11
2260.0
 21
122.0
 31
0.0
  0
LINE
  5
A5D
330
17
100
AcDbEntity
  8
GRAPH
100
AcDbLine
 10
2260.0
 20
122.0
 30
0.0
 11
2260.0
 21
144.0
 31
0.0
  0
LINE
  5
A5E
330
17
100
AcDbEntity
  8
GRAPH
100
AcDbLine
 10
2260.0
 20
144.0
 30
0.0
 11
2226.0
 21
144.0
 31
0.0
  0
LINE
  5
A5F
330
17
100
AcDbEntity
  8
GRAPH
100
AcDbLine
 10
2226.0
 20
144.0
 30
0.0
 11
2226.0
 21
122.0
 31
0.0
  0
TEXT
  5
A60
330
17
100
AcDbEntity
  8
TEXT
100
AcDbText
 10
2227.5
 20
134.0
 30
0.0
 40
1.4
  1
поз.33
 11
2227.5
 21
134.0
 31
0.0
100
AcDbText
  0
TEXT
  5
A61
330
17
100
AcDbEntity
  8
TEXT
100
AcDbText
 10
2227.5
 20
127.0
 30
0.0
 40
1.25
  1
Св.
 11
2227.5
 21
127.0
 31
0.0
100
AcDbText
  0
LINE
  5
A62
330
17
100
AcDbEntity
  8
GRAPH
100
AcDbLine
 10
2264.0
 20
122.0
 30
0.0
 11
2298.0
 21
122.0
 31
0.0
  0
LINE
  5
A63
330
17
100
AcDbEntity
  8
GRAPH
100
AcDbLine
 10
2298.0
 20
122.0
 30
0.0
 11
2298.0
 21
144.0
 31
0.0
  0
LINE
  5
A64
330
17
100
AcDbEntity
  8
GRAPH
100
AcDbLine
 10
2298.0
 20
144.0
 30
0.0
 11
2264.0
 21
144.0
 31
0.0
  0
LINE
  5
A65
330
17
100
AcDbEntity
  8
GRAPH
100
AcDbLine
 10
2264.0
 20
144.0
 30
0.0
 11
2264.0
 21
122.0
 31
0.0
  0
TEXT
  5
A66
330
17
100
AcDbEntity
  8
TEXT
100
AcDbText
 10
2265.5
 20
134.0
 30
0.0
 40
1.4
  1
поз.34
 11
2265.5
 21
134.0
 31
0.0
100
AcDbText
  0
TEXT
  5
A67
330
17
100
AcDbEntity
  8
TEXT
100
AcDbText
 10
2265.5
 20
127.0
 30
0.0
 40
1.25
  1
ИПР
 11
2265.5
 21
127.0
 31
0.0
100
AcDbText
  0
LINE
  5
A68
330
17
100
AcDbEntity
  8
GRAPH
100
AcDbLine
 10
2302.0
 20
122.0
 30
0.0
 11
2336.0
 21
122.0
 31
0.0
  0
LINE
  5
A69
330
17
100
AcDbEntity
  8
GRAPH
100
AcDbLine
 10
2336.0
 20
122.0
 30
0.0
 11
2336.0
 21
144.0
 31
0.0
  0
LINE
  5
A6A
330
17
100
AcDbEntity
  8
GRAPH
100
AcDbLine
 10
2336.0
 20
144.0
 30
0.0
 11
2302.0
 21
144.0
 31
0.0
  0
LINE
  5
A6B
330
17
100
AcDbEntity
  8
GRAPH
100
AcDbLine
 10
2302.0
 20
144.0
 30
0.0
 11
2302.0
 21
122.0
 31
0.0
  0
TEXT
  5
A6C
330
17
100
AcDbEntity
  8
TEXT
100
AcDbText
 10
2303.5
 20
134.0
 30
0.0
 40
1.4
  1
поз.35
 11
2303.5
 21
134.0
 31
0.0
100
AcDbText
  0
TEXT
  5
A6D
330
17
100
AcDbEntity
  8
TEXT
100
AcDbText
 10
2303.5
 20
127.0
 30
0.0
 40
1.25
  1
Кран
 11
2303.5
 21
127.0
 31
0.0
100
AcDbText
  0
LINE
  5
A6E
330
17
100
AcDbEntity
  8
GRAPH
100
AcDbLine
 10
2340.0
 20
122.0
 30
0.0
 11
2374.0
 21
122.0
 31
0.0
  0
LINE
  5
A6F
330
17
100
AcDbEntity
  8
GRAPH
100
AcDbLine
 10
2374.0
 20
122.0
 30
0.0
 11
2374.0
 21
144.0
 31
0.0
  0
LINE
  5
A70
330
17
100
AcDbEntity
  8
GRAPH
100
AcDbLine
 10
2374.0
 20
144.0
 30
0.0
 11
2340.0
 21
144.0
 31
0.0
  0
LINE
  5
A71
330
17
100
AcDbEntity
  8
GRAPH
100
AcDbLine
 10
2340.0
 20
144.0
 30
0.0
 11
2340.0
 21
122.0
 31
0.0
  0
TEXT
  5
A72
330
17
100
AcDbEntity
  8
TEXT
100
AcDbText
 10
2341.5
 20
134.0
 30
0.0
 40
1.4
  1
поз.36
 11
2341.5
 21
134.0
 31
0.0
100
AcDbText
  0
TEXT
  5
A73
330
17
100
AcDbEntity
  8
TEXT
100
AcDbText
 10
2341.5
 20
127.0
 30
0.0
 40
1.25
  1
ПСВ
 11
2341.5
 21
127.0
 31
0.0
100
AcDbText
  0
LINE
  5
A74
330
17
100
AcDbEntity
  8
GRAPH
100
AcDbLine
 10
2378.0
 20
122.0
 30
0.0
 11
2412.0
 21
122.0
 31
0.0
  0
LINE
  5
A75
330
17
100
AcDbEntity
  8
GRAPH
100
AcDbLine
 10
2412.0
 20
122.0
 30
0.0
 11
2412.0
 21
144.0
 31
0.0
  0
LINE
  5
A76
330
17
100
AcDbEntity
  8
GRAPH
100
AcDbLine
 10
2412.0
 20
144.0
 30
0.0
 11
2378.0
 21
144.0
 31
0.0
  0
LINE
  5
A77
330
17
100
AcDbEntity
  8
GRAPH
100
AcDbLine
 10
2378.0
 20
144.0
 30
0.0
 11
2378.0
 21
122.0
 31
0.0
  0
TEXT
  5
A78
330
17
100
AcDbEntity
  8
TEXT
100
AcDbText
 10
2379.5
 20
134.0
 30
0.0
 40
1.4
  1
поз.37
 11
2379.5
 21
134.0
 31
0.0
100
AcDbText
  0
TEXT
  5
A79
330
17
100
AcDbEntity
  8
TEXT
100
AcDbText
 10
2379.5
 20
127.0
 30
0.0
 40
1.25
  1
ОП-5
 11
2379.5
 21
127.0
 31
0.0
100
AcDbText
  0
LINE
  5
A7A
330
17
100
AcDbEntity
  8
GRAPH
100
AcDbLine
 10
2416.0
 20
122.0
 30
0.0
 11
2450.0
 21
122.0
 31
0.0
  0
LINE
  5
A7B
330
17
100
AcDbEntity
  8
GRAPH
100
AcDbLine
 10
2450.0
 20
122.0
 30
0.0
 11
2450.0
 21
144.0
 31
0.0
  0
LINE
  5
A7C
330
17
100
AcDbEntity
  8
GRAPH
100
AcDbLine
 10
2450.0
 20
144.0
 30
0.0
 11
2416.0
 21
144.0
 31
0.0
  0
LINE
  5
A7D
330
17
100
AcDbEntity
  8
GRAPH
100
AcDbLine
 10
2416.0
 20
144.0
 30
0.0
 11
2416.0
 21
122.0
 31
0.0
  0
TEXT
  5
A7E
330
17
100
AcDbEntity
  8
TEXT
100
AcDbText
 10
2417.5
 20
134.0
 30
0.0
 40
1.4
  1
поз.38
 11
2417.5
 21
134.0
 31
0.0
100
AcDbText
  0
TEXT
  5
A7F
330
17
100
AcDbEntity
  8
TEXT
100
AcDbText
 10
2417.5
 20
127.0
 30
0.0
 40
1.25
  1
АПС
 11
2417.5
 21
127.0
 31
0.0
100
AcDbText
  0
LINE
  5
A80
330
17
100
AcDbEntity
  8
GRAPH
100
AcDbLine
 10
2454.0
 20
122.0
 30
0.0
 11
2488.0
 21
122.0
 31
0.0
  0
LINE
  5
A81
330
17
100
AcDbEntity
  8
GRAPH
100
AcDbLine
 10
2488.0
 20
122.0
 30
0.0
 11
2488.0
 21
144.0
 31
0.0
  0
LINE
  5
A82
330
17
100
AcDbEntity
  8
GRAPH
100
AcDbLine
 10
2488.0
 20
144.0
 30
0.0
 11
2454.0
 21
144.0
 31
0.0
  0
LINE
  5
A83
330
17
100
AcDbEntity
  8
GRAPH
100
AcDbLine
 10
2454.0
 20
144.0
 30
0.0
 11
2454.0
 21
122.0
 31
0.0
  0
TEXT
  5
A84
330
17
100
AcDbEntity
  8
TEXT
100
AcDbText
 10
2455.5
 20
134.0
 30
0.0
 40
1.4
  1
поз.39
 11
2455.5
 21
134.0
 31
0.0
100
AcDbText
  0
TEXT
  5
A85
330
17
100
AcDbEntity
  8
TEXT
100
AcDbText
 10
2455.5
 20
127.0
 30
0.0
 40
1.25
  1
Ду15
 11
2455.5
 21
127.0
 31
0.0
100
AcDbText
  0
LINE
  5
A86
330
17
100
AcDbEntity
  8
GRAPH
100
AcDbLine
 10
2492.0
 20
122.0
 30
0.0
 11
2526.0
 21
122.0
 31
0.0
  0
LINE
  5
A87
330
17
100
AcDbEntity
  8
GRAPH
100
AcDbLine
 10
2526.0
 20
122.0
 30
0.0
 11
2526.0
 21
144.0
 31
0.0
  0
LINE
  5
A88
330
17
100
AcDbEntity
  8
GRAPH
100
AcDbLine
 10
2526.0
 20
144.0
 30
0.0
 11
2492.0
 21
144.0
 31
0.0
  0
LINE
  5
A89
330
17
100
AcDbEntity
  8
GRAPH
100
AcDbLine
 10
2492.0
 20
144.0
 30
0.0
 11
2492.0
 21
122.0
 31
0.0
  0
TEXT
  5
A8A
330
17
100
AcDbEntity
  8
TEXT
100
AcDbText
 10
2493.5
 20
134.0
 30
0.0
 40
1.4
  1
поз.40
 11
2493.5
 21
134.0
 31
0.0
100
AcDbText
  0
TEXT
  5
A8B
330
17
100
AcDbEntity
  8
TEXT
100
AcDbText
 10
2493.5
 20
127.0
 30
0.0
 40
1.25
  1
220В
 11
2493.5
 21
127.0
 31
0.0
100
AcDbText
  0
LINE
  5
A8C
330
17
100
AcDbEntity
  8
GRAPH
100
AcDbLine
 10
2150.0
 20
148.0
 30
0.0
 11
2184.0
 21
148.0
 31
0.0
  0
LINE
  5
A8D
330
17
100
AcDbEntity
  8
GRAPH
100
AcDbLine
 10
2184.0
 20
148.0
 30
0.0
 11
2184.0
 21
170.0
 31
0.0
  0
LINE
  5
A8E
330
17
100
AcDbEntity
  8
GRAPH
100
AcDbLine
 10
2184.0
 20
170.0
 30
0.0
 11
2150.0
 21
170.0
 31
0.0
  0
LINE
  5
A8F
330
17
100
AcDbEntity
  8
GRAPH
100
AcDbLine
 10
2150.0
 20
170.0
 30
0.0
 11
2150.0
 21
148.0
 31
0.0
  0
TEXT
  5
A90
330
17
100
AcDbEntity
  8
TEXT
100
AcDbText
 10
2151.5
 20
160.0
 30
0.0
 40
1.4
  1
поз.41
 11
2151.5
 21
160.0
 31
0.0
100
AcDbText
  0
TEXT
  5
A91
330
17
100
AcDbEntity
  8
TEXT
100
AcDbText
 10
2151.5
 20
153.0
 30
0.0
 40
1.25
  1
220В
 11
2151.5
 21
153.0
 31
0.0
100
AcDbText
  0
LINE
  5
A92
330
17
100
AcDbEntity
  8
GRAPH
100
AcDbLine
 10
2188.0
 20
148.0
 30
0.0
 11
2222.0
 21
148.0
 31
0.0
  0
LINE
  5
A93
330
17
100
AcDbEntity
  8
GRAPH
100
AcDbLine
 10
2222.0
 20
148.0
 30
0.0
 11
2222.0
 21
170.0
 31
0.0
  0
LINE
  5
A94
330
17
100
AcDbEntity
  8
GRAPH
100
AcDbLine
 10
2222.0
 20
170.0
 30
0.0
 11
2188.0
 21
170.0
 31
0.0
  0
LINE
  5
A95
330
17
100
AcDbEntity
  8
GRAPH
100
AcDbLine
 10
2188.0
 20
170.0
 30
0.0
 11
2188.0
 21
148.0
 31
0.0
  0
TEXT
  5
A96
330
17
100
AcDbEntity
  8
TEXT
100
AcDbText
 10
2189.5
 20
160.0
 30
0.0
 40
1.4
  1
поз.42
 11
2189.5
 21
160.0
 31
0.0
100
AcDbText
  0
TEXT
  5
A97
330
17
100
AcDbEntity
  8
TEXT
100
AcDbText
 10
2189.5
 20
153.0
 30
0.0
 40
1.25
  1
Св.
 11
2189.5
 21
153.0
 31
0.0
100
AcDbText
  0
LINE
  5
A98
330
17
100
AcDbEntity
  8
GRAPH
100
AcDbLine
 10
2226.0
 20
148.0
 30
0.0
 11
2260.0
 21
148.0
 31
0.0
  0
LINE
  5
A99
330
17
100
AcDbEntity
  8
GRAPH
100
AcDbLine
 10
2260.0
 20
148.0
 30
0.0
 11
2260.0
 21
170.0
 31
0.0
  0
LINE
  5
A9A
330
17
100
AcDbEntity
  8
GRAPH
100
AcDbLine
 10
2260.0
 20
170.0
 30
0.0
 11
2226.0
 21
170.0
 31
0.0
  0
LINE
  5
A9B
330
17
100
AcDbEntity
  8
GRAPH
100
AcDbLine
 10
2226.0
 20
170.0
 30
0.0
 11
2226.0
 21
148.0
 31
0.0
  0
TEXT
  5
A9C
330
17
100
AcDbEntity
  8
TEXT
100
AcDbText
 10
2227.5
 20
160.0
 30
0.0
 40
1.4
  1
поз.43
 11
2227.5
 21
160.0
 31
0.0
100
AcDbText
  0
TEXT
  5
A9D
330
17
100
AcDbEntity
  8
TEXT
100
AcDbText
 10
2227.5
 20
153.0
 30
0.0
 40
1.25
  1
ИПР
 11
2227.5
 21
153.0
 31
0.0
100
AcDbText
  0
LINE
  5
A9E
330
17
100
AcDbEntity
  8
GRAPH
100
AcDbLine
 10
2264.0
 20
148.0
 30
0.0
 11
2298.0
 21
148.0
 31
0.0
  0
LINE
  5
A9F
330
17
100
AcDbEntity
  8
GRAPH
100
AcDbLine
 10
2298.0
 20
148.0
 30
0.0
 11
2298.0
 21
170.0
 31
0.0
  0
LINE
  5
AA0
330
17
100
AcDbEntity
  8
GRAPH
100
AcDbLine
 10
2298.0
 20
170.0
 30
0.0
 11
2264.0
 21
170.0
 31
0.0
  0
LINE
  5
AA1
330
17
100
AcDbEntity
  8
GRAPH
100
AcDbLine
 10
2264.0
 20
170.0
 30
0.0
 11
2264.0
 21
148.0
 31
0.0
  0
TEXT
  5
AA2
330
17
100
AcDbEntity
  8
TEXT
100
AcDbText
 10
2265.5
 20
160.0
 30
0.0
 40
1.4
  1
поз.44
 11
2265.5
 21
160.0
 31
0.0
100
AcDbText
  0
TEXT
  5
AA3
330
17
100
AcDbEntity
  8
TEXT
100
AcDbText
 10
2265.5
 20
153.0
 30
0.0
 40
1.25
  1
Кран
 11
2265.5
 21
153.0
 31
0.0
100
AcDbText
  0
LINE
  5
AA4
330
17
100
AcDbEntity
  8
GRAPH
100
AcDbLine
 10
2302.0
 20
148.0
 30
0.0
 11
2336.0
 21
148.0
 31
0.0
  0
LINE
  5
AA5
330
17
100
AcDbEntity
  8
GRAPH
100
AcDbLine
 10
2336.0
 20
148.0
 30
0.0
 11
2336.0
 21
170.0
 31
0.0
  0
LINE
  5
AA6
330
17
100
AcDbEntity
  8
GRAPH
100
AcDbLine
 10
2336.0
 20
170.0
 30
0.0
 11
2302.0
 21
170.0
 31
0.0
  0
LINE
  5
AA7
330
17
100
AcDbEntity
  8
GRAPH
100
AcDbLine
 10
2302.0
 20
170.0
 30
0.0
 11
2302.0
 21
148.0
 31
0.0
  0
TEXT
  5
AA8
330
17
100
AcDbEntity
  8
TEXT
100
AcDbText
 10
2303.5
 20
160.0
 30
0.0
 40
1.4
  1
поз.45
 11
2303.5
 21
160.0
 31
0.0
100
AcDbText
  0
TEXT
  5
AA9
330
17
100
AcDbEntity
  8
TEXT
100
AcDbText
 10
2303.5
 20
153.0
 30
0.0
 40
1.25
  1
ПСВ
 11
2303.5
 21
153.0
 31
0.0
100
AcDbText
  0
LINE
  5
AAA
330
17
100
AcDbEntity
  8
GRAPH
100
AcDbLine
 10
2340.0
 20
148.0
 30
0.0
 11
2374.0
 21
148.0
 31
0.0
  0
LINE
  5
AAB
330
17
100
AcDbEntity
  8
GRAPH
100
AcDbLine
 10
2374.0
 20
148.0
 30
0.0
 11
2374.0
 21
170.0
 31
0.0
  0
LINE
  5
AAC
330
17
100
AcDbEntity
  8
GRAPH
100
AcDbLine
 10
2374.0
 20
170.0
 30
0.0
 11
2340.0
 21
170.0
 31
0.0
  0
LINE
  5
AAD
330
17
100
AcDbEntity
  8
GRAPH
100
AcDbLine
 10
2340.0
 20
170.0
 30
0.0
 11
2340.0
 21
148.0
 31
0.0
  0
TEXT
  5
AAE
330
17
100
AcDbEntity
  8
TEXT
100
AcDbText
 10
2341.5
 20
160.0
 30
0.0
 40
1.4
  1
поз.46
 11
2341.5
 21
160.0
 31
0.0
100
AcDbText
  0
TEXT
  5
AAF
330
17
100
AcDbEntity
  8
TEXT
100
AcDbText
 10
2341.5
 20
153.0
 30
0.0
 40
1.25
  1
ОП-5
 11
2341.5
 21
153.0
 31
0.0
100
AcDbText
  0
LINE
  5
AB0
330
17
100
AcDbEntity
  8
GRAPH
100
AcDbLine
 10
2378.0
 20
148.0
 30
0.0
 11
2412.0
 21
148.0
 31
0.0
  0
LINE
  5
AB1
330
17
100
AcDbEntity
  8
GRAPH
100
AcDbLine
 10
2412.0
 20
148.0
 30
0.0
 11
2412.0
 21
170.0
 31
0.0
  0
LINE
  5
AB2
330
17
100
AcDbEntity
  8
GRAPH
100
AcDbLine
 10
2412.0
 20
170.0
 30
0.0
 11
2378.0
 21
170.0
 31
0.0
  0
LINE
  5
AB3
330
17
100
AcDbEntity
  8
GRAPH
100
AcDbLine
 10
2378.0
 20
170.0
 30
0.0
 11
2378.0
 21
148.0
 31
0.0
  0
TEXT
  5
AB4
330
17
100
AcDbEntity
  8
TEXT
100
AcDbText
 10
2379.5
 20
160.0
 30
0.0
 40
1.4
  1
поз.47
 11
2379.5
 21
160.0
 31
0.0
100
AcDbText
  0
TEXT
  5
AB5
330
17
100
AcDbEntity
  8
TEXT
100
AcDbText
 10
2379.5
 20
153.0
 30
0.0
 40
1.25
  1
АПС
 11
2379.5
 21
153.0
 31
0.0
100
AcDbText
  0
LINE
  5
AB6
330
17
100
AcDbEntity
  8
GRAPH
100
AcDbLine
 10
2416.0
 20
148.0
 30
0.0
 11
2450.0
 21
148.0
 31
0.0
  0
LINE
  5
AB7
330
17
100
AcDbEntity
  8
GRAPH
100
AcDbLine
 10
2450.0
 20
148.0
 30
0.0
 11
2450.0
 21
170.0
 31
0.0
  0
LINE
  5
AB8
330
17
100
AcDbEntity
  8
GRAPH
100
AcDbLine
 10
2450.0
 20
170.0
 30
0.0
 11
2416.0
 21
170.0
 31
0.0
  0
LINE
  5
AB9
330
17
100
AcDbEntity
  8
GRAPH
100
AcDbLine
 10
2416.0
 20
170.0
 30
0.0
 11
2416.0
 21
148.0
 31
0.0
  0
TEXT
  5
ABA
330
17
100
AcDbEntity
  8
TEXT
100
AcDbText
 10
2417.5
 20
160.0
 30
0.0
 40
1.4
  1
поз.48
 11
2417.5
 21
160.0
 31
0.0
100
AcDbText
  0
TEXT
  5
ABB
330
17
100
AcDbEntity
  8
TEXT
100
AcDbText
 10
2417.5
 20
153.0
 30
0.0
 40
1.25
  1
Ду15
 11
2417.5
 21
153.0
 31
0.0
100
AcDbText
  0
LINE
  5
ABC
330
17
100
AcDbEntity
  8
GRAPH
100
AcDbLine
 10
2454.0
 20
148.0
 30
0.0
 11
2488.0
 21
148.0
 31
0.0
  0
LINE
  5
ABD
330
17
100
AcDbEntity
  8
GRAPH
100
AcDbLine
 10
2488.0
 20
148.0
 30
0.0
 11
2488.0
 21
170.0
 31
0.0
  0
LINE
  5
ABE
330
17
100
AcDbEntity
  8
GRAPH
100
AcDbLine
 10
2488.0
 20
170.0
 30
0.0
 11
2454.0
 21
170.0
 31
0.0
  0
LINE
  5
ABF
330
17
100
AcDbEntity
  8
GRAPH
100
AcDbLine
 10
2454.0
 20
170.0
 30
0.0
 11
2454.0
 21
148.0
 31
0.0
  0
TEXT
  5
AC0
330
17
100
AcDbEntity
  8
TEXT
100
AcDbText
 10
2455.5
 20
160.0
 30
0.0
 40
1.4
  1
поз.49
 11
2455.5
 21
160.0
 31
0.0
100
AcDbText
  0
TEXT
  5
AC1
330
17
100
AcDbEntity
  8
TEXT
100
AcDbText
 10
2455.5
 20
153.0
 30
0.0
 40
1.25
  1
220В
 11
2455.5
 21
153.0
 31
0.0
100
AcDbText
  0
LINE
  5
AC2
330
17
100
AcDbEntity
  8
GRAPH
100
AcDbLine
 10
2492.0
 20
148.0
 30
0.0
 11
2526.0
 21
148.0
 31
0.0
  0
LINE
  5
AC3
330
17
100
AcDbEntity
  8
GRAPH
100
AcDbLine
 10
2526.0
 20
148.0
 30
0.0
 11
2526.0
 21
170.0
 31
0.0
  0
LINE
  5
AC4
330
17
100
AcDbEntity
  8
GRAPH
100
AcDbLine
 10
2526.0
 20
170.0
 30
0.0
 11
2492.0
 21
170.0
 31
0.0
  0
LINE
  5
AC5
330
17
100
AcDbEntity
  8
GRAPH
100
AcDbLine
 10
2492.0
 20
170.0
 30
0.0
 11
2492.0
 21
148.0
 31
0.0
  0
TEXT
  5
AC6
330
17
100
AcDbEntity
  8
TEXT
100
AcDbText
 10
2493.5
 20
160.0
 30
0.0
 40
1.4
  1
поз.50
 11
2493.5
 21
160.0
 31
0.0
100
AcDbText
  0
TEXT
  5
AC7
330
17
100
AcDbEntity
  8
TEXT
100
AcDbText
 10
2493.5
 20
153.0
 30
0.0
 40
1.25
  1
Св.
 11
2493.5
 21
153.0
 31
0.0
100
AcDbText
  0
LINE
  5
AC8
330
17
100
AcDbEntity
  8
GRAPH
100
AcDbLine
 10
2150.0
 20
174.0
 30
0.0
 11
2184.0
 21
174.0
 31
0.0
  0
LINE
  5
AC9
330
17
100
AcDbEntity
  8
GRAPH
100
AcDbLine
 10
2184.0
 20
174.0
 30
0.0
 11
2184.0
 21
196.0
 31
0.0
  0
LINE
  5
ACA
330
17
100
AcDbEntity
  8
GRAPH
100
AcDbLine
 10
2184.0
 20
196.0
 30
0.0
 11
2150.0
 21
196.0
 31
0.0
  0
LINE
  5
ACB
330
17
100
AcDbEntity
  8
GRAPH
100
AcDbLine
 10
2150.0
 20
196.0
 30
0.0
 11
2150.0
 21
174.0
 31
0.0
  0
TEXT
  5
ACC
330
17
100
AcDbEntity
  8
TEXT
100
AcDbText
 10
2151.5
 20
186.0
 30
0.0
 40
1.4
  1
поз.51
 11
2151.5
 21
186.0
 31
0.0
100
AcDbText
  0
TEXT
  5
ACD
330
17
100
AcDbEntity
  8
TEXT
100
AcDbText
 10
2151.5
 20
179.0
 30
0.0
 40
1.25
  1
Св.
 11
2151.5
 21
179.0
 31
0.0
100
AcDbText
  0
LINE
  5
ACE
330
17
100
AcDbEntity
  8
GRAPH
100
AcDbLine
 10
2188.0
 20
174.0
 30
0.0
 11
2222.0
 21
174.0
 31
0.0
  0
LINE
  5
ACF
330
17
100
AcDbEntity
  8
GRAPH
100
AcDbLine
 10
2222.0
 20
174.0
 30
0.0
 11
2222.0
 21
196.0
 31
0.0
  0
LINE
  5
AD0
330
17
100
AcDbEntity
  8
GRAPH
100
AcDbLine
 10
2222.0
 20
196.0
 30
0.0
 11
2188.0
 21
196.0
 31
0.0
  0
LINE
  5
AD1
330
17
100
AcDbEntity
  8
GRAPH
100
AcDbLine
 10
2188.0
 20
196.0
 30
0.0
 11
2188.0
 21
174.0
 31
0.0
  0
TEXT
  5
AD2
330
17
100
AcDbEntity
  8
TEXT
100
AcDbText
 10
2189.5
 20
186.0
 30
0.0
 40
1.4
  1
поз.52
 11
2189.5
 21
186.0
 31
0.0
100
AcDbText
  0
TEXT
  5
AD3
330
17
100
AcDbEntity
  8
TEXT
100
AcDbText
 10
2189.5
 20
179.0
 30
0.0
 40
1.25
  1
ИПР
 11
2189.5
 21
179.0
 31
0.0
100
AcDbText
  0
LINE
  5
AD4
330
17
100
AcDbEntity
  8
GRAPH
100
AcDbLine
 10
2226.0
 20
174.0
 30
0.0
 11
2260.0
 21
174.0
 31
0.0
  0
LINE
  5
AD5
330
17
100
AcDbEntity
  8
GRAPH
100
AcDbLine
 10
2260.0
 20
174.0
 30
0.0
 11
2260.0
 21
196.0
 31
0.0
  0
LINE
  5
AD6
330
17
100
AcDbEntity
  8
GRAPH
100
AcDbLine
 10
2260.0
 20
196.0
 30
0.0
 11
2226.0
 21
196.0
 31
0.0
  0
LINE
  5
AD7
330
17
100
AcDbEntity
  8
GRAPH
100
AcDbLine
 10
2226.0
 20
196.0
 30
0.0
 11
2226.0
 21
174.0
 31
0.0
  0
TEXT
  5
AD8
330
17
100
AcDbEntity
  8
TEXT
100
AcDbText
 10
2227.5
 20
186.0
 30
0.0
 40
1.4
  1
поз.53
 11
2227.5
 21
186.0
 31
0.0
100
AcDbText
  0
TEXT
  5
AD9
330
17
100
AcDbEntity
  8
TEXT
100
AcDbText
 10
2227.5
 20
179.0
 30
0.0
 40
1.25
  1
Кран
 11
2227.5
 21
179.0
 31
0.0
100
AcDbText
  0
LINE
  5
ADA
330
17
100
AcDbEntity
  8
GRAPH
100
AcDbLine
 10
2264.0
 20
174.0
 30
0.0
 11
2298.0
 21
174.0
 31
0.0
  0
LINE
  5
ADB
330
17
100
AcDbEntity
  8
GRAPH
100
AcDbLine
 10
2298.0
 20
174.0
 30
0.0
 11
2298.0
 21
196.0
 31
0.0
  0
LINE
  5
ADC
330
17
100
AcDbEntity
  8
GRAPH
100
AcDbLine
 10
2298.0
 20
196.0
 30
0.0
 11
2264.0
 21
196.0
 31
0.0
  0
LINE
  5
ADD
330
17
100
AcDbEntity
  8
GRAPH
100
AcDbLine
 10
2264.0
 20
196.0
 30
0.0
 11
2264.0
 21
174.0
 31
0.0
  0
TEXT
  5
ADE
330
17
100
AcDbEntity
  8
TEXT
100
AcDbText
 10
2265.5
 20
186.0
 30
0.0
 40
1.4
  1
поз.54
 11
2265.5
 21
186.0
 31
0.0
100
AcDbText
  0
TEXT
  5
ADF
330
17
100
AcDbEntity
  8
TEXT
100
AcDbText
 10
2265.5
 20
179.0
 30
0.0
 40
1.25
  1
ПСВ
 11
2265.5
 21
179.0
 31
0.0
100
AcDbText
  0
LINE
  5
AE0
330
17
100
AcDbEntity
  8
GRAPH
100
AcDbLine
 10
2302.0
 20
174.0
 30
0.0
 11
2336.0
 21
174.0
 31
0.0
  0
LINE
  5
AE1
330
17
100
AcDbEntity
  8
GRAPH
100
AcDbLine
 10
2336.0
 20
174.0
 30
0.0
 11
2336.0
 21
196.0
 31
0.0
  0
LINE
  5
AE2
330
17
100
AcDbEntity
  8
GRAPH
100
AcDbLine
 10
2336.0
 20
196.0
 30
0.0
 11
2302.0
 21
196.0
 31
0.0
  0
LINE
  5
AE3
330
17
100
AcDbEntity
  8
GRAPH
100
AcDbLine
 10
2302.0
 20
196.0
 30
0.0
 11
2302.0
 21
174.0
 31
0.0
  0
TEXT
  5
AE4
330
17
100
AcDbEntity
  8
TEXT
100
AcDbText
 10
2303.5
 20
186.0
 30
0.0
 40
1.4
  1
поз.55
 11
2303.5
 21
186.0
 31
0.0
100
AcDbText
  0
TEXT
  5
AE5
330
17
100
AcDbEntity
  8
TEXT
100
AcDbText
 10
2303.5
 20
179.0
 30
0.0
 40
1.25
  1
ОП-5
 11
2303.5
 21
179.0
 31
0.0
100
AcDbText
  0
LINE
  5
AE6
330
17
100
AcDbEntity
  8
GRAPH
100
AcDbLine
 10
2340.0
 20
174.0
 30
0.0
 11
2374.0
 21
174.0
 31
0.0
  0
LINE
  5
AE7
330
17
100
AcDbEntity
  8
GRAPH
100
AcDbLine
 10
2374.0
 20
174.0
 30
0.0
 11
2374.0
 21
196.0
 31
0.0
  0
LINE
  5
AE8
330
17
100
AcDbEntity
  8
GRAPH
100
AcDbLine
 10
2374.0
 20
196.0
 30
0.0
 11
2340.0
 21
196.0
 31
0.0
  0
LINE
  5
AE9
330
17
100
AcDbEntity
  8
GRAPH
100
AcDbLine
 10
2340.0
 20
196.0
 30
0.0
 11
2340.0
 21
174.0
 31
0.0
  0
TEXT
  5
AEA
330
17
100
AcDbEntity
  8
TEXT
100
AcDbText
 10
2341.5
 20
186.0
 30
0.0
 40
1.4
  1
поз.56
 11
2341.5
 21
186.0
 31
0.0
100
AcDbText
  0
TEXT
  5
AEB
330
17
100
AcDbEntity
  8
TEXT
100
AcDbText
 10
2341.5
 20
179.0
 30
0.0
 40
1.25
  1
АПС
 11
2341.5
 21
179.0
 31
0.0
100
AcDbText
  0
LINE
  5
AEC
330
17
100
AcDbEntity
  8
GRAPH
100
AcDbLine
 10
2378.0
 20
174.0
 30
0.0
 11
2412.0
 21
174.0
 31
0.0
  0
LINE
  5
AED
330
17
100
AcDbEntity
  8
GRAPH
100
AcDbLine
 10
2412.0
 20
174.0
 30
0.0
 11
2412.0
 21
196.0
 31
0.0
  0
LINE
  5
AEE
330
17
100
AcDbEntity
  8
GRAPH
100
AcDbLine
 10
2412.0
 20
196.0
 30
0.0
 11
2378.0
 21
196.0
 31
0.0
  0
LINE
  5
AEF
330
17
100
AcDbEntity
  8
GRAPH
100
AcDbLine
 10
2378.0
 20
196.0
 30
0.0
 11
2378.0
 21
174.0
 31
0.0
  0
TEXT
  5
AF0
330
17
100
AcDbEntity
  8
TEXT
100
AcDbText
 10
2379.5
 20
186.0
 30
0.0
 40
1.4
  1
поз.57
 11
2379.5
 21
186.0
 31
0.0
100
AcDbText
  0
TEXT
  5
AF1
330
17
100
AcDbEntity
  8
TEXT
100
AcDbText
 10
2379.5
 20
179.0
 30
0.0
 40
1.25
  1
Ду15
 11
2379.5
 21
179.0
 31
0.0
100
AcDbText
  0
LINE
  5
AF2
330
17
100
AcDbEntity
  8
GRAPH
100
AcDbLine
 10
2416.0
 20
174.0
 30
0.0
 11
2450.0
 21
174.0
 31
0.0
  0
LINE
  5
AF3
330
17
100
AcDbEntity
  8
GRAPH
100
AcDbLine
 10
2450.0
 20
174.0
 30
0.0
 11
2450.0
 21
196.0
 31
0.0
  0
LINE
  5
AF4
330
17
100
AcDbEntity
  8
GRAPH
100
AcDbLine
 10
2450.0
 20
196.0
 30
0.0
 11
2416.0
 21
196.0
 31
0.0
  0
LINE
  5
AF5
330
17
100
AcDbEntity
  8
GRAPH
100
AcDbLine
 10
2416.0
 20
196.0
 30
0.0
 11
2416.0
 21
174.0
 31
0.0
  0
TEXT
  5
AF6
330
17
100
AcDbEntity
  8
TEXT
100
AcDbText
 10
2417.5
 20
186.0
 30
0.0
 40
1.4
  1
поз.58
 11
2417.5
 21
186.0
 31
0.0
100
AcDbText
  0
TEXT
  5
AF7
330
17
100
AcDbEntity
  8
TEXT
100
AcDbText
 10
2417.5
 20
179.0
 30
0.0
 40
1.25
  1
220В
 11
2417.5
 21
179.0
 31
0.0
100
AcDbText
  0
LINE
  5
AF8
330
17
100
AcDbEntity
  8
GRAPH
100
AcDbLine
 10
2454.0
 20
174.0
 30
0.0
 11
2488.0
 21
174.0
 31
0.0
  0
LINE
  5
AF9
330
17
100
AcDbEntity
  8
GRAPH
100
AcDbLine
 10
2488.0
 20
174.0
 30
0.0
 11
2488.0
 21
196.0
 31
0.0
  0
LINE
  5
AFA
330
17
100
AcDbEntity
  8
GRAPH
100
AcDbLine
 10
2488.0
 20
196.0
 30
0.0
 11
2454.0
 21
196.0
 31
0.0
  0
LINE
  5
AFB
330
17
100
AcDbEntity
  8
GRAPH
100
AcDbLine
 10
2454.0
 20
196.0
 30
0.0
 11
2454.0
 21
174.0
 31
0.0
  0
TEXT
  5
AFC
330
17
100
AcDbEntity
  8
TEXT
100
AcDbText
 10
2455.5
 20
186.0
 30
0.0
 40
1.4
  1
поз.59
 11
2455.5
 21
186.0
 31
0.0
100
AcDbText
  0
TEXT
  5
AFD
330
17
100
AcDbEntity
  8
TEXT
100
AcDbText
 10
2455.5
 20
179.0
 30
0.0
 40
1.25
  1
Св.
 11
2455.5
 21
179.0
 31
0.0
100
AcDbText
  0
LINE
  5
AFE
330
17
100
AcDbEntity
  8
GRAPH
100
AcDbLine
 10
2492.0
 20
174.0
 30
0.0
 11
2526.0
 21
174.0
 31
0.0
  0
LINE
  5
AFF
330
17
100
AcDbEntity
  8
GRAPH
100
AcDbLine
 10
2526.0
 20
174.0
 30
0.0
 11
2526.0
 21
196.0
 31
0.0
  0
LINE
  5
B00
330
17
100
AcDbEntity
  8
GRAPH
100
AcDbLine
 10
2526.0
 20
196.0
 30
0.0
 11
2492.0
 21
196.0
 31
0.0
  0
LINE
  5
B01
330
17
100
AcDbEntity
  8
GRAPH
100
AcDbLine
 10
2492.0
 20
196.0
 30
0.0
 11
2492.0
 21
174.0
 31
0.0
  0
TEXT
  5
B02
330
17
100
AcDbEntity
  8
TEXT
100
AcDbText
 10
2493.5
 20
186.0
 30
0.0
 40
1.4
  1
поз.60
 11
2493.5
 21
186.0
 31
0.0
100
AcDbText
  0
TEXT
  5
B03
330
17
100
AcDbEntity
  8
TEXT
100
AcDbText
 10
2493.5
 20
179.0
 30
0.0
 40
1.25
  1
ИПР
 11
2493.5
 21
179.0
 31
0.0
100
AcDbText
  0
LINE
  5
B04
330
17
100
AcDbEntity
  8
GRAPH
100
AcDbLine
 10
2150.0
 20
200.0
 30
0.0
 11
2184.0
 21
200.0
 31
0.0
  0
LINE
  5
B05
330
17
100
AcDbEntity
  8
GRAPH
100
AcDbLine
 10
2184.0
 20
200.0
 30
0.0
 11
2184.0
 21
222.0
 31
0.0
  0
LINE
  5
B06
330
17
100
AcDbEntity
  8
GRAPH
100
AcDbLine
 10
2184.0
 20
222.0
 30
0.0
 11
2150.0
 21
222.0
 31
0.0
  0
LINE
  5
B07
330
17
100
AcDbEntity
  8
GRAPH
100
AcDbLine
 10
2150.0
 20
222.0
 30
0.0
 11
2150.0
 21
200.0
 31
0.0
  0
TEXT
  5
B08
330
17
100
AcDbEntity
  8
TEXT
100
AcDbText
 10
2151.5
 20
212.0
 30
0.0
 40
1.4
  1
поз.61
 11
2151.5
 21
212.0
 31
0.0
100
AcDbText
  0
TEXT
  5
B09
330
17
100
AcDbEntity
  8
TEXT
100
AcDbText
 10
2151.5
 20
205.0
 30
0.0
 40
1.25
  1
ИПР
 11
2151.5
 21
205.0
 31
0.0
100
AcDbText
  0
LINE
  5
B0A
330
17
100
AcDbEntity
  8
GRAPH
100
AcDbLine
 10
2188.0
 20
200.0
 30
0.0
 11
2222.0
 21
200.0
 31
0.0
  0
LINE
  5
B0B
330
17
100
AcDbEntity
  8
GRAPH
100
AcDbLine
 10
2222.0
 20
200.0
 30
0.0
 11
2222.0
 21
222.0
 31
0.0
  0
LINE
  5
B0C
330
17
100
AcDbEntity
  8
GRAPH
100
AcDbLine
 10
2222.0
 20
222.0
 30
0.0
 11
2188.0
 21
222.0
 31
0.0
  0
LINE
  5
B0D
330
17
100
AcDbEntity
  8
GRAPH
100
AcDbLine
 10
2188.0
 20
222.0
 30
0.0
 11
2188.0
 21
200.0
 31
0.0
  0
TEXT
  5
B0E
330
17
100
AcDbEntity
  8
TEXT
100
AcDbText
 10
2189.5
 20
212.0
 30
0.0
 40
1.4
  1
поз.62
 11
2189.5
 21
212.0
 31
0.0
100
AcDbText
  0
TEXT
  5
B0F
330
17
100
AcDbEntity
  8
TEXT
100
AcDbText
 10
2189.5
 20
205.0
 30
0.0
 40
1.25
  1
Кран
 11
2189.5
 21
205.0
 31
0.0
100
AcDbText
  0
LINE
  5
B10
330
17
100
AcDbEntity
  8
GRAPH
100
AcDbLine
 10
2226.0
 20
200.0
 30
0.0
 11
2260.0
 21
200.0
 31
0.0
  0
LINE
  5
B11
330
17
100
AcDbEntity
  8
GRAPH
100
AcDbLine
 10
2260.0
 20
200.0
 30
0.0
 11
2260.0
 21
222.0
 31
0.0
  0
LINE
  5
B12
330
17
100
AcDbEntity
  8
GRAPH
100
AcDbLine
 10
2260.0
 20
222.0
 30
0.0
 11
2226.0
 21
222.0
 31
0.0
  0
LINE
  5
B13
330
17
100
AcDbEntity
  8
GRAPH
100
AcDbLine
 10
2226.0
 20
222.0
 30
0.0
 11
2226.0
 21
200.0
 31
0.0
  0
TEXT
  5
B14
330
17
100
AcDbEntity
  8
TEXT
100
AcDbText
 10
2227.5
 20
212.0
 30
0.0
 40
1.4
  1
поз.63
 11
2227.5
 21
212.0
 31
0.0
100
AcDbText
  0
TEXT
  5
B15
330
17
100
AcDbEntity
  8
TEXT
100
AcDbText
 10
2227.5
 20
205.0
 30
0.0
 40
1.25
  1
ПСВ
 11
2227.5
 21
205.0
 31
0.0
100
AcDbText
  0
LINE
  5
B16
330
17
100
AcDbEntity
  8
GRAPH
100
AcDbLine
 10
2264.0
 20
200.0
 30
0.0
 11
2298.0
 21
200.0
 31
0.0
  0
LINE
  5
B17
330
17
100
AcDbEntity
  8
GRAPH
100
AcDbLine
 10
2298.0
 20
200.0
 30
0.0
 11
2298.0
 21
222.0
 31
0.0
  0
LINE
  5
B18
330
17
100
AcDbEntity
  8
GRAPH
100
AcDbLine
 10
2298.0
 20
222.0
 30
0.0
 11
2264.0
 21
222.0
 31
0.0
  0
LINE
  5
B19
330
17
100
AcDbEntity
  8
GRAPH
100
AcDbLine
 10
2264.0
 20
222.0
 30
0.0
 11
2264.0
 21
200.0
 31
0.0
  0
TEXT
  5
B1A
330
17
100
AcDbEntity
  8
TEXT
100
AcDbText
 10
2265.5
 20
212.0
 30
0.0
 40
1.4
  1
поз.64
 11
2265.5
 21
212.0
 31
0.0
100
AcDbText
  0
TEXT
  5
B1B
330
17
100
AcDbEntity
  8
TEXT
100
AcDbText
 10
2265.5
 20
205.0
 30
0.0
 40
1.25
  1
ОП-5
 11
2265.5
 21
205.0
 31
0.0
100
AcDbText
  0
LINE
  5
B1C
330
17
100
AcDbEntity
  8
GRAPH
100
AcDbLine
 10
2302.0
 20
200.0
 30
0.0
 11
2336.0
 21
200.0
 31
0.0
  0
LINE
  5
B1D
330
17
100
AcDbEntity
  8
GRAPH
100
AcDbLine
 10
2336.0
 20
200.0
 30
0.0
 11
2336.0
 21
222.0
 31
0.0
  0
LINE
  5
B1E
330
17
100
AcDbEntity
  8
GRAPH
100
AcDbLine
 10
2336.0
 20
222.0
 30
0.0
 11
2302.0
 21
222.0
 31
0.0
  0
LINE
  5
B1F
330
17
100
AcDbEntity
  8
GRAPH
100
AcDbLine
 10
2302.0
 20
222.0
 30
0.0
 11
2302.0
 21
200.0
 31
0.0
  0
TEXT
  5
B20
330
17
100
AcDbEntity
  8
TEXT
100
AcDbText
 10
2303.5
 20
212.0
 30
0.0
 40
1.4
  1
поз.65
 11
2303.5
 21
212.0
 31
0.0
100
AcDbText
  0
TEXT
  5
B21
330
17
100
AcDbEntity
  8
TEXT
100
AcDbText
 10
2303.5
 20
205.0
 30
0.0
 40
1.25
  1
АПС
 11
2303.5
 21
205.0
 31
0.0
100
AcDbText
  0
LINE
  5
B22
330
17
100
AcDbEntity
  8
GRAPH
100
AcDbLine
 10
2340.0
 20
200.0
 30
0.0
 11
2374.0
 21
200.0
 31
0.0
  0
LINE
  5
B23
330
17
100
AcDbEntity
  8
GRAPH
100
AcDbLine
 10
2374.0
 20
200.0
 30
0.0
 11
2374.0
 21
222.0
 31
0.0
  0
LINE
  5
B24
330
17
100
AcDbEntity
  8
GRAPH
100
AcDbLine
 10
2374.0
 20
222.0
 30
0.0
 11
2340.0
 21
222.0
 31
0.0
  0
LINE
  5
B25
330
17
100
AcDbEntity
  8
GRAPH
100
AcDbLine
 10
2340.0
 20
222.0
 30
0.0
 11
2340.0
 21
200.0
 31
0.0
  0
TEXT
  5
B26
330
17
100
AcDbEntity
  8
TEXT
100
AcDbText
 10
2341.5
 20
212.0
 30
0.0
 40
1.4
  1
поз.66
 11
2341.5
 21
212.0
 31
0.0
100
AcDbText
  0
TEXT
  5
B27
330
17
100
AcDbEntity
  8
TEXT
100
AcDbText
 10
2341.5
 20
205.0
 30
0.0
 40
1.25
  1
Ду15
 11
2341.5
 21
205.0
 31
0.0
100
AcDbText
  0
LINE
  5
B28
330
17
100
AcDbEntity
  8
GRAPH
100
AcDbLine
 10
2378.0
 20
200.0
 30
0.0
 11
2412.0
 21
200.0
 31
0.0
  0
LINE
  5
B29
330
17
100
AcDbEntity
  8
GRAPH
100
AcDbLine
 10
2412.0
 20
200.0
 30
0.0
 11
2412.0
 21
222.0
 31
0.0
  0
LINE
  5
B2A
330
17
100
AcDbEntity
  8
GRAPH
100
AcDbLine
 10
2412.0
 20
222.0
 30
0.0
 11
2378.0
 21
222.0
 31
0.0
  0
LINE
  5
B2B
330
17
100
AcDbEntity
  8
GRAPH
100
AcDbLine
 10
2378.0
 20
222.0
 30
0.0
 11
2378.0
 21
200.0
 31
0.0
  0
TEXT
  5
B2C
330
17
100
AcDbEntity
  8
TEXT
100
AcDbText
 10
2379.5
 20
212.0
 30
0.0
 40
1.4
  1
поз.67
 11
2379.5
 21
212.0
 31
0.0
100
AcDbText
  0
TEXT
  5
B2D
330
17
100
AcDbEntity
  8
TEXT
100
AcDbText
 10
2379.5
 20
205.0
 30
0.0
 40
1.25
  1
220В
 11
2379.5
 21
205.0
 31
0.0
100
AcDbText
  0
LINE
  5
B2E
330
17
100
AcDbEntity
  8
GRAPH
100
AcDbLine
 10
2416.0
 20
200.0
 30
0.0
 11
2450.0
 21
200.0
 31
0.0
  0
LINE
  5
B2F
330
17
100
AcDbEntity
  8
GRAPH
100
AcDbLine
 10
2450.0
 20
200.0
 30
0.0
 11
2450.0
 21
222.0
 31
0.0
  0
LINE
  5
B30
330
17
100
AcDbEntity
  8
GRAPH
100
AcDbLine
 10
2450.0
 20
222.0
 30
0.0
 11
2416.0
 21
222.0
 31
0.0
  0
LINE
  5
B31
330
17
100
AcDbEntity
  8
GRAPH
100
AcDbLine
 10
2416.0
 20
222.0
 30
0.0
 11
2416.0
 21
200.0
 31
0.0
  0
TEXT
  5
B32
330
17
100
AcDbEntity
  8
TEXT
100
AcDbText
 10
2417.5
 20
212.0
 30
0.0
 40
1.4
  1
поз.68
 11
2417.5
 21
212.0
 31
0.0
100
AcDbText
  0
TEXT
  5
B33
330
17
100
AcDbEntity
  8
TEXT
100
AcDbText
 10
2417.5
 20
205.0
 30
0.0
 40
1.25
  1
Св.
 11
2417.5
 21
205.0
 31
0.0
100
AcDbText
  0
LINE
  5
B34
330
17
100
AcDbEntity
  8
GRAPH
100
AcDbLine
 10
2454.0
 20
200.0
 30
0.0
 11
2488.0
 21
200.0
 31
0.0
  0
LINE
  5
B35
330
17
100
AcDbEntity
  8
GRAPH
100
AcDbLine
 10
2488.0
 20
200.0
 30
0.0
 11
2488.0
 21
222.0
 31
0.0
  0
LINE
  5
B36
330
17
100
AcDbEntity
  8
GRAPH
100
AcDbLine
 10
2488.0
 20
222.0
 30
0.0
 11
2454.0
 21
222.0
 31
0.0
  0
LINE
  5
B37
330
17
100
AcDbEntity
  8
GRAPH
100
AcDbLine
 10
2454.0
 20
222.0
 30
0.0
 11
2454.0
 21
200.0
 31
0.0
  0
TEXT
  5
B38
330
17
100
AcDbEntity
  8
TEXT
100
AcDbText
 10
2455.5
 20
212.0
 30
0.0
 40
1.4
  1
поз.69
 11
2455.5
 21
212.0
 31
0.0
100
AcDbText
  0
TEXT
  5
B39
330
17
100
AcDbEntity
  8
TEXT
100
AcDbText
 10
2455.5
 20
205.0
 30
0.0
 40
1.25
  1
ИПР
 11
2455.5
 21
205.0
 31
0.0
100
AcDbText
  0
LINE
  5
B3A
330
17
100
AcDbEntity
  8
GRAPH
100
AcDbLine
 10
2492.0
 20
200.0
 30
0.0
 11
2526.0
 21
200.0
 31
0.0
  0
LINE
  5
B3B
330
17
100
AcDbEntity
  8
GRAPH
100
AcDbLine
 10
2526.0
 20
200.0
 30
0.0
 11
2526.0
 21
222.0
 31
0.0
  0
LINE
  5
B3C
330
17
100
AcDbEntity
  8
GRAPH
100
AcDbLine
 10
2526.0
 20
222.0
 30
0.0
 11
2492.0
 21
222.0
 31
0.0
  0
LINE
  5
B3D
330
17
100
AcDbEntity
  8
GRAPH
100
AcDbLine
 10
2492.0
 20
222.0
 30
0.0
 11
2492.0
 21
200.0
 31
0.0
  0
TEXT
  5
B3E
330
17
100
AcDbEntity
  8
TEXT
100
AcDbText
 10
2493.5
 20
212.0
 30
0.0
 40
1.4
  1
поз.70
 11
2493.5
 21
212.0
 31
0.0
100
AcDbText
  0
TEXT
  5
B3F
330
17
100
AcDbEntity
  8
TEXT
100
AcDbText
 10
2493.5
 20
205.0
 30
0.0
 40
1.25
  1
Кран
 11
2493.5
 21
205.0
 31
0.0
100
AcDbText
  0
LINE
  5
B40
330
17
100
AcDbEntity
  8
GRAPH
100
AcDbLine
 10
2150.0
 20
226.0
 30
0.0
 11
2184.0
 21
226.0
 31
0.0
  0
LINE
  5
B41
330
17
100
AcDbEntity
  8
GRAPH
100
AcDbLine
 10
2184.0
 20
226.0
 30
0.0
 11
2184.0
 21
248.0
 31
0.0
  0
LINE
  5
B42
330
17
100
AcDbEntity
  8
GRAPH
100
AcDbLine
 10
2184.0
 20
248.0
 30
0.0
 11
2150.0
 21
248.0
 31
0.0
  0
LINE
  5
B43
330
17
100
AcDbEntity
  8
GRAPH
100
AcDbLine
 10
2150.0
 20
248.0
 30
0.0
 11
2150.0
 21
226.0
 31
0.0
  0
TEXT
  5
B44
330
17
100
AcDbEntity
  8
TEXT
100
AcDbText
 10
2151.5
 20
238.0
 30
0.0
 40
1.4
  1
поз.71
 11
2151.5
 21
238.0
 31
0.0
100
AcDbText
  0
TEXT
  5
B45
330
17
100
AcDbEntity
  8
TEXT
100
AcDbText
 10
2151.5
 20
231.0
 30
0.0
 40
1.25
  1
Кран
 11
2151.5
 21
231.0
 31
0.0
100
AcDbText
  0
LINE
  5
B46
330
17
100
AcDbEntity
  8
GRAPH
100
AcDbLine
 10
2188.0
 20
226.0
 30
0.0
 11
2222.0
 21
226.0
 31
0.0
  0
LINE
  5
B47
330
17
100
AcDbEntity
  8
GRAPH
100
AcDbLine
 10
2222.0
 20
226.0
 30
0.0
 11
2222.0
 21
248.0
 31
0.0
  0
LINE
  5
B48
330
17
100
AcDbEntity
  8
GRAPH
100
AcDbLine
 10
2222.0
 20
248.0
 30
0.0
 11
2188.0
 21
248.0
 31
0.0
  0
LINE
  5
B49
330
17
100
AcDbEntity
  8
GRAPH
100
AcDbLine
 10
2188.0
 20
248.0
 30
0.0
 11
2188.0
 21
226.0
 31
0.0
  0
TEXT
  5
B4A
330
17
100
AcDbEntity
  8
TEXT
100
AcDbText
 10
2189.5
 20
238.0
 30
0.0
 40
1.4
  1
поз.72
 11
2189.5
 21
238.0
 31
0.0
100
AcDbText
  0
TEXT
  5
B4B
330
17
100
AcDbEntity
  8
TEXT
100
AcDbText
 10
2189.5
 20
231.0
 30
0.0
 40
1.25
  1
ПСВ
 11
2189.5
 21
231.0
 31
0.0
100
AcDbText
  0
LINE
  5
B4C
330
17
100
AcDbEntity
  8
GRAPH
100
AcDbLine
 10
2226.0
 20
226.0
 30
0.0
 11
2260.0
 21
226.0
 31
0.0
  0
LINE
  5
B4D
330
17
100
AcDbEntity
  8
GRAPH
100
AcDbLine
 10
2260.0
 20
226.0
 30
0.0
 11
2260.0
 21
248.0
 31
0.0
  0
LINE
  5
B4E
330
17
100
AcDbEntity
  8
GRAPH
100
AcDbLine
 10
2260.0
 20
248.0
 30
0.0
 11
2226.0
 21
248.0
 31
0.0
  0
LINE
  5
B4F
330
17
100
AcDbEntity
  8
GRAPH
100
AcDbLine
 10
2226.0
 20
248.0
 30
0.0
 11
2226.0
 21
226.0
 31
0.0
  0
TEXT
  5
B50
330
17
100
AcDbEntity
  8
TEXT
100
AcDbText
 10
2227.5
 20
238.0
 30
0.0
 40
1.4
  1
поз.73
 11
2227.5
 21
238.0
 31
0.0
100
AcDbText
  0
TEXT
  5
B51
330
17
100
AcDbEntity
  8
TEXT
100
AcDbText
 10
2227.5
 20
231.0
 30
0.0
 40
1.25
  1
ОП-5
 11
2227.5
 21
231.0
 31
0.0
100
AcDbText
  0
LINE
  5
B52
330
17
100
AcDbEntity
  8
GRAPH
100
AcDbLine
 10
2264.0
 20
226.0
 30
0.0
 11
2298.0
 21
226.0
 31
0.0
  0
LINE
  5
B53
330
17
100
AcDbEntity
  8
GRAPH
100
AcDbLine
 10
2298.0
 20
226.0
 30
0.0
 11
2298.0
 21
248.0
 31
0.0
  0
LINE
  5
B54
330
17
100
AcDbEntity
  8
GRAPH
100
AcDbLine
 10
2298.0
 20
248.0
 30
0.0
 11
2264.0
 21
248.0
 31
0.0
  0
LINE
  5
B55
330
17
100
AcDbEntity
  8
GRAPH
100
AcDbLine
 10
2264.0
 20
248.0
 30
0.0
 11
2264.0
 21
226.0
 31
0.0
  0
TEXT
  5
B56
330
17
100
AcDbEntity
  8
TEXT
100
AcDbText
 10
2265.5
 20
238.0
 30
0.0
 40
1.4
  1
поз.74
 11
2265.5
 21
238.0
 31
0.0
100
AcDbText
  0
TEXT
  5
B57
330
17
100
AcDbEntity
  8
TEXT
100
AcDbText
 10
2265.5
 20
231.0
 30
0.0
 40
1.25
  1
АПС
 11
2265.5
 21
231.0
 31
0.0
100
AcDbText
  0
LINE
  5
B58
330
17
100
AcDbEntity
  8
GRAPH
100
AcDbLine
 10
2302.0
 20
226.0
 30
0.0
 11
2336.0
 21
226.0
 31
0.0
  0
LINE
  5
B59
330
17
100
AcDbEntity
  8
GRAPH
100
AcDbLine
 10
2336.0
 20
226.0
 30
0.0
 11
2336.0
 21
248.0
 31
0.0
  0
LINE
  5
B5A
330
17
100
AcDbEntity
  8
GRAPH
100
AcDbLine
 10
2336.0
 20
248.0
 30
0.0
 11
2302.0
 21
248.0
 31
0.0
  0
LINE
  5
B5B
330
17
100
AcDbEntity
  8
GRAPH
100
AcDbLine
 10
2302.0
 20
248.0
 30
0.0
 11
2302.0
 21
226.0
 31
0.0
  0
TEXT
  5
B5C
330
17
100
AcDbEntity
  8
TEXT
100
AcDbText
 10
2303.5
 20
238.0
 30
0.0
 40
1.4
  1
поз.75
 11
2303.5
 21
238.0
 31
0.0
100
AcDbText
  0
TEXT
  5
B5D
330
17
100
AcDbEntity
  8
TEXT
100
AcDbText
 10
2303.5
 20
231.0
 30
0.0
 40
1.25
  1
Ду15
 11
2303.5
 21
231.0
 31
0.0
100
AcDbText
  0
LINE
  5
B5E
330
17
100
AcDbEntity
  8
GRAPH
100
AcDbLine
 10
2340.0
 20
226.0
 30
0.0
 11
2374.0
 21
226.0
 31
0.0
  0
LINE
  5
B5F
330
17
100
AcDbEntity
  8
GRAPH
100
AcDbLine
 10
2374.0
 20
226.0
 30
0.0
 11
2374.0
 21
248.0
 31
0.0
  0
LINE
  5
B60
330
17
100
AcDbEntity
  8
GRAPH
100
AcDbLine
 10
2374.0
 20
248.0
 30
0.0
 11
2340.0
 21
248.0
 31
0.0
  0
LINE
  5
B61
330
17
100
AcDbEntity
  8
GRAPH
100
AcDbLine
 10
2340.0
 20
248.0
 30
0.0
 11
2340.0
 21
226.0
 31
0.0
  0
TEXT
  5
B62
330
17
100
AcDbEntity
  8
TEXT
100
AcDbText
 10
2341.5
 20
238.0
 30
0.0
 40
1.4
  1
поз.76
 11
2341.5
 21
238.0
 31
0.0
100
AcDbText
  0
TEXT
  5
B63
330
17
100
AcDbEntity
  8
TEXT
100
AcDbText
 10
2341.5
 20
231.0
 30
0.0
 40
1.25
  1
220В
 11
2341.5
 21
231.0
 31
0.0
100
AcDbText
  0
LINE
  5
B64
330
17
100
AcDbEntity
  8
GRAPH
100
AcDbLine
 10
2378.0
 20
226.0
 30
0.0
 11
2412.0
 21
226.0
 31
0.0
  0
LINE
  5
B65
330
17
100
AcDbEntity
  8
GRAPH
100
AcDbLine
 10
2412.0
 20
226.0
 30
0.0
 11
2412.0
 21
248.0
 31
0.0
  0
LINE
  5
B66
330
17
100
AcDbEntity
  8
GRAPH
100
AcDbLine
 10
2412.0
 20
248.0
 30
0.0
 11
2378.0
 21
248.0
 31
0.0
  0
LINE
  5
B67
330
17
100
AcDbEntity
  8
GRAPH
100
AcDbLine
 10
2378.0
 20
248.0
 30
0.0
 11
2378.0
 21
226.0
 31
0.0
  0
TEXT
  5
B68
330
17
100
AcDbEntity
  8
TEXT
100
AcDbText
 10
2379.5
 20
238.0
 30
0.0
 40
1.4
  1
поз.77
 11
2379.5
 21
238.0
 31
0.0
100
AcDbText
  0
TEXT
  5
B69
330
17
100
AcDbEntity
  8
TEXT
100
AcDbText
 10
2379.5
 20
231.0
 30
0.0
 40
1.25
  1
Св.
 11
2379.5
 21
231.0
 31
0.0
100
AcDbText
  0
LINE
  5
B6A
330
17
100
AcDbEntity
  8
GRAPH
100
AcDbLine
 10
2416.0
 20
226.0
 30
0.0
 11
2450.0
 21
226.0
 31
0.0
  0
LINE
  5
B6B
330
17
100
AcDbEntity
  8
GRAPH
100
AcDbLine
 10
2450.0
 20
226.0
 30
0.0
 11
2450.0
 21
248.0
 31
0.0
  0
LINE
  5
B6C
330
17
100
AcDbEntity
  8
GRAPH
100
AcDbLine
 10
2450.0
 20
248.0
 30
0.0
 11
2416.0
 21
248.0
 31
0.0
  0
LINE
  5
B6D
330
17
100
AcDbEntity
  8
GRAPH
100
AcDbLine
 10
2416.0
 20
248.0
 30
0.0
 11
2416.0
 21
226.0
 31
0.0
  0
TEXT
  5
B6E
330
17
100
AcDbEntity
  8
TEXT
100
AcDbText
 10
2417.5
 20
238.0
 30
0.0
 40
1.4
  1
поз.78
 11
2417.5
 21
238.0
 31
0.0
100
AcDbText
  0
TEXT
  5
B6F
330
17
100
AcDbEntity
  8
TEXT
100
AcDbText
 10
2417.5
 20
231.0
 30
0.0
 40
1.25
  1
ИПР
 11
2417.5
 21
231.0
 31
0.0
100
AcDbText
  0
LINE
  5
B70
330
17
100
AcDbEntity
  8
GRAPH
100
AcDbLine
 10
2454.0
 20
226.0
 30
0.0
 11
2488.0
 21
226.0
 31
0.0
  0
LINE
  5
B71
330
17
100
AcDbEntity
  8
GRAPH
100
AcDbLine
 10
2488.0
 20
226.0
 30
0.0
 11
2488.0
 21
248.0
 31
0.0
  0
LINE
  5
B72
330
17
100
AcDbEntity
  8
GRAPH
100
AcDbLine
 10
2488.0
 20
248.0
 30
0.0
 11
2454.0
 21
248.0
 31
0.0
  0
LINE
  5
B73
330
17
100
AcDbEntity
  8
GRAPH
100
AcDbLine
 10
2454.0
 20
248.0
 30
0.0
 11
2454.0
 21
226.0
 31
0.0
  0
TEXT
  5
B74
330
17
100
AcDbEntity
  8
TEXT
100
AcDbText
 10
2455.5
 20
238.0
 30
0.0
 40
1.4
  1
поз.79
 11
2455.5
 21
238.0
 31
0.0
100
AcDbText
  0
TEXT
  5
B75
330
17
100
AcDbEntity
  8
TEXT
100
AcDbText
 10
2455.5
 20
231.0
 30
0.0
 40
1.25
  1
Кран
 11
2455.5
 21
231.0
 31
0.0
100
AcDbText
  0
LINE
  5
B76
330
17
100
AcDbEntity
  8
GRAPH
100
AcDbLine
 10
2492.0
 20
226.0
 30
0.0
 11
2526.0
 21
226.0
 31
0.0
  0
LINE
  5
B77
330
17
100
AcDbEntity
  8
GRAPH
100
AcDbLine
 10
2526.0
 20
226.0
 30
0.0
 11
2526.0
 21
248.0
 31
0.0
  0
LINE
  5
B78
330
17
100
AcDbEntity
  8
GRAPH
100
AcDbLine
 10
2526.0
 20
248.0
 30
0.0
 11
2492.0
 21
248.0
 31
0.0
  0
LINE
  5
B79
330
17
100
AcDbEntity
  8
GRAPH
100
AcDbLine
 10
2492.0
 20
248.0
 30
0.0
 11
2492.0
 21
226.0
 31
0.0
  0
TEXT
  5
B7A
330
17
100
AcDbEntity
  8
TEXT
100
AcDbText
 10
2493.5
 20
238.0
 30
0.0
 40
1.4
  1
поз.80
 11
2493.5
 21
238.0
 31
0.0
100
AcDbText
  0
TEXT
  5
B7B
330
17
100
AcDbEntity
  8
TEXT
100
AcDbText
 10
2493.5
 20
231.0
 30
0.0
 40
1.25
  1
ПСВ
 11
2493.5
 21
231.0
 31
0.0
100
AcDbText
  0
TEXT
  5
B7C
330
17
100
AcDbEntity
  8
TABLE
100
AcDbText
 10
2146.0
 20
28.0
 30
0.0
 40
1.7
  1
счетчик ВСХН-20: принято 7 шт, по заданию 4 шт
 11
2146.0
 21
28.0
 31
0.0
100
AcDbText
  0
TEXT
  5
B7D
330
17
100
AcDbEntity
  8
TABLE
100
AcDbText
 10
2146.0
 20
22.0
 30
0.0
 40
1.7
  1
ввод водопровода принят Ду100, по ТУ Ду80
 11
2146.0
 21
22.0
 31
0.0
100
AcDbText
  0
TEXT
  5
B7E
330
17
100
AcDbEntity
  8
TEXT
100
AcDbText
 10
2450.0
 20
16.0
 30
0.0
 40
1.8
  1
Лист 6/8
 11
2450.0
 21
16.0
 31
0.0
100
AcDbText
  0
LWPOLYLINE
  5
B7F
330
17
100
AcDbEntity
  8
GRAPH
100
AcDbPolyline
 90
4
 70
1
 10
2560.0
 20
5.0
 10
2970.0
 20
5.0
 10
2970.0
 20
292.0
 10
2560.0
 20
292.0
  0
LINE
  5
B80
330
17
100
AcDbEntity
  8
GRAPH
100
AcDbLine
 10
2565.0
 20
10.0
 30
0.0
 11
2965.0
 21
10.0
 31
0.0
  0
LINE
  5
B81
330
17
100
AcDbEntity
  8
GRAPH
100
AcDbLine
 10
2965.0
 20
10.0
 30
0.0
 11
2965.0
 21
287.0
 31
0.0
  0
LINE
  5
B82
330
17
100
AcDbEntity
  8
GRAPH
100
AcDbLine
 10
2965.0
 20
287.0
 30
0.0
 11
2565.0
 21
287.0
 31
0.0
  0
LINE
  5
B83
330
17
100
AcDbEntity
  8
GRAPH
100
AcDbLine
 10
2565.0
 20
287.0
 30
0.0
 11
2565.0
 21
10.0
 31
0.0
  0
TEXT
  5
B84
330
17
100
AcDbEntity
  8
TEXT
100
AcDbText
 10
2571.0
 20
268.0
 30
0.0
 40
4.0
  1
ПЛАН КРОВЛИ. Выходы Л1–Л3
 11
2571.0
 21
268.0
 31
0.0
100
AcDbText
  0
LINE
  5
B85
330
17
100
AcDbEntity
  8
GRAPH
100
AcDbLine
 10
2595.0
 20
140.0
 30
0.0
 11
2685.0
 21
140.0
 31
0.0
  0
LINE
  5
B86
330
17
100
AcDbEntity
  8
GRAPH
100
AcDbLine
 10
2685.0
 20
140.0
 30
0.0
 11
2685.0
 21
230.0
 31
0.0
  0
LINE
  5
B87
330
17
100
AcDbEntity
  8
GRAPH
100
AcDbLine
 10
2685.0
 20
230.0
 30
0.0
 11
2595.0
 21
230.0
 31
0.0
  0
LINE
  5
B88
330
17
100
AcDbEntity
  8
GRAPH
100
AcDbLine
 10
2595.0
 20
230.0
 30
0.0
 11
2595.0
 21
140.0
 31
0.0
  0
TEXT
  5
B89
330
17
100
AcDbEntity
  8
TEXT
100
AcDbText
 10
2623.0
 20
180.0
 30
0.0
 40
3.0
  1
Л1
 11
2623.0
 21
180.0
 31
0.0
100
AcDbText
  0
LINE
  5
B8A
330
17
100
AcDbEntity
  8
GRAPH
100
AcDbLine
 10
2599.0
 20
148.0
 30
0.0
 11
2615.0
 21
148.0
 31
0.0
  0
LINE
  5
B8B
330
17
100
AcDbEntity
  8
GRAPH
100
AcDbLine
 10
2615.0
 20
148.0
 30
0.0
 11
2615.0
 21
160.0
 31
0.0
  0
LINE
  5
B8C
330
17
100
AcDbEntity
  8
GRAPH
100
AcDbLine
 10
2615.0
 20
160.0
 30
0.0
 11
2599.0
 21
160.0
 31
0.0
  0
LINE
  5
B8D
330
17
100
AcDbEntity
  8
GRAPH
100
AcDbLine
 10
2599.0
 20
160.0
 30
0.0
 11
2599.0
 21
148.0
 31
0.0
  0
LINE
  5
B8E
330
17
100
AcDbEntity
  8
GRAPH
100
AcDbLine
 10
2619.0
 20
148.0
 30
0.0
 11
2635.0
 21
148.0
 31
0.0
  0
LINE
  5
B8F
330
17
100
AcDbEntity
  8
GRAPH
100
AcDbLine
 10
2635.0
 20
148.0
 30
0.0
 11
2635.0
 21
160.0
 31
0.0
  0
LINE
  5
B90
330
17
100
AcDbEntity
  8
GRAPH
100
AcDbLine
 10
2635.0
 20
160.0
 30
0.0
 11
2619.0
 21
160.0
 31
0.0
  0
LINE
  5
B91
330
17
100
AcDbEntity
  8
GRAPH
100
AcDbLine
 10
2619.0
 20
160.0
 30
0.0
 11
2619.0
 21
148.0
 31
0.0
  0
LINE
  5
B92
330
17
100
AcDbEntity
  8
GRAPH
100
AcDbLine
 10
2639.0
 20
148.0
 30
0.0
 11
2655.0
 21
148.0
 31
0.0
  0
LINE
  5
B93
330
17
100
AcDbEntity
  8
GRAPH
100
AcDbLine
 10
2655.0
 20
148.0
 30
0.0
 11
2655.0
 21
160.0
 31
0.0
  0
LINE
  5
B94
330
17
100
AcDbEntity
  8
GRAPH
100
AcDbLine
 10
2655.0
 20
160.0
 30
0.0
 11
2639.0
 21
160.0
 31
0.0
  0
LINE
  5
B95
330
17
100
AcDbEntity
  8
GRAPH
100
AcDbLine
 10
2639.0
 20
160.0
 30
0.0
 11
2639.0
 21
148.0
 31
0.0
  0
LINE
  5
B96
330
17
100
AcDbEntity
  8
GRAPH
100
AcDbLine
 10
2659.0
 20
148.0
 30
0.0
 11
2675.0
 21
148.0
 31
0.0
  0
LINE
  5
B97
330
17
100
AcDbEntity
  8
GRAPH
100
AcDbLine
 10
2675.0
 20
148.0
 30
0.0
 11
2675.0
 21
160.0
 31
0.0
  0
LINE
  5
B98
330
17
100
AcDbEntity
  8
GRAPH
100
AcDbLine
 10
2675.0
 20
160.0
 30
0.0
 11
2659.0
 21
160.0
 31
0.0
  0
LINE
  5
B99
330
17
100
AcDbEntity
  8
GRAPH
100
AcDbLine
 10
2659.0
 20
160.0
 30
0.0
 11
2659.0
 21
148.0
 31
0.0
  0
LINE
  5
B9A
330
17
100
AcDbEntity
  8
GRAPH
100
AcDbLine
 10
2599.0
 20
164.0
 30
0.0
 11
2615.0
 21
164.0
 31
0.0
  0
LINE
  5
B9B
330
17
100
AcDbEntity
  8
GRAPH
100
AcDbLine
 10
2615.0
 20
164.0
 30
0.0
 11
2615.0
 21
176.0
 31
0.0
  0
LINE
  5
B9C
330
17
100
AcDbEntity
  8
GRAPH
100
AcDbLine
 10
2615.0
 20
176.0
 30
0.0
 11
2599.0
 21
176.0
 31
0.0
  0
LINE
  5
B9D
330
17
100
AcDbEntity
  8
GRAPH
100
AcDbLine
 10
2599.0
 20
176.0
 30
0.0
 11
2599.0
 21
164.0
 31
0.0
  0
LINE
  5
B9E
330
17
100
AcDbEntity
  8
GRAPH
100
AcDbLine
 10
2619.0
 20
164.0
 30
0.0
 11
2635.0
 21
164.0
 31
0.0
  0
LINE
  5
B9F
330
17
100
AcDbEntity
  8
GRAPH
100
AcDbLine
 10
2635.0
 20
164.0
 30
0.0
 11
2635.0
 21
176.0
 31
0.0
  0
LINE
  5
BA0
330
17
100
AcDbEntity
  8
GRAPH
100
AcDbLine
 10
2635.0
 20
176.0
 30
0.0
 11
2619.0
 21
176.0
 31
0.0
  0
LINE
  5
BA1
330
17
100
AcDbEntity
  8
GRAPH
100
AcDbLine
 10
2619.0
 20
176.0
 30
0.0
 11
2619.0
 21
164.0
 31
0.0
  0
LINE
  5
BA2
330
17
100
AcDbEntity
  8
GRAPH
100
AcDbLine
 10
2639.0
 20
164.0
 30
0.0
 11
2655.0
 21
164.0
 31
0.0
  0
LINE
  5
BA3
330
17
100
AcDbEntity
  8
GRAPH
100
AcDbLine
 10
2655.0
 20
164.0
 30
0.0
 11
2655.0
 21
176.0
 31
0.0
  0
LINE
  5
BA4
330
17
100
AcDbEntity
  8
GRAPH
100
AcDbLine
 10
2655.0
 20
176.0
 30
0.0
 11
2639.0
 21
176.0
 31
0.0
  0
LINE
  5
BA5
330
17
100
AcDbEntity
  8
GRAPH
100
AcDbLine
 10
2639.0
 20
176.0
 30
0.0
 11
2639.0
 21
164.0
 31
0.0
  0
LINE
  5
BA6
330
17
100
AcDbEntity
  8
GRAPH
100
AcDbLine
 10
2659.0
 20
164.0
 30
0.0
 11
2675.0
 21
164.0
 31
0.0
  0
LINE
  5
BA7
330
17
100
AcDbEntity
  8
GRAPH
100
AcDbLine
 10
2675.0
 20
164.0
 30
0.0
 11
2675.0
 21
176.0
 31
0.0
  0
LINE
  5
BA8
330
17
100
AcDbEntity
  8
GRAPH
100
AcDbLine
 10
2675.0
 20
176.0
 30
0.0
 11
2659.0
 21
176.0
 31
0.0
  0
LINE
  5
BA9
330
17
100
AcDbEntity
  8
GRAPH
100
AcDbLine
 10
2659.0
 20
176.0
 30
0.0
 11
2659.0
 21
164.0
 31
0.0
  0
LINE
  5
BAA
330
17
100
AcDbEntity
  8
GRAPH
100
AcDbLine
 10
2599.0
 20
180.0
 30
0.0
 11
2615.0
 21
180.0
 31
0.0
  0
LINE
  5
BAB
330
17
100
AcDbEntity
  8
GRAPH
100
AcDbLine
 10
2615.0
 20
180.0
 30
0.0
 11
2615.0
 21
192.0
 31
0.0
  0
LINE
  5
BAC
330
17
100
AcDbEntity
  8
GRAPH
100
AcDbLine
 10
2615.0
 20
192.0
 30
0.0
 11
2599.0
 21
192.0
 31
0.0
  0
LINE
  5
BAD
330
17
100
AcDbEntity
  8
GRAPH
100
AcDbLine
 10
2599.0
 20
192.0
 30
0.0
 11
2599.0
 21
180.0
 31
0.0
  0
LINE
  5
BAE
330
17
100
AcDbEntity
  8
GRAPH
100
AcDbLine
 10
2619.0
 20
180.0
 30
0.0
 11
2635.0
 21
180.0
 31
0.0
  0
LINE
  5
BAF
330
17
100
AcDbEntity
  8
GRAPH
100
AcDbLine
 10
2635.0
 20
180.0
 30
0.0
 11
2635.0
 21
192.0
 31
0.0
  0
LINE
  5
BB0
330
17
100
AcDbEntity
  8
GRAPH
100
AcDbLine
 10
2635.0
 20
192.0
 30
0.0
 11
2619.0
 21
192.0
 31
0.0
  0
LINE
  5
BB1
330
17
100
AcDbEntity
  8
GRAPH
100
AcDbLine
 10
2619.0
 20
192.0
 30
0.0
 11
2619.0
 21
180.0
 31
0.0
  0
LINE
  5
BB2
330
17
100
AcDbEntity
  8
GRAPH
100
AcDbLine
 10
2639.0
 20
180.0
 30
0.0
 11
2655.0
 21
180.0
 31
0.0
  0
LINE
  5
BB3
330
17
100
AcDbEntity
  8
GRAPH
100
AcDbLine
 10
2655.0
 20
180.0
 30
0.0
 11
2655.0
 21
192.0
 31
0.0
  0
LINE
  5
BB4
330
17
100
AcDbEntity
  8
GRAPH
100
AcDbLine
 10
2655.0
 20
192.0
 30
0.0
 11
2639.0
 21
192.0
 31
0.0
  0
LINE
  5
BB5
330
17
100
AcDbEntity
  8
GRAPH
100
AcDbLine
 10
2639.0
 20
192.0
 30
0.0
 11
2639.0
 21
180.0
 31
0.0
  0
LINE
  5
BB6
330
17
100
AcDbEntity
  8
GRAPH
100
AcDbLine
 10
2659.0
 20
180.0
 30
0.0
 11
2675.0
 21
180.0
 31
0.0
  0
LINE
  5
BB7
330
17
100
AcDbEntity
  8
GRAPH
100
AcDbLine
 10
2675.0
 20
180.0
 30
0.0
 11
2675.0
 21
192.0
 31
0.0
  0
LINE
  5
BB8
330
17
100
AcDbEntity
  8
GRAPH
100
AcDbLine
 10
2675.0
 20
192.0
 30
0.0
 11
2659.0
 21
192.0
 31
0.0
  0
LINE
  5
BB9
330
17
100
AcDbEntity
  8
GRAPH
100
AcDbLine
 10
2659.0
 20
192.0
 30
0.0
 11
2659.0
 21
180.0
 31
0.0
  0
LINE
  5
BBA
330
17
100
AcDbEntity
  8
GRAPH
100
AcDbLine
 10
2715.0
 20
140.0
 30
0.0
 11
2805.0
 21
140.0
 31
0.0
  0
LINE
  5
BBB
330
17
100
AcDbEntity
  8
GRAPH
100
AcDbLine
 10
2805.0
 20
140.0
 30
0.0
 11
2805.0
 21
230.0
 31
0.0
  0
LINE
  5
BBC
330
17
100
AcDbEntity
  8
GRAPH
100
AcDbLine
 10
2805.0
 20
230.0
 30
0.0
 11
2715.0
 21
230.0
 31
0.0
  0
LINE
  5
BBD
330
17
100
AcDbEntity
  8
GRAPH
100
AcDbLine
 10
2715.0
 20
230.0
 30
0.0
 11
2715.0
 21
140.0
 31
0.0
  0
TEXT
  5
BBE
330
17
100
AcDbEntity
  8
TEXT
100
AcDbText
 10
2743.0
 20
180.0
 30
0.0
 40
3.0
  1
Л2
 11
2743.0
 21
180.0
 31
0.0
100
AcDbText
  0
LINE
  5
BBF
330
17
100
AcDbEntity
  8
GRAPH
100
AcDbLine
 10
2719.0
 20
148.0
 30
0.0
 11
2735.0
 21
148.0
 31
0.0
  0
LINE
  5
BC0
330
17
100
AcDbEntity
  8
GRAPH
100
AcDbLine
 10
2735.0
 20
148.0
 30
0.0
 11
2735.0
 21
160.0
 31
0.0
  0
LINE
  5
BC1
330
17
100
AcDbEntity
  8
GRAPH
100
AcDbLine
 10
2735.0
 20
160.0
 30
0.0
 11
2719.0
 21
160.0
 31
0.0
  0
LINE
  5
BC2
330
17
100
AcDbEntity
  8
GRAPH
100
AcDbLine
 10
2719.0
 20
160.0
 30
0.0
 11
2719.0
 21
148.0
 31
0.0
  0
LINE
  5
BC3
330
17
100
AcDbEntity
  8
GRAPH
100
AcDbLine
 10
2739.0
 20
148.0
 30
0.0
 11
2755.0
 21
148.0
 31
0.0
  0
LINE
  5
BC4
330
17
100
AcDbEntity
  8
GRAPH
100
AcDbLine
 10
2755.0
 20
148.0
 30
0.0
 11
2755.0
 21
160.0
 31
0.0
  0
LINE
  5
BC5
330
17
100
AcDbEntity
  8
GRAPH
100
AcDbLine
 10
2755.0
 20
160.0
 30
0.0
 11
2739.0
 21
160.0
 31
0.0
  0
LINE
  5
BC6
330
17
100
AcDbEntity
  8
GRAPH
100
AcDbLine
 10
2739.0
 20
160.0
 30
0.0
 11
2739.0
 21
148.0
 31
0.0
  0
LINE
  5
BC7
330
17
100
AcDbEntity
  8
GRAPH
100
AcDbLine
 10
2759.0
 20
148.0
 30
0.0
 11
2775.0
 21
148.0
 31
0.0
  0
LINE
  5
BC8
330
17
100
AcDbEntity
  8
GRAPH
100
AcDbLine
 10
2775.0
 20
148.0
 30
0.0
 11
2775.0
 21
160.0
 31
0.0
  0
LINE
  5
BC9
330
17
100
AcDbEntity
  8
GRAPH
100
AcDbLine
 10
2775.0
 20
160.0
 30
0.0
 11
2759.0
 21
160.0
 31
0.0
  0
LINE
  5
BCA
330
17
100
AcDbEntity
  8
GRAPH
100
AcDbLine
 10
2759.0
 20
160.0
 30
0.0
 11
2759.0
 21
148.0
 31
0.0
  0
LINE
  5
BCB
330
17
100
AcDbEntity
  8
GRAPH
100
AcDbLine
 10
2779.0
 20
148.0
 30
0.0
 11
2795.0
 21
148.0
 31
0.0
  0
LINE
  5
BCC
330
17
100
AcDbEntity
  8
GRAPH
100
AcDbLine
 10
2795.0
 20
148.0
 30
0.0
 11
2795.0
 21
160.0
 31
0.0
  0
LINE
  5
BCD
330
17
100
AcDbEntity
  8
GRAPH
100
AcDbLine
 10
2795.0
 20
160.0
 30
0.0
 11
2779.0
 21
160.0
 31
0.0
  0
LINE
  5
BCE
330
17
100
AcDbEntity
  8
GRAPH
100
AcDbLine
 10
2779.0
 20
160.0
 30
0.0
 11
2779.0
 21
148.0
 31
0.0
  0
LINE
  5
BCF
330
17
100
AcDbEntity
  8
GRAPH
100
AcDbLine
 10
2719.0
 20
164.0
 30
0.0
 11
2735.0
 21
164.0
 31
0.0
  0
LINE
  5
BD0
330
17
100
AcDbEntity
  8
GRAPH
100
AcDbLine
 10
2735.0
 20
164.0
 30
0.0
 11
2735.0
 21
176.0
 31
0.0
  0
LINE
  5
BD1
330
17
100
AcDbEntity
  8
GRAPH
100
AcDbLine
 10
2735.0
 20
176.0
 30
0.0
 11
2719.0
 21
176.0
 31
0.0
  0
LINE
  5
BD2
330
17
100
AcDbEntity
  8
GRAPH
100
AcDbLine
 10
2719.0
 20
176.0
 30
0.0
 11
2719.0
 21
164.0
 31
0.0
  0
LINE
  5
BD3
330
17
100
AcDbEntity
  8
GRAPH
100
AcDbLine
 10
2739.0
 20
164.0
 30
0.0
 11
2755.0
 21
164.0
 31
0.0
  0
LINE
  5
BD4
330
17
100
AcDbEntity
  8
GRAPH
100
AcDbLine
 10
2755.0
 20
164.0
 30
0.0
 11
2755.0
 21
176.0
 31
0.0
  0
LINE
  5
BD5
330
17
100
AcDbEntity
  8
GRAPH
100
AcDbLine
 10
2755.0
 20
176.0
 30
0.0
 11
2739.0
 21
176.0
 31
0.0
  0
LINE
  5
BD6
330
17
100
AcDbEntity
  8
GRAPH
100
AcDbLine
 10
2739.0
 20
176.0
 30
0.0
 11
2739.0
 21
164.0
 31
0.0
  0
LINE
  5
BD7
330
17
100
AcDbEntity
  8
GRAPH
100
AcDbLine
 10
2759.0
 20
164.0
 30
0.0
 11
2775.0
 21
164.0
 31
0.0
  0
LINE
  5
BD8
330
17
100
AcDbEntity
  8
GRAPH
100
AcDbLine
 10
2775.0
 20
164.0
 30
0.0
 11
2775.0
 21
176.0
 31
0.0
  0
LINE
  5
BD9
330
17
100
AcDbEntity
  8
GRAPH
100
AcDbLine
 10
2775.0
 20
176.0
 30
0.0
 11
2759.0
 21
176.0
 31
0.0
  0
LINE
  5
BDA
330
17
100
AcDbEntity
  8
GRAPH
100
AcDbLine
 10
2759.0
 20
176.0
 30
0.0
 11
2759.0
 21
164.0
 31
0.0
  0
LINE
  5
BDB
330
17
100
AcDbEntity
  8
GRAPH
100
AcDbLine
 10
2779.0
 20
164.0
 30
0.0
 11
2795.0
 21
164.0
 31
0.0
  0
LINE
  5
BDC
330
17
100
AcDbEntity
  8
GRAPH
100
AcDbLine
 10
2795.0
 20
164.0
 30
0.0
 11
2795.0
 21
176.0
 31
0.0
  0
LINE
  5
BDD
330
17
100
AcDbEntity
  8
GRAPH
100
AcDbLine
 10
2795.0
 20
176.0
 30
0.0
 11
2779.0
 21
176.0
 31
0.0
  0
LINE
  5
BDE
330
17
100
AcDbEntity
  8
GRAPH
100
AcDbLine
 10
2779.0
 20
176.0
 30
0.0
 11
2779.0
 21
164.0
 31
0.0
  0
LINE
  5
BDF
330
17
100
AcDbEntity
  8
GRAPH
100
AcDbLine
 10
2719.0
 20
180.0
 30
0.0
 11
2735.0
 21
180.0
 31
0.0
  0
LINE
  5
BE0
330
17
100
AcDbEntity
  8
GRAPH
100
AcDbLine
 10
2735.0
 20
180.0
 30
0.0
 11
2735.0
 21
192.0
 31
0.0
  0
LINE
  5
BE1
330
17
100
AcDbEntity
  8
GRAPH
100
AcDbLine
 10
2735.0
 20
192.0
 30
0.0
 11
2719.0
 21
192.0
 31
0.0
  0
LINE
  5
BE2
330
17
100
AcDbEntity
  8
GRAPH
100
AcDbLine
 10
2719.0
 20
192.0
 30
0.0
 11
2719.0
 21
180.0
 31
0.0
  0
LINE
  5
BE3
330
17
100
AcDbEntity
  8
GRAPH
100
AcDbLine
 10
2739.0
 20
180.0
 30
0.0
 11
2755.0
 21
180.0
 31
0.0
  0
LINE
  5
BE4
330
17
100
AcDbEntity
  8
GRAPH
100
AcDbLine
 10
2755.0
 20
180.0
 30
0.0
 11
2755.0
 21
192.0
 31
0.0
  0
LINE
  5
BE5
330
17
100
AcDbEntity
  8
GRAPH
100
AcDbLine
 10
2755.0
 20
192.0
 30
0.0
 11
2739.0
 21
192.0
 31
0.0
  0
LINE
  5
BE6
330
17
100
AcDbEntity
  8
GRAPH
100
AcDbLine
 10
2739.0
 20
192.0
 30
0.0
 11
2739.0
 21
180.0
 31
0.0
  0
LINE
  5
BE7
330
17
100
AcDbEntity
  8
GRAPH
100
AcDbLine
 10
2759.0
 20
180.0
 30
0.0
 11
2775.0
 21
180.0
 31
0.0
  0
LINE
  5
BE8
330
17
100
AcDbEntity
  8
GRAPH
100
AcDbLine
 10
2775.0
 20
180.0
 30
0.0
 11
2775.0
 21
192.0
 31
0.0
  0
LINE
  5
BE9
330
17
100
AcDbEntity
  8
GRAPH
100
AcDbLine
 10
2775.0
 20
192.0
 30
0.0
 11
2759.0
 21
192.0
 31
0.0
  0
LINE
  5
BEA
330
17
100
AcDbEntity
  8
GRAPH
100
AcDbLine
 10
2759.0
 20
192.0
 30
0.0
 11
2759.0
 21
180.0
 31
0.0
  0
LINE
  5
BEB
330
17
100
AcDbEntity
  8
GRAPH
100
AcDbLine
 10
2779.0
 20
180.0
 30
0.0
 11
2795.0
 21
180.0
 31
0.0
  0
LINE
  5
BEC
330
17
100
AcDbEntity
  8
GRAPH
100
AcDbLine
 10
2795.0
 20
180.0
 30
0.0
 11
2795.0
 21
192.0
 31
0.0
  0
LINE
  5
BED
330
17
100
AcDbEntity
  8
GRAPH
100
AcDbLine
 10
2795.0
 20
192.0
 30
0.0
 11
2779.0
 21
192.0
 31
0.0
  0
LINE
  5
BEE
330
17
100
AcDbEntity
  8
GRAPH
100
AcDbLine
 10
2779.0
 20
192.0
 30
0.0
 11
2779.0
 21
180.0
 31
0.0
  0
LINE
  5
BEF
330
17
100
AcDbEntity
  8
GRAPH
100
AcDbLine
 10
2835.0
 20
140.0
 30
0.0
 11
2925.0
 21
140.0
 31
0.0
  0
LINE
  5
BF0
330
17
100
AcDbEntity
  8
GRAPH
100
AcDbLine
 10
2925.0
 20
140.0
 30
0.0
 11
2925.0
 21
230.0
 31
0.0
  0
LINE
  5
BF1
330
17
100
AcDbEntity
  8
GRAPH
100
AcDbLine
 10
2925.0
 20
230.0
 30
0.0
 11
2835.0
 21
230.0
 31
0.0
  0
LINE
  5
BF2
330
17
100
AcDbEntity
  8
GRAPH
100
AcDbLine
 10
2835.0
 20
230.0
 30
0.0
 11
2835.0
 21
140.0
 31
0.0
  0
TEXT
  5
BF3
330
17
100
AcDbEntity
  8
TEXT
100
AcDbText
 10
2863.0
 20
180.0
 30
0.0
 40
3.0
  1
Л3
 11
2863.0
 21
180.0
 31
0.0
100
AcDbText
  0
LINE
  5
BF4
330
17
100
AcDbEntity
  8
GRAPH
100
AcDbLine
 10
2839.0
 20
148.0
 30
0.0
 11
2855.0
 21
148.0
 31
0.0
  0
LINE
  5
BF5
330
17
100
AcDbEntity
  8
GRAPH
100
AcDbLine
 10
2855.0
 20
148.0
 30
0.0
 11
2855.0
 21
160.0
 31
0.0
  0
LINE
  5
BF6
330
17
100
AcDbEntity
  8
GRAPH
100
AcDbLine
 10
2855.0
 20
160.0
 30
0.0
 11
2839.0
 21
160.0
 31
0.0
  0
LINE
  5
BF7
330
17
100
AcDbEntity
  8
GRAPH
100
AcDbLine
 10
2839.0
 20
160.0
 30
0.0
 11
2839.0
 21
148.0
 31
0.0
  0
LINE
  5
BF8
330
17
100
AcDbEntity
  8
GRAPH
100
AcDbLine
 10
2859.0
 20
148.0
 30
0.0
 11
2875.0
 21
148.0
 31
0.0
  0
LINE
  5
BF9
330
17
100
AcDbEntity
  8
GRAPH
100
AcDbLine
 10
2875.0
 20
148.0
 30
0.0
 11
2875.0
 21
160.0
 31
0.0
  0
LINE
  5
BFA
330
17
100
AcDbEntity
  8
GRAPH
100
AcDbLine
 10
2875.0
 20
160.0
 30
0.0
 11
2859.0
 21
160.0
 31
0.0
  0
LINE
  5
BFB
330
17
100
AcDbEntity
  8
GRAPH
100
AcDbLine
 10
2859.0
 20
160.0
 30
0.0
 11
2859.0
 21
148.0
 31
0.0
  0
LINE
  5
BFC
330
17
100
AcDbEntity
  8
GRAPH
100
AcDbLine
 10
2879.0
 20
148.0
 30
0.0
 11
2895.0
 21
148.0
 31
0.0
  0
LINE
  5
BFD
330
17
100
AcDbEntity
  8
GRAPH
100
AcDbLine
 10
2895.0
 20
148.0
 30
0.0
 11
2895.0
 21
160.0
 31
0.0
  0
LINE
  5
BFE
330
17
100
AcDbEntity
  8
GRAPH
100
AcDbLine
 10
2895.0
 20
160.0
 30
0.0
 11
2879.0
 21
160.0
 31
0.0
  0
LINE
  5
BFF
330
17
100
AcDbEntity
  8
GRAPH
100
AcDbLine
 10
2879.0
 20
160.0
 30
0.0
 11
2879.0
 21
148.0
 31
0.0
  0
LINE
  5
C00
330
17
100
AcDbEntity
  8
GRAPH
100
AcDbLine
 10
2899.0
 20
148.0
 30
0.0
 11
2915.0
 21
148.0
 31
0.0
  0
LINE
  5
C01
330
17
100
AcDbEntity
  8
GRAPH
100
AcDbLine
 10
2915.0
 20
148.0
 30
0.0
 11
2915.0
 21
160.0
 31
0.0
  0
LINE
  5
C02
330
17
100
AcDbEntity
  8
GRAPH
100
AcDbLine
 10
2915.0
 20
160.0
 30
0.0
 11
2899.0
 21
160.0
 31
0.0
  0
LINE
  5
C03
330
17
100
AcDbEntity
  8
GRAPH
100
AcDbLine
 10
2899.0
 20
160.0
 30
0.0
 11
2899.0
 21
148.0
 31
0.0
  0
LINE
  5
C04
330
17
100
AcDbEntity
  8
GRAPH
100
AcDbLine
 10
2839.0
 20
164.0
 30
0.0
 11
2855.0
 21
164.0
 31
0.0
  0
LINE
  5
C05
330
17
100
AcDbEntity
  8
GRAPH
100
AcDbLine
 10
2855.0
 20
164.0
 30
0.0
 11
2855.0
 21
176.0
 31
0.0
  0
LINE
  5
C06
330
17
100
AcDbEntity
  8
GRAPH
100
AcDbLine
 10
2855.0
 20
176.0
 30
0.0
 11
2839.0
 21
176.0
 31
0.0
  0
LINE
  5
C07
330
17
100
AcDbEntity
  8
GRAPH
100
AcDbLine
 10
2839.0
 20
176.0
 30
0.0
 11
2839.0
 21
164.0
 31
0.0
  0
LINE
  5
C08
330
17
100
AcDbEntity
  8
GRAPH
100
AcDbLine
 10
2859.0
 20
164.0
 30
0.0
 11
2875.0
 21
164.0
 31
0.0
  0
LINE
  5
C09
330
17
100
AcDbEntity
  8
GRAPH
100
AcDbLine
 10
2875.0
 20
164.0
 30
0.0
 11
2875.0
 21
176.0
 31
0.0
  0
LINE
  5
C0A
330
17
100
AcDbEntity
  8
GRAPH
100
AcDbLine
 10
2875.0
 20
176.0
 30
0.0
 11
2859.0
 21
176.0
 31
0.0
  0
LINE
  5
C0B
330
17
100
AcDbEntity
  8
GRAPH
100
AcDbLine
 10
2859.0
 20
176.0
 30
0.0
 11
2859.0
 21
164.0
 31
0.0
  0
LINE
  5
C0C
330
17
100
AcDbEntity
  8
GRAPH
100
AcDbLine
 10
2879.0
 20
164.0
 30
0.0
 11
2895.0
 21
164.0
 31
0.0
  0
LINE
  5
C0D
330
17
100
AcDbEntity
  8
GRAPH
100
AcDbLine
 10
2895.0
 20
164.0
 30
0.0
 11
2895.0
 21
176.0
 31
0.0
  0
LINE
  5
C0E
330
17
100
AcDbEntity
  8
GRAPH
100
AcDbLine
 10
2895.0
 20
176.0
 30
0.0
 11
2879.0
 21
176.0
 31
0.0
  0
LINE
  5
C0F
330
17
100
AcDbEntity
  8
GRAPH
100
AcDbLine
 10
2879.0
 20
176.0
 30
0.0
 11
2879.0
 21
164.0
 31
0.0
  0
LINE
  5
C10
330
17
100
AcDbEntity
  8
GRAPH
100
AcDbLine
 10
2899.0
 20
164.0
 30
0.0
 11
2915.0
 21
164.0
 31
0.0
  0
LINE
  5
C11
330
17
100
AcDbEntity
  8
GRAPH
100
AcDbLine
 10
2915.0
 20
164.0
 30
0.0
 11
2915.0
 21
176.0
 31
0.0
  0
LINE
  5
C12
330
17
100
AcDbEntity
  8
GRAPH
100
AcDbLine
 10
2915.0
 20
176.0
 30
0.0
 11
2899.0
 21
176.0
 31
0.0
  0
LINE
  5
C13
330
17
100
AcDbEntity
  8
GRAPH
100
AcDbLine
 10
2899.0
 20
176.0
 30
0.0
 11
2899.0
 21
164.0
 31
0.0
  0
LINE
  5
C14
330
17
100
AcDbEntity
  8
GRAPH
100
AcDbLine
 10
2839.0
 20
180.0
 30
0.0
 11
2855.0
 21
180.0
 31
0.0
  0
LINE
  5
C15
330
17
100
AcDbEntity
  8
GRAPH
100
AcDbLine
 10
2855.0
 20
180.0
 30
0.0
 11
2855.0
 21
192.0
 31
0.0
  0
LINE
  5
C16
330
17
100
AcDbEntity
  8
GRAPH
100
AcDbLine
 10
2855.0
 20
192.0
 30
0.0
 11
2839.0
 21
192.0
 31
0.0
  0
LINE
  5
C17
330
17
100
AcDbEntity
  8
GRAPH
100
AcDbLine
 10
2839.0
 20
192.0
 30
0.0
 11
2839.0
 21
180.0
 31
0.0
  0
LINE
  5
C18
330
17
100
AcDbEntity
  8
GRAPH
100
AcDbLine
 10
2859.0
 20
180.0
 30
0.0
 11
2875.0
 21
180.0
 31
0.0
  0
LINE
  5
C19
330
17
100
AcDbEntity
  8
GRAPH
100
AcDbLine
 10
2875.0
 20
180.0
 30
0.0
 11
2875.0
 21
192.0
 31
0.0
  0
LINE
  5
C1A
330
17
100
AcDbEntity
  8
GRAPH
100
AcDbLine
 10
2875.0
 20
192.0
 30
0.0
 11
2859.0
 21
192.0
 31
0.0
  0
LINE
  5
C1B
330
17
100
AcDbEntity
  8
GRAPH
100
AcDbLine
 10
2859.0
 20
192.0
 30
0.0
 11
2859.0
 21
180.0
 31
0.0
  0
LINE
  5
C1C
330
17
100
AcDbEntity
  8
GRAPH
100
AcDbLine
 10
2879.0
 20
180.0
 30
0.0
 11
2895.0
 21
180.0
 31
0.0
  0
LINE
  5
C1D
330
17
100
AcDbEntity
  8
GRAPH
100
AcDbLine
 10
2895.0
 20
180.0
 30
0.0
 11
2895.0
 21
192.0
 31
0.0
  0
LINE
  5
C1E
330
17
100
AcDbEntity
  8
GRAPH
100
AcDbLine
 10
2895.0
 20
192.0
 30
0.0
 11
2879.0
 21
192.0
 31
0.0
  0
LINE
  5
C1F
330
17
100
AcDbEntity
  8
GRAPH
100
AcDbLine
 10
2879.0
 20
192.0
 30
0.0
 11
2879.0
 21
180.0
 31
0.0
  0
LINE
  5
C20
330
17
100
AcDbEntity
  8
GRAPH
100
AcDbLine
 10
2899.0
 20
180.0
 30
0.0
 11
2915.0
 21
180.0
 31
0.0
  0
LINE
  5
C21
330
17
100
AcDbEntity
  8
GRAPH
100
AcDbLine
 10
2915.0
 20
180.0
 30
0.0
 11
2915.0
 21
192.0
 31
0.0
  0
LINE
  5
C22
330
17
100
AcDbEntity
  8
GRAPH
100
AcDbLine
 10
2915.0
 20
192.0
 30
0.0
 11
2899.0
 21
192.0
 31
0.0
  0
LINE
  5
C23
330
17
100
AcDbEntity
  8
GRAPH
100
AcDbLine
 10
2899.0
 20
192.0
 30
0.0
 11
2899.0
 21
180.0
 31
0.0
  0
TEXT
  5
C24
330
17
100
AcDbEntity
  8
DIM
100
AcDbText
 10
2571.0
 20
36.0
 30
0.0
 40
2.0
  1
высота здания 54.00 м, по разрезу 51.60 м
 11
2571.0
 21
36.0
 31
0.0
100
AcDbText
  0
TEXT
  5
C25
330
17
100
AcDbEntity
  8
TEXT
100
AcDbText
 10
2875.0
 20
16.0
 30
0.0
 40
1.8
  1
Лист 7/8
 11
2875.0
 21
16.0
 31
0.0
100
AcDbText
  0
LWPOLYLINE
  5
C26
330
17
100
AcDbEntity
  8
GRAPH
100
AcDbPolyline
 90
4
 70
1
 10
2985.0
 20
5.0
 10
3395.0
 20
5.0
 10
3395.0
 20
292.0
 10
2985.0
 20
292.0
  0
LINE
  5
C27
330
17
100
AcDbEntity
  8
GRAPH
100
AcDbLine
 10
2990.0
 20
10.0
 30
0.0
 11
3390.0
 21
10.0
 31
0.0
  0
LINE
  5
C28
330
17
100
AcDbEntity
  8
GRAPH
100
AcDbLine
 10
3390.0
 20
10.0
 30
0.0
 11
3390.0
 21
287.0
 31
0.0
  0
LINE
  5
C29
330
17
100
AcDbEntity
  8
GRAPH
100
AcDbLine
 10
3390.0
 20
287.0
 30
0.0
 11
2990.0
 21
287.0
 31
0.0
  0
LINE
  5
C2A
330
17
100
AcDbEntity
  8
GRAPH
100
AcDbLine
 10
2990.0
 20
287.0
 30
0.0
 11
2990.0
 21
10.0
 31
0.0
  0
TEXT
  5
C2B
330
17
100
AcDbEntity
  8
TEXT
100
AcDbText
 10
2996.0
 20
268.0
 30
0.0
 40
4.0
  1
СВОДКА. Справочные показатели
 11
2996.0
 21
268.0
 31
0.0
100
AcDbText
  0
TEXT
  5
C2C
330
17
100
AcDbEntity
  8
TEXT
100
AcDbText
 10
3000.0
 20
240.0
 30
0.0
 40
2.2
  1
1. Площадь участка 8640 м2
 11
3000.0
 21
240.0
 31
0.0
100
AcDbText
  0
TEXT
  5
C2D
330
17
100
AcDbEntity
  8
TEXT
100
AcDbText
 10
3000.0
 20
226.0
 30
0.0
 40
2.2
  1
2. Строительный объём 41200 м3
 11
3000.0
 21
226.0
 31
0.0
100
AcDbText
  0
TEXT
  5
C2E
330
17
100
AcDbEntity
  8
TEXT
100
AcDbText
 10
3000.0
 20
212.0
 30
0.0
 40
2.2
  1
3. Жилая площадь 9860 м2
 11
3000.0
 21
212.0
 31
0.0
100
AcDbText
  0
TEXT
  5
C2F
330
17
100
AcDbEntity
  8
TEXT
100
AcDbText
 10
3000.0
 20
198.0
 30
0.0
 40
2.2
  1
4. Общая площадь квартир 12440 м2
 11
3000.0
 21
198.0
 31
0.0
100
AcDbText
  0
TEXT
  5
C30
330
17
100
AcDbEntity
  8
TEXT
100
AcDbText
 10
3000.0
 20
184.0
 30
0.0
 40
2.2
  1
5. Число квартир 216
 11
3000.0
 21
184.0
 31
0.0
100
AcDbText
  0
TEXT
  5
C31
330
17
100
AcDbEntity
  8
TEXT
100
AcDbText
 10
3000.0
 20
170.0
 30
0.0
 40
2.2
  1
6. Детская площадка 180 м2
 11
3000.0
 21
170.0
 31
0.0
100
AcDbText
  0
TEXT
  5
C32
330
17
100
AcDbEntity
  8
TEXT
100
AcDbText
 10
3000.0
 20
156.0
 30
0.0
 40
2.2
  1
7. Спортплощадка 240 м2
 11
3000.0
 21
156.0
 31
0.0
100
AcDbText
  0
TEXT
  5
C33
330
17
100
AcDbEntity
  8
TEXT
100
AcDbText
 10
3000.0
 20
142.0
 30
0.0
 40
2.2
  1
8. Контейнерная 36 м2
 11
3000.0
 21
142.0
 31
0.0
100
AcDbText
  0
TEXT
  5
C34
330
17
100
AcDbEntity
  8
TEXT
100
AcDbText
 10
3000.0
 20
128.0
 30
0.0
 40
2.2
  1
9. Нагрузка на покрытие 2.4 кПа
 11
3000.0
 21
128.0
 31
0.0
100
AcDbText
  0
TEXT
  5
C35
330
17
100
AcDbEntity
  8
TEXT
100
AcDbText
 10
3000.0
 20
114.0
 30
0.0
 40
2.2
  1
10. Снеговой район III
 11
3000.0
 21
114.0
 31
0.0
100
AcDbText
  0
TEXT
  5
C36
330
17
100
AcDbEntity
  8
TEXT
100
AcDbText
 10
3000.0
 20
100.0
 30
0.0
 40
2.2
  1
11. расчётная мощность 250 кВт, по ТУ 180 кВт
 11
3000.0
 21
100.0
 31
0.0
100
AcDbText
  0
TEXT
  5
C37
330
17
100
AcDbEntity
  8
TEXT
100
AcDbText
 10
3000.0
 20
86.0
 30
0.0
 40
2.2
  1
12. озеленение участка 28 %, по ПЗЗ не менее 35 %
 11
3000.0
 21
86.0
 31
0.0
100
AcDbText
  0
TEXT
  5
C38
330
17
100
AcDbEntity
  8
TEXT
100
AcDbText
 10
3300.0
 20
16.0
 30
0.0
 40
1.8
  1
Лист 8/8
 11
3300.0
 21
16.0
 31
0.0
100
AcDbText
  0
ENDSEC
  0
SECTION
  2
OBJECTS
  0
DICTIONARY
  5
A
330
0
100
AcDbDictionary
281
1
  3
ACAD_COLOR
350
B
  3
ACAD_GROUP
350
C
  3
ACAD_LAYOUT
350
D
  3
ACAD_MATERIAL
350
E
  3
ACAD_MLEADERSTYLE
350
F
  3
ACAD_MLINESTYLE
350
10
  3
ACAD_PLOTSETTINGS
350
11
  3
ACAD_PLOTSTYLENAME
350
12
  3
ACAD_SCALELIST
350
14
  3
ACAD_TABLESTYLE
350
15
  3
ACAD_VISUALSTYLE
350
16
  3
EZDXF_META
350
2D
  0
DICTIONARY
  5
B
330
A
100
AcDbDictionary
281
1
  0
DICTIONARY
  5
C
330
A
100
AcDbDictionary
281
1
  0
DICTIONARY
  5
D
330
A
100
AcDbDictionary
281
1
  3
Model
350
1A
  3
Layout1
350
1E
  0
DICTIONARY
  5
E
330
A
100
AcDbDictionary
281
1
  3
ByBlock
350
1F
  3
ByLayer
350
20
  3
Global
350
21
  0
DICTIONARY
  5
F
330
A
100
AcDbDictionary
281
1
  3
Standard
350
2C
  0
DICTIONARY
  5
10
330
A
100
AcDbDictionary
281
1
  3
Standard
350
22
  0
DICTIONARY
  5
11
330
A
100
AcDbDictionary
281
1
  0
ACDBDICTIONARYWDFLT
  5
12
330
A
100
AcDbDictionary
281
1
  3
Normal
350
13
100
AcDbDictionaryWithDefault
340
13
  0
ACDBPLACEHOLDER
  5
13
330
12
  0
DICTIONARY
  5
14
330
A
100
AcDbDictionary
281
1
  0
DICTIONARY
  5
15
330
A
100
AcDbDictionary
281
1
  0
DICTIONARY
  5
16
330
A
100
AcDbDictionary
281
1
  3
2dWireframe
350
5A
  3
Basic
350
5B
  3
Brighten
350
5C
  3
ColorChange
350
5D
  3
Conceptual
350
5E
  3
Dim
350
5F
  3
EdgeColorOff
350
60
  3
Facepattern
350
61
  3
Flat
350
62
  3
FlatWithEdges
350
63
  3
Gouraud
350
64
  3
GouraudWithEdges
350
65
  3
Hidden
350
66
  3
JitterOff
350
67
  3
Linepattern
350
68
  3
Modeling
350
69
  3
OverhangOff
350
6A
  3
Realistic
350
6B
  3
Shaded
350
6C
  3
Shaded with edges
350
6D
  3
Shades of Gray
350
6E
  3
Sketchy
350
6F
  3
Thicken
350
70
  3
Wireframe
350
71
  3
X-Ray
350
72
  0
LAYOUT
  5
1A
330
D
100
AcDbPlotSettings
  1

  4
A3
  6

 40
7.5
 41
20.0
 42
7.5
 43
20.0
 44
420.0
 45
297.0
 46
0.0
 47
0.0
 48
0.0
 49
0.0
140
0.0
141
0.0
142
1.0
143
1.0
 70
1024
 72
1
 73
0
 74
5
  7

 75
16
 76
0
 77
2
 78
300
147
1.0
148
0.0
149
0.0
100
AcDbLayout
  1
Model
 70
1
 71
0
 10
0.0
 20
0.0
 11
420.0
 21
297.0
 12
0.0
 22
0.0
 32
0.0
 14
1e+20
 24
1e+20
 34
1e+20
 15
-1e+20
 25
-1e+20
 35
-1e+20
146
0.0
 13
0.0
 23
0.0
 33
0.0
 16
1.0
 26
0.0
 36
0.0
 17
0.0
 27
1.0
 37
0.0
 76
1
330
17
  0
LAYOUT
  5
1E
330
D
100
AcDbPlotSettings
  1

  4
A3
  6

 40
7.5
 41
20.0
 42
7.5
 43
20.0
 44
420.0
 45
297.0
 46
0.0
 47
0.0
 48
0.0
 49
0.0
140
0.0
141
0.0
142
1.0
143
1.0
 70
0
 72
1
 73
0
 74
5
  7

 75
16
 76
0
 77
2
 78
300
147
1.0
148
0.0
149
0.0
100
AcDbLayout
  1
Layout1
 70
1
 71
1
 10
0.0
 20
0.0
 11
420.0
 21
297.0
 12
0.0
 22
0.0
 32
0.0
 14
1e+20
 24
1e+20
 34
1e+20
 15
-1e+20
 25
-1e+20
 35
-1e+20
146
0.0
 13
0.0
 23
0.0
 33
0.0
 16
1.0
 26
0.0
 36
0.0
 17
0.0
 27
1.0
 37
0.0
 76
1
330
1B
  0
MATERIAL
  5
1F
102
{ACAD_REACTORS
330
E
102
}
330
E
100
AcDbMaterial
  1
ByBlock
  2

 70
0
 40
1.0
 71
1
 41
1.0
 91
-1023410177
 42
1.0
 72
1
  3

 73
1
 74
1
 75
1
 44
0.5
 73
0
 45
1.0
 46
1.0
 77
1
  4

 78
1
 79
1
170
1
 48
1.0
171
1
  6

172
1
173
1
174
1
140
1.0
141
1.0
175
1
  7

176
1
177
1
178
1
143
1.0
179
1
  8

270
1
271
1
272
1
145
1.0
146
1.0
273
1
  9

274
1
275
1
276
1
 42
1.0
 72
1
  3

 73
1
 74
1
 75
1
 94
63
  0
MATERIAL
  5
20
102
{ACAD_REACTORS
330
E
102
}
330
E
100
AcDbMaterial
  1
ByLayer
  2

 70
0
 40
1.0
 71
1
 41
1.0
 91
-1023410177
 42
1.0
 72
1
  3

 73
1
 74
1
 75
1
 44
0.5
 73
0
 45
1.0
 46
1.0
 77
1
  4

 78
1
 79
1
170
1
 48
1.0
171
1
  6

172
1
173
1
174
1
140
1.0
141
1.0
175
1
  7

176
1
177
1
178
1
143
1.0
179
1
  8

270
1
271
1
272
1
145
1.0
146
1.0
273
1
  9

274
1
275
1
276
1
 42
1.0
 72
1
  3

 73
1
 74
1
 75
1
 94
63
  0
MATERIAL
  5
21
102
{ACAD_REACTORS
330
E
102
}
330
E
100
AcDbMaterial
  1
Global
  2

 70
0
 40
1.0
 71
1
 41
1.0
 91
-1023410177
 42
1.0
 72
1
  3

 73
1
 74
1
 75
1
 44
0.5
 73
0
 45
1.0
 46
1.0
 77
1
  4

 78
1
 79
1
170
1
 48
1.0
171
1
  6

172
1
173
1
174
1
140
1.0
141
1.0
175
1
  7

176
1
177
1
178
1
143
1.0
179
1
  8

270
1
271
1
272
1
145
1.0
146
1.0
273
1
  9

274
1
275
1
276
1
 42
1.0
 72
1
  3

 73
1
 74
1
 75
1
 94
63
  0
MLINESTYLE
  5
22
102
{ACAD_REACTORS
330
10
102
}
330
10
100
AcDbMlineStyle
  2
Standard
 70
0
  3

 62
256
 51
90.0
 52
90.0
 71
2
 49
0.5
 62
256
  6
BYLAYER
 49
-0.5
 62
256
  6
BYLAYER
  0
MLEADERSTYLE
  5
2C
102
{ACAD_REACTORS
330
F
102
}
330
F
100
AcDbMLeaderStyle
179
2
170
2
171
1
172
0
 90
2
 40
0.0
 41
0.0
173
1
 91
-1056964608
 92
-2
290
1
 42
2.0
291
1
 43
8.0
  3
Standard
 44
4.0
300

342
29
174
1
175
1
176
0
178
1
 93
-1056964608
 45
4.0
292
0
297
0
 46
4.0
 94
-1056964608
 47
1.0
 49
1.0
140
1.0
294
1
141
0.0
177
0
142
1.0
295
0
296
0
143
3.75
271
0
272
9
273
9
  0
DICTIONARY
  5
2D
330
A
100
AcDbDictionary
280
1
281
1
  3
CREATED_BY_EZDXF
350
2E
  3
WRITTEN_BY_EZDXF
350
C3B
  0
DICTIONARYVAR
  5
2E
330
2D
100
DictionaryVariables
280
0
  1
1.4.4 @ 2026-09-19T10:36:33.073174+00:00
  0
VISUALSTYLE
  5
5A
102
{ACAD_REACTORS
330
16
102
}
330
16
100
AcDbVisualStyle
  2
2dWireframe
 70
4
 90
0
 40
0.6
 62
7
290
0
291
0
  0
VISUALSTYLE
  5
5B
102
{ACAD_REACTORS
330
16
102
}
330
16
100
AcDbVisualStyle
  2
Basic
 70
7
 90
1
 40
0.6
 62
7
290
0
291
1
  0
VISUALSTYLE
  5
5C
102
{ACAD_REACTORS
330
16
102
}
330
16
100
AcDbVisualStyle
  2
Brighten
 70
12
 90
2
 40
0.6
 62
7
290
0
291
1
  0
VISUALSTYLE
  5
5D
102
{ACAD_REACTORS
330
16
102
}
330
16
100
AcDbVisualStyle
  2
ColorChange
 70
16
 90
2
 40
0.6
 62
8
290
0
291
1
  0
VISUALSTYLE
  5
5E
102
{ACAD_REACTORS
330
16
102
}
330
16
100
AcDbVisualStyle
  2
Conceptual
 70
9
 90
3
 40
0.6
 62
7
290
0
291
0
  0
VISUALSTYLE
  5
5F
102
{ACAD_REACTORS
330
16
102
}
330
16
100
AcDbVisualStyle
  2
Dim
 70
11
 90
2
 40
0.6
 62
7
290
0
291
1
  0
VISUALSTYLE
  5
60
102
{ACAD_REACTORS
330
16
102
}
330
16
100
AcDbVisualStyle
  2
EdgeColorOff
 70
22
 90
2
 40
0.6
 62
7
290
0
291
1
  0
VISUALSTYLE
  5
61
102
{ACAD_REACTORS
330
16
102
}
330
16
100
AcDbVisualStyle
  2
Facepattern
 70
15
 90
2
 40
0.6
 62
7
290
0
291
1
  0
VISUALSTYLE
  5
62
102
{ACAD_REACTORS
330
16
102
}
330
16
100
AcDbVisualStyle
  2
Flat
 70
0
 90
2
 40
0.6
 62
7
290
0
291
1
  0
VISUALSTYLE
  5
63
102
{ACAD_REACTORS
330
16
102
}
330
16
100
AcDbVisualStyle
  2
FlatWithEdges
 70
1
 90
2
 40
0.6
 62
7
290
0
291
1
  0
VISUALSTYLE
  5
64
102
{ACAD_REACTORS
330
16
102
}
330
16
100
AcDbVisualStyle
  2
Gouraud
 70
2
 90
2
 40
0.6
 62
7
290
0
291
1
  0
VISUALSTYLE
  5
65
102
{ACAD_REACTORS
330
16
102
}
330
16
100
AcDbVisualStyle
  2
GouraudWithEdges
 70
3
 90
2
 40
0.6
 62
7
290
0
291
1
  0
VISUALSTYLE
  5
66
102
{ACAD_REACTORS
330
16
102
}
330
16
100
AcDbVisualStyle
  2
Hidden
 70
6
 90
1
 40
0.6
 62
7
290
0
291
0
  0
VISUALSTYLE
  5
67
102
{ACAD_REACTORS
330
16
102
}
330
16
100
AcDbVisualStyle
  2
JitterOff
 70
20
 90
2
 40
0.6
 62
7
290
0
291
1
  0
VISUALSTYLE
  5
68
102
{ACAD_REACTORS
330
16
102
}
330
16
100
AcDbVisualStyle
  2
Linepattern
 70
14
 90
2
 40
0.6
 62
7
290
0
291
1
  0
VISUALSTYLE
  5
69
102
{ACAD_REACTORS
330
16
102
}
330
16
100
AcDbVisualStyle
  2
Modeling
 70
10
 90
2
 40
0.6
 62
7
290
0
291
0
  0
VISUALSTYLE
  5
6A
102
{ACAD_REACTORS
330
16
102
}
330
16
100
AcDbVisualStyle
  2
OverhangOff
 70
21
 90
2
 40
0.6
 62
7
290
0
291
1
  0
VISUALSTYLE
  5
6B
102
{ACAD_REACTORS
330
16
102
}
330
16
100
AcDbVisualStyle
  2
Realistic
 70
8
 90
2
 40
0.6
 62
7
290
0
291
0
  0
VISUALSTYLE
  5
6C
102
{ACAD_REACTORS
330
16
102
}
330
16
100
AcDbVisualStyle
  2
Shaded
 70
27
 90
2
 40
0.6
 62
7
290
0
291
0
  0
VISUALSTYLE
  5
6D
102
{ACAD_REACTORS
330
16
102
}
330
16
100
AcDbVisualStyle
  2
Shaded with edges
 70
26
 90
2
 40
0.6
 62
7
290
0
291
0
  0
VISUALSTYLE
  5
6E
102
{ACAD_REACTORS
330
16
102
}
330
16
100
AcDbVisualStyle
  2
Shades of Gray
 70
23
 90
2
 40
0.6
 62
7
290
0
291
0
  0
VISUALSTYLE
  5
6F
102
{ACAD_REACTORS
330
16
102
}
330
16
100
AcDbVisualStyle
  2
Sketchy
 70
24
 90
1
 40
0.6
 62
7
290
0
291
0
  0
VISUALSTYLE
  5
70
102
{ACAD_REACTORS
330
16
102
}
330
16
100
AcDbVisualStyle
  2
Thicken
 70
13
 90
2
 40
0.6
 62
7
290
0
291
1
  0
VISUALSTYLE
  5
71
102
{ACAD_REACTORS
330
16
102
}
330
16
100
AcDbVisualStyle
  2
Wireframe
 70
5
 90
0
 40
0.6
 62
7
290
0
291
0
  0
VISUALSTYLE
  5
72
102
{ACAD_REACTORS
330
16
102
}
330
16
100
AcDbVisualStyle
  2
X-Ray
 70
25
 90
2
 40
0.5
 62
7
290
0
291
0
  0
DICTIONARYVAR
  5
C3B
330
2D
100
DictionaryVariables
280
0
  1
1.4.4 @ 2026-09-19T10:36:33.207427+00:00
  0
ENDSEC
  0
EOF
